gene,baseMean,log2FoldChange,lfcSE,stat,pvalue,padj,gene,Input,Symbol,Feature Type
ENSMUSG00000000088.6,111.4528435,-2.64155067,0.373268228,-7.076816282,1.47504E-12,2.48567E-11,ENSMUSG00000000088,ENSMUSG00000000088,Cox5a,protein coding gene
ENSMUSG00000000171.4,158.77198,-2.503714283,0.306758117,-8.16185177,3.29927E-16,8.96084E-15,ENSMUSG00000000171,ENSMUSG00000000171,Sdhd,protein coding gene
ENSMUSG00000000295.12,72.22971733,-2.234298128,0.433136013,-5.158421516,2.4904E-07,1.95962E-06,ENSMUSG00000000295,ENSMUSG00000000295,Hddc2,protein coding gene
ENSMUSG00000000296.7,50.56400576,-2.983257402,0.492766011,-6.054105465,1.412E-09,1.56122E-08,ENSMUSG00000000296,ENSMUSG00000000296,Tpd52l1,protein coding gene
ENSMUSG00000000308.14,53.53074184,-2.090555746,0.45296604,-4.615259339,3.92605E-06,2.47097E-05,ENSMUSG00000000308,ENSMUSG00000000308,Ckmt1,protein coding gene
ENSMUSG00000000339.14,20.86871273,-2.789451876,0.695576613,-4.01027266,6.06487E-05,0.000294864,ENSMUSG00000000339,ENSMUSG00000000339,Rtca,protein coding gene
ENSMUSG00000000355.13,68.67014414,-2.082326526,0.389125517,-5.351297808,8.73257E-08,7.41252E-07,ENSMUSG00000000355,ENSMUSG00000000355,Mcts1,protein coding gene
ENSMUSG00000000394.15,743.4552658,-2.701679744,0.36461414,-7.409695474,1.2659E-13,2.44864E-12,ENSMUSG00000000394,ENSMUSG00000000394,Gcg,protein coding gene
ENSMUSG00000000561.14,72.31030722,-2.507465486,0.546010387,-4.592340263,4.38303E-06,2.73847E-05,ENSMUSG00000000561,ENSMUSG00000000561,Wdr77,protein coding gene
ENSMUSG00000000563.17,391.3007837,-3.172204578,0.282824538,-11.21615754,3.39712E-29,3.6848E-27,ENSMUSG00000000563,ENSMUSG00000000563,Atp5pb,protein coding gene
ENSMUSG00000000581.8,55.36828447,-3.439658524,0.597670935,-5.755104224,8.65884E-09,8.58271E-08,ENSMUSG00000000581,ENSMUSG00000000581,C1d,protein coding gene
ENSMUSG00000000811.13,13.85502006,-2.258642649,0.780465863,-2.89396725,0.003804078,0.011375728,ENSMUSG00000000811,ENSMUSG00000000811,Txnrd3,protein coding gene
ENSMUSG00000001056.3,217.9724978,-2.937794082,0.417450691,-7.037463702,1.95771E-12,3.24166E-11,ENSMUSG00000001056,ENSMUSG00000001056,Nhp2,protein coding gene
ENSMUSG00000001105.15,648.339825,-2.60077422,0.305435504,-8.514970231,1.66633E-17,5.36797E-16,ENSMUSG00000001105,ENSMUSG00000001105,Ift20,protein coding gene
ENSMUSG00000001134.9,37.65727692,-2.668141917,0.568071037,-4.696845538,2.6421E-06,1.7276E-05,ENSMUSG00000001134,ENSMUSG00000001134,Uxt,protein coding gene
ENSMUSG00000001289.12,681.2070309,-3.05515302,0.292871223,-10.43172827,1.77628E-25,1.28991E-23,ENSMUSG00000001289,ENSMUSG00000001289,Pfdn5,protein coding gene
ENSMUSG00000001313.12,23.14572779,-2.143487895,0.651305263,-3.291064909,0.000998089,0.003556184,ENSMUSG00000001313,ENSMUSG00000001313,Rnd2,protein coding gene
ENSMUSG00000001380.6,174.692574,-2.107331096,0.334980152,-6.290913313,3.15604E-10,3.85518E-09,ENSMUSG00000001380,ENSMUSG00000001380,Hars1,protein coding gene
ENSMUSG00000001383.8,75.56778476,-2.158469387,0.451987068,-4.775511376,1.79251E-06,1.20708E-05,ENSMUSG00000001383,ENSMUSG00000001383,Zmat2,protein coding gene
ENSMUSG00000001665.10,115.8501213,-2.137643122,0.383593878,-5.572672673,2.50861E-08,2.31142E-07,ENSMUSG00000001665,ENSMUSG00000001665,Gstt3,protein coding gene
ENSMUSG00000001707.7,27.53128154,-2.693724094,0.612577781,-4.397358473,1.09576E-05,6.29329E-05,ENSMUSG00000001707,ENSMUSG00000001707,Eef1e1,protein coding gene
ENSMUSG00000001774.7,57.41153923,-2.422464492,0.49568315,-4.887122937,1.0232E-06,7.20445E-06,ENSMUSG00000001774,ENSMUSG00000001774,Chordc1,protein coding gene
ENSMUSG00000001783.3,460.8429143,-2.718529104,0.233095093,-11.66274704,1.97564E-31,2.47142E-29,ENSMUSG00000001783,ENSMUSG00000001783,Rtcb,protein coding gene
ENSMUSG00000001891.16,80.6286267,-2.550185063,0.385682308,-6.612139084,3.78806E-11,5.28232E-10,ENSMUSG00000001891,ENSMUSG00000001891,Ugp2,protein coding gene
ENSMUSG00000001999.15,25.94948814,-2.193567947,0.716364593,-3.062083148,0.002198024,0.007024004,ENSMUSG00000001999,ENSMUSG00000001999,Blvra,protein coding gene
ENSMUSG00000002014.12,1830.596273,-3.085333587,0.26623361,-11.58882074,4.69553E-31,5.70723E-29,ENSMUSG00000002014,ENSMUSG00000002014,Ssr4,protein coding gene
ENSMUSG00000002015.5,107.8661011,-2.54595681,0.431589207,-5.899027982,3.65649E-09,3.80249E-08,ENSMUSG00000002015,ENSMUSG00000002015,Bcap31,protein coding gene
ENSMUSG00000002017.9,145.5259733,-2.056993448,0.332415751,-6.188014373,6.09268E-10,7.14202E-09,ENSMUSG00000002017,ENSMUSG00000002017,Fam98a,protein coding gene
ENSMUSG00000002043.17,128.493881,-2.372871441,0.436768382,-5.432791238,5.54793E-08,4.84116E-07,ENSMUSG00000002043,ENSMUSG00000002043,Trappc6a,protein coding gene
ENSMUSG00000002064.10,126.5670577,-2.50898094,0.343765805,-7.29851808,2.90954E-13,5.35594E-12,ENSMUSG00000002064,ENSMUSG00000002064,Sdf2,protein coding gene
ENSMUSG00000002102.15,310.1310874,-2.314736145,0.266279127,-8.692893708,3.53323E-18,1.25889E-16,ENSMUSG00000002102,ENSMUSG00000002102,Psmc3,protein coding gene
ENSMUSG00000002308.15,168.6794701,-2.286016947,0.317591937,-7.197969093,6.1116E-13,1.07316E-11,ENSMUSG00000002308,ENSMUSG00000002308,Cd320,protein coding gene
ENSMUSG00000002332.15,173.6138798,-2.057921903,0.330628935,-6.22426438,4.83821E-10,5.74584E-09,ENSMUSG00000002332,ENSMUSG00000002332,Dhrs1,protein coding gene
ENSMUSG00000002477.4,23.4655559,-3.783497409,0.765125377,-4.944937816,7.61682E-07,5.5172E-06,ENSMUSG00000002477,ENSMUSG00000002477,Snrpd1,protein coding gene
ENSMUSG00000002580.7,82.2978561,-2.505586749,0.45697633,-5.482968342,4.18248E-08,3.71395E-07,ENSMUSG00000002580,ENSMUSG00000002580,Mien1,protein coding gene
ENSMUSG00000002661.14,41.96412779,-2.391987298,0.571284596,-4.187032722,2.82625E-05,0.000148714,ENSMUSG00000002661,ENSMUSG00000002661,Alkbh7,protein coding gene
ENSMUSG00000002768.7,127.3893176,-2.167459329,0.325891167,-6.650868599,2.91368E-11,4.13367E-10,ENSMUSG00000002768,ENSMUSG00000002768,Mea1,protein coding gene
ENSMUSG00000003038.15,57.03808766,-2.675069984,0.462042809,-5.789658301,7.05298E-09,7.10187E-08,ENSMUSG00000003038,ENSMUSG00000003038,Hmgn2,protein coding gene
ENSMUSG00000003355.6,1361.173417,-2.923394385,0.318873201,-9.167889848,4.82369E-20,2.07709E-18,ENSMUSG00000003355,ENSMUSG00000003355,Fkbp11,protein coding gene
ENSMUSG00000003380.11,1698.819157,-2.347025523,0.283347003,-8.283219873,1.19889E-16,3.43588E-15,ENSMUSG00000003380,ENSMUSG00000003380,Rabac1,protein coding gene
ENSMUSG00000003429.11,1360.186853,-2.564917162,0.286013377,-8.967822371,3.02434E-19,1.19703E-17,ENSMUSG00000003429,ENSMUSG00000003429,Rps11,protein coding gene
ENSMUSG00000003604.14,99.62152045,-2.242472589,0.365466167,-6.135923909,8.46657E-10,9.75135E-09,ENSMUSG00000003604,ENSMUSG00000003604,Aven,protein coding gene
ENSMUSG00000003809.14,322.6576552,-2.013176372,0.239328177,-8.411781662,4.03829E-17,1.23586E-15,ENSMUSG00000003809,ENSMUSG00000003809,Gcdh,protein coding gene
ENSMUSG00000003955.7,97.65581872,-3.380834417,0.475410971,-7.111393353,1.14877E-12,1.9512E-11,ENSMUSG00000003955,ENSMUSG00000003955,Fam162a,protein coding gene
ENSMUSG00000003970.8,4862.116478,-2.574801667,0.260682633,-9.877150743,5.22988E-23,2.94834E-21,ENSMUSG00000003970,ENSMUSG00000003970,Rpl8,protein coding gene
ENSMUSG00000004035.12,111.1935764,-2.384195521,0.34724621,-6.866008756,6.6023E-12,1.02864E-10,ENSMUSG00000004035,ENSMUSG00000004035,Gstm7,protein coding gene
ENSMUSG00000004096.8,184.2236043,-2.431718681,0.281788737,-8.629580812,6.15772E-18,2.11485E-16,ENSMUSG00000004096,ENSMUSG00000004096,Cwc15,protein coding gene
ENSMUSG00000004285.12,227.6471077,-2.609362235,0.276481101,-9.437759862,3.80834E-21,1.80796E-19,ENSMUSG00000004285,ENSMUSG00000004285,Atp6v1f,protein coding gene
ENSMUSG00000004366.3,185.3061931,-2.505202129,0.281222438,-8.908258346,5.18405E-19,2.00551E-17,ENSMUSG00000004366,ENSMUSG00000004366,Sst,protein coding gene
ENSMUSG00000004460.16,843.1696355,-2.065392367,0.245409362,-8.416110724,3.89189E-17,1.19533E-15,ENSMUSG00000004460,ENSMUSG00000004460,Dnajb11,protein coding gene
ENSMUSG00000004748.5,51.44822194,-2.378351471,0.630919343,-3.769660096,0.00016347,0.000718342,ENSMUSG00000004748,ENSMUSG00000004748,Mtfp1,protein coding gene
ENSMUSG00000004821.1,588.4215073,-4.476085077,0.313500482,-14.27776139,3.0112E-46,1.47445E-43,ENSMUSG00000004821,ENSMUSG00000004821,Tmed11,protein coding gene
ENSMUSG00000004843.6,66.18987667,-2.08138196,0.408112104,-5.100025065,3.39609E-07,2.60879E-06,ENSMUSG00000004843,ENSMUSG00000004843,Chmp2b,protein coding gene
ENSMUSG00000004849.14,123.4727844,-2.517266416,0.359122289,-7.009496459,2.39177E-12,3.93003E-11,ENSMUSG00000004849,ENSMUSG00000004849,Ap1s1,protein coding gene
ENSMUSG00000004945.15,195.2566138,-2.460793207,0.342118956,-7.192799943,6.34759E-13,1.11005E-11,ENSMUSG00000004945,ENSMUSG00000004945,Tmem242,protein coding gene
ENSMUSG00000005054.6,136.9701191,-2.267105549,0.320193357,-7.080426565,1.43711E-12,2.42414E-11,ENSMUSG00000005054,ENSMUSG00000005054,Cstb,protein coding gene
ENSMUSG00000005161.15,230.969668,-2.546670912,0.286445029,-8.890609565,6.07746E-19,2.3301E-17,ENSMUSG00000005161,ENSMUSG00000005161,Prdx2,protein coding gene
ENSMUSG00000005510.9,217.9813296,-2.237721764,0.321998656,-6.949475485,3.66647E-12,5.86703E-11,ENSMUSG00000005510,ENSMUSG00000005510,Ndufs3,protein coding gene
ENSMUSG00000005656.8,66.8620937,-2.017435596,0.498271679,-4.048866675,5.14663E-05,0.000254627,ENSMUSG00000005656,ENSMUSG00000005656,Snx6,protein coding gene
ENSMUSG00000005687.14,196.4696856,-2.442360445,0.324223689,-7.532948785,4.96071E-14,1.01816E-12,ENSMUSG00000005687,ENSMUSG00000005687,Bcas2,protein coding gene
ENSMUSG00000005779.12,256.6011943,-2.358490765,0.308502122,-7.6449742,2.08987E-14,4.52797E-13,ENSMUSG00000005779,ENSMUSG00000005779,Psmb4,protein coding gene
ENSMUSG00000005873.5,2924.055971,-2.89414155,0.272917775,-10.60444507,2.84146E-26,2.20759E-24,ENSMUSG00000005873,ENSMUSG00000005873,Reep5,protein coding gene
ENSMUSG00000006057.15,743.3956701,-2.701899613,0.333820641,-8.093866218,5.78002E-16,1.52397E-14,ENSMUSG00000006057,ENSMUSG00000006057,Atp5mc1,protein coding gene
ENSMUSG00000006058.10,190.1798398,-2.0233663,0.320206466,-6.318942668,2.63359E-10,3.24942E-09,ENSMUSG00000006058,ENSMUSG00000006058,Snf8,protein coding gene
ENSMUSG00000006315.9,826.4275644,-2.143814516,0.31418896,-6.823328597,8.89549E-12,1.35753E-10,ENSMUSG00000006315,ENSMUSG00000006315,Tmem147,protein coding gene
ENSMUSG00000006333.14,3699.997952,-2.650128295,0.249484,-10.62243787,2.34359E-26,1.8509E-24,ENSMUSG00000006333,ENSMUSG00000006333,Rps9,protein coding gene
ENSMUSG00000006373.10,159.6357083,-2.344610714,0.284995952,-8.226821101,1.92247E-16,5.4012E-15,ENSMUSG00000006373,ENSMUSG00000006373,Pgrmc1,protein coding gene
ENSMUSG00000006412.10,46.92393795,-2.775942543,0.518879802,-5.349875895,8.80146E-08,7.4673E-07,ENSMUSG00000006412,ENSMUSG00000006412,Pfdn2,protein coding gene
ENSMUSG00000006575.14,58.90567659,-2.446270424,0.54323153,-4.503181953,6.69435E-06,4.03403E-05,ENSMUSG00000006575,ENSMUSG00000006575,Rundc3a,protein coding gene
ENSMUSG00000006715.11,8.58855285,-2.818272797,1.088687291,-2.588688984,0.009634207,0.025277255,ENSMUSG00000006715,ENSMUSG00000006715,Gmnn,protein coding gene
ENSMUSG00000006717.6,49.23329716,-2.810810494,0.532519257,-5.278326482,1.30369E-07,1.07831E-06,ENSMUSG00000006717,ENSMUSG00000006717,Acot13,protein coding gene
ENSMUSG00000006777.7,75.39467482,-2.167172572,0.449026284,-4.826382437,1.39035E-06,9.56943E-06,ENSMUSG00000006777,ENSMUSG00000006777,Krt23,protein coding gene
ENSMUSG00000006941.4,69.06268328,-2.628479773,0.475950101,-5.52259526,3.34029E-08,3.02568E-07,ENSMUSG00000006941,ENSMUSG00000006941,Eif1b,protein coding gene
ENSMUSG00000007656.13,211.3668623,-2.227358811,0.317723569,-7.010366962,2.37694E-12,3.9094E-11,ENSMUSG00000007656,ENSMUSG00000007656,Arpp19,protein coding gene
ENSMUSG00000007739.10,288.1064867,-2.021752205,0.240999814,-8.389019765,4.90212E-17,1.48695E-15,ENSMUSG00000007739,ENSMUSG00000007739,Cct4,protein coding gene
ENSMUSG00000007777.9,18.58050939,-2.087655265,0.698250642,-2.989836514,0.002791268,0.008667648,ENSMUSG00000007777,ENSMUSG00000007777,Trappc2b,protein coding gene
ENSMUSG00000007888.15,460.9903462,-3.123062738,0.359614099,-8.684483573,3.80467E-18,1.3472E-16,ENSMUSG00000007888,ENSMUSG00000007888,Crlf1,protein coding gene
ENSMUSG00000007892.7,7476.963648,-2.511047581,0.321519545,-7.809937588,5.72163E-15,1.32153E-13,ENSMUSG00000007892,ENSMUSG00000007892,Rplp1,protein coding gene
ENSMUSG00000008301.11,63.6618937,-2.481248925,0.426330848,-5.820007953,5.88448E-09,5.97089E-08,ENSMUSG00000008301,ENSMUSG00000008301,Phax,protein coding gene
ENSMUSG00000008333.12,30.30261646,-2.181053846,0.660674623,-3.301252646,0.000962542,0.003445288,ENSMUSG00000008333,ENSMUSG00000008333,Snrpb2,protein coding gene
ENSMUSG00000008475.13,256.8328129,-2.093148498,0.257016023,-8.144038928,3.82306E-16,1.03181E-14,ENSMUSG00000008475,ENSMUSG00000008475,Arpc5,protein coding gene
ENSMUSG00000008668.14,3414.038079,-3.198858336,0.260549809,-12.27733903,1.19877E-34,2.0752E-32,ENSMUSG00000008668,ENSMUSG00000008668,Rps18,protein coding gene
ENSMUSG00000008682.13,5676.333584,-2.753755578,0.22158079,-12.42777216,1.84711E-35,3.36763E-33,ENSMUSG00000008682,ENSMUSG00000008682,Rpl10,protein coding gene
ENSMUSG00000008683.16,1454.48166,-3.246967441,0.271003584,-11.98127122,4.4544E-33,6.41509E-31,ENSMUSG00000008683,ENSMUSG00000008683,Rps15a,protein coding gene
ENSMUSG00000008822.15,25.43733045,-2.099231241,0.661037517,-3.175661268,0.001494954,0.005018711,ENSMUSG00000008822,ENSMUSG00000008822,Acyp1,protein coding gene
ENSMUSG00000008859.7,132.2902607,-2.711261177,0.315185505,-8.60211251,7.8262E-18,2.63508E-16,ENSMUSG00000008859,ENSMUSG00000008859,Rala,protein coding gene
ENSMUSG00000008892.12,139.3911568,-3.423769238,0.366934256,-9.330742991,1.05131E-20,4.78439E-19,ENSMUSG00000008892,ENSMUSG00000008892,Vdac3,protein coding gene
ENSMUSG00000009549.14,140.779016,-2.360930483,0.318889919,-7.403590841,1.3255E-13,2.54955E-12,ENSMUSG00000009549,ENSMUSG00000009549,Srp14,protein coding gene
ENSMUSG00000009927.8,2501.335238,-3.567267113,0.266602286,-13.3804821,7.86357E-41,2.32355E-38,ENSMUSG00000009927,ENSMUSG00000009927,Rps25,protein coding gene
ENSMUSG00000010376.14,195.7270254,-2.770629067,0.309676544,-8.946848304,3.65776E-19,1.42794E-17,ENSMUSG00000010376,ENSMUSG00000010376,Nedd8,protein coding gene
ENSMUSG00000010406.11,273.513076,-2.145562169,0.37144629,-5.776237975,7.63893E-09,7.63359E-08,ENSMUSG00000010406,ENSMUSG00000010406,Mrpl52,protein coding gene
ENSMUSG00000010607.8,55.86243758,-2.78296983,0.461801899,-6.026328252,1.67726E-09,1.82392E-08,ENSMUSG00000010607,ENSMUSG00000010607,Pigyl,protein coding gene
ENSMUSG00000010911.12,131.181642,-3.617744858,0.41948545,-8.624243965,6.45174E-18,2.20259E-16,ENSMUSG00000010911,ENSMUSG00000010911,Apip,protein coding gene
ENSMUSG00000011179.7,1250.05239,-2.092711479,0.222077252,-9.423349128,4.36924E-21,2.06281E-19,ENSMUSG00000011179,ENSMUSG00000011179,Odc1,protein coding gene
ENSMUSG00000012405.15,1297.703243,-3.068999797,0.202879985,-15.12716889,1.07209E-51,7.65564E-49,ENSMUSG00000012405,ENSMUSG00000012405,Rpl15,protein coding gene
ENSMUSG00000012483.4,7.46699765,-3.016697078,1.188735236,-2.537736737,0.011157188,0.028568936,ENSMUSG00000012483,ENSMUSG00000012483,Rpa3,protein coding gene
ENSMUSG00000013083.8,8.488199652,-4.982358931,1.491996586,-3.339390302,0.000839625,0.003054446,ENSMUSG00000013083,ENSMUSG00000013083,2200002J24Rik,protein coding gene
ENSMUSG00000013622.15,98.57137142,-2.223668178,0.365034804,-6.091660727,1.11745E-09,1.26027E-08,ENSMUSG00000013622,ENSMUSG00000013622,Atraid,protein coding gene
ENSMUSG00000013701.12,74.87542656,-2.059998334,0.39531876,-5.210980465,1.87845E-07,1.50575E-06,ENSMUSG00000013701,ENSMUSG00000013701,Timm23,protein coding gene
ENSMUSG00000014177.10,74.4125501,-2.206225403,0.421490828,-5.234337869,1.65577E-07,1.34359E-06,ENSMUSG00000014177,ENSMUSG00000014177,Tvp23b,protein coding gene
ENSMUSG00000014294.4,545.7283383,-2.530480666,0.344327164,-7.349059058,1.99607E-13,3.74684E-12,ENSMUSG00000014294,ENSMUSG00000014294,Ndufa2,protein coding gene
ENSMUSG00000014313.14,383.990634,-2.815601707,0.328059362,-8.582598245,9.27539E-18,3.08663E-16,ENSMUSG00000014313,ENSMUSG00000014313,Cox6c,protein coding gene
ENSMUSG00000014769.9,294.6074023,-2.870868547,0.275844791,-10.40755035,2.29039E-25,1.63553E-23,ENSMUSG00000014769,ENSMUSG00000014769,Psmb1,protein coding gene
ENSMUSG00000014856.12,247.7623264,-2.285645636,0.341299821,-6.696884957,2.12909E-11,3.09748E-10,ENSMUSG00000014856,ENSMUSG00000014856,Tmem208,protein coding gene
ENSMUSG00000015092.9,729.2960377,-3.364925443,0.326523193,-10.30531831,6.66706E-25,4.46328E-23,ENSMUSG00000015092,ENSMUSG00000015092,Edf1,protein coding gene
ENSMUSG00000015112.15,24.34591554,-2.772480907,0.628371119,-4.412171122,1.02339E-05,5.91132E-05,ENSMUSG00000015112,ENSMUSG00000015112,Slc25a13,protein coding gene
ENSMUSG00000015126.9,36.74695489,-2.408598571,0.531132631,-4.534834483,5.76487E-06,3.50862E-05,ENSMUSG00000015126,ENSMUSG00000015126,Tsr3,protein coding gene
ENSMUSG00000015217.11,13.81086694,-2.770351767,0.839442929,-3.30022646,0.000966068,0.003452904,ENSMUSG00000015217,ENSMUSG00000015217,Hmgb3,protein coding gene
ENSMUSG00000015289.4,114.6780627,-3.523067066,0.449862389,-7.831432793,4.82341E-15,1.12621E-13,ENSMUSG00000015289,ENSMUSG00000015289,Lage3,protein coding gene
ENSMUSG00000015290.15,258.2401247,-2.767268902,0.308932851,-8.957509362,3.32095E-19,1.30538E-17,ENSMUSG00000015290,ENSMUSG00000015290,Ubl4a,protein coding gene
ENSMUSG00000015401.12,13.53727316,-3.00847642,0.893663272,-3.366454138,0.000761412,0.002807463,ENSMUSG00000015401,ENSMUSG00000015401,Cltrn,protein coding gene
ENSMUSG00000015478.13,92.82745394,-2.266574712,0.371991197,-6.093086957,1.10754E-09,1.25122E-08,ENSMUSG00000015478,ENSMUSG00000015478,Rnf5,protein coding gene
ENSMUSG00000015536.14,83.03477107,-2.487867267,0.404960084,-6.143487628,8.0729E-10,9.323E-09,ENSMUSG00000015536,ENSMUSG00000015536,Mocs2,protein coding gene
ENSMUSG00000015542.17,105.4726992,-2.068005643,0.405133221,-5.104507698,3.31657E-07,2.55228E-06,ENSMUSG00000015542,ENSMUSG00000015542,Nat9,protein coding gene
ENSMUSG00000015568.15,706.0344375,-2.344024834,0.292570084,-8.011840454,1.13004E-15,2.81493E-14,ENSMUSG00000015568,ENSMUSG00000015568,Lpl,protein coding gene
ENSMUSG00000015671.10,121.9590016,-3.210095367,0.349582136,-9.182664209,4.20555E-20,1.82007E-18,ENSMUSG00000015671,ENSMUSG00000015671,Psma2,protein coding gene
ENSMUSG00000015672.3,24.16775462,-2.899066448,0.648493269,-4.470464976,7.80497E-06,4.62523E-05,ENSMUSG00000015672,ENSMUSG00000015672,Mrpl32,protein coding gene
ENSMUSG00000015733.13,128.6752495,-2.060058125,0.507234297,-4.061354163,4.87889E-05,0.00024349,ENSMUSG00000015733,ENSMUSG00000015733,Capza2,protein coding gene
ENSMUSG00000015759.10,128.445745,-2.657678243,0.319981546,-8.305723496,9.9213E-17,2.87215E-15,ENSMUSG00000015759,ENSMUSG00000015759,Cnih1,protein coding gene
ENSMUSG00000015806.12,277.7882508,-2.380526811,0.292992953,-8.124860283,4.47878E-16,1.19933E-14,ENSMUSG00000015806,ENSMUSG00000015806,Qdpr,protein coding gene
ENSMUSG00000015932.8,286.7181985,-2.282218268,0.277574993,-8.221988032,2.00157E-16,5.60358E-15,ENSMUSG00000015932,ENSMUSG00000015932,Dstn,protein coding gene
ENSMUSG00000015943.11,55.56453168,-2.575758341,0.508821959,-5.062199643,4.14447E-07,3.13727E-06,ENSMUSG00000015943,ENSMUSG00000015943,Bola1,protein coding gene
ENSMUSG00000016252.7,847.5771789,-4.208923791,0.379849477,-11.08050437,1.55991E-28,1.57771E-26,ENSMUSG00000016252,ENSMUSG00000016252,Atp5f1e,protein coding gene
ENSMUSG00000016308.12,44.91922094,-2.081156518,0.482180114,-4.316139254,1.58782E-05,8.82076E-05,ENSMUSG00000016308,ENSMUSG00000016308,Ube2a,protein coding gene
ENSMUSG00000016319.3,670.2853271,-3.166684402,0.213372307,-14.84112184,7.94167E-50,4.86087E-47,ENSMUSG00000016319,ENSMUSG00000016319,Slc25a5,protein coding gene
ENSMUSG00000016344.14,101.8171526,-2.371615956,0.365871165,-6.482106779,9.04506E-11,1.19242E-09,ENSMUSG00000016344,ENSMUSG00000016344,Ppdpf,protein coding gene
ENSMUSG00000016427.7,309.0301787,-2.228002587,0.291454374,-7.644430092,2.09873E-14,4.52973E-13,ENSMUSG00000016427,ENSMUSG00000016427,Ndufa1,protein coding gene
ENSMUSG00000016559.14,542.2747797,-2.125442367,0.225167093,-9.439400495,3.74918E-21,1.78482E-19,ENSMUSG00000016559,ENSMUSG00000016559,H3f3b,protein coding gene
ENSMUSG00000016833.14,34.25531454,-3.958100956,0.699270192,-5.660331305,1.51081E-08,1.44488E-07,ENSMUSG00000016833,ENSMUSG00000016833,Mrps18c,protein coding gene
ENSMUSG00000017188.3,459.1290389,-4.018458987,0.3302661,-12.16733714,4.63973E-34,7.43137E-32,ENSMUSG00000017188,ENSMUSG00000017188,Coa3,protein coding gene
ENSMUSG00000017311.15,67.34869569,-2.0387408,0.425216055,-4.794599767,1.63E-06,1.1059E-05,ENSMUSG00000017311,ENSMUSG00000017311,Pyy,protein coding gene
ENSMUSG00000017344.4,571.9190429,-2.309287597,0.371227178,-6.220685693,4.94987E-10,5.87065E-09,ENSMUSG00000017344,ENSMUSG00000017344,Vtn,protein coding gene
ENSMUSG00000017404.12,1986.934045,-2.373738548,0.270455381,-8.776821289,1.6816E-18,6.21104E-17,ENSMUSG00000017404,ENSMUSG00000017404,Rpl19,protein coding gene
ENSMUSG00000017778.14,386.9393243,-3.776708378,0.29132843,-12.96374809,1.96411E-38,4.61108E-36,ENSMUSG00000017778,ENSMUSG00000017778,Cox7c,protein coding gene
ENSMUSG00000018189.12,139.7970942,-2.966915673,0.342524392,-8.661910641,4.63922E-18,1.62591E-16,ENSMUSG00000018189,ENSMUSG00000018189,Uchl5,protein coding gene
ENSMUSG00000018362.14,56.23514274,-2.034775532,0.482112973,-4.220536771,2.43721E-05,0.000130365,ENSMUSG00000018362,ENSMUSG00000018362,Kpna2,protein coding gene
ENSMUSG00000018446.8,143.5484917,-2.298031145,0.298406799,-7.701001282,1.35004E-14,3.00871E-13,ENSMUSG00000018446,ENSMUSG00000018446,C1qbp,protein coding gene
ENSMUSG00000018567.14,1214.160261,-2.729152438,0.233136798,-11.70622767,1.18433E-31,1.50348E-29,ENSMUSG00000018567,ENSMUSG00000018567,Gabarap,protein coding gene
ENSMUSG00000018569.12,150.7205509,-2.110700569,0.32635217,-6.467554886,9.96014E-11,1.30402E-09,ENSMUSG00000018569,ENSMUSG00000018569,Cldn7,protein coding gene
ENSMUSG00000018761.14,130.3059669,-2.856068868,0.370293928,-7.712977855,1.22915E-14,2.74287E-13,ENSMUSG00000018761,ENSMUSG00000018761,Mpdu1,protein coding gene
ENSMUSG00000018770.9,545.8690394,-3.001318832,0.251827152,-11.91817011,9.5176E-33,1.31542E-30,ENSMUSG00000018770,ENSMUSG00000018770,Atp5mc3,protein coding gene
ENSMUSG00000018858.15,127.1305163,-2.778228641,0.367638063,-7.55696682,4.12577E-14,8.5706E-13,ENSMUSG00000018858,ENSMUSG00000018858,Mrpl58,protein coding gene
ENSMUSG00000018965.11,108.2628145,-2.425007687,0.453626641,-5.345822905,9.00072E-08,7.61374E-07,ENSMUSG00000018965,ENSMUSG00000018965,Ywhah,protein coding gene
ENSMUSG00000019158.9,425.8279707,-2.714998911,0.369349125,-7.350765783,1.97074E-13,3.70336E-12,ENSMUSG00000019158,ENSMUSG00000019158,Tmem160,protein coding gene
ENSMUSG00000019210.10,176.660993,-2.191339808,0.310372367,-7.060357312,1.66075E-12,2.77682E-11,ENSMUSG00000019210,ENSMUSG00000019210,Atp6v1e1,protein coding gene
ENSMUSG00000019362.8,323.6398848,-2.583922377,0.330948177,-7.807634416,5.82713E-15,1.34408E-13,ENSMUSG00000019362,ENSMUSG00000019362,D8Ertd738e,protein coding gene
ENSMUSG00000019494.14,262.874048,-3.080926483,0.321585737,-9.580420182,9.66509E-22,4.91514E-20,ENSMUSG00000019494,ENSMUSG00000019494,Cops6,protein coding gene
ENSMUSG00000019578.11,240.6086333,-2.083742741,0.283177097,-7.358443753,1.86067E-13,3.52355E-12,ENSMUSG00000019578,ENSMUSG00000019578,Ubxn6,protein coding gene
ENSMUSG00000019782.9,133.1587311,-2.98627979,0.369296809,-8.086394794,6.14568E-16,1.60127E-14,ENSMUSG00000019782,ENSMUSG00000019782,Rwdd1,protein coding gene
ENSMUSG00000019791.11,82.90527715,-2.478059771,0.4453577,-5.564201028,2.63356E-08,2.41812E-07,ENSMUSG00000019791,ENSMUSG00000019791,Hint3,protein coding gene
ENSMUSG00000019795.17,104.9710213,-2.155109734,0.337011002,-6.394775601,1.60783E-10,2.04337E-09,ENSMUSG00000019795,ENSMUSG00000019795,Pcmt1,protein coding gene
ENSMUSG00000019797.10,128.0145977,-3.134408698,0.434475882,-7.214229432,5.42402E-13,9.60299E-12,ENSMUSG00000019797,ENSMUSG00000019797,Mtres1,protein coding gene
ENSMUSG00000019810.15,161.3772882,-2.217756453,0.323057636,-6.864894073,6.65406E-12,1.03482E-10,ENSMUSG00000019810,ENSMUSG00000019810,Fuca2,protein coding gene
ENSMUSG00000019851.7,230.5947452,-2.142891189,0.271044634,-7.906045418,2.65694E-15,6.36849E-14,ENSMUSG00000019851,ENSMUSG00000019851,Perp,protein coding gene
ENSMUSG00000019857.6,36.96833904,-2.02138451,0.499191445,-4.049317213,5.13673E-05,0.000254211,ENSMUSG00000019857,ENSMUSG00000019857,Asf1a,protein coding gene
ENSMUSG00000020003.15,55.67579446,-3.824981884,0.548551633,-6.972874854,3.10529E-12,5.02061E-11,ENSMUSG00000020003,ENSMUSG00000020003,Pex7,protein coding gene
ENSMUSG00000020022.16,184.8891198,-2.226570735,0.395888104,-5.62424259,1.86324E-08,1.74684E-07,ENSMUSG00000020022,ENSMUSG00000020022,Ndufa12,protein coding gene
ENSMUSG00000020089.8,117.2595725,-2.646149859,0.374163327,-7.072178558,1.5252E-12,2.56263E-11,ENSMUSG00000020089,ENSMUSG00000020089,Ppa1,protein coding gene
ENSMUSG00000020098.6,660.9328646,-3.575178285,0.269322834,-13.27469427,3.24593E-40,8.97238E-38,ENSMUSG00000020098,ENSMUSG00000020098,Pcbd1,protein coding gene
ENSMUSG00000020116.7,53.21659842,-2.353158376,0.565120258,-4.163995793,3.12726E-05,0.000163101,ENSMUSG00000020116,ENSMUSG00000020116,Pno1,protein coding gene
ENSMUSG00000020149.17,433.9843978,-2.005796604,0.260946143,-7.686630592,1.5106E-14,3.35781E-13,ENSMUSG00000020149,ENSMUSG00000020149,Rab1a,protein coding gene
ENSMUSG00000020163.12,644.0427111,-2.090405201,0.35798221,-5.839410858,5.23857E-09,5.33761E-08,ENSMUSG00000020163,ENSMUSG00000020163,Uqcr11,protein coding gene
ENSMUSG00000020180.9,82.47192276,-3.458671732,0.408965417,-8.457125203,2.7405E-17,8.57055E-16,ENSMUSG00000020180,ENSMUSG00000020180,Snrpd3,protein coding gene
ENSMUSG00000020182.16,38.10010479,-3.628150991,0.664830908,-5.457253789,4.83555E-08,4.25856E-07,ENSMUSG00000020182,ENSMUSG00000020182,Ddc,protein coding gene
ENSMUSG00000020224.14,76.93938539,-2.293900255,0.439993985,-5.213480939,1.8533E-07,1.48628E-06,ENSMUSG00000020224,ENSMUSG00000020224,Llph,protein coding gene
ENSMUSG00000020225.10,106.142752,-2.071362128,0.338042568,-6.127518612,8.92602E-10,1.02255E-08,ENSMUSG00000020225,ENSMUSG00000020225,Tmbim4,protein coding gene
ENSMUSG00000020265.15,215.650949,-2.082605835,0.273946105,-7.602246571,2.91034E-14,6.1501E-13,ENSMUSG00000020265,ENSMUSG00000020265,Sumo3,protein coding gene
ENSMUSG00000020267.6,490.4171523,-2.215664711,0.290010298,-7.639951837,2.17303E-14,4.661E-13,ENSMUSG00000020267,ENSMUSG00000020267,Hint1,protein coding gene
ENSMUSG00000020309.6,46.54826186,-2.125821487,0.470144425,-4.521635004,6.13638E-06,3.72398E-05,ENSMUSG00000020309,ENSMUSG00000020309,Chac2,protein coding gene
ENSMUSG00000020321.15,523.336322,-3.120799464,0.254497751,-12.26258168,1.43843E-34,2.46518E-32,ENSMUSG00000020321,ENSMUSG00000020321,Mdh1,protein coding gene
ENSMUSG00000020386.5,78.01826454,-2.640599576,0.401856553,-6.571000411,4.99783E-11,6.87423E-10,ENSMUSG00000020386,ENSMUSG00000020386,Sar1b,protein coding gene
ENSMUSG00000020390.12,159.1657877,-2.090064014,0.289020152,-7.231551152,4.77508E-13,8.48914E-12,ENSMUSG00000020390,ENSMUSG00000020390,Ube2b,protein coding gene
ENSMUSG00000020402.11,243.3381295,-2.357545357,0.254147051,-9.276304191,1.75459E-20,7.75005E-19,ENSMUSG00000020402,ENSMUSG00000020402,Vdac1,protein coding gene
ENSMUSG00000020415.16,39.33402588,-2.414449279,0.567156581,-4.257112336,2.07084E-05,0.000112382,ENSMUSG00000020415,ENSMUSG00000020415,Pttg1,protein coding gene
ENSMUSG00000020444.19,385.8249716,-2.387444154,0.290578919,-8.216164356,2.10115E-16,5.84571E-15,ENSMUSG00000020444,ENSMUSG00000020444,Guk1,protein coding gene
ENSMUSG00000020457.13,137.8530452,-2.455397563,0.329378921,-7.454628715,9.01213E-14,1.77325E-12,ENSMUSG00000020457,ENSMUSG00000020457,Drg1,protein coding gene
ENSMUSG00000020460.15,2313.371665,-3.247967877,0.266600855,-12.18288619,3.83467E-34,6.3191E-32,ENSMUSG00000020460,ENSMUSG00000020460,Rps27a,protein coding gene
ENSMUSG00000020485.14,71.85701818,-3.083325644,0.483119173,-6.382122298,1.7465E-10,2.20572E-09,ENSMUSG00000020485,ENSMUSG00000020485,Supt4a,protein coding gene
ENSMUSG00000020526.12,17.99000649,-2.558388431,0.806809628,-3.170993926,0.001519183,0.00508511,ENSMUSG00000020526,ENSMUSG00000020526,Znhit3,protein coding gene
ENSMUSG00000020528.14,17.08881065,-2.131837844,0.739080851,-2.884444701,0.003921046,0.01169083,ENSMUSG00000020528,ENSMUSG00000020528,Prpsap2,protein coding gene
ENSMUSG00000020553.8,28.369314,-2.182542215,0.642540629,-3.396738069,0.000681942,0.002545105,ENSMUSG00000020553,ENSMUSG00000020553,Pctp,protein coding gene
ENSMUSG00000020570.14,476.0681385,-2.100723328,0.244003535,-8.609397098,7.34458E-18,2.48758E-16,ENSMUSG00000020570,ENSMUSG00000020570,Sypl1,protein coding gene
ENSMUSG00000020571.12,1346.861677,-2.021481994,0.22372112,-9.03572265,1.62922E-19,6.66387E-18,ENSMUSG00000020571,ENSMUSG00000020571,Pdia6,protein coding gene
ENSMUSG00000020577.15,398.2811866,-2.086228277,0.254443166,-8.199191641,2.42009E-16,6.68959E-15,ENSMUSG00000020577,ENSMUSG00000020577,Tspan13,protein coding gene
ENSMUSG00000020581.11,10.4175992,-4.151665852,1.439903464,-2.883294578,0.003935392,0.011721368,ENSMUSG00000020581,ENSMUSG00000020581,Agr2,protein coding gene
ENSMUSG00000020629.12,245.4203403,-2.95663827,0.288077584,-10.26334028,1.03078E-24,6.74257E-23,ENSMUSG00000020629,ENSMUSG00000020629,Adi1,protein coding gene
ENSMUSG00000020648.2,8.322091288,-3.398098929,1.329660755,-2.555613465,0.01060008,0.027433429,ENSMUSG00000020648,ENSMUSG00000020648,Dus4l,protein coding gene
ENSMUSG00000020664.9,148.2010954,-2.262668105,0.29553938,-7.656062984,1.9172E-14,4.1856E-13,ENSMUSG00000020664,ENSMUSG00000020664,Dld,protein coding gene
ENSMUSG00000020669.15,29.28766534,-2.024027082,0.593983869,-3.407545536,0.0006555,0.002456046,ENSMUSG00000020669,ENSMUSG00000020669,Sh3yl1,protein coding gene
ENSMUSG00000020680.15,89.16597718,-3.250546933,0.395376829,-8.221389558,2.01159E-16,5.60562E-15,ENSMUSG00000020680,ENSMUSG00000020680,Taf15,protein coding gene
ENSMUSG00000020708.12,227.3513519,-2.143104871,0.352970696,-6.071622641,1.26624E-09,1.41374E-08,ENSMUSG00000020708,ENSMUSG00000020708,Psmc5,protein coding gene
ENSMUSG00000020720.13,124.4985874,-2.61418204,0.41837137,-6.248472603,4.14486E-10,4.96745E-09,ENSMUSG00000020720,ENSMUSG00000020720,Psmd12,protein coding gene
ENSMUSG00000020766.4,235.938321,-2.392978845,0.312643688,-7.654012971,1.94803E-14,4.24052E-13,ENSMUSG00000020766,ENSMUSG00000020766,Galk1,protein coding gene
ENSMUSG00000020803.3,273.1248933,-3.293305934,0.29782486,-11.05786111,2.00829E-28,2.00106E-26,ENSMUSG00000020803,ENSMUSG00000020803,Txndc17,protein coding gene
ENSMUSG00000020840.10,73.53614647,-2.423155637,0.389004138,-6.229125611,4.69046E-10,5.58229E-09,ENSMUSG00000020840,ENSMUSG00000020840,Blmh,protein coding gene
ENSMUSG00000020849.13,501.3245448,-2.380025648,0.237206613,-10.0335552,1.08537E-23,6.54965E-22,ENSMUSG00000020849,ENSMUSG00000020849,Ywhae,protein coding gene
ENSMUSG00000020873.13,337.0787141,-2.33185868,0.28198633,-8.269403262,1.34631E-16,3.83912E-15,ENSMUSG00000020873,ENSMUSG00000020873,Slc35b1,protein coding gene
ENSMUSG00000020928.14,4.922177911,-4.024485342,1.65380358,-2.433472386,0.014954776,0.036639736,ENSMUSG00000020928,ENSMUSG00000020928,Higd1b,protein coding gene
ENSMUSG00000020949.8,24.26059967,-2.162066826,0.714066303,-3.02782363,0.002463218,0.007770057,ENSMUSG00000020949,ENSMUSG00000020949,Fkbp3,protein coding gene
ENSMUSG00000020988.8,32.31308777,-2.122038596,0.665683009,-3.187761393,0.001433788,0.004845644,ENSMUSG00000020988,ENSMUSG00000020988,L2hgdh,protein coding gene
ENSMUSG00000020993.8,58.06236876,-2.053689064,0.419794385,-4.892130851,9.97501E-07,7.04375E-06,ENSMUSG00000020993,ENSMUSG00000020993,Trappc6b,protein coding gene
ENSMUSG00000021018.7,30.37511159,-2.007648106,0.59365851,-3.381823176,0.000720065,0.002670519,ENSMUSG00000021018,ENSMUSG00000021018,Polr2h,protein coding gene
ENSMUSG00000021024.14,159.7728889,-2.521801503,0.300950475,-8.379456794,5.31725E-17,1.59313E-15,ENSMUSG00000021024,ENSMUSG00000021024,Psma6,protein coding gene
ENSMUSG00000021037.6,140.4174695,-2.772650165,0.36270722,-7.644320296,2.10052E-14,4.52973E-13,ENSMUSG00000021037,ENSMUSG00000021037,Ahsa1,protein coding gene
ENSMUSG00000021040.15,41.34387776,-2.578199529,0.533323444,-4.834213757,1.33673E-06,9.23E-06,ENSMUSG00000021040,ENSMUSG00000021040,Slirp,protein coding gene
ENSMUSG00000021072.12,134.7421556,-3.126870192,0.338591329,-9.234938779,2.58434E-20,1.13857E-18,ENSMUSG00000021072,ENSMUSG00000021072,Tmx1,protein coding gene
ENSMUSG00000021076.5,91.23545123,-2.575583921,0.384851381,-6.692411786,2.19522E-11,3.18288E-10,ENSMUSG00000021076,ENSMUSG00000021076,Actr10,protein coding gene
ENSMUSG00000021079.15,57.07236935,-2.672987258,0.462128762,-5.784074646,7.29126E-09,7.32459E-08,ENSMUSG00000021079,ENSMUSG00000021079,Timm9,protein coding gene
ENSMUSG00000021094.9,106.5734846,-2.816947064,0.351430015,-8.015670104,1.09538E-15,2.74053E-14,ENSMUSG00000021094,ENSMUSG00000021094,Dhrs7,protein coding gene
ENSMUSG00000021102.3,129.1018508,-3.01414085,0.410159278,-7.3487082,2.00132E-13,3.75258E-12,ENSMUSG00000021102,ENSMUSG00000021102,Glrx5,protein coding gene
ENSMUSG00000021116.9,101.8307235,-2.195737581,0.363547474,-6.039754748,1.54349E-09,1.69566E-08,ENSMUSG00000021116,ENSMUSG00000021116,Eif2s1,protein coding gene
ENSMUSG00000021124.13,201.7308642,-2.663714251,0.305491644,-8.71943407,2.79596E-18,1.00036E-16,ENSMUSG00000021124,ENSMUSG00000021124,Vti1b,protein coding gene
ENSMUSG00000021131.13,64.20613795,-5.005240099,0.606960413,-8.246402886,1.63234E-16,4.6393E-15,ENSMUSG00000021131,ENSMUSG00000021131,Erh,protein coding gene
ENSMUSG00000021178.8,177.3881214,-2.02079877,0.301283666,-6.707296146,1.98264E-11,2.89178E-10,ENSMUSG00000021178,ENSMUSG00000021178,Psmc1,protein coding gene
ENSMUSG00000021194.5,574.6722814,-2.101501444,0.737347316,-2.850083532,0.004370775,0.01283302,ENSMUSG00000021194,ENSMUSG00000021194,Chga,protein coding gene
ENSMUSG00000021211.3,29.32861061,-3.393922483,0.611116246,-5.553644674,2.79774E-08,2.56268E-07,ENSMUSG00000021211,ENSMUSG00000021211,Akr1c12,protein coding gene
ENSMUSG00000021213.11,16.48124365,-2.841293928,0.802671564,-3.539796418,0.000400436,0.001584546,ENSMUSG00000021213,ENSMUSG00000021213,Akr1c13,protein coding gene
ENSMUSG00000021243.14,58.66954173,-2.083858947,0.465110407,-4.4803533,7.45196E-06,4.43597E-05,ENSMUSG00000021243,ENSMUSG00000021243,Fcf1,protein coding gene
ENSMUSG00000021248.8,1035.220933,-3.148142331,0.211688826,-14.87155645,5.04272E-50,3.20082E-47,ENSMUSG00000021248,ENSMUSG00000021248,Tmed10,protein coding gene
ENSMUSG00000021273.9,132.0972886,-2.812042622,0.385744363,-7.289912425,3.10157E-13,5.66681E-12,ENSMUSG00000021273,ENSMUSG00000021273,Fdft1,protein coding gene
ENSMUSG00000021290.5,287.2326744,-2.778828067,0.306834652,-9.056434966,1.34784E-19,5.56608E-18,ENSMUSG00000021290,ENSMUSG00000021290,Atp5mj,protein coding gene
ENSMUSG00000021361.6,80.02164293,-2.602601995,0.37301355,-6.977231782,3.01053E-12,4.88121E-11,ENSMUSG00000021361,ENSMUSG00000021361,Tmem14c,protein coding gene
ENSMUSG00000021418.15,10.83633081,-2.53704322,1.091816871,-2.323689336,0.02014215,0.046991039,ENSMUSG00000021418,ENSMUSG00000021418,Rpp40,protein coding gene
ENSMUSG00000021456.7,14.61373653,-2.141707701,0.874946719,-2.447814998,0.014372543,0.035431048,ENSMUSG00000021456,ENSMUSG00000021456,Fbp2,protein coding gene
ENSMUSG00000021477.8,843.1018277,-3.455316772,0.216430654,-15.96500641,2.24019E-57,2.25837E-54,ENSMUSG00000021477,ENSMUSG00000021477,Ctsl,protein coding gene
ENSMUSG00000021497.9,104.4206317,-2.052040945,0.336944454,-6.090146084,1.12808E-09,1.27107E-08,ENSMUSG00000021497,ENSMUSG00000021497,Txndc15,protein coding gene
ENSMUSG00000021508.10,22.84397651,-2.659509894,0.87587589,-3.036400389,0.002394212,0.007580271,ENSMUSG00000021508,ENSMUSG00000021508,Cxcl14,protein coding gene
ENSMUSG00000021520.4,181.1409667,-3.73465456,0.336751114,-11.09025153,1.39894E-28,1.43563E-26,ENSMUSG00000021520,ENSMUSG00000021520,Uqcrb,protein coding gene
ENSMUSG00000021537.8,29.51473772,-2.318526934,0.670463423,-3.458096081,0.000544007,0.002078751,ENSMUSG00000021537,ENSMUSG00000021537,Cetn3,protein coding gene
ENSMUSG00000021576.5,108.8769379,-2.141573685,0.333306498,-6.425238334,1.31663E-10,1.69149E-09,ENSMUSG00000021576,ENSMUSG00000021576,Pdcd6,protein coding gene
ENSMUSG00000021606.7,481.2601485,-2.291726476,0.3686263,-6.216936976,5.06953E-10,6.00011E-09,ENSMUSG00000021606,ENSMUSG00000021606,Ndufs6,protein coding gene
ENSMUSG00000021607.8,100.4431266,-2.257830722,0.372269331,-6.065046286,1.31916E-09,1.46518E-08,ENSMUSG00000021607,ENSMUSG00000021607,Mrpl36,protein coding gene
ENSMUSG00000021643.14,36.02832252,-3.362229801,0.594744996,-5.653229235,1.57461E-08,1.50254E-07,ENSMUSG00000021643,ENSMUSG00000021643,Serf1,protein coding gene
ENSMUSG00000021650.6,59.79142004,-2.069087813,0.481290226,-4.299043909,1.71536E-05,9.46184E-05,ENSMUSG00000021650,ENSMUSG00000021650,Ptcd2,protein coding gene
ENSMUSG00000021660.14,408.5329493,-3.499516137,0.244496064,-14.31317986,1.81042E-46,9.12559E-44,ENSMUSG00000021660,ENSMUSG00000021660,Btf3,protein coding gene
ENSMUSG00000021737.3,310.4115164,-3.171251142,0.272947508,-11.61853853,3.31763E-31,4.09047E-29,ENSMUSG00000021737,ENSMUSG00000021737,Psmd6,protein coding gene
ENSMUSG00000021748.8,128.7815727,-2.339537448,0.326426849,-7.16711096,7.65969E-13,1.32866E-11,ENSMUSG00000021748,ENSMUSG00000021748,Pdhb,protein coding gene
ENSMUSG00000021764.6,144.8348288,-3.138192421,0.410196134,-7.650468067,2.00249E-14,4.34964E-13,ENSMUSG00000021764,ENSMUSG00000021764,Ndufs4,protein coding gene
ENSMUSG00000021771.13,416.7706603,-2.733898759,0.232651768,-11.75103367,6.97602E-32,9.12634E-30,ENSMUSG00000021771,ENSMUSG00000021771,Vdac2,protein coding gene
ENSMUSG00000021807.5,287.6654423,-2.937449625,0.268359797,-10.94593772,6.94949E-28,6.61668E-26,ENSMUSG00000021807,ENSMUSG00000021807,Rtraf,protein coding gene
ENSMUSG00000021811.6,26.10109931,-2.113873092,0.637917433,-3.313709554,0.000920671,0.003310629,ENSMUSG00000021811,ENSMUSG00000021811,Dnajc9,protein coding gene
ENSMUSG00000021831.8,52.71665772,-2.055282826,0.428221049,-4.799583842,1.58996E-06,1.083E-05,ENSMUSG00000021831,ENSMUSG00000021831,Ero1a,protein coding gene
ENSMUSG00000021832.7,88.17517327,-2.011506842,0.395133977,-5.090695714,3.56752E-07,2.72704E-06,ENSMUSG00000021832,ENSMUSG00000021832,Psmc6,protein coding gene
ENSMUSG00000021877.11,478.7410171,-2.198638111,0.254592699,-8.635904022,5.82644E-18,2.01724E-16,ENSMUSG00000021877,ENSMUSG00000021877,Arf4,protein coding gene
ENSMUSG00000021917.14,411.1040443,-2.97429499,0.274447604,-10.83738734,2.28915E-27,2.05401E-25,ENSMUSG00000021917,ENSMUSG00000021917,Spcs1,protein coding gene
ENSMUSG00000021928.8,13.95377449,-3.40127469,0.982457917,-3.462005476,0.000536166,0.002049703,ENSMUSG00000021928,ENSMUSG00000021928,Ebpl,protein coding gene
ENSMUSG00000021932.13,15.39931893,-3.811262571,0.926694722,-4.112748762,3.90976E-05,0.000198829,ENSMUSG00000021932,ENSMUSG00000021932,Rnaseh2b,protein coding gene
ENSMUSG00000021951.5,35.37236948,-2.520163102,0.61573614,-4.092927051,4.25962E-05,0.000214963,ENSMUSG00000021951,ENSMUSG00000021951,Eef1akmt1,protein coding gene
ENSMUSG00000021953.14,50.39076576,-2.789581223,0.853715978,-3.267575277,0.00108473,0.003822765,ENSMUSG00000021953,ENSMUSG00000021953,Tdh,protein coding gene
ENSMUSG00000021963.16,156.7200728,-2.854889761,0.332601016,-8.583526882,9.20078E-18,3.06776E-16,ENSMUSG00000021963,ENSMUSG00000021963,Sap18,protein coding gene
ENSMUSG00000021996.16,227.1527218,-2.713323364,0.266285254,-10.18953669,2.20814E-24,1.42804E-22,ENSMUSG00000021996,ENSMUSG00000021996,Esd,protein coding gene
ENSMUSG00000022051.15,138.6232637,-2.576440883,0.319295079,-8.069153107,7.07875E-16,1.82704E-14,ENSMUSG00000022051,ENSMUSG00000022051,Bnip3l,protein coding gene
ENSMUSG00000022110.13,102.7763378,-2.432515316,0.394548817,-6.165308865,7.03457E-10,8.19568E-09,ENSMUSG00000022110,ENSMUSG00000022110,Sucla2,protein coding gene
ENSMUSG00000022132.15,190.8026916,-3.053520981,0.308506994,-9.897736634,4.25802E-23,2.4406E-21,ENSMUSG00000022132,ENSMUSG00000022132,Cldn10,protein coding gene
ENSMUSG00000022174.8,523.6559584,-2.615583494,0.306403898,-8.536391062,1.38479E-17,4.51189E-16,ENSMUSG00000022174,ENSMUSG00000022174,Dad1,protein coding gene
ENSMUSG00000022193.6,199.8557646,-3.370874299,0.369367087,-9.126081943,7.10232E-20,2.99802E-18,ENSMUSG00000022193,ENSMUSG00000022193,Psmb5,protein coding gene
ENSMUSG00000022205.15,127.7084641,-2.345225535,0.321914452,-7.285244637,3.21087E-13,5.85403E-12,ENSMUSG00000022205,ENSMUSG00000022205,Sub1,protein coding gene
ENSMUSG00000022217.14,48.6687309,-2.267506922,0.529516753,-4.282219414,1.85038E-05,0.000101413,ENSMUSG00000022217,ENSMUSG00000022217,Emc9,protein coding gene
ENSMUSG00000022247.12,48.23278894,-2.476840953,0.543435089,-4.557749403,5.17047E-06,3.17718E-05,ENSMUSG00000022247,ENSMUSG00000022247,Brix1,protein coding gene
ENSMUSG00000022270.15,586.1104685,-2.002706939,0.248117622,-8.071602985,6.93812E-16,1.79345E-14,ENSMUSG00000022270,ENSMUSG00000022270,Retreg1,protein coding gene
ENSMUSG00000022295.7,83.71490619,-2.23603304,0.391988689,-5.704330512,1.16801E-08,1.13929E-07,ENSMUSG00000022295,ENSMUSG00000022295,Atp6v1c1,protein coding gene
ENSMUSG00000022300.9,31.07531905,-2.103374006,0.576261972,-3.6500309,0.000262209,0.001087281,ENSMUSG00000022300,ENSMUSG00000022300,Dcaf13,protein coding gene
ENSMUSG00000022323.11,63.80469309,-4.303880219,0.489287595,-8.79621774,1.41505E-18,5.27198E-17,ENSMUSG00000022323,ENSMUSG00000022323,Rida,protein coding gene
ENSMUSG00000022336.2,241.0421797,-2.550017531,0.315070425,-8.093484282,5.79818E-16,1.52407E-14,ENSMUSG00000022336,ENSMUSG00000022336,Eif3e,protein coding gene
ENSMUSG00000022338.6,119.4492703,-3.12925016,0.37795226,-8.27948525,1.23709E-16,3.53944E-15,ENSMUSG00000022338,ENSMUSG00000022338,Eny2,protein coding gene
ENSMUSG00000022354.3,1043.359951,-2.019212427,0.270880009,-7.454268908,9.03675E-14,1.77605E-12,ENSMUSG00000022354,ENSMUSG00000022354,Ndufb9,protein coding gene
ENSMUSG00000022370.13,134.7779194,-3.041397227,0.361330341,-8.4172207,3.85521E-17,1.18619E-15,ENSMUSG00000022370,ENSMUSG00000022370,Mrpl13,protein coding gene
ENSMUSG00000022400.8,147.499671,-3.151725384,0.337270211,-9.344808042,9.20563E-21,4.21834E-19,ENSMUSG00000022400,ENSMUSG00000022400,Rbx1,protein coding gene
ENSMUSG00000022404.7,61.19862921,-2.29487169,0.552417043,-4.15423767,3.26374E-05,0.000169189,ENSMUSG00000022404,ENSMUSG00000022404,Slc25a17,protein coding gene
ENSMUSG00000022427.3,120.5758098,-2.815219346,0.366281732,-7.685939815,1.51878E-14,3.37161E-13,ENSMUSG00000022427,ENSMUSG00000022427,Tomm22,protein coding gene
ENSMUSG00000022437.6,356.774595,-2.121745676,0.272071096,-7.798497187,6.26487E-15,1.43567E-13,ENSMUSG00000022437,ENSMUSG00000022437,Samm50,protein coding gene
ENSMUSG00000022450.5,436.7965365,-2.358510199,0.25919545,-9.099350296,9.08738E-20,3.78928E-18,ENSMUSG00000022450,ENSMUSG00000022450,Ndufa6,protein coding gene
ENSMUSG00000022452.14,367.3745356,-2.00655453,0.316844304,-6.332935466,2.4054E-10,2.98723E-09,ENSMUSG00000022452,ENSMUSG00000022452,Smdt1,protein coding gene
ENSMUSG00000022490.6,22.85743523,-2.096185876,0.627041367,-3.342978606,0.000828843,0.003022922,ENSMUSG00000022490,ENSMUSG00000022490,Ppp1r1a,protein coding gene
ENSMUSG00000022516.9,62.83296926,-2.57137491,0.457609766,-5.619143426,1.91907E-08,1.79819E-07,ENSMUSG00000022516,ENSMUSG00000022516,Nudt16l1,protein coding gene
ENSMUSG00000022551.7,394.3040761,-2.02604027,0.293702863,-6.898265296,5.26414E-12,8.29198E-11,ENSMUSG00000022551,ENSMUSG00000022551,Cyc1,protein coding gene
ENSMUSG00000022635.9,108.2303123,-2.119642005,0.348629944,-6.079919528,1.20243E-09,1.34864E-08,ENSMUSG00000022635,ENSMUSG00000022635,Zcrb1,protein coding gene
ENSMUSG00000022671.12,61.37232165,-2.428474624,0.422230043,-5.751543891,8.84321E-09,8.7604E-08,ENSMUSG00000022671,ENSMUSG00000022671,Mzt2,protein coding gene
ENSMUSG00000022677.14,106.4569482,-2.441438656,0.370952008,-6.581548567,4.65573E-11,6.42949E-10,ENSMUSG00000022677,ENSMUSG00000022677,Cep20,protein coding gene
ENSMUSG00000022722.18,16.02044427,-2.051142454,0.738688066,-2.776736959,0.00549076,0.015595067,ENSMUSG00000022722,ENSMUSG00000022722,Arl6,protein coding gene
ENSMUSG00000022748.7,18.19131703,-2.657267672,0.744111092,-3.571063113,0.000355535,0.001426442,ENSMUSG00000022748,ENSMUSG00000022748,Cmss1,protein coding gene
ENSMUSG00000022774.12,63.01328622,-3.123999717,0.45409839,-6.879565722,6.00353E-12,9.37908E-11,ENSMUSG00000022774,ENSMUSG00000022774,Ncbp2,protein coding gene
ENSMUSG00000022787.10,17.71711544,-2.041420414,0.690330295,-2.95716475,0.003104822,0.009513756,ENSMUSG00000022787,ENSMUSG00000022787,Wdr53,protein coding gene
ENSMUSG00000022820.3,129.5190042,-3.150461815,0.361795357,-8.707855838,3.09677E-18,1.10568E-16,ENSMUSG00000022820,ENSMUSG00000022820,Ndufb4,protein coding gene
ENSMUSG00000022842.16,61.94214885,-2.366461331,0.455290064,-5.197700364,2.01769E-07,1.61058E-06,ENSMUSG00000022842,ENSMUSG00000022842,Ece2,protein coding gene
ENSMUSG00000022881.14,10.44415456,-2.343710476,0.899932574,-2.60431786,0.009205734,0.024373222,ENSMUSG00000022881,ENSMUSG00000022881,Rfc4,protein coding gene
ENSMUSG00000022884.14,539.6847784,-2.059448111,0.255313914,-8.066337153,7.24386E-16,1.86404E-14,ENSMUSG00000022884,ENSMUSG00000022884,Eif4a2,protein coding gene
ENSMUSG00000022890.13,406.5717262,-2.341658478,0.28581084,-8.193035924,2.54718E-16,7.02956E-15,ENSMUSG00000022890,ENSMUSG00000022890,Atp5pf,protein coding gene
ENSMUSG00000022913.14,44.76832897,-2.010842423,0.462000051,-4.352472293,1.34611E-05,7.5837E-05,ENSMUSG00000022913,ENSMUSG00000022913,Psmg1,protein coding gene
ENSMUSG00000022940.16,29.46214862,-2.349109598,0.573741719,-4.094367766,4.23322E-05,0.000213756,ENSMUSG00000022940,ENSMUSG00000022940,Pigp,protein coding gene
ENSMUSG00000022956.10,774.3958121,-2.986708438,0.293799374,-10.1658094,2.81772E-24,1.80862E-22,ENSMUSG00000022956,ENSMUSG00000022956,Atp5po,protein coding gene
ENSMUSG00000022972.9,43.43839016,-2.736758776,0.502386201,-5.447519799,5.1077E-08,4.48212E-07,ENSMUSG00000022972,ENSMUSG00000022972,Cfap298,protein coding gene
ENSMUSG00000022982.9,578.9160635,-2.957008165,0.31126303,-9.500030123,2.0983E-21,1.026E-19,ENSMUSG00000022982,ENSMUSG00000022982,Sod1,protein coding gene
ENSMUSG00000022993.6,62.64594484,-4.859910094,0.654732214,-7.422744735,1.14718E-13,2.23667E-12,ENSMUSG00000022993,ENSMUSG00000022993,Spmip11,protein coding gene
ENSMUSG00000023020.2,90.48627659,-2.432265415,0.469129093,-5.184639902,2.16433E-07,1.71882E-06,ENSMUSG00000023020,ENSMUSG00000023020,Cox14,protein coding gene
ENSMUSG00000023043.6,854.7660181,-2.02446687,0.239165141,-8.464723847,2.5676E-17,8.04453E-16,ENSMUSG00000023043,ENSMUSG00000023043,Krt18,protein coding gene
ENSMUSG00000023074.11,56.69961945,-2.820003695,0.437562653,-6.444799791,1.15753E-10,1.49719E-09,ENSMUSG00000023074,ENSMUSG00000023074,Mospd1,protein coding gene
ENSMUSG00000023089.12,158.5703115,-4.187456963,0.427828049,-9.787710209,1.27143E-22,6.87372E-21,ENSMUSG00000023089,ENSMUSG00000023089,Ndufa5,protein coding gene
ENSMUSG00000023106.15,146.7406009,-2.665192967,0.308838194,-8.629738856,6.14922E-18,2.11485E-16,ENSMUSG00000023106,ENSMUSG00000023106,Denr,protein coding gene
ENSMUSG00000023122.6,38.68814303,-3.184228237,0.603086263,-5.279888522,1.29263E-07,1.06968E-06,ENSMUSG00000023122,ENSMUSG00000023122,Sult1c2,protein coding gene
ENSMUSG00000023140.4,1314.191855,-3.555800026,1.129557717,-3.147957801,0.001644154,0.005457756,ENSMUSG00000023140,ENSMUSG00000023140,Reg2,protein coding gene
ENSMUSG00000023236.7,27.90047679,-3.677902957,0.685539364,-5.364977054,8.09595E-08,6.90978E-07,ENSMUSG00000023236,ENSMUSG00000023236,Scg5,protein coding gene
ENSMUSG00000023286.16,164.1258214,-2.182093282,0.302414313,-7.215575423,5.37064E-13,9.5183E-12,ENSMUSG00000023286,ENSMUSG00000023286,Ube2j2,protein coding gene
ENSMUSG00000023456.14,362.2615752,-2.277422852,0.268273073,-8.489196566,2.08071E-17,6.65282E-16,ENSMUSG00000023456,ENSMUSG00000023456,Tpi1,protein coding gene
ENSMUSG00000023707.13,223.5638307,-2.040103283,0.358557101,-5.68975841,1.27219E-08,1.23669E-07,ENSMUSG00000023707,ENSMUSG00000023707,Ogfod2,protein coding gene
ENSMUSG00000023723.17,123.8879495,-2.143979647,0.353272662,-6.068909028,1.28782E-09,1.43502E-08,ENSMUSG00000023723,ENSMUSG00000023723,Mrps23,protein coding gene
ENSMUSG00000023791.14,22.80787917,-2.105444613,0.632403783,-3.329272639,0.000870731,0.003154215,ENSMUSG00000023791,ENSMUSG00000023791,Pigx,protein coding gene
ENSMUSG00000023963.9,318.8209306,-2.487626156,0.25192502,-9.874470416,5.37159E-23,3.01831E-21,ENSMUSG00000023963,ENSMUSG00000023963,Cyp39a1,protein coding gene
ENSMUSG00000024026.12,133.391472,-2.912649413,0.33662714,-8.652449753,5.04056E-18,1.76296E-16,ENSMUSG00000024026,ENSMUSG00000024026,Glo1,protein coding gene
ENSMUSG00000024028.7,15127.04884,-2.235343272,0.310290734,-7.204028436,5.84592E-13,1.02862E-11,ENSMUSG00000024028,ENSMUSG00000024028,Tff2,protein coding gene
ENSMUSG00000024038.16,406.0237932,-2.019412771,0.333474037,-6.055682143,1.39824E-09,1.547E-08,ENSMUSG00000024038,ENSMUSG00000024038,Ndufv3,protein coding gene
ENSMUSG00000024067.13,50.34642329,-2.755780804,0.48307509,-5.704663439,1.16573E-08,1.13837E-07,ENSMUSG00000024067,ENSMUSG00000024067,Dpy30,protein coding gene
ENSMUSG00000024072.8,87.73409393,-2.54041994,0.408654151,-6.21655239,5.08197E-10,6.00654E-09,ENSMUSG00000024072,ENSMUSG00000024072,Yipf4,protein coding gene
ENSMUSG00000024082.4,32.88377815,-2.199050192,0.539543332,-4.075761965,4.58639E-05,0.000229829,ENSMUSG00000024082,ENSMUSG00000024082,Ndufaf7,protein coding gene
ENSMUSG00000024099.14,267.5336294,-3.150295584,0.298174688,-10.56526832,4.31732E-26,3.27391E-24,ENSMUSG00000024099,ENSMUSG00000024099,Ndufv2,protein coding gene
ENSMUSG00000024145.6,14.67599018,-2.395215946,0.773889804,-3.095034892,0.001967897,0.006364564,ENSMUSG00000024145,ENSMUSG00000024145,Pigf,protein coding gene
ENSMUSG00000024146.9,88.21161003,-2.887317221,0.434143654,-6.650603306,2.91894E-11,4.1377E-10,ENSMUSG00000024146,ENSMUSG00000024146,Cript,protein coding gene
ENSMUSG00000024208.15,283.3769875,-2.031218098,0.359343522,-5.65258026,1.58057E-08,1.50739E-07,ENSMUSG00000024208,ENSMUSG00000024208,Uqcc2,protein coding gene
ENSMUSG00000024217.9,53.37325308,-2.408916163,0.451175301,-5.339202202,9.33565E-08,7.87761E-07,ENSMUSG00000024217,ENSMUSG00000024217,Snrpc,protein coding gene
ENSMUSG00000024248.13,690.8795184,-2.926353921,0.243231612,-12.03114142,2.43767E-33,3.60145E-31,ENSMUSG00000024248,ENSMUSG00000024248,Cox7a2l,protein coding gene
ENSMUSG00000024258.3,20.83530906,-2.933103635,0.728036127,-4.028788584,5.6065E-05,0.000275155,ENSMUSG00000024258,ENSMUSG00000024258,Polr2d,protein coding gene
ENSMUSG00000024309.14,121.0488611,-3.936013539,0.410048108,-9.598906708,8.07969E-22,4.12112E-20,ENSMUSG00000024309,ENSMUSG00000024309,Pfdn6,protein coding gene
ENSMUSG00000024346.5,140.0552444,-3.221725244,0.382458057,-8.423734799,3.64669E-17,1.12607E-15,ENSMUSG00000024346,ENSMUSG00000024346,Pfdn1,protein coding gene
ENSMUSG00000024357.9,370.2677978,-2.037186743,0.265459125,-7.674201227,1.66453E-14,3.66666E-13,ENSMUSG00000024357,ENSMUSG00000024357,Sil1,protein coding gene
ENSMUSG00000024359.8,456.7413036,-2.243886888,0.262276899,-8.555411828,1.17449E-17,3.84863E-16,ENSMUSG00000024359,ENSMUSG00000024359,Hspa9,protein coding gene
ENSMUSG00000024414.13,65.41337734,-2.154788302,0.409471749,-5.262361338,1.42217E-07,1.16841E-06,ENSMUSG00000024414,ENSMUSG00000024414,Mrpl27,protein coding gene
ENSMUSG00000024480.7,222.9134033,-2.765496588,0.272578661,-10.14568265,3.46348E-24,2.20659E-22,ENSMUSG00000024480,ENSMUSG00000024480,Ap3s1,protein coding gene
ENSMUSG00000024516.12,1282.72396,-2.978312383,0.254334385,-11.71022306,1.12982E-31,1.44499E-29,ENSMUSG00000024516,ENSMUSG00000024516,Sec11c,protein coding gene
ENSMUSG00000024538.7,404.4442738,-2.545506241,0.266177339,-9.563196669,1.14175E-21,5.77204E-20,ENSMUSG00000024538,ENSMUSG00000024538,Ppic,protein coding gene
ENSMUSG00000024645.4,17.66484916,-2.384248474,0.738610429,-3.228018967,0.001246507,0.00430438,ENSMUSG00000024645,ENSMUSG00000024645,Timm21,protein coding gene
ENSMUSG00000024646.13,214.5004013,-2.091056615,0.283001403,-7.388856009,1.48097E-13,2.84221E-12,ENSMUSG00000024646,ENSMUSG00000024646,Cyb5a,protein coding gene
ENSMUSG00000024683.5,63.62746797,-2.969814875,0.529560299,-5.60807689,2.04587E-08,1.90866E-07,ENSMUSG00000024683,ENSMUSG00000024683,Mrpl16,protein coding gene
ENSMUSG00000024747.3,117.2838066,-3.13834374,0.410382509,-7.647362331,2.05144E-14,4.45032E-13,ENSMUSG00000024747,ENSMUSG00000024747,Aldh1a7,protein coding gene
ENSMUSG00000024782.7,564.6093864,-2.116683185,0.210372348,-10.06160364,8.16572E-24,4.98022E-22,ENSMUSG00000024782,ENSMUSG00000024782,Ak3,protein coding gene
ENSMUSG00000024841.7,89.37602755,-2.050224013,0.382036006,-5.366572729,8.02469E-08,6.85237E-07,ENSMUSG00000024841,ENSMUSG00000024841,Eif1ad,protein coding gene
ENSMUSG00000024844.14,143.7637016,-2.406764491,0.320150494,-7.517603552,5.57894E-14,1.1315E-12,ENSMUSG00000024844,ENSMUSG00000024844,Banf1,protein coding gene
ENSMUSG00000024846.5,19.59530013,-2.983529774,0.84403887,-3.534825088,0.000408045,0.001609084,ENSMUSG00000024846,ENSMUSG00000024846,Cst6,protein coding gene
ENSMUSG00000024857.16,1275.966743,-2.672195734,0.26859519,-9.948784781,2.55281E-23,1.50862E-21,ENSMUSG00000024857,ENSMUSG00000024857,Cabp2,protein coding gene
ENSMUSG00000024878.8,16.62253874,-2.859978391,0.789497845,-3.622528432,0.000291737,0.001196123,ENSMUSG00000024878,ENSMUSG00000024878,Zng1,protein coding gene
ENSMUSG00000024902.4,118.2084006,-3.323797318,0.39546273,-8.404830754,4.28479E-17,1.30663E-15,ENSMUSG00000024902,ENSMUSG00000024902,Mrpl11,protein coding gene
ENSMUSG00000024925.10,185.7310653,-2.590800653,0.346540569,-7.476182823,7.65125E-14,1.51417E-12,ENSMUSG00000024925,ENSMUSG00000024925,Rnaseh2c,protein coding gene
ENSMUSG00000024953.16,227.4333616,-2.634445625,0.335591008,-7.850167494,4.15482E-15,9.75415E-14,ENSMUSG00000024953,ENSMUSG00000024953,Prdx5,protein coding gene
ENSMUSG00000024997.7,118.8378352,-2.653612026,0.32917919,-8.061299468,7.54876E-16,1.93379E-14,ENSMUSG00000024997,ENSMUSG00000024997,Prdx3,protein coding gene
ENSMUSG00000025068.7,127.4780623,-2.580275768,0.321355982,-8.029337907,9.80001E-16,2.46989E-14,ENSMUSG00000025068,ENSMUSG00000025068,Gsto1,protein coding gene
ENSMUSG00000025169.6,64.65592844,-2.274887397,0.462850097,-4.914954994,8.88029E-07,6.34391E-06,ENSMUSG00000025169,ENSMUSG00000025169,Ogfod3,protein coding gene
ENSMUSG00000025204.10,181.4351153,-2.319451621,0.308770596,-7.511892803,5.82785E-14,1.17642E-12,ENSMUSG00000025204,ENSMUSG00000025204,Ndufb8,protein coding gene
ENSMUSG00000025221.15,52.30877327,-2.106458391,0.456917529,-4.610150096,4.02378E-06,2.52784E-05,ENSMUSG00000025221,ENSMUSG00000025221,Kcnip2,protein coding gene
ENSMUSG00000025260.10,223.4801933,-2.811890974,0.335343342,-8.385110499,5.06781E-17,1.53178E-15,ENSMUSG00000025260,ENSMUSG00000025260,Hsd17b10,protein coding gene
ENSMUSG00000025270.13,130.3784432,-2.112846142,0.438379228,-4.819676683,1.43791E-06,9.86506E-06,ENSMUSG00000025270,ENSMUSG00000025270,Alas2,protein coding gene
ENSMUSG00000025283.15,137.2104999,-2.164486187,0.300307629,-7.207563117,5.6962E-13,1.00434E-11,ENSMUSG00000025283,ENSMUSG00000025283,Sat1,protein coding gene
ENSMUSG00000025289.15,1614.424999,-2.290142737,0.241854842,-9.469079534,2.8232E-21,1.3553E-19,ENSMUSG00000025289,ENSMUSG00000025289,Prdx4,protein coding gene
ENSMUSG00000025290.16,3823.155756,-3.910525401,0.301131334,-12.98611258,1.46691E-38,3.49165E-36,ENSMUSG00000025290,ENSMUSG00000025290,Rps24,protein coding gene
ENSMUSG00000025351.13,868.8340116,-4.370247491,0.255078679,-17.13293918,8.42869E-66,1.60501E-62,ENSMUSG00000025351,ENSMUSG00000025351,Cd63,protein coding gene
ENSMUSG00000025362.5,2259.156134,-2.808121242,0.272459652,-10.30655813,6.58164E-25,4.43662E-23,ENSMUSG00000025362,ENSMUSG00000025362,Rps26,protein coding gene
ENSMUSG00000025364.12,270.445053,-2.171737577,0.28340538,-7.663007586,1.81629E-14,3.9856E-13,ENSMUSG00000025364,ENSMUSG00000025364,Pa2g4,protein coding gene
ENSMUSG00000025381.2,484.0303529,-3.075459208,0.345254844,-8.907794514,5.20578E-19,2.00938E-17,ENSMUSG00000025381,ENSMUSG00000025381,Cnpy2,protein coding gene
ENSMUSG00000025439.5,96.17105711,-2.346209882,0.355760499,-6.594913972,4.25503E-11,5.90945E-10,ENSMUSG00000025439,ENSMUSG00000025439,Clns1a,protein coding gene
ENSMUSG00000025464.15,74.98920847,-2.102744881,0.37758628,-5.568912306,2.56334E-08,2.35806E-07,ENSMUSG00000025464,ENSMUSG00000025464,Paox,protein coding gene
ENSMUSG00000025465.13,345.2096128,-2.157170575,0.228925899,-9.423008,4.38347E-21,2.06384E-19,ENSMUSG00000025465,ENSMUSG00000025465,Echs1,protein coding gene
ENSMUSG00000025466.19,179.3517386,-2.367141666,0.359057974,-6.592644751,4.3206E-11,5.99566E-10,ENSMUSG00000025466,ENSMUSG00000025466,Fuom,protein coding gene
ENSMUSG00000025481.12,69.79209238,-3.207274687,0.476177178,-6.735464936,1.63407E-11,2.41211E-10,ENSMUSG00000025481,ENSMUSG00000025481,Urah,protein coding gene
ENSMUSG00000025487.15,193.5772837,-2.319253007,0.336666141,-6.888881064,5.62329E-12,8.82527E-11,ENSMUSG00000025487,ENSMUSG00000025487,Psmd13,protein coding gene
ENSMUSG00000025503.5,497.5834009,-2.709314329,0.271112271,-9.993329782,1.63012E-23,9.73415E-22,ENSMUSG00000025503,ENSMUSG00000025503,Taldo1,protein coding gene
ENSMUSG00000025508.13,2846.888513,-2.241872083,0.31495852,-7.11799154,1.09511E-12,1.86932E-11,ENSMUSG00000025508,ENSMUSG00000025508,Rplp2,protein coding gene
ENSMUSG00000025521.15,69.66555862,-2.044533149,0.418623732,-4.883939898,1.03987E-06,7.31028E-06,ENSMUSG00000025521,ENSMUSG00000025521,Tmem192,protein coding gene
ENSMUSG00000025525.12,20.70594705,-2.718960777,0.687550352,-3.95456241,7.66749E-05,0.000362598,ENSMUSG00000025525,ENSMUSG00000025525,Apool,protein coding gene
ENSMUSG00000025544.13,261.9007489,-2.200756856,0.274834594,-8.00756857,1.16999E-15,2.90597E-14,ENSMUSG00000025544,ENSMUSG00000025544,Tm9sf2,protein coding gene
ENSMUSG00000025545.9,53.8829408,-2.54976101,0.458337682,-5.563062153,2.65081E-08,2.43199E-07,ENSMUSG00000025545,ENSMUSG00000025545,Clybl,protein coding gene
ENSMUSG00000025630.8,61.14759577,-2.680117808,0.42235169,-6.345701628,2.21414E-10,2.76372E-09,ENSMUSG00000025630,ENSMUSG00000025630,Hprt1,protein coding gene
ENSMUSG00000025794.8,3426.755039,-3.841909476,0.281027144,-13.67095513,1.51395E-42,4.89548E-40,ENSMUSG00000025794,ENSMUSG00000025794,Rpl14,protein coding gene
ENSMUSG00000025868.6,123.3339391,-2.325424333,0.342537595,-6.788814909,1.13058E-11,1.69667E-10,ENSMUSG00000025868,ENSMUSG00000025868,Higd2a,protein coding gene
ENSMUSG00000025869.11,102.521781,-2.963064908,0.424620516,-6.978148239,2.99096E-12,4.85868E-11,ENSMUSG00000025869,ENSMUSG00000025869,Nop16,protein coding gene
ENSMUSG00000025889.13,25.85479949,-2.896167714,0.843412976,-3.433866678,0.000595037,0.002257636,ENSMUSG00000025889,ENSMUSG00000025889,Snca,protein coding gene
ENSMUSG00000025894.10,48.83760496,-2.5462589,0.472526837,-5.388601658,7.1008E-08,6.11218E-07,ENSMUSG00000025894,ENSMUSG00000025894,Aasdhppt,protein coding gene
ENSMUSG00000025903.14,78.77633776,-2.030185926,0.421786911,-4.813297593,1.4846E-06,1.01529E-05,ENSMUSG00000025903,ENSMUSG00000025903,Lypla1,protein coding gene
ENSMUSG00000025933.15,6.28393875,-4.540865095,1.577325187,-2.878838892,0.003991422,0.011861451,ENSMUSG00000025933,ENSMUSG00000025933,Tmem14a,protein coding gene
ENSMUSG00000025934.15,77.04132617,-2.215064047,0.37077272,-5.974182905,2.31246E-09,2.47076E-08,ENSMUSG00000025934,ENSMUSG00000025934,Gsta3,protein coding gene
ENSMUSG00000025940.6,76.18829727,-2.623198509,0.452918843,-5.791762803,6.96515E-09,7.01756E-08,ENSMUSG00000025940,ENSMUSG00000025940,Tmem70,protein coding gene
ENSMUSG00000025967.16,2214.039396,-3.783424994,0.229529121,-16.48342039,4.82747E-61,5.90952E-58,ENSMUSG00000025967,ENSMUSG00000025967,Eef1b2,protein coding gene
ENSMUSG00000025980.14,237.2020551,-2.950271127,0.27859011,-10.59000669,3.31568E-26,2.54817E-24,ENSMUSG00000025980,ENSMUSG00000025980,Hspd1,protein coding gene
ENSMUSG00000026003.5,61.79276061,-2.140119619,0.420432784,-5.090277689,3.5754E-07,2.73184E-06,ENSMUSG00000026003,ENSMUSG00000026003,Acadl,protein coding gene
ENSMUSG00000026021.15,99.59406945,-3.240377295,0.396624149,-8.169894099,3.0866E-16,8.40989E-15,ENSMUSG00000026021,ENSMUSG00000026021,Sumo1,protein coding gene
ENSMUSG00000026032.8,81.83844236,-2.891850309,0.376357514,-7.683785243,1.54456E-14,3.4244E-13,ENSMUSG00000026032,ENSMUSG00000026032,Ndufb3,protein coding gene
ENSMUSG00000026049.11,32.3557563,-2.672568987,0.615443255,-4.342510806,1.40864E-05,7.89961E-05,ENSMUSG00000026049,ENSMUSG00000026049,Tex30,protein coding gene
ENSMUSG00000026078.10,65.91349657,-3.020834356,0.492801915,-6.129916028,8.79255E-10,1.00861E-08,ENSMUSG00000026078,ENSMUSG00000026078,Pdcl3,protein coding gene
ENSMUSG00000026087.11,358.2496113,-2.42690711,0.280740501,-8.644663299,5.39642E-18,1.87975E-16,ENSMUSG00000026087,ENSMUSG00000026087,Mrpl30,protein coding gene
ENSMUSG00000026095.15,72.62919527,-2.91776852,0.472399611,-6.176483747,6.5545E-10,7.65197E-09,ENSMUSG00000026095,ENSMUSG00000026095,Asnsd1,protein coding gene
ENSMUSG00000026154.4,17.65804902,-3.191215885,0.780453674,-4.088924164,4.33378E-05,0.000218384,ENSMUSG00000026154,ENSMUSG00000026154,Sdhaf4,protein coding gene
ENSMUSG00000026189.13,106.8730016,-2.487443971,0.381037608,-6.528079956,6.66181E-11,8.96859E-10,ENSMUSG00000026189,ENSMUSG00000026189,Pecr,protein coding gene
ENSMUSG00000026234.12,585.9996035,-2.558497094,0.254920427,-10.03645383,1.05395E-23,6.38255E-22,ENSMUSG00000026234,ENSMUSG00000026234,Nucleolin,protein coding gene
ENSMUSG00000026238.14,783.4659301,-2.161445088,0.23653566,-9.137924844,6.36622E-20,2.69393E-18,ENSMUSG00000026238,ENSMUSG00000026238,Ptma,protein coding gene
ENSMUSG00000026248.9,35.47017386,-3.182413829,0.564141522,-5.6411622,1.68906E-08,1.59664E-07,ENSMUSG00000026248,ENSMUSG00000026248,Mrpl44,protein coding gene
ENSMUSG00000026377.12,69.28296467,-2.046528822,0.413529418,-4.948931645,7.46219E-07,5.41665E-06,ENSMUSG00000026377,ENSMUSG00000026377,Nifk,protein coding gene
ENSMUSG00000026385.16,307.4328535,-3.086544628,0.363437324,-8.492646247,2.01984E-17,6.4703E-16,ENSMUSG00000026385,ENSMUSG00000026385,Dbi,protein coding gene
ENSMUSG00000026511.7,750.0749585,-3.657215928,0.284781494,-12.84218254,9.51535E-38,2.09069E-35,ENSMUSG00000026511,ENSMUSG00000026511,Srp9,protein coding gene
ENSMUSG00000026568.6,174.7468763,-2.694091581,0.353159741,-7.628535394,2.37436E-14,5.06746E-13,ENSMUSG00000026568,ENSMUSG00000026568,Mpc2,protein coding gene
ENSMUSG00000026688.5,28.51161286,-2.000967066,0.572652705,-3.49420696,0.000475472,0.001837764,ENSMUSG00000026688,ENSMUSG00000026688,Mgst3,protein coding gene
ENSMUSG00000026701.15,348.9341343,-2.274728606,0.286975472,-7.926561078,2.25298E-15,5.44592E-14,ENSMUSG00000026701,ENSMUSG00000026701,Prdx6,protein coding gene
ENSMUSG00000026750.6,58.66240714,-2.679709818,0.471595018,-5.682226736,1.32952E-08,1.28368E-07,ENSMUSG00000026750,ENSMUSG00000026750,Psmb7,protein coding gene
ENSMUSG00000026753.5,106.7264748,-2.399778358,0.336800551,-7.125220993,1.03914E-12,1.77555E-11,ENSMUSG00000026753,ENSMUSG00000026753,Ppp6c,protein coding gene
ENSMUSG00000026755.14,153.5827251,-2.395129353,0.313306234,-7.644691014,2.09448E-14,4.52973E-13,ENSMUSG00000026755,ENSMUSG00000026755,Arpc5l,protein coding gene
ENSMUSG00000026870.19,5.364546286,-4.181737216,1.635403918,-2.557005747,0.010557747,0.027344518,ENSMUSG00000026870,ENSMUSG00000026870,Cutal,protein coding gene
ENSMUSG00000026895.7,211.7720874,-2.422583834,0.328225164,-7.380859534,1.57271E-13,3.01152E-12,ENSMUSG00000026895,ENSMUSG00000026895,Ndufa8,protein coding gene
ENSMUSG00000026961.6,16.96057451,-2.759223303,0.77990552,-3.537894309,0.000403331,0.001593796,ENSMUSG00000026961,ENSMUSG00000026961,Lrrc26,protein coding gene
ENSMUSG00000026971.15,15.908389,-2.313512114,0.841516729,-2.749217021,0.005973782,0.016824762,ENSMUSG00000026971,ENSMUSG00000026971,Itgb6,protein coding gene
ENSMUSG00000026986.14,22.284615,-3.356582994,0.724687696,-4.631764845,3.62562E-06,2.29707E-05,ENSMUSG00000026986,ENSMUSG00000026986,Hnmt,protein coding gene
ENSMUSG00000027088.10,71.39783731,-2.011425007,0.443337039,-4.53701097,5.70571E-06,3.4774E-05,ENSMUSG00000027088,ENSMUSG00000027088,Phospho2,protein coding gene
ENSMUSG00000027091.14,152.6020154,-2.032719213,0.294950209,-6.891736812,5.51153E-12,8.66574E-11,ENSMUSG00000027091,ENSMUSG00000027091,Zc3h15,protein coding gene
ENSMUSG00000027099.9,83.0575196,-2.157296073,0.357508197,-6.034256259,1.59696E-09,1.74657E-08,ENSMUSG00000027099,ENSMUSG00000027099,Mtx2,protein coding gene
ENSMUSG00000027108.15,100.277717,-2.719478905,0.407648652,-6.671134308,2.53834E-11,3.62819E-10,ENSMUSG00000027108,ENSMUSG00000027108,Ola1,protein coding gene
ENSMUSG00000027132.3,48.25169298,-2.403659737,0.485434293,-4.951565581,7.36188E-07,5.35517E-06,ENSMUSG00000027132,ENSMUSG00000027132,Katnbl1,protein coding gene
ENSMUSG00000027133.3,134.9688835,-2.203184897,0.331611801,-6.643867597,3.05557E-11,4.31354E-10,ENSMUSG00000027133,ENSMUSG00000027133,Nop10,protein coding gene
ENSMUSG00000027165.16,92.27225186,-2.873448556,0.402888519,-7.132118241,9.88359E-13,1.69417E-11,ENSMUSG00000027165,ENSMUSG00000027165,Iftap,protein coding gene
ENSMUSG00000027170.12,330.3567108,-2.794330804,0.261427763,-10.68873013,1.14934E-26,9.49791E-25,ENSMUSG00000027170,ENSMUSG00000027170,Eif3m,protein coding gene
ENSMUSG00000027173.7,7.66211307,-4.497040514,1.47721694,-3.044265465,0.002332492,0.007405382,ENSMUSG00000027173,ENSMUSG00000027173,Depdc7,protein coding gene
ENSMUSG00000027195.10,44.74533149,-2.226200265,0.485229121,-4.587936237,4.47649E-06,2.78874E-05,ENSMUSG00000027195,ENSMUSG00000027195,Hsd17b12,protein coding gene
ENSMUSG00000027203.15,36.4039442,-2.153885735,0.517901375,-4.158872404,3.19822E-05,0.000166195,ENSMUSG00000027203,ENSMUSG00000027203,Dut,protein coding gene
ENSMUSG00000027274.16,50.80424996,-2.248803419,0.492261559,-4.568310035,4.91672E-06,3.03879E-05,ENSMUSG00000027274,ENSMUSG00000027274,Mkks,protein coding gene
ENSMUSG00000027305.9,31.30458248,-2.851355488,0.617031764,-4.621083797,3.81741E-06,2.40702E-05,ENSMUSG00000027305,ENSMUSG00000027305,Ndufaf1,protein coding gene
ENSMUSG00000027341.10,36.33366816,-2.571042645,0.630883447,-4.075305284,4.5954E-05,0.000230213,ENSMUSG00000027341,ENSMUSG00000027341,Tmem230,protein coding gene
ENSMUSG00000027342.14,58.16538436,-2.306381961,0.531526673,-4.339165048,1.43025E-05,8.01034E-05,ENSMUSG00000027342,ENSMUSG00000027342,Pcna,protein coding gene
ENSMUSG00000027349.5,37.86545322,-2.207692157,0.511446199,-4.316567725,1.58474E-05,8.80937E-05,ENSMUSG00000027349,ENSMUSG00000027349,Fam98b,protein coding gene
ENSMUSG00000027350.8,47.37521418,-2.644539769,0.704365752,-3.754497947,0.000173689,0.000757041,ENSMUSG00000027350,ENSMUSG00000027350,Chgb,protein coding gene
ENSMUSG00000027367.16,276.8621859,-2.338668329,0.256490259,-9.117961584,7.65505E-20,3.2234E-18,ENSMUSG00000027367,ENSMUSG00000027367,Stard7,protein coding gene
ENSMUSG00000027384.6,26.86549503,-2.491257656,0.83067049,-2.999092522,0.002707851,0.008436129,ENSMUSG00000027384,ENSMUSG00000027384,Ndufaf5,protein coding gene
ENSMUSG00000027506.15,448.0090019,-2.065469037,0.281856513,-7.328086965,2.33461E-13,4.35371E-12,ENSMUSG00000027506,ENSMUSG00000027506,Tpd52,protein coding gene
ENSMUSG00000027533.10,68.82645441,-3.010817209,0.411408319,-7.318318727,2.51097E-13,4.67242E-12,ENSMUSG00000027533,ENSMUSG00000027533,Fabp5,protein coding gene
ENSMUSG00000027593.15,195.1410402,-2.094720849,0.312286644,-6.707686314,1.97734E-11,2.88652E-10,ENSMUSG00000027593,ENSMUSG00000027593,Raly,protein coding gene
ENSMUSG00000027599.9,62.89717416,-2.055565272,0.410714515,-5.00485178,5.5905E-07,4.15662E-06,ENSMUSG00000027599,ENSMUSG00000027599,Armc1,protein coding gene
ENSMUSG00000027637.3,73.4159672,-2.632490182,0.395614275,-6.654184009,2.84876E-11,4.05162E-10,ENSMUSG00000027637,ENSMUSG00000027637,Rab5if,protein coding gene
ENSMUSG00000027673.12,278.0292816,-3.058078649,0.344398119,-8.879487084,6.71694E-19,2.56381E-17,ENSMUSG00000027673,ENSMUSG00000027673,Ndufb5,protein coding gene
ENSMUSG00000027679.13,119.0093736,-3.774849167,0.44888738,-8.409345715,4.12304E-17,1.25955E-15,ENSMUSG00000027679,ENSMUSG00000027679,Dnajc19,protein coding gene
ENSMUSG00000027706.8,695.3715898,-2.573778987,0.232286068,-11.08021249,1.56501E-28,1.57771E-26,ENSMUSG00000027706,ENSMUSG00000027706,Sec62,protein coding gene
ENSMUSG00000027746.13,456.2620238,-2.727650274,0.250833392,-10.87435072,1.52739E-27,1.39981E-25,ENSMUSG00000027746,ENSMUSG00000027746,Ufm1,protein coding gene
ENSMUSG00000027801.7,62.11352804,-2.101681396,0.476818152,-4.407721027,1.04464E-05,6.02188E-05,ENSMUSG00000027801,ENSMUSG00000027801,Tm4sf4,protein coding gene
ENSMUSG00000027808.8,2712.631635,-2.307332383,0.223759846,-10.3116463,6.24227E-25,4.24524E-23,ENSMUSG00000027808,ENSMUSG00000027808,Serp1,protein coding gene
ENSMUSG00000027822.16,106.6255364,-2.917504427,0.345750984,-8.438166655,3.22354E-17,1.00082E-15,ENSMUSG00000027822,ENSMUSG00000027822,Slc33a1,protein coding gene
ENSMUSG00000027834.15,76.86127602,-2.810907349,0.424999402,-6.613908949,3.74302E-11,5.22377E-10,ENSMUSG00000027834,ENSMUSG00000027834,Serpini1,protein coding gene
ENSMUSG00000027835.11,34.94980339,-3.002186235,0.553355777,-5.425417712,5.78192E-08,5.03253E-07,ENSMUSG00000027835,ENSMUSG00000027835,Pdcd10,protein coding gene
ENSMUSG00000027900.15,92.85712577,-2.023092605,0.345360047,-5.857923116,4.68692E-09,4.80696E-08,ENSMUSG00000027900,ENSMUSG00000027900,Dram2,protein coding gene
ENSMUSG00000027935.14,19.59417588,-2.80933187,0.754476664,-3.723550382,0.000196441,0.000844217,ENSMUSG00000027935,ENSMUSG00000027935,Rab13,protein coding gene
ENSMUSG00000027937.15,367.7044008,-2.859795358,0.290419111,-9.847132121,7.05277E-23,3.87405E-21,ENSMUSG00000027937,ENSMUSG00000027937,Jtb,protein coding gene
ENSMUSG00000027944.13,139.7899447,-3.161494258,0.357308716,-8.848074831,8.90419E-19,3.36124E-17,ENSMUSG00000027944,ENSMUSG00000027944,Hax1,protein coding gene
ENSMUSG00000027999.15,236.2550192,-2.278753208,0.296670653,-7.681087365,1.57744E-14,3.48378E-13,ENSMUSG00000027999,ENSMUSG00000027999,Pla2g12a,protein coding gene
ENSMUSG00000028010.16,37.52529944,-2.55816831,0.541772857,-4.721846579,2.33713E-06,1.54469E-05,ENSMUSG00000028010,ENSMUSG00000028010,Gar1,protein coding gene
ENSMUSG00000028029.10,108.1689239,-2.78522318,0.35078234,-7.940032499,2.02128E-15,4.92056E-14,ENSMUSG00000028029,ENSMUSG00000028029,Aimp1,protein coding gene
ENSMUSG00000028044.6,27.50560326,-3.280306066,0.656464716,-4.996926697,5.82512E-07,4.32168E-06,ENSMUSG00000028044,ENSMUSG00000028044,Cks1b,protein coding gene
ENSMUSG00000028062.15,254.3454162,-4.293523613,0.353414298,-12.14869809,5.82863E-34,9.16432E-32,ENSMUSG00000028062,ENSMUSG00000028062,Lamtor2,protein coding gene
ENSMUSG00000028081.6,4328.813754,-2.763279563,0.225034645,-12.27935175,1.16931E-34,2.04487E-32,ENSMUSG00000028081,ENSMUSG00000028081,Rps3a1,protein coding gene
ENSMUSG00000028111.4,6.708019438,-2.680888014,1.137907699,-2.355980206,0.018473902,0.043760295,ENSMUSG00000028111,ENSMUSG00000028111,Ctsk,protein coding gene
ENSMUSG00000028140.13,57.98704688,-2.323221738,0.455842651,-5.096543139,3.45912E-07,2.65245E-06,ENSMUSG00000028140,ENSMUSG00000028140,Mrpl9,protein coding gene
ENSMUSG00000028156.12,87.77513015,-2.307475109,0.359241757,-6.423181782,1.33455E-10,1.71322E-09,ENSMUSG00000028156,ENSMUSG00000028156,Eif4e,protein coding gene
ENSMUSG00000028223.8,77.75821262,-2.429946046,0.39807023,-6.104314922,1.03243E-09,1.17255E-08,ENSMUSG00000028223,ENSMUSG00000028223,Decr1,protein coding gene
ENSMUSG00000028234.6,3052.959698,-3.232695192,0.288257107,-11.2146244,3.45651E-29,3.72564E-27,ENSMUSG00000028234,ENSMUSG00000028234,Rps20,protein coding gene
ENSMUSG00000028247.2,30.98319945,-2.348404375,0.564519702,-4.160004279,3.18242E-05,0.000165575,ENSMUSG00000028247,ENSMUSG00000028247,Coq3,protein coding gene
ENSMUSG00000028251.5,11.78274561,-3.569086762,1.063081921,-3.357301721,0.000787072,0.002888402,ENSMUSG00000028251,ENSMUSG00000028251,Tstd3,protein coding gene
ENSMUSG00000028252.20,33.02554592,-2.202969106,0.552437485,-3.987725609,6.67098E-05,0.000320244,ENSMUSG00000028252,ENSMUSG00000028252,Ccnc,protein coding gene
ENSMUSG00000028293.14,37.47314822,-2.082061036,0.500645799,-4.15875064,3.19993E-05,0.000166233,ENSMUSG00000028293,ENSMUSG00000028293,Slc35a1,protein coding gene
ENSMUSG00000028295.14,20.97555023,-3.404359758,0.860535745,-3.956093373,7.61854E-05,0.000360799,ENSMUSG00000028295,ENSMUSG00000028295,Smim8,protein coding gene
ENSMUSG00000028307.9,9.470421647,-3.837283229,1.174981584,-3.265824147,0.00109146,0.003842531,ENSMUSG00000028307,ENSMUSG00000028307,Aldob,protein coding gene
ENSMUSG00000028333.10,164.0109748,-2.747599776,0.322341056,-8.523890235,1.54282E-17,5.01723E-16,ENSMUSG00000028333,ENSMUSG00000028333,Anp32b,protein coding gene
ENSMUSG00000028334.10,359.0690345,-2.208080266,0.27403313,-8.057712821,7.77352E-16,1.98543E-14,ENSMUSG00000028334,ENSMUSG00000028334,Nans,protein coding gene
ENSMUSG00000028343.10,315.6173062,-2.266322304,0.2527788,-8.965634401,3.085E-19,1.21542E-17,ENSMUSG00000028343,ENSMUSG00000028343,Erp44,protein coding gene
ENSMUSG00000028356.4,50.27429748,-2.017159009,0.524979447,-3.84235806,0.000121858,0.000553072,ENSMUSG00000028356,ENSMUSG00000028356,Ambp,protein coding gene
ENSMUSG00000028367.5,319.0767041,-4.628094871,0.379426484,-12.19760629,3.20096E-34,5.32602E-32,ENSMUSG00000028367,ENSMUSG00000028367,Txn1,protein coding gene
ENSMUSG00000028378.6,13.62404625,-3.235554239,0.919114029,-3.520296869,0.000431064,0.001685507,ENSMUSG00000028378,ENSMUSG00000028378,Ptgr1,protein coding gene
ENSMUSG00000028394.9,71.72623912,-2.764365992,0.468949919,-5.894800018,3.75135E-09,3.89877E-08,ENSMUSG00000028394,ENSMUSG00000028394,Pole3,protein coding gene
ENSMUSG00000028398.8,47.35453658,-2.639058428,0.549778258,-4.800223345,1.58489E-06,1.07999E-05,ENSMUSG00000028398,ENSMUSG00000028398,Dmac1,protein coding gene
ENSMUSG00000028416.11,798.8892215,-2.680398897,0.272830943,-9.824394813,8.84034E-23,4.80971E-21,ENSMUSG00000028416,ENSMUSG00000028416,Bag1,protein coding gene
ENSMUSG00000028443.6,23.08632929,-2.364021047,0.635131018,-3.722099818,0.000197573,0.00084841,ENSMUSG00000028443,ENSMUSG00000028443,Nudt2,protein coding gene
ENSMUSG00000028445.7,58.82890262,-2.437043514,0.551332013,-4.42028298,9.85717E-06,5.71489E-05,ENSMUSG00000028445,ENSMUSG00000028445,Enho,protein coding gene
ENSMUSG00000028447.11,119.53062,-2.028540933,0.347072292,-5.844721635,5.07416E-09,5.1886E-08,ENSMUSG00000028447,ENSMUSG00000028447,Dctn3,protein coding gene
ENSMUSG00000028461.12,131.6911657,-2.508422843,0.366661441,-6.841250714,7.85047E-12,1.21096E-10,ENSMUSG00000028461,ENSMUSG00000028461,Ccdc107,protein coding gene
ENSMUSG00000028470.10,103.3235339,-2.270662805,0.367589,-6.177178337,6.52573E-10,7.62359E-09,ENSMUSG00000028470,ENSMUSG00000028470,Hint2,protein coding gene
ENSMUSG00000028495.14,2862.564269,-2.853121533,0.220922286,-12.91459357,3.72405E-38,8.39774E-36,ENSMUSG00000028495,ENSMUSG00000028495,Rps6,protein coding gene
ENSMUSG00000028567.8,56.23053433,-2.616350353,0.44646395,-5.860160385,4.6242E-09,4.74956E-08,ENSMUSG00000028567,ENSMUSG00000028567,Txndc12,protein coding gene
ENSMUSG00000028568.16,56.91137202,-2.01248711,0.443074573,-4.542095693,5.56977E-06,3.40181E-05,ENSMUSG00000028568,ENSMUSG00000028568,Btf3l4,protein coding gene
ENSMUSG00000028603.15,176.0052297,-2.882218566,0.335633289,-8.58740376,8.89566E-18,2.97761E-16,ENSMUSG00000028603,ENSMUSG00000028603,Scp2,protein coding gene
ENSMUSG00000028609.6,39.33007752,-2.293988093,0.493278623,-4.650491602,3.31145E-06,2.11444E-05,ENSMUSG00000028609,ENSMUSG00000028609,Magoh,protein coding gene
ENSMUSG00000028618.11,485.5535545,-3.359872038,0.23731814,-14.15767051,1.67454E-45,7.75627E-43,ENSMUSG00000028618,ENSMUSG00000028618,Tmem59,protein coding gene
ENSMUSG00000028636.14,43.27343181,-2.089849605,0.497575662,-4.200063959,2.6684E-05,0.000141494,ENSMUSG00000028636,ENSMUSG00000028636,Ppcs,protein coding gene
ENSMUSG00000028647.13,56.43716467,-2.863649129,0.471542452,-6.072940229,1.25589E-09,1.40493E-08,ENSMUSG00000028647,ENSMUSG00000028647,Mycbp,protein coding gene
ENSMUSG00000028648.13,147.3656544,-4.992064872,0.43228423,-11.54810777,7.54636E-31,9.10771E-29,ENSMUSG00000028648,ENSMUSG00000028648,Ndufs5,protein coding gene
ENSMUSG00000028669.15,93.84783943,-2.310386263,0.364950405,-6.330685574,2.44074E-10,3.02673E-09,ENSMUSG00000028669,ENSMUSG00000028669,Pithd1,protein coding gene
ENSMUSG00000028684.14,134.8974242,-2.089767831,0.362355682,-5.767172787,8.06124E-09,8.02751E-08,ENSMUSG00000028684,ENSMUSG00000028684,Urod,protein coding gene
ENSMUSG00000028690.4,28.4557887,-2.302223887,0.565216671,-4.073170532,4.63774E-05,0.000232199,ENSMUSG00000028690,ENSMUSG00000028690,Mmachc,protein coding gene
ENSMUSG00000028691.12,299.8182355,-2.472058854,0.265940691,-9.295526944,1.46479E-20,6.57161E-19,ENSMUSG00000028691,ENSMUSG00000028691,Prdx1,protein coding gene
ENSMUSG00000028699.9,11.68978301,-2.357139079,0.919860121,-2.562497304,0.010392239,0.027001546,ENSMUSG00000028699,ENSMUSG00000028699,Tspan1,protein coding gene
ENSMUSG00000028716.15,49.82603503,-2.177728302,0.520012755,-4.187836323,2.81626E-05,0.00014828,ENSMUSG00000028716,ENSMUSG00000028716,Pdzk1ip1,protein coding gene
ENSMUSG00000028719.8,150.2724807,-2.538006674,0.30276061,-8.382882682,5.16469E-17,1.55072E-15,ENSMUSG00000028719,ENSMUSG00000028719,Cmpk1,protein coding gene
ENSMUSG00000028741.13,79.08342487,-2.365751974,0.499884864,-4.732593728,2.21669E-06,1.47126E-05,ENSMUSG00000028741,ENSMUSG00000028741,Mrto4,protein coding gene
ENSMUSG00000028821.8,95.06955641,-2.251919438,0.40090817,-5.617045522,1.9425E-08,1.81748E-07,ENSMUSG00000028821,ENSMUSG00000028821,Syf2,protein coding gene
ENSMUSG00000028832.11,13.01330098,-3.499297113,0.956375332,-3.658916114,0.000253284,0.001056666,ENSMUSG00000028832,ENSMUSG00000028832,Stmn1,protein coding gene
ENSMUSG00000028836.14,81.43500324,-2.392529274,0.416703189,-5.741566987,9.38044E-09,9.25516E-08,ENSMUSG00000028836,ENSMUSG00000028836,Slc30a2,protein coding gene
ENSMUSG00000028851.6,232.2921391,-2.85668788,0.281792362,-10.13756321,3.76371E-24,2.38898E-22,ENSMUSG00000028851,ENSMUSG00000028851,Nudc,protein coding gene
ENSMUSG00000028865.13,33.56831222,-3.116571794,0.678868516,-4.590832719,4.41481E-06,2.75532E-05,ENSMUSG00000028865,ENSMUSG00000028865,Cd164l2,protein coding gene
ENSMUSG00000028889.17,110.5779207,-2.114794927,0.376936364,-5.610482637,2.01763E-08,1.88437E-07,ENSMUSG00000028889,ENSMUSG00000028889,Yrdc,protein coding gene
ENSMUSG00000028932.7,209.2955147,-2.437905023,0.310016939,-7.863780059,3.72712E-15,8.77408E-14,ENSMUSG00000028932,ENSMUSG00000028932,Psmc2,protein coding gene
ENSMUSG00000028936.15,1023.998392,-2.578920154,0.241742543,-10.6680443,1.43617E-26,1.1665E-24,ENSMUSG00000028936,ENSMUSG00000028936,Rpl22,protein coding gene
ENSMUSG00000028945.9,170.6437871,-2.235241821,0.377975997,-5.913713674,3.34479E-09,3.50171E-08,ENSMUSG00000028945,ENSMUSG00000028945,Rheb,protein coding gene
ENSMUSG00000028964.14,341.3319972,-2.581489511,0.299289494,-8.625393027,6.38729E-18,2.18494E-16,ENSMUSG00000028964,ENSMUSG00000028964,Park7,protein coding gene
ENSMUSG00000028996.9,13.63535062,-3.036656708,0.919881624,-3.301138571,0.000962933,0.003445969,ENSMUSG00000028996,ENSMUSG00000028996,Rbp7,protein coding gene
ENSMUSG00000028998.6,136.3991633,-3.917511965,0.434806478,-9.009782878,2.06465E-19,8.32563E-18,ENSMUSG00000028998,ENSMUSG00000028998,Tomm7,protein coding gene
ENSMUSG00000029048.3,313.6028082,-2.611168475,0.246237434,-10.60427097,2.84675E-26,2.20759E-24,ENSMUSG00000029048,ENSMUSG00000029048,Rer1,protein coding gene
ENSMUSG00000029059.9,30.52009491,-2.394908261,0.594505106,-4.028406548,5.61562E-05,0.000275524,ENSMUSG00000029059,ENSMUSG00000029059,Prxl2b,protein coding gene
ENSMUSG00000029066.12,140.803988,-3.079025184,0.35283994,-8.726407732,2.6289E-18,9.42553E-17,ENSMUSG00000029066,ENSMUSG00000029066,Mrpl20,protein coding gene
ENSMUSG00000029076.14,618.6169467,-2.102703359,0.252647535,-8.322675131,8.59999E-17,2.51085E-15,ENSMUSG00000029076,ENSMUSG00000029076,Sdf4,protein coding gene
ENSMUSG00000029131.14,87.08473343,-2.04937438,0.360226194,-5.689132032,1.27687E-08,1.23983E-07,ENSMUSG00000029131,ENSMUSG00000029131,Dnajb6,protein coding gene
ENSMUSG00000029152.13,185.7578669,-2.62220477,0.29917027,-8.764924313,1.86902E-18,6.87367E-17,ENSMUSG00000029152,ENSMUSG00000029152,Ociad1,protein coding gene
ENSMUSG00000029153.11,66.66814785,-3.130340943,0.446094888,-7.017208738,2.26344E-12,3.72631E-11,ENSMUSG00000029153,ENSMUSG00000029153,Ociad2,protein coding gene
ENSMUSG00000029161.7,80.89309134,-2.14317848,0.483616706,-4.431564195,9.3552E-06,5.45338E-05,ENSMUSG00000029161,ENSMUSG00000029161,Cgref1,protein coding gene
ENSMUSG00000029198.3,209.8589578,-2.19894504,0.276995311,-7.938564142,2.04535E-15,4.97209E-14,ENSMUSG00000029198,ENSMUSG00000029198,Grpel1,protein coding gene
ENSMUSG00000029260.15,15.24922075,-3.664748998,0.880353016,-4.162817567,3.14345E-05,0.000163796,ENSMUSG00000029260,ENSMUSG00000029260,Ugt2b34,protein coding gene
ENSMUSG00000029304.14,329.613298,-2.578158659,0.29800337,-8.65144129,5.08531E-18,1.77499E-16,ENSMUSG00000029304,ENSMUSG00000029304,Spp1,protein coding gene
ENSMUSG00000029390.13,588.6524,-2.497740026,0.232393325,-10.7478992,6.06267E-27,5.16926E-25,ENSMUSG00000029390,ENSMUSG00000029390,Tmed2,protein coding gene
ENSMUSG00000029397.15,167.9976243,-2.476359776,0.318085499,-7.785201718,6.96021E-15,1.57997E-13,ENSMUSG00000029397,ENSMUSG00000029397,Rchy1,protein coding gene
ENSMUSG00000029430.13,210.0543673,-2.60759603,0.337014197,-7.737347728,1.01512E-14,2.28309E-13,ENSMUSG00000029430,ENSMUSG00000029430,Ran,protein coding gene
ENSMUSG00000029446.14,67.2716635,-2.364476716,0.400222209,-5.907909818,3.46476E-09,3.61626E-08,ENSMUSG00000029446,ENSMUSG00000029446,Psph,protein coding gene
ENSMUSG00000029447.11,142.5479432,-2.577541083,0.339086611,-7.601423943,2.9289E-14,6.18171E-13,ENSMUSG00000029447,ENSMUSG00000029447,Cct6a,protein coding gene
ENSMUSG00000029465.14,157.7984127,-2.053607879,0.353227771,-5.813834711,6.10577E-09,6.18079E-08,ENSMUSG00000029465,ENSMUSG00000029465,Arpc3,protein coding gene
ENSMUSG00000029535.4,97.21773152,-3.171629223,0.360405737,-8.800162968,1.36618E-18,5.10099E-17,ENSMUSG00000029535,ENSMUSG00000029535,Triap1,protein coding gene
ENSMUSG00000029557.7,31.41882448,-2.206447038,0.599917181,-3.677919397,0.000235144,0.000990391,ENSMUSG00000029557,ENSMUSG00000029557,Mrm2,protein coding gene
ENSMUSG00000029614.13,3549.944675,-3.054161239,0.232341936,-13.14511403,1.81532E-39,4.71377E-37,ENSMUSG00000029614,ENSMUSG00000029614,Rpl6,protein coding gene
ENSMUSG00000029616.9,412.8275837,-2.216324111,0.303519001,-7.302093451,2.83324E-13,5.22671E-12,ENSMUSG00000029616,ENSMUSG00000029616,Erp29,protein coding gene
ENSMUSG00000029632.7,313.3646503,-2.311915431,0.268137967,-8.622111426,6.57307E-18,2.23112E-16,ENSMUSG00000029632,ENSMUSG00000029632,Coxfa4,protein coding gene
ENSMUSG00000029642.11,380.5965016,-3.531625678,0.255955286,-13.79782281,2.62666E-43,9.37828E-41,ENSMUSG00000029642,ENSMUSG00000029642,Polr1d,protein coding gene
ENSMUSG00000029649.10,117.9282449,-2.927919854,0.394524243,-7.421394012,1.15894E-13,2.25704E-12,ENSMUSG00000029649,ENSMUSG00000029649,Pomp,protein coding gene
ENSMUSG00000029669.14,11.28287855,-2.267607814,0.927050159,-2.44604652,0.014443236,0.035569505,ENSMUSG00000029669,ENSMUSG00000029669,Tspan12,protein coding gene
ENSMUSG00000029727.7,27.5938527,-3.494006066,0.640812861,-5.452459333,4.96779E-08,4.36829E-07,ENSMUSG00000029727,ENSMUSG00000029727,Cyp3a13,protein coding gene
ENSMUSG00000029780.14,72.65911672,-2.224113072,0.406787861,-5.467501088,4.56424E-08,4.02999E-07,ENSMUSG00000029780,ENSMUSG00000029780,Nt5c3,protein coding gene
ENSMUSG00000029815.12,67.03551879,-2.24124898,0.433900327,-5.165354435,2.39984E-07,1.89445E-06,ENSMUSG00000029815,ENSMUSG00000029815,Malsu1,protein coding gene
ENSMUSG00000029864.7,110.6278192,-2.918332248,0.383161853,-7.616447782,2.60752E-14,5.53751E-13,ENSMUSG00000029864,ENSMUSG00000029864,Gstk1,protein coding gene
ENSMUSG00000029918.9,28.98897431,-4.15695697,0.754565764,-5.509071798,3.60731E-08,3.24355E-07,ENSMUSG00000029918,ENSMUSG00000029918,Mrps33,protein coding gene
ENSMUSG00000030004.6,64.73900755,-2.281559133,0.437307075,-5.21729298,1.81557E-07,1.45875E-06,ENSMUSG00000030004,ENSMUSG00000030004,Nat8,protein coding gene
ENSMUSG00000030017.2,24.66935257,-4.098117516,0.856778422,-4.783170781,1.72551E-06,1.16562E-05,ENSMUSG00000030017,ENSMUSG00000030017,Reg3g,protein coding gene
ENSMUSG00000030042.15,68.10382941,-2.167618594,0.484603569,-4.472972823,7.71396E-06,4.5808E-05,ENSMUSG00000030042,ENSMUSG00000030042,Pole4,protein coding gene
ENSMUSG00000030057.15,607.9944757,-3.431234788,0.2171403,-15.80192521,3.01758E-56,2.72186E-53,ENSMUSG00000030057,ENSMUSG00000030057,Cnbp,protein coding gene
ENSMUSG00000030062.7,633.2642422,-2.041232868,0.249403765,-8.184450908,2.73548E-16,7.51293E-15,ENSMUSG00000030062,ENSMUSG00000030062,Rpn1,protein coding gene
ENSMUSG00000030161.8,211.4269955,-2.505970017,0.279131815,-8.977729807,2.76411E-19,1.10166E-17,ENSMUSG00000030161,ENSMUSG00000030161,Gabarapl1,protein coding gene
ENSMUSG00000030188.12,5.817822949,-6.222837245,1.69571964,-3.669732366,0.000242805,0.001019398,ENSMUSG00000030188,ENSMUSG00000030188,Magohb,protein coding gene
ENSMUSG00000030219.13,3591.036182,-2.751807548,0.281544909,-9.773955981,1.45651E-22,7.82498E-21,ENSMUSG00000030219,ENSMUSG00000030219,Erp27,protein coding gene
ENSMUSG00000030282.14,109.5364397,-2.034489082,0.325904503,-6.24259273,4.30376E-10,5.13992E-09,ENSMUSG00000030282,ENSMUSG00000030282,Cmas,protein coding gene
ENSMUSG00000030335.6,200.5508302,-2.963929486,0.349656965,-8.476677958,2.31715E-17,7.34036E-16,ENSMUSG00000030335,ENSMUSG00000030335,Mrpl51,protein coding gene
ENSMUSG00000030342.8,61.57297302,-2.646467714,0.457767699,-5.781246072,7.41493E-09,7.42707E-08,ENSMUSG00000030342,ENSMUSG00000030342,Cd9,protein coding gene
ENSMUSG00000030417.15,90.5326753,-2.645681488,0.447011148,-5.91860292,3.24688E-09,3.40962E-08,ENSMUSG00000030417,ENSMUSG00000030417,Pdcd5,protein coding gene
ENSMUSG00000030432.12,3464.717273,-2.473561596,0.28256597,-8.753926016,2.06056E-18,7.54571E-17,ENSMUSG00000030432,ENSMUSG00000030432,Rpl28,protein coding gene
ENSMUSG00000030538.15,80.67846144,-2.179280617,0.447419597,-4.870775965,1.11161E-06,7.77264E-06,ENSMUSG00000030538,ENSMUSG00000030538,Cib1,protein coding gene
ENSMUSG00000030612.6,72.17222495,-2.178320167,0.425610217,-5.118110607,3.08612E-07,2.3878E-06,ENSMUSG00000030612,ENSMUSG00000030612,Mrpl46,protein coding gene
ENSMUSG00000030614.8,38.05692396,-2.035675621,0.500624364,-4.066273569,4.77709E-05,0.000238826,ENSMUSG00000030614,ENSMUSG00000030614,Tmem126b,protein coding gene
ENSMUSG00000030615.12,89.04353752,-2.301731186,0.383116738,-6.007910798,1.87929E-09,2.03329E-08,ENSMUSG00000030615,ENSMUSG00000030615,Tmem126a,protein coding gene
ENSMUSG00000030647.8,121.064631,-2.666449198,0.366449962,-7.27643465,3.42758E-13,6.23587E-12,ENSMUSG00000030647,ENSMUSG00000030647,Ndufc2,protein coding gene
ENSMUSG00000030652.11,28.16149156,-3.407700267,0.766660526,-4.444862035,8.79483E-06,5.15025E-05,ENSMUSG00000030652,ENSMUSG00000030652,Coq7,protein coding gene
ENSMUSG00000030659.14,1500.075204,-2.848617922,0.253372092,-11.24282433,2.51214E-29,2.77762E-27,ENSMUSG00000030659,ENSMUSG00000030659,Nucb2,protein coding gene
ENSMUSG00000030663.12,67.96400493,-2.314207911,0.440160427,-5.257646455,1.45911E-07,1.19134E-06,ENSMUSG00000030663,ENSMUSG00000030663,1110004F10Rik,protein coding gene
ENSMUSG00000030706.17,120.3945868,-2.186344802,0.413240515,-5.29073197,1.21828E-07,1.01157E-06,ENSMUSG00000030706,ENSMUSG00000030706,Mrpl48,protein coding gene
ENSMUSG00000030744.13,3977.023098,-2.359269396,0.211329536,-11.1639359,6.12199E-29,6.47646E-27,ENSMUSG00000030744,ENSMUSG00000030744,Rps3,protein coding gene
ENSMUSG00000030751.18,78.39292867,-2.312668709,0.406497611,-5.689255353,1.27595E-08,1.23963E-07,ENSMUSG00000030751,ENSMUSG00000030751,Psma1,protein coding gene
ENSMUSG00000030762.11,134.6936013,-2.339607929,0.444963637,-5.257975557,1.4565E-07,1.18977E-06,ENSMUSG00000030762,ENSMUSG00000030762,Aqp8,protein coding gene
ENSMUSG00000030763.7,1278.152151,-2.226639439,0.340082841,-6.547344259,5.85692E-11,7.97901E-10,ENSMUSG00000030763,ENSMUSG00000030763,Lcmt1,protein coding gene
ENSMUSG00000030842.12,152.8377432,-2.199805901,0.321557624,-6.841093909,7.85907E-12,1.21096E-10,ENSMUSG00000030842,ENSMUSG00000030842,Lamtor1,protein coding gene
ENSMUSG00000030869.11,90.65874695,-2.121217111,0.378954579,-5.597549756,2.17402E-08,2.02272E-07,ENSMUSG00000030869,ENSMUSG00000030869,Ndufab1,protein coding gene
ENSMUSG00000031007.2,137.8643021,-2.627809285,0.319301216,-8.229875583,1.87408E-16,5.27389E-15,ENSMUSG00000031007,ENSMUSG00000031007,Atp6ap2,protein coding gene
ENSMUSG00000031059.9,523.9270459,-3.2697828,0.273633835,-11.94948277,6.53306E-33,9.17734E-31,ENSMUSG00000031059,ENSMUSG00000031059,Ndufb11,protein coding gene
ENSMUSG00000031105.16,11.02696582,-2.942707233,0.976088517,-3.014795463,0.002571526,0.008062718,ENSMUSG00000031105,ENSMUSG00000031105,Slc25a14,protein coding gene
ENSMUSG00000031158.11,202.2393905,-2.134385256,0.338494608,-6.305522166,2.87224E-10,3.52863E-09,ENSMUSG00000031158,ENSMUSG00000031158,Timm17b,protein coding gene
ENSMUSG00000031170.14,1076.833861,-2.430169428,0.298371969,-8.144764513,3.80021E-16,1.02725E-14,ENSMUSG00000031170,ENSMUSG00000031170,Slc38a5,protein coding gene
ENSMUSG00000031176.8,151.7849575,-2.427199942,0.306283743,-7.924677678,2.28739E-15,5.51354E-14,ENSMUSG00000031176,ENSMUSG00000031176,Dynlt3,protein coding gene
ENSMUSG00000031197.11,47.68799085,-2.113523896,0.471265773,-4.484781234,7.29888E-06,4.36303E-05,ENSMUSG00000031197,ENSMUSG00000031197,Vbp1,protein coding gene
ENSMUSG00000031198.4,63.98551718,-2.482746004,0.422890223,-5.870899506,4.33437E-09,4.46946E-08,ENSMUSG00000031198,ENSMUSG00000031198,Fundc2,protein coding gene
ENSMUSG00000031202.5,13.02515918,-2.948794102,1.004038591,-2.93693303,0.003314757,0.010065255,ENSMUSG00000031202,ENSMUSG00000031202,Rab39b,protein coding gene
ENSMUSG00000031226.13,55.89089464,-2.33319446,0.455923899,-5.117508569,3.09598E-07,2.39327E-06,ENSMUSG00000031226,ENSMUSG00000031226,Pbdc1,protein coding gene
ENSMUSG00000031231.4,374.7933244,-2.884972441,0.291706604,-9.889979865,4.6012E-23,2.62851E-21,ENSMUSG00000031231,ENSMUSG00000031231,Cox7b,protein coding gene
ENSMUSG00000031239.5,10.76567914,-2.798424917,1.009731004,-2.771455869,0.005580624,0.01582146,ENSMUSG00000031239,ENSMUSG00000031239,Itm2a,protein coding gene
ENSMUSG00000031246.14,171.4802186,-2.30244247,0.288990813,-7.967182232,1.62333E-15,3.98577E-14,ENSMUSG00000031246,ENSMUSG00000031246,Sh3bgrl,protein coding gene
ENSMUSG00000031255.14,27.05833118,-2.009192972,0.596503411,-3.368284126,0.000756376,0.002791896,ENSMUSG00000031255,ENSMUSG00000031255,Sytl4,protein coding gene
ENSMUSG00000031266.6,12.39332389,-2.296786064,0.956927421,-2.400167467,0.016387573,0.03957309,ENSMUSG00000031266,ENSMUSG00000031266,Gla,protein coding gene
ENSMUSG00000031320.9,4764.731239,-2.846871152,0.213868755,-13.31129994,1.98989E-40,5.68379E-38,ENSMUSG00000031320,ENSMUSG00000031320,Rps4x,protein coding gene
ENSMUSG00000031347.12,62.86293055,-2.934466844,0.431908105,-6.79419259,1.08921E-11,1.63744E-10,ENSMUSG00000031347,ENSMUSG00000031347,Cetn2,protein coding gene
ENSMUSG00000031371.14,50.07305889,-2.3763366,0.498326396,-4.76863481,1.85479E-06,1.24558E-05,ENSMUSG00000031371,ENSMUSG00000031371,Haus7,protein coding gene
ENSMUSG00000031422.16,272.7387395,-2.293724813,0.254908926,-8.998212998,2.29421E-19,9.22963E-18,ENSMUSG00000031422,ENSMUSG00000031422,Morf4l2,protein coding gene
ENSMUSG00000031429.14,18.61199934,-3.505484522,0.81610196,-4.2954002,1.74378E-05,9.60932E-05,ENSMUSG00000031429,ENSMUSG00000031429,Psmd10,protein coding gene
ENSMUSG00000031432.3,55.78930463,-2.619929782,0.459557234,-5.700986921,1.19116E-08,1.15989E-07,ENSMUSG00000031432,ENSMUSG00000031432,Prps1,protein coding gene
ENSMUSG00000031458.8,31.632787,-2.141573425,0.562183956,-3.809381969,0.000139315,0.00062225,ENSMUSG00000031458,ENSMUSG00000031458,Coprs,protein coding gene
ENSMUSG00000031534.15,52.77267336,-2.353453012,0.437032936,-5.385070133,7.24164E-08,6.2178E-07,ENSMUSG00000031534,ENSMUSG00000031534,Smim19,protein coding gene
ENSMUSG00000031585.13,26.77837065,-2.451175588,0.630927619,-3.885034537,0.000102315,0.000471112,ENSMUSG00000031585,ENSMUSG00000031585,Gtf2e2,protein coding gene
ENSMUSG00000031604.10,41.81767693,-2.334088644,0.666949027,-3.499650725,0.000465868,0.001805529,ENSMUSG00000031604,ENSMUSG00000031604,Msmo1,protein coding gene
ENSMUSG00000031683.16,96.16109209,-3.28709231,0.451286423,-7.283827174,3.24481E-13,5.90962E-12,ENSMUSG00000031683,ENSMUSG00000031683,Lsm6,protein coding gene
ENSMUSG00000031701.6,136.0376577,-2.124289859,0.302303073,-7.027020385,2.10991E-12,3.48358E-11,ENSMUSG00000031701,ENSMUSG00000031701,Dnaja2,protein coding gene
ENSMUSG00000031818.12,1448.376638,-2.038619016,0.281327617,-7.246423359,4.27921E-13,7.64725E-12,ENSMUSG00000031818,ENSMUSG00000031818,Cox4i1,protein coding gene
ENSMUSG00000031839.6,217.6460742,-2.755218836,0.280129455,-9.835519917,7.91577E-23,4.3204E-21,ENSMUSG00000031839,ENSMUSG00000031839,Hsbp1,protein coding gene
ENSMUSG00000031843.1,10.30176624,-2.823242311,0.991236902,-2.84820138,0.004396709,0.012904745,ENSMUSG00000031843,ENSMUSG00000031843,Mphosph6,protein coding gene
ENSMUSG00000031879.13,48.30528348,-2.018370207,0.456917284,-4.417364536,9.99116E-06,5.78475E-05,ENSMUSG00000031879,ENSMUSG00000031879,Ciao2b,protein coding gene
ENSMUSG00000031887.13,32.14743862,-2.06615773,0.531109185,-3.890269247,0.000100133,0.000461933,ENSMUSG00000031887,ENSMUSG00000031887,Tradd,protein coding gene
ENSMUSG00000031897.8,1895.292257,-2.527395737,0.330210302,-7.653897297,1.94978E-14,4.24052E-13,ENSMUSG00000031897,ENSMUSG00000031897,Psmb10,protein coding gene
ENSMUSG00000031919.5,2487.936262,-3.471743701,0.284152735,-12.21787889,2.4951E-34,4.23376E-32,ENSMUSG00000031919,ENSMUSG00000031919,Tmed6,protein coding gene
ENSMUSG00000031950.7,126.4396496,-3.289252148,0.346447087,-9.494241035,2.21821E-21,1.07693E-19,ENSMUSG00000031950,ENSMUSG00000031950,Gabarapl2,protein coding gene
ENSMUSG00000031954.5,140.12679,-2.445317153,0.32408263,-7.545350868,4.51071E-14,9.3026E-13,ENSMUSG00000031954,ENSMUSG00000031954,Cfdp1,protein coding gene
ENSMUSG00000031969.15,109.7103307,-2.072537129,0.321182329,-6.452836738,1.09776E-10,1.42379E-09,ENSMUSG00000031969,ENSMUSG00000031969,Acad8,protein coding gene
ENSMUSG00000032002.9,98.95525528,-3.299782764,0.46366317,-7.116767042,1.10488E-12,1.88379E-11,ENSMUSG00000032002,ENSMUSG00000032002,Dcun1d5,protein coding gene
ENSMUSG00000032051.8,99.85422146,-2.372634681,0.342242606,-6.932610494,4.13145E-12,6.58036E-11,ENSMUSG00000032051,ENSMUSG00000032051,Fdx1,protein coding gene
ENSMUSG00000032121.8,14.38342055,-2.927652451,1.026132239,-2.8530947,0.004329572,0.012734684,ENSMUSG00000032121,ENSMUSG00000032121,Tmem218,protein coding gene
ENSMUSG00000032181.6,43.77225937,-2.455638926,0.51968219,-4.725270503,2.29809E-06,1.52061E-05,ENSMUSG00000032181,ENSMUSG00000032181,Scg3,protein coding gene
ENSMUSG00000032199.12,241.7464822,-2.455473852,0.280576542,-8.751529379,2.10481E-18,7.69129E-17,ENSMUSG00000032199,ENSMUSG00000032199,Polr2m,protein coding gene
ENSMUSG00000032215.15,43.62056873,-3.182852413,0.694724485,-4.58145996,4.61741E-06,2.87339E-05,ENSMUSG00000032215,ENSMUSG00000032215,Rsl24d1,protein coding gene
ENSMUSG00000032249.14,226.708205,-2.054222239,0.305375898,-6.726864335,1.73358E-11,2.55023E-10,ENSMUSG00000032249,ENSMUSG00000032249,Anp32a,protein coding gene
ENSMUSG00000032288.9,248.550797,-2.328519525,0.292118491,-7.971147301,1.57208E-15,3.87659E-14,ENSMUSG00000032288,ENSMUSG00000032288,Imp3,protein coding gene
ENSMUSG00000032301.13,153.3584184,-2.383364506,0.326327316,-7.303600981,2.80166E-13,5.17402E-12,ENSMUSG00000032301,ENSMUSG00000032301,Psma4,protein coding gene
ENSMUSG00000032314.14,183.1020524,-2.568448791,0.284800863,-9.018402421,1.90852E-19,7.73244E-18,ENSMUSG00000032314,ENSMUSG00000032314,Etfa,protein coding gene
ENSMUSG00000032330.6,375.742127,-3.208079812,0.340779273,-9.413952262,4.77824E-21,2.23742E-19,ENSMUSG00000032330,ENSMUSG00000032330,Cox7a2,protein coding gene
ENSMUSG00000032353.8,1536.067418,-2.273505182,0.26529485,-8.569729806,1.03728E-17,3.43184E-16,ENSMUSG00000032353,ENSMUSG00000032353,Tmed3,protein coding gene
ENSMUSG00000032357.12,31.64472345,-2.862529564,0.580649056,-4.929878958,8.22806E-07,5.92738E-06,ENSMUSG00000032357,ENSMUSG00000032357,Tinag,protein coding gene
ENSMUSG00000032370.7,25.22009463,-2.249483114,0.600753658,-3.744435149,0.0001808,0.00078415,ENSMUSG00000032370,ENSMUSG00000032370,Lactb,protein coding gene
ENSMUSG00000032381.5,69.73579254,-3.155157609,0.481206094,-6.55676985,5.49858E-11,7.54481E-10,ENSMUSG00000032381,ENSMUSG00000032381,Ciao2a,protein coding gene
ENSMUSG00000032383.6,447.2701372,-3.199698386,0.259185303,-12.34521538,5.16957E-35,9.22876E-33,ENSMUSG00000032383,ENSMUSG00000032383,Ppib,protein coding gene
ENSMUSG00000032398.6,45.91682044,-2.661889096,0.515596888,-5.162733053,2.4337E-07,1.92029E-06,ENSMUSG00000032398,ENSMUSG00000032398,Snapc5,protein coding gene
ENSMUSG00000032412.8,279.192592,-2.345306765,0.27201144,-8.622088701,6.57437E-18,2.23112E-16,ENSMUSG00000032412,ENSMUSG00000032412,Atp1b3,protein coding gene
ENSMUSG00000032415.14,13.51711303,-2.623485727,0.895536406,-2.929513206,0.003394934,0.010275941,ENSMUSG00000032415,ENSMUSG00000032415,Ube3d,protein coding gene
ENSMUSG00000032518.5,10059.44883,-2.121901209,0.293134401,-7.238663214,4.53129E-13,8.07247E-12,ENSMUSG00000032518,ENSMUSG00000032518,Rpsa,protein coding gene
ENSMUSG00000032526.10,105.5204788,-2.574578607,0.347549057,-7.407813526,1.28399E-13,2.48083E-12,ENSMUSG00000032526,ENSMUSG00000032526,Ss18l2,protein coding gene
ENSMUSG00000032527.13,390.427288,-2.271056973,0.340316194,-6.673373214,2.4999E-11,3.57922E-10,ENSMUSG00000032527,ENSMUSG00000032527,Pccb,protein coding gene
ENSMUSG00000032575.16,998.0265916,-2.444827372,0.252844276,-9.669300843,4.0715E-22,2.12089E-20,ENSMUSG00000032575,ENSMUSG00000032575,Manf,protein coding gene
ENSMUSG00000032757.6,184.9243959,-3.319170411,0.322053485,-10.30627074,6.60134E-25,4.43662E-23,ENSMUSG00000032757,ENSMUSG00000032757,Bet1,protein coding gene
ENSMUSG00000032959.12,309.6401166,-2.896060525,0.290075068,-9.983831229,1.79403E-23,1.06757E-21,ENSMUSG00000032959,ENSMUSG00000032959,Pebp1,protein coding gene
ENSMUSG00000033061.15,38.97601899,-2.181614036,0.568976911,-3.83427516,0.000125935,0.000568716,ENSMUSG00000033061,ENSMUSG00000033061,Resp18,protein coding gene
ENSMUSG00000033096.7,43.16853964,-2.324285909,0.519721479,-4.472175966,7.74277E-06,4.59313E-05,ENSMUSG00000033096,ENSMUSG00000033096,Apmap,protein coding gene
ENSMUSG00000033307.6,355.4044152,-2.053955481,0.272847422,-7.527853711,5.15811E-14,1.05238E-12,ENSMUSG00000033307,ENSMUSG00000033307,Mif,protein coding gene
ENSMUSG00000033429.10,53.93283454,-2.553965935,0.453436952,-5.63246097,1.77656E-08,1.6729E-07,ENSMUSG00000033429,ENSMUSG00000033429,Mcee,protein coding gene
ENSMUSG00000033543.17,73.04947828,-2.114546316,0.382613767,-5.526581888,3.2653E-08,2.96559E-07,ENSMUSG00000033543,ENSMUSG00000033543,Gtf2a2,protein coding gene
ENSMUSG00000033735.9,134.2204438,-2.189964102,0.301310071,-7.268141065,3.64468E-13,6.60281E-12,ENSMUSG00000033735,ENSMUSG00000033735,Spr,protein coding gene
ENSMUSG00000033739.8,21.05044145,-3.487426294,0.917884027,-3.799419306,0.000145036,0.00064528,ENSMUSG00000033739,ENSMUSG00000033739,Fkbpl,protein coding gene
ENSMUSG00000033845.13,144.3984792,-2.194107477,0.335579741,-6.538259647,6.22388E-11,8.42534E-10,ENSMUSG00000033845,ENSMUSG00000033845,Mrpl15,protein coding gene
ENSMUSG00000033916.5,311.118432,-3.28571237,0.302485995,-10.86236198,1.74185E-27,1.57946E-25,ENSMUSG00000033916,ENSMUSG00000033916,Chmp2a,protein coding gene
ENSMUSG00000033918.15,105.404501,-2.334868326,0.384486281,-6.072696072,1.2578E-09,1.40523E-08,ENSMUSG00000033918,ENSMUSG00000033918,Parl,protein coding gene
ENSMUSG00000033938.5,422.4629704,-2.220656345,0.347198331,-6.395930364,1.59573E-10,2.03026E-09,ENSMUSG00000033938,ENSMUSG00000033938,Ndufb7,protein coding gene
ENSMUSG00000033940.8,247.6370877,-2.353731739,0.308107918,-7.639309488,2.1839E-14,4.67846E-13,ENSMUSG00000033940,ENSMUSG00000033940,Brk1,protein coding gene
ENSMUSG00000034108.5,135.3020589,-2.681964288,0.375926702,-7.134274508,9.7299E-13,1.67085E-11,ENSMUSG00000034108,ENSMUSG00000034108,Ccs,protein coding gene
ENSMUSG00000034139.4,3164.677521,-3.057179984,0.26359937,-11.59782737,4.22673E-31,5.17412E-29,ENSMUSG00000034139,ENSMUSG00000034139,Serpini2,protein coding gene
ENSMUSG00000034345.14,82.80228369,-2.123232323,0.408219231,-5.201206028,1.97999E-07,1.58196E-06,ENSMUSG00000034345,ENSMUSG00000034345,Gtf2h5,protein coding gene
ENSMUSG00000034424.5,144.3106941,-2.379058445,0.395314267,-6.018144655,1.76428E-09,1.91611E-08,ENSMUSG00000034424,ENSMUSG00000034424,Gcsh,protein coding gene
ENSMUSG00000034442.10,13.62160175,-2.095353569,0.826028795,-2.536659233,0.011191583,0.028622796,ENSMUSG00000034442,ENSMUSG00000034442,Trmt5,protein coding gene
ENSMUSG00000034528.15,1075.25206,-2.930424985,0.213550199,-13.72241746,7.4538E-43,2.4566E-40,ENSMUSG00000034528,ENSMUSG00000034528,Hsd17b13,protein coding gene
ENSMUSG00000034566.10,547.4888991,-2.998545186,0.283218109,-10.58740629,3.40907E-26,2.60824E-24,ENSMUSG00000034566,ENSMUSG00000034566,Atp5pd,protein coding gene
ENSMUSG00000034785.14,19.77959305,-2.088368042,0.666277297,-3.134382711,0.001722161,0.005685685,ENSMUSG00000034785,ENSMUSG00000034785,Dio1,protein coding gene
ENSMUSG00000034880.6,79.32854613,-2.128025845,0.392655708,-5.419571912,5.97419E-08,5.18934E-07,ENSMUSG00000034880,ENSMUSG00000034880,Mrpl34,protein coding gene
ENSMUSG00000034932.4,162.0486242,-2.653027842,0.457462246,-5.799446543,6.65341E-09,6.71928E-08,ENSMUSG00000034932,ENSMUSG00000034932,Mrpl54,protein coding gene
ENSMUSG00000035048.13,204.6824064,-2.374175814,0.377510905,-6.289025786,3.19464E-10,3.88848E-09,ENSMUSG00000035048,ENSMUSG00000035048,Anapc13,protein coding gene
ENSMUSG00000035142.18,13.31162313,-2.828584351,0.970300343,-2.915163712,0.00355502,0.010679392,ENSMUSG00000035142,ENSMUSG00000035142,Nubpl,protein coding gene
ENSMUSG00000035215.8,53.31367883,-2.725097996,0.656079102,-4.15361195,3.27268E-05,0.000169499,ENSMUSG00000035215,ENSMUSG00000035215,Lsm7,protein coding gene
ENSMUSG00000035227.7,597.0408222,-2.790582391,0.219186843,-12.73152324,3.95056E-37,7.78215E-35,ENSMUSG00000035227,ENSMUSG00000035227,Spcs2,protein coding gene
ENSMUSG00000035242.15,1281.994792,-2.410805907,0.234714171,-10.27124139,9.49746E-25,6.25693E-23,ENSMUSG00000035242,ENSMUSG00000035242,Oaz1,protein coding gene
ENSMUSG00000035473.10,13.51487909,-2.262177875,0.938037242,-2.411607741,0.015882359,0.038543169,ENSMUSG00000035473,ENSMUSG00000035473,Galm,protein coding gene
ENSMUSG00000035530.13,1223.540156,-3.544942337,0.239854693,-14.77954131,1.98513E-49,1.13404E-46,ENSMUSG00000035530,ENSMUSG00000035530,Eif1,protein coding gene
ENSMUSG00000035559.8,153.8743382,-2.09452654,0.395481403,-5.296144206,1.18273E-07,9.82535E-07,ENSMUSG00000035559,ENSMUSG00000035559,Mpv17l2,protein coding gene
ENSMUSG00000035585.16,83.66921345,-3.064802724,0.497838752,-6.156215671,7.45037E-10,8.62733E-09,ENSMUSG00000035585,ENSMUSG00000035585,Tsen34,protein coding gene
ENSMUSG00000035637.14,355.1183197,-2.081978432,0.29115239,-7.150820329,8.62608E-13,1.49176E-11,ENSMUSG00000035637,ENSMUSG00000035637,Grhpr,protein coding gene
ENSMUSG00000035642.16,62.01338539,-2.391560517,0.432985527,-5.523419066,3.32465E-08,3.01527E-07,ENSMUSG00000035642,ENSMUSG00000035642,Aamdc,protein coding gene
ENSMUSG00000035674.13,359.5721848,-2.166671866,0.353875024,-6.122703546,9.20008E-10,1.05184E-08,ENSMUSG00000035674,ENSMUSG00000035674,Ndufa3,protein coding gene
ENSMUSG00000035692.6,7.888023232,-2.956345412,1.088155489,-2.716840967,0.006590827,0.018253651,ENSMUSG00000035692,ENSMUSG00000035692,Isg15,protein coding gene
ENSMUSG00000035885.4,534.7446833,-2.217714193,0.260405101,-8.516400725,1.64589E-17,5.31209E-16,ENSMUSG00000035885,ENSMUSG00000035885,Cox8a,protein coding gene
ENSMUSG00000036181.2,95.87005666,-2.268964151,0.353307931,-6.422058361,1.34444E-10,1.72462E-09,ENSMUSG00000036181,ENSMUSG00000036181,H1f2,protein coding gene
ENSMUSG00000036214.14,12.56907297,-2.489264251,0.980080432,-2.539857108,0.011089777,0.028430306,ENSMUSG00000036214,ENSMUSG00000036214,Polr1has,protein coding gene
ENSMUSG00000036299.4,182.270503,-2.49427385,0.303784379,-8.210671841,2.19954E-16,6.10952E-15,ENSMUSG00000036299,ENSMUSG00000036299,BC031181,protein coding gene
ENSMUSG00000036309.14,150.4794254,-3.08858638,0.323332523,-9.552352941,1.26783E-21,6.37189E-20,ENSMUSG00000036309,ENSMUSG00000036309,Skp1,protein coding gene
ENSMUSG00000036372.14,188.5955237,-2.227372261,0.294198214,-7.570991786,3.70385E-14,7.72222E-13,ENSMUSG00000036372,ENSMUSG00000036372,Tmem258,protein coding gene
ENSMUSG00000036632.9,175.6456475,-2.795466531,0.333473242,-8.382881078,5.16477E-17,1.55072E-15,ENSMUSG00000036632,ENSMUSG00000036632,Alg5,protein coding gene
ENSMUSG00000036639.12,17.1543769,-2.323486116,0.824455538,-2.818206694,0.004829271,0.013954485,ENSMUSG00000036639,ENSMUSG00000036639,Nudt1,protein coding gene
ENSMUSG00000036751.7,531.0515622,-2.374826209,0.292339788,-8.123513478,4.52878E-16,1.20895E-14,ENSMUSG00000036751,ENSMUSG00000036751,Cox6b1,protein coding gene
ENSMUSG00000036764.11,34.34738701,-2.152519569,0.826058052,-2.605772759,0.009166726,0.024315119,ENSMUSG00000036764,ENSMUSG00000036764,Dnajc12,protein coding gene
ENSMUSG00000036781.13,933.7279223,-3.342517947,0.309071886,-10.81469426,2.93269E-27,2.59074E-25,ENSMUSG00000036781,ENSMUSG00000036781,Rps27l,protein coding gene
ENSMUSG00000036835.7,163.6531129,-3.118613544,0.386935149,-8.059783544,7.64297E-16,1.955E-14,ENSMUSG00000036835,ENSMUSG00000036835,Psenen,protein coding gene
ENSMUSG00000036850.4,38.08996457,-2.213097792,0.596429354,-3.710578253,0.000206786,0.000883546,ENSMUSG00000036850,ENSMUSG00000036850,Mrpl41,protein coding gene
ENSMUSG00000036860.14,61.35530608,-2.281849994,0.524252211,-4.352580579,1.34544E-05,7.58245E-05,ENSMUSG00000036860,ENSMUSG00000036860,Mrpl55,protein coding gene
ENSMUSG00000036894.3,14.65490913,-2.592197465,0.902687785,-2.871643451,0.004083434,0.012099221,ENSMUSG00000036894,ENSMUSG00000036894,Rap2b,protein coding gene
ENSMUSG00000036932.14,59.11902554,-2.773825663,0.425099526,-6.525120572,6.79469E-11,9.13312E-10,ENSMUSG00000036932,ENSMUSG00000036932,Aifm1,protein coding gene
ENSMUSG00000036934.9,21.06439748,-3.156639156,0.714308046,-4.419156657,9.90868E-06,5.74087E-05,ENSMUSG00000036934,ENSMUSG00000036934,4921524J17Rik,protein coding gene
ENSMUSG00000036992.10,35.82171058,-2.13507449,0.535927362,-3.983887818,6.77969E-05,0.000325099,ENSMUSG00000036992,ENSMUSG00000036992,Nxt1,protein coding gene
ENSMUSG00000037053.6,70.89816063,-2.131033043,0.405081111,-5.260756384,1.43464E-07,1.17663E-06,ENSMUSG00000037053,ENSMUSG00000037053,Azgp1,protein coding gene
ENSMUSG00000037070.9,28.612082,-2.229141328,0.577417796,-3.860534512,0.000113139,0.000516049,ENSMUSG00000037070,ENSMUSG00000037070,Rbmxl1,protein coding gene
ENSMUSG00000037072.15,775.3683865,-2.137191405,0.201276722,-10.61817475,2.45311E-26,1.9285E-24,ENSMUSG00000037072,ENSMUSG00000037072,Selenof,protein coding gene
ENSMUSG00000037152.11,201.5162938,-2.553390172,0.35825752,-7.127247936,1.02396E-12,1.7531E-11,ENSMUSG00000037152,ENSMUSG00000037152,Ndufc1,protein coding gene
ENSMUSG00000037254.18,42.86673436,-2.770683807,0.531720686,-5.210788073,1.8804E-07,1.50661E-06,ENSMUSG00000037254,ENSMUSG00000037254,Itih2,protein coding gene
ENSMUSG00000037278.9,2993.256819,-2.70984153,0.263338015,-10.29035449,7.78891E-25,5.15391E-23,ENSMUSG00000037278,ENSMUSG00000037278,Tmem97,protein coding gene
ENSMUSG00000037307.11,11.72350323,-3.045408807,0.973058876,-3.129727174,0.001749687,0.005757707,ENSMUSG00000037307,ENSMUSG00000037307,Banf2,protein coding gene
ENSMUSG00000037361.7,50.46906181,-3.61909866,0.544253208,-6.649659766,2.93771E-11,4.16087E-10,ENSMUSG00000037361,ENSMUSG00000037361,Sf3b6,protein coding gene
ENSMUSG00000037499.9,251.7310049,-2.253579153,0.35161241,-6.4092708,1.46217E-10,1.86588E-09,ENSMUSG00000037499,ENSMUSG00000037499,Nenf,protein coding gene
ENSMUSG00000037563.15,2072.954881,-3.705324187,0.262806867,-14.09903872,3.84978E-45,1.73625E-42,ENSMUSG00000037563,ENSMUSG00000037563,Rps16,protein coding gene
ENSMUSG00000037710.8,130.9450877,-2.764283919,0.344617725,-8.021305109,1.04627E-15,2.62919E-14,ENSMUSG00000037710,ENSMUSG00000037710,Cisd1,protein coding gene
ENSMUSG00000037722.7,93.85744525,-2.954581501,0.391160739,-7.553369262,4.2414E-14,8.7895E-13,ENSMUSG00000037722,ENSMUSG00000037722,Gnpnat1,protein coding gene
ENSMUSG00000037737.6,16.61481606,-3.465883449,0.948680831,-3.653371435,0.000258819,0.001075569,ENSMUSG00000037737,ENSMUSG00000037737,Actrt3,protein coding gene
ENSMUSG00000037740.8,185.4835965,-2.216710161,0.369159152,-6.004754725,1.91621E-09,2.07193E-08,ENSMUSG00000037740,ENSMUSG00000037740,Mrps26,protein coding gene
ENSMUSG00000037772.13,125.1951548,-2.106561022,0.382969319,-5.500599967,3.78501E-08,3.38911E-07,ENSMUSG00000037772,ENSMUSG00000037772,Mrpl23,protein coding gene
ENSMUSG00000037805.14,2511.849131,-2.095220724,0.25242869,-8.300247971,1.03894E-16,2.99251E-15,ENSMUSG00000037805,ENSMUSG00000037805,Rpl10a,protein coding gene
ENSMUSG00000037852.8,194.5437152,-2.190063673,0.386721309,-5.663157481,1.48613E-08,1.42445E-07,ENSMUSG00000037852,ENSMUSG00000037852,Cpe,protein coding gene
ENSMUSG00000037894.13,208.2413151,-3.816281982,0.318488344,-11.98248554,4.38962E-33,6.37537E-31,ENSMUSG00000037894,ENSMUSG00000037894,H2az1,protein coding gene
ENSMUSG00000037942.5,5.941318553,-4.065782098,1.573069763,-2.58461652,0.009748736,0.025538648,ENSMUSG00000037942,ENSMUSG00000037942,Crp,protein coding gene
ENSMUSG00000038009.7,26.68517799,-2.47799545,0.62995697,-3.933594779,8.36848E-05,0.000392929,ENSMUSG00000038009,ENSMUSG00000038009,Dnajc22,protein coding gene
ENSMUSG00000038155.10,27.12280214,-4.705658126,0.881172972,-5.340220681,9.28335E-08,7.84507E-07,ENSMUSG00000038155,ENSMUSG00000038155,Gstp2,protein coding gene
ENSMUSG00000038268.4,14.4232351,-3.39980294,0.921907063,-3.687793572,0.000226207,0.000957455,ENSMUSG00000038268,ENSMUSG00000038268,Ovca2,protein coding gene
ENSMUSG00000038398.8,80.00872216,-2.032549513,0.415326111,-4.893864026,9.88752E-07,6.99349E-06,ENSMUSG00000038398,ENSMUSG00000038398,Upf3a,protein coding gene
ENSMUSG00000038412.7,87.26806758,-3.703144942,0.465611752,-7.953289248,1.81624E-15,4.44667E-14,ENSMUSG00000038412,ENSMUSG00000038412,Higd1a,protein coding gene
ENSMUSG00000038462.3,276.7814303,-2.621743284,0.289896199,-9.043731133,1.51413E-19,6.22284E-18,ENSMUSG00000038462,ENSMUSG00000038462,Uqcrfs1,protein coding gene
ENSMUSG00000038489.8,162.3250809,-4.418732413,0.446371569,-9.899224581,4.19515E-23,2.41263E-21,ENSMUSG00000038489,ENSMUSG00000038489,Polr2l,protein coding gene
ENSMUSG00000038622.7,32.50607062,-2.604999088,0.543630692,-4.791854336,1.65247E-06,1.11981E-05,ENSMUSG00000038622,ENSMUSG00000038622,Med30,protein coding gene
ENSMUSG00000038628.8,131.9107106,-2.614221153,0.357811747,-7.30613563,2.74935E-13,5.08288E-12,ENSMUSG00000038628,ENSMUSG00000038628,Polr3k,protein coding gene
ENSMUSG00000038646.13,66.73314275,-3.21945106,0.495883283,-6.492356504,8.4504E-11,1.12092E-09,ENSMUSG00000038646,ENSMUSG00000038646,Ramac,protein coding gene
ENSMUSG00000038650.15,1115.599707,-2.050712893,0.206672807,-9.922509489,3.32295E-23,1.94364E-21,ENSMUSG00000038650,ENSMUSG00000038650,Rnh1,protein coding gene
ENSMUSG00000038690.15,532.9529742,-2.703074644,0.299506583,-9.025092602,1.79543E-19,7.32623E-18,ENSMUSG00000038690,ENSMUSG00000038690,Atp5mf,protein coding gene
ENSMUSG00000038717.7,243.4593374,-3.67546137,0.34387206,-10.68845597,1.15274E-26,9.49791E-25,ENSMUSG00000038717,ENSMUSG00000038717,Atp5mg,protein coding gene
ENSMUSG00000038722.17,68.43866896,-2.607189151,0.427664212,-6.096346338,1.0852E-09,1.2276E-08,ENSMUSG00000038722,ENSMUSG00000038722,Bud31,protein coding gene
ENSMUSG00000038742.6,9.582229743,-2.523047378,0.990847347,-2.546353266,0.010885497,0.028061919,ENSMUSG00000038742,ENSMUSG00000038742,Angptl6,protein coding gene
ENSMUSG00000038812.16,96.88504258,-2.523094474,0.423737266,-5.954384183,2.61053E-09,2.77367E-08,ENSMUSG00000038812,ENSMUSG00000038812,Trmt112,protein coding gene
ENSMUSG00000038845.11,172.620201,-2.048038876,0.344719502,-5.941174963,2.82986E-09,2.99742E-08,ENSMUSG00000038845,ENSMUSG00000038845,Phb1,protein coding gene
ENSMUSG00000038871.5,175.9868163,-2.08220747,0.295458033,-7.047388238,1.82307E-12,3.03338E-11,ENSMUSG00000038871,ENSMUSG00000038871,Bpgm,protein coding gene
ENSMUSG00000038880.13,50.43035387,-3.496862339,0.515703531,-6.7807609,1.19545E-11,1.78931E-10,ENSMUSG00000038880,ENSMUSG00000038880,Mrps34,protein coding gene
ENSMUSG00000038900.17,4279.458947,-2.533063716,0.255603899,-9.910113761,3.76218E-23,2.18563E-21,ENSMUSG00000038900,ENSMUSG00000038900,Rpl12,protein coding gene
ENSMUSG00000038936.13,40.33494091,-2.59825876,0.58598271,-4.434019499,9.24923E-06,5.39344E-05,ENSMUSG00000038936,ENSMUSG00000038936,Sccpdh,protein coding gene
ENSMUSG00000038975.14,94.00554529,-2.123951662,0.347300785,-6.115597073,9.61961E-10,1.09469E-08,ENSMUSG00000038975,ENSMUSG00000038975,Rabggtb,protein coding gene
ENSMUSG00000039001.12,2133.295568,-2.511130071,0.309115142,-8.123607452,4.52528E-16,1.20895E-14,ENSMUSG00000039001,ENSMUSG00000039001,Rps21,protein coding gene
ENSMUSG00000039016.4,60.41836014,-2.806463743,0.460486372,-6.094564163,1.09736E-09,1.24054E-08,ENSMUSG00000039016,ENSMUSG00000039016,Timm8b,protein coding gene
ENSMUSG00000039105.6,149.1207756,-3.108779153,0.3152582,-9.86105724,6.13994E-23,3.41644E-21,ENSMUSG00000039105,ENSMUSG00000039105,Atp6v1g1,protein coding gene
ENSMUSG00000039128.13,164.9029331,-2.33053139,0.298191557,-7.815551224,5.4723E-15,1.26907E-13,ENSMUSG00000039128,ENSMUSG00000039128,Cdc123,protein coding gene
ENSMUSG00000039163.9,35.80191152,-2.334024638,0.533083333,-4.378348549,1.19582E-05,6.82677E-05,ENSMUSG00000039163,ENSMUSG00000039163,Cmc1,protein coding gene
ENSMUSG00000039221.10,191.3787902,-4.28476615,0.352512628,-12.15492952,5.40083E-34,8.57032E-32,ENSMUSG00000039221,ENSMUSG00000039221,Rpl22l1,protein coding gene
ENSMUSG00000039330.4,74.48256142,-2.589645649,0.491787968,-5.265776755,1.39598E-07,1.14855E-06,ENSMUSG00000039330,ENSMUSG00000039330,Tsga10ip,protein coding gene
ENSMUSG00000039349.5,32.58061518,-2.241472809,0.590133733,-3.798245522,0.000145724,0.00064767,ENSMUSG00000039349,ENSMUSG00000039349,C130074G19Rik,protein coding gene
ENSMUSG00000039680.9,17.07843617,-2.586570006,0.803219435,-3.220253261,0.001280774,0.004409382,ENSMUSG00000039680,ENSMUSG00000039680,Mrps6,protein coding gene
ENSMUSG00000040048.14,399.5436499,-2.647574082,0.274247075,-9.653973802,4.7287E-22,2.45577E-20,ENSMUSG00000040048,ENSMUSG00000040048,Ndufb10,protein coding gene
ENSMUSG00000040112.9,50.63747167,-2.815260657,0.521831805,-5.394957976,6.85396E-08,5.91158E-07,ENSMUSG00000040112,ENSMUSG00000040112,Mrps35,protein coding gene
ENSMUSG00000040205.8,8068.681024,-2.407800077,0.220033699,-10.94286959,7.18879E-28,6.80671E-26,ENSMUSG00000040205,ENSMUSG00000040205,Cuzd1,protein coding gene
ENSMUSG00000040374.13,107.4908872,-2.489998925,0.404894067,-6.149754045,7.76032E-10,8.97411E-09,ENSMUSG00000040374,ENSMUSG00000040374,Pex2,protein coding gene
ENSMUSG00000040621.14,8.686975198,-2.826222928,1.113372695,-2.538433842,0.011134985,0.028529134,ENSMUSG00000040621,ENSMUSG00000040621,Gemin8,protein coding gene
ENSMUSG00000040652.15,120.7134205,-3.488546026,0.368078609,-9.477720093,2.59899E-21,1.25117E-19,ENSMUSG00000040652,ENSMUSG00000040652,Oaz2,protein coding gene
ENSMUSG00000040658.6,17.09996612,-2.520140147,0.751326778,-3.354253065,0.000795795,0.002916045,ENSMUSG00000040658,ENSMUSG00000040658,Dnph1,protein coding gene
ENSMUSG00000040681.14,117.8876753,-2.705226858,0.417120348,-6.485482838,8.84481E-11,1.16871E-09,ENSMUSG00000040681,ENSMUSG00000040681,Hmgn1,protein coding gene
ENSMUSG00000040771.13,47.67715408,-2.144870727,0.456857836,-4.694831863,2.66826E-06,1.74271E-05,ENSMUSG00000040771,ENSMUSG00000040771,Oard1,protein coding gene
ENSMUSG00000040824.3,236.0656843,-2.813780077,0.387840097,-7.255000445,4.01661E-13,7.21614E-12,ENSMUSG00000040824,ENSMUSG00000040824,Snrpd2,protein coding gene
ENSMUSG00000040883.15,153.3485618,-2.048896835,0.428479644,-4.781783369,1.73747E-06,1.17233E-05,ENSMUSG00000040883,ENSMUSG00000040883,Tmem205,protein coding gene
ENSMUSG00000040888.9,180.6550905,-2.077316672,0.325764237,-6.376748692,1.80887E-10,2.2828E-09,ENSMUSG00000040888,ENSMUSG00000040888,Gfer,protein coding gene
ENSMUSG00000040952.16,2905.324461,-3.09027689,0.293216961,-10.53921603,5.69718E-26,4.26368E-24,ENSMUSG00000040952,ENSMUSG00000040952,Rps19,protein coding gene
ENSMUSG00000041028.15,315.07831,-2.525004807,0.274854687,-9.186690013,4.05115E-20,1.76583E-18,ENSMUSG00000041028,ENSMUSG00000041028,Ghitm,protein coding gene
ENSMUSG00000041035.8,66.0921045,-2.413224754,0.583700812,-4.134352231,3.55957E-05,0.000182866,ENSMUSG00000041035,ENSMUSG00000041035,Dpcd,protein coding gene
ENSMUSG00000041084.8,320.0185007,-2.285417182,0.303328566,-7.534460768,4.90357E-14,1.00885E-12,ENSMUSG00000041084,ENSMUSG00000041084,Ostc,protein coding gene
ENSMUSG00000041278.10,60.78942548,-2.197876923,0.445432775,-4.93425057,8.04591E-07,5.80104E-06,ENSMUSG00000041278,ENSMUSG00000041278,Ttc1,protein coding gene
ENSMUSG00000041355.13,616.5374072,-2.5833958,0.281310729,-9.183424344,4.17596E-20,1.81184E-18,ENSMUSG00000041355,ENSMUSG00000041355,Ssr2,protein coding gene
ENSMUSG00000041453.12,3421.711429,-3.456924289,0.286947324,-12.04724353,2.00545E-33,3.05287E-31,ENSMUSG00000041453,ENSMUSG00000041453,Rpl21,protein coding gene
ENSMUSG00000041571.9,715.595179,-2.116667276,0.343578846,-6.160644929,7.24493E-10,8.42358E-09,ENSMUSG00000041571,ENSMUSG00000041571,Selenow,protein coding gene
ENSMUSG00000041681.2,963.7420945,-2.091777138,0.828143164,-2.52586416,0.01154141,0.029412146,ENSMUSG00000041681,ENSMUSG00000041681,Iapp,protein coding gene
ENSMUSG00000041697.8,926.1154449,-2.15306415,0.299223775,-7.195498248,6.22331E-13,1.09166E-11,ENSMUSG00000041697,ENSMUSG00000041697,Cox6a1,protein coding gene
ENSMUSG00000041840.7,11.15484413,-3.089764769,0.957892479,-3.225586207,0.00125715,0.004338508,ENSMUSG00000041840,ENSMUSG00000041840,Haus1,protein coding gene
ENSMUSG00000041841.7,2349.657,-2.06261992,0.287188063,-7.182122756,6.86372E-13,1.19665E-11,ENSMUSG00000041841,ENSMUSG00000041841,Rpl37,protein coding gene
ENSMUSG00000041881.12,221.3639443,-2.301957938,0.336784151,-6.835113626,8.19401E-12,1.25607E-10,ENSMUSG00000041881,ENSMUSG00000041881,Ndufa7,protein coding gene
ENSMUSG00000041889.7,55.49760416,-2.396541244,0.556361011,-4.307529101,1.65088E-05,9.14147E-05,ENSMUSG00000041889,ENSMUSG00000041889,Shisa4,protein coding gene
ENSMUSG00000042032.13,94.18587139,-2.080912422,0.424454301,-4.902559399,9.4596E-07,6.72134E-06,ENSMUSG00000042032,ENSMUSG00000042032,Mat2b,protein coding gene
ENSMUSG00000042043.5,135.5786204,-3.289988882,0.347030234,-9.480409948,2.53286E-21,1.22277E-19,ENSMUSG00000042043,ENSMUSG00000042043,Tbca,protein coding gene
ENSMUSG00000042079.13,166.4302186,-3.59384764,0.312593138,-11.49688589,1.36761E-30,1.61642E-28,ENSMUSG00000042079,ENSMUSG00000042079,Hnrnpf,protein coding gene
ENSMUSG00000042165.8,7.085340803,-4.605210885,1.485101204,-3.100940779,0.001929069,0.006256695,ENSMUSG00000042165,ENSMUSG00000042165,Adrm1b,protein coding gene
ENSMUSG00000042198.12,225.0358499,-2.436944186,0.320037697,-7.614553572,2.64604E-14,5.6112E-13,ENSMUSG00000042198,ENSMUSG00000042198,Chchd7,protein coding gene
ENSMUSG00000042293.7,17.10104477,-2.232119678,0.733391661,-3.043557484,0.002337988,0.007421455,ENSMUSG00000042293,ENSMUSG00000042293,Gm5617,protein coding gene
ENSMUSG00000042379.8,11.83763267,-2.083708521,0.856937589,-2.431575588,0.015033311,0.036805625,ENSMUSG00000042379,ENSMUSG00000042379,Esm1,protein coding gene
ENSMUSG00000042462.4,135.9016661,-2.842916051,0.474573778,-5.990461723,2.09246E-09,2.25114E-08,ENSMUSG00000042462,ENSMUSG00000042462,Dctpp1,protein coding gene
ENSMUSG00000042541.10,230.8237079,-2.195767281,0.306061747,-7.174262397,7.26981E-13,1.26616E-11,ENSMUSG00000042541,ENSMUSG00000042541,Sem1,protein coding gene
ENSMUSG00000042569.13,75.835228,-2.603615378,0.409453917,-6.358750693,2.03401E-10,2.5519E-09,ENSMUSG00000042569,ENSMUSG00000042569,Dhrs7b,protein coding gene
ENSMUSG00000042670.5,90.5746845,-3.01096961,0.415741188,-7.24241355,4.40769E-13,7.86865E-12,ENSMUSG00000042670,ENSMUSG00000042670,Immp1l,protein coding gene
ENSMUSG00000042682.8,265.3605008,-2.830926939,0.252773516,-11.19946022,4.10225E-29,4.39403E-27,ENSMUSG00000042682,ENSMUSG00000042682,Selenok,protein coding gene
ENSMUSG00000042712.10,561.26624,-2.963498732,0.297630688,-9.956966315,2.35128E-23,1.39433E-21,ENSMUSG00000042712,ENSMUSG00000042712,Tceal9,protein coding gene
ENSMUSG00000042737.9,163.1933105,-2.466968911,0.366575076,-6.72977807,1.69922E-11,2.50398E-10,ENSMUSG00000042737,ENSMUSG00000042737,Dpm3,protein coding gene
ENSMUSG00000042747.12,694.8863479,-3.314469961,0.31245908,-10.6076929,2.74442E-26,2.14766E-24,ENSMUSG00000042747,ENSMUSG00000042747,Krtcap2,protein coding gene
ENSMUSG00000042750.7,41.90065452,-4.079317799,0.605060852,-6.741995925,1.56225E-11,2.31208E-10,ENSMUSG00000042750,ENSMUSG00000042750,Bex2,protein coding gene
ENSMUSG00000042808.7,11.63904428,-2.664089631,0.933973615,-2.852424938,0.004338706,0.012756346,ENSMUSG00000042808,ENSMUSG00000042808,Gpx2,protein coding gene
ENSMUSG00000042834.14,11.24309195,-2.298592692,0.93399426,-2.461035138,0.01385368,0.034364505,ENSMUSG00000042834,ENSMUSG00000042834,Nrep,protein coding gene
ENSMUSG00000043091.8,85.79647243,-2.044914823,0.465469818,-4.393227538,1.1168E-05,6.40339E-05,ENSMUSG00000043091,ENSMUSG00000043091,Tuba1c,protein coding gene
ENSMUSG00000043664.6,87.11177931,-2.269522114,0.363985794,-6.235194207,4.51218E-10,5.38133E-09,ENSMUSG00000043664,ENSMUSG00000043664,Tmem221,protein coding gene
ENSMUSG00000043681.5,5.98753303,-4.318113841,1.807656161,-2.388791593,0.016903888,0.040648076,ENSMUSG00000043681,ENSMUSG00000043681,Fam25a,protein coding gene
ENSMUSG00000043716.13,3200.698304,-3.033305443,0.221036997,-13.72306668,7.38735E-43,2.4566E-40,ENSMUSG00000043716,ENSMUSG00000043716,Rpl7,protein coding gene
ENSMUSG00000044018.3,99.70595702,-2.80764066,0.39141126,-7.173121847,7.33066E-13,1.27546E-11,ENSMUSG00000044018,ENSMUSG00000044018,Mrpl50,protein coding gene
ENSMUSG00000044258.9,19.09301564,-3.386296354,0.747589819,-4.529618073,5.90904E-06,3.59365E-05,ENSMUSG00000044258,ENSMUSG00000044258,Ctla2a,protein coding gene
ENSMUSG00000044408.6,162.6742013,-2.36134301,0.329303054,-7.170729153,7.45994E-13,1.29664E-11,ENSMUSG00000044408,ENSMUSG00000044408,Sptssa,protein coding gene
ENSMUSG00000044485.4,88.45329997,-3.269395793,0.502593777,-6.505046311,7.76694E-11,1.03587E-09,ENSMUSG00000044485,ENSMUSG00000044485,Klk1b11,protein coding gene
ENSMUSG00000044533.15,5125.829029,-2.511602974,0.254136096,-9.882905308,4.93801E-23,2.81155E-21,ENSMUSG00000044533,ENSMUSG00000044533,Rps2,protein coding gene
ENSMUSG00000044573.14,85.18491724,-2.208933695,0.376843734,-5.861670225,4.58234E-09,4.71382E-08,ENSMUSG00000044573,ENSMUSG00000044573,Acp1,protein coding gene
ENSMUSG00000044600.14,248.2211302,-2.64820118,0.292974653,-9.03901123,1.58095E-19,6.48191E-18,ENSMUSG00000044600,ENSMUSG00000044600,Smim7,protein coding gene
ENSMUSG00000044627.11,240.5229504,-2.879085171,0.298788651,-9.635858532,5.64184E-22,2.9036E-20,ENSMUSG00000044627,ENSMUSG00000044627,Swi5,protein coding gene
ENSMUSG00000044734.15,442.6212165,-2.724808199,0.231600299,-11.76513249,5.90336E-32,7.78244E-30,ENSMUSG00000044734,ENSMUSG00000044734,Serpinb1a,protein coding gene
ENSMUSG00000044792.6,234.0818513,-2.013325853,0.264153894,-7.621791311,2.50179E-14,5.31957E-13,ENSMUSG00000044792,ENSMUSG00000044792,Isca1,protein coding gene
ENSMUSG00000044894.14,1285.404508,-2.051538221,0.357918456,-5.731859269,9.93357E-09,9.77276E-08,ENSMUSG00000044894,ENSMUSG00000044894,Uqcrq,protein coding gene
ENSMUSG00000044986.8,149.8638716,-2.296775691,0.33391546,-6.878314918,6.05647E-12,9.45316E-11,ENSMUSG00000044986,ENSMUSG00000044986,Tst,protein coding gene
ENSMUSG00000045211.4,61.04907898,-2.046108722,0.433597316,-4.718914641,2.37106E-06,1.5653E-05,ENSMUSG00000045211,ENSMUSG00000045211,Nudt18,protein coding gene
ENSMUSG00000045237.5,16.698463,-2.162777552,0.841883827,-2.568973868,0.010200015,0.026562507,ENSMUSG00000045237,ENSMUSG00000045237,Eola1,protein coding gene
ENSMUSG00000045257.9,18.366679,-4.481242432,0.911481217,-4.91643969,8.81323E-07,6.29901E-06,ENSMUSG00000045257,ENSMUSG00000045257,Morn2,protein coding gene
ENSMUSG00000045316.4,40.4613748,-2.606035326,0.56993525,-4.572511219,4.81913E-06,2.98699E-05,ENSMUSG00000045316,ENSMUSG00000045316,Fahd1,protein coding gene
ENSMUSG00000045427.13,68.71827878,-3.236511845,0.490968536,-6.59209625,4.33659E-11,6.01299E-10,ENSMUSG00000045427,ENSMUSG00000045427,Hnrnph2,protein coding gene
ENSMUSG00000045996.12,20.77177504,-3.184339066,0.71910627,-4.428189823,9.50273E-06,5.52622E-05,ENSMUSG00000045996,ENSMUSG00000045996,Polr2k,protein coding gene
ENSMUSG00000046330.9,2630.526043,-2.089742107,0.295617338,-7.069078291,1.55966E-12,2.61797E-11,ENSMUSG00000046330,ENSMUSG00000046330,Rpl37a,protein coding gene
ENSMUSG00000046364.14,2307.470553,-3.189815984,0.26756817,-11.92150762,9.14387E-33,1.27405E-30,ENSMUSG00000046364,ENSMUSG00000046364,Rpl27a,protein coding gene
ENSMUSG00000046434.15,189.4900662,-3.027526878,0.312358937,-9.692461195,3.2461E-22,1.70128E-20,ENSMUSG00000046434,ENSMUSG00000046434,Hnrnpa1,protein coding gene
ENSMUSG00000046865.7,178.5097004,-2.05858086,0.316439488,-6.505448719,7.74618E-11,1.03391E-09,ENSMUSG00000046865,ENSMUSG00000046865,Fbl,protein coding gene
ENSMUSG00000046916.8,8.149571664,-3.841407875,1.201039172,-3.198403487,0.001381908,0.004698103,ENSMUSG00000046916,ENSMUSG00000046916,Myct1,protein coding gene
ENSMUSG00000047115.15,12.04103289,-2.042685802,0.88773759,-2.30100181,0.021391529,0.049374818,ENSMUSG00000047115,ENSMUSG00000047115,Fam221a,protein coding gene
ENSMUSG00000047187.9,485.8111169,-3.376956772,0.280501242,-12.03900826,2.21604E-33,3.30247E-31,ENSMUSG00000047187,ENSMUSG00000047187,Rab2a,protein coding gene
ENSMUSG00000047215.14,2899.961703,-2.814093641,0.237394786,-11.85406674,2.04995E-32,2.76631E-30,ENSMUSG00000047215,ENSMUSG00000047215,Rpl9,protein coding gene
ENSMUSG00000047446.18,178.7446811,-2.402210693,0.298397313,-8.050376424,8.25398E-16,2.10501E-14,ENSMUSG00000047446,ENSMUSG00000047446,Arl4a,protein coding gene
ENSMUSG00000047613.10,77.74449142,-2.060337961,0.381109304,-5.406160228,6.43902E-08,5.56771E-07,ENSMUSG00000047613,ENSMUSG00000047613,A430005L14Rik,protein coding gene
ENSMUSG00000047675.15,5240.275835,-2.171084185,0.276675642,-7.847037662,4.25979E-15,9.98691E-14,ENSMUSG00000047675,ENSMUSG00000047675,Rps8,protein coding gene
ENSMUSG00000047721.8,265.1879317,-3.362602484,0.422303482,-7.962526073,1.68562E-15,4.13279E-14,ENSMUSG00000047721,ENSMUSG00000047721,Bola2,protein coding gene
ENSMUSG00000047797.14,417.0702949,-2.304984153,0.277241416,-8.313996476,9.25319E-17,2.68327E-15,ENSMUSG00000047797,ENSMUSG00000047797,Gjb1,protein coding gene
ENSMUSG00000047843.16,235.9310054,-2.415452402,0.280780223,-8.602644371,7.79001E-18,2.62805E-16,ENSMUSG00000047843,ENSMUSG00000047843,Bri3,protein coding gene
ENSMUSG00000048007.4,17.96108595,-4.447758827,0.919414187,-4.837600819,1.31416E-06,9.09246E-06,ENSMUSG00000048007,ENSMUSG00000048007,Timm8a1,protein coding gene
ENSMUSG00000048087.5,15.30448211,-2.119836652,0.784703847,-2.701448016,0.006903827,0.019009928,ENSMUSG00000048087,ENSMUSG00000048087,Ahcyl,protein coding gene
ENSMUSG00000048100.13,49.17035696,-3.395453834,0.541482127,-6.270666505,3.59506E-10,4.34194E-09,ENSMUSG00000048100,ENSMUSG00000048100,Taf13,protein coding gene
ENSMUSG00000048222.3,38.88099332,-2.352413202,0.56427503,-4.168912459,3.06057E-05,0.000159768,ENSMUSG00000048222,ENSMUSG00000048222,Mfap1b,protein coding gene
ENSMUSG00000048758.13,2559.470954,-3.079525719,0.288153925,-10.68708581,1.16989E-26,9.59312E-25,ENSMUSG00000048758,ENSMUSG00000048758,Rpl29,protein coding gene
ENSMUSG00000048970.9,68.56968493,-2.201270577,0.399193939,-5.514288569,3.50194E-08,3.15875E-07,ENSMUSG00000048970,ENSMUSG00000048970,C1galt1c1,protein coding gene
ENSMUSG00000049047.11,70.77681942,-2.175663562,0.519449422,-4.188403082,2.80924E-05,0.000147956,ENSMUSG00000049047,ENSMUSG00000049047,Armcx3,protein coding gene
ENSMUSG00000049091.6,449.7559017,-2.306385448,0.268681953,-8.584072799,9.1572E-18,3.05918E-16,ENSMUSG00000049091,ENSMUSG00000049091,Sephs2,protein coding gene
ENSMUSG00000049299.14,76.04171268,-2.070273943,0.46799666,-4.423693842,9.70275E-06,5.63872E-05,ENSMUSG00000049299,ENSMUSG00000049299,Trappc1,protein coding gene
ENSMUSG00000049382.9,847.9960278,-2.087632012,0.258803572,-8.066472946,7.23581E-16,1.86404E-14,ENSMUSG00000049382,ENSMUSG00000049382,Krt8,protein coding gene
ENSMUSG00000049517.7,2557.844869,-2.681042526,0.249235283,-10.75707457,5.48849E-27,4.72672E-25,ENSMUSG00000049517,ENSMUSG00000049517,Rps23,protein coding gene
ENSMUSG00000049751.6,1123.292249,-4.473431146,0.269509956,-16.59838919,7.15864E-62,1.02237E-58,ENSMUSG00000049751,ENSMUSG00000049751,Rpl36al,protein coding gene
ENSMUSG00000049760.5,218.6262427,-3.011601592,0.290857081,-10.35423163,4.00388E-25,2.78937E-23,ENSMUSG00000049760,ENSMUSG00000049760,Micos13,protein coding gene
ENSMUSG00000049960.3,97.50666824,-2.8174398,0.383260212,-7.35124522,1.96369E-13,3.69415E-12,ENSMUSG00000049960,ENSMUSG00000049960,Mrps16,protein coding gene
ENSMUSG00000050043.16,74.70790784,-2.585523476,0.392685443,-6.584210145,4.5731E-11,6.33068E-10,ENSMUSG00000050043,ENSMUSG00000050043,Tmx2,protein coding gene
ENSMUSG00000050520.4,56.10750898,-2.282884793,0.44400129,-5.141617483,2.72383E-07,2.12767E-06,ENSMUSG00000050520,ENSMUSG00000050520,Cldn8,protein coding gene
ENSMUSG00000050549.8,49.76848424,-2.205215261,0.569574715,-3.871687424,0.000108085,0.000495812,ENSMUSG00000050549,ENSMUSG00000050549,Fam241a,protein coding gene
ENSMUSG00000050552.8,172.068055,-2.034346233,0.313300634,-6.493271987,8.39918E-11,1.11499E-09,ENSMUSG00000050552,ENSMUSG00000050552,Lamtor4,protein coding gene
ENSMUSG00000050608.11,306.6166653,-2.575246514,0.342862555,-7.5110171,5.86697E-14,1.18153E-12,ENSMUSG00000050608,ENSMUSG00000050608,Micos10,protein coding gene
ENSMUSG00000050621.6,48.46630198,-4.691863021,0.643446602,-7.291767495,3.05915E-13,5.60125E-12,ENSMUSG00000050621,ENSMUSG00000050621,Rps27rt,protein coding gene
ENSMUSG00000050732.9,497.4043846,-2.221374353,0.297428792,-7.468592196,8.10573E-14,1.60042E-12,ENSMUSG00000050732,ENSMUSG00000050732,Vamp8,protein coding gene
ENSMUSG00000050856.16,261.5161706,-2.892537368,0.396356501,-7.297817398,2.92473E-13,5.37812E-12,ENSMUSG00000050856,ENSMUSG00000050856,Atp5me,protein coding gene
ENSMUSG00000051154.11,212.9661617,-2.530121464,0.286425339,-8.833441456,1.01503E-18,3.82322E-17,ENSMUSG00000051154,ENSMUSG00000051154,Commd3,protein coding gene
ENSMUSG00000051234.6,170.1650461,-2.910902079,0.3510924,-8.290985743,1.12314E-16,3.22959E-15,ENSMUSG00000051234,ENSMUSG00000051234,Rnf7,protein coding gene
ENSMUSG00000051483.8,131.0977234,-2.731696499,0.319419281,-8.552071394,1.20899E-17,3.95413E-16,ENSMUSG00000051483,ENSMUSG00000051483,Cbr1,protein coding gene
ENSMUSG00000051579.10,118.5797361,-2.793487507,0.428805973,-6.514572291,7.28971E-11,9.76023E-10,ENSMUSG00000051579,ENSMUSG00000051579,Tceal8,protein coding gene
ENSMUSG00000051671.6,32.77959142,-2.704376876,0.60816126,-4.446808857,8.71553E-06,5.10656E-05,ENSMUSG00000051671,ENSMUSG00000051671,Coa6,protein coding gene
ENSMUSG00000051989.11,57.70242814,-2.540957603,0.537007464,-4.731698858,2.22649E-06,1.47611E-05,ENSMUSG00000051989,ENSMUSG00000051989,Smim11,protein coding gene
ENSMUSG00000052419.7,40.6104217,-2.449530017,0.517594876,-4.732523695,2.21745E-06,1.47126E-05,ENSMUSG00000052419,ENSMUSG00000052419,Smim30,protein coding gene
ENSMUSG00000052605.12,56.20306675,-2.859667695,0.474695685,-6.024212538,1.69935E-09,1.84676E-08,ENSMUSG00000052605,ENSMUSG00000052605,Isoc2b,protein coding gene
ENSMUSG00000052712.16,447.5525265,-2.527102236,0.320081934,-7.895172975,2.89913E-15,6.90073E-14,ENSMUSG00000052712,ENSMUSG00000052712,BC004004,protein coding gene
ENSMUSG00000052738.14,330.7769622,-2.597699197,0.257409947,-10.0916815,6.01305E-24,3.77479E-22,ENSMUSG00000052738,ENSMUSG00000052738,Suclg1,protein coding gene
ENSMUSG00000052833.9,82.47378021,-2.184750415,0.367294016,-5.948233084,2.71052E-09,2.87456E-08,ENSMUSG00000052833,ENSMUSG00000052833,Sae1,protein coding gene
ENSMUSG00000052914.4,66.92189828,-2.514501283,0.453567165,-5.543834471,2.95919E-08,2.70045E-07,ENSMUSG00000052914,ENSMUSG00000052914,Cyp2j6,protein coding gene
ENSMUSG00000052926.15,96.4271392,-2.023362026,0.406828667,-4.973499144,6.57551E-07,4.82824E-06,ENSMUSG00000052926,ENSMUSG00000052926,Rnaseh2a,protein coding gene
ENSMUSG00000052962.3,55.41984763,-2.199670629,0.44881417,-4.901072151,9.5315E-07,6.76401E-06,ENSMUSG00000052962,ENSMUSG00000052962,Mrpl35,protein coding gene
ENSMUSG00000053219.15,9.089369819,-3.347418172,1.120599182,-2.987168138,0.002815748,0.008738916,ENSMUSG00000053219,ENSMUSG00000053219,Raet1e,protein coding gene
ENSMUSG00000053317.11,830.3783557,-2.663038511,0.28490952,-9.346962186,9.02012E-21,4.14442E-19,ENSMUSG00000053317,ENSMUSG00000053317,Sec61b,protein coding gene
ENSMUSG00000053329.6,186.9799554,-2.05639564,0.321760272,-6.391080012,1.64718E-10,2.08643E-09,ENSMUSG00000053329,ENSMUSG00000053329,Gatd3a,protein coding gene
ENSMUSG00000053398.11,1509.864324,-2.744876741,0.235139167,-11.67341358,1.74287E-31,2.19627E-29,ENSMUSG00000053398,ENSMUSG00000053398,Phgdh,protein coding gene
ENSMUSG00000053453.8,35.53918042,-2.276850323,0.553326765,-4.114838585,3.8745E-05,0.000197095,ENSMUSG00000053453,ENSMUSG00000053453,Thoc7,protein coding gene
ENSMUSG00000053522.11,14.66936072,-2.612600955,1.114129569,-2.344970484,0.019028586,0.044766147,ENSMUSG00000053522,ENSMUSG00000053522,Lgals7,protein coding gene
ENSMUSG00000053746.8,15.51716602,-3.498306676,0.92990002,-3.76202452,0.000168544,0.000737615,ENSMUSG00000053746,ENSMUSG00000053746,Ptrh1,protein coding gene
ENSMUSG00000054079.12,79.21587391,-2.108266688,0.412217467,-5.114452586,3.14652E-07,2.42906E-06,ENSMUSG00000054079,ENSMUSG00000054079,Utp18,protein coding gene
ENSMUSG00000054091.9,76.53990961,-2.728763474,0.418408067,-6.521775481,6.948E-11,9.33188E-10,ENSMUSG00000054091,ENSMUSG00000054091,Arln,protein coding gene
ENSMUSG00000054106.7,65592.42279,-2.000751261,0.253356143,-7.896991324,2.85716E-15,6.8103E-14,ENSMUSG00000054106,ENSMUSG00000054106,Try4,protein coding gene
ENSMUSG00000054237.5,41.89877504,-2.554824199,0.485771239,-5.25931548,1.44593E-07,1.18396E-06,ENSMUSG00000054237,ENSMUSG00000054237,Fra10ac1,protein coding gene
ENSMUSG00000054312.6,275.5465521,-2.954412201,0.312593433,-9.45129324,3.3467E-21,1.59765E-19,ENSMUSG00000054312,ENSMUSG00000054312,Mrps21,protein coding gene
ENSMUSG00000054408.9,694.966412,-2.284925112,0.233245348,-9.796230172,1.16866E-22,6.33814E-21,ENSMUSG00000054408,ENSMUSG00000054408,Spcs3,protein coding gene
ENSMUSG00000054474.15,62.50598222,-2.393376084,0.412311145,-5.804781447,6.445E-09,6.51264E-08,ENSMUSG00000054474,ENSMUSG00000054474,Thnsl2,protein coding gene
ENSMUSG00000054850.4,18.17604061,-2.171507688,0.688328679,-3.154754051,0.001606335,0.005347584,ENSMUSG00000054850,ENSMUSG00000054850,Smim10l2a,protein coding gene
ENSMUSG00000055114.7,17.98069226,-6.875027876,1.362118476,-5.047305355,4.48085E-07,3.37848E-06,ENSMUSG00000055114,ENSMUSG00000055114,Anxa13,protein coding gene
ENSMUSG00000055302.5,485.2917133,-2.958780017,0.266930254,-11.08446859,1.49234E-28,1.52236E-26,ENSMUSG00000055302,ENSMUSG00000055302,Mrfap1,protein coding gene
ENSMUSG00000055760.12,23.41727845,-2.59137214,0.655865959,-3.951069736,7.78026E-05,0.000367222,ENSMUSG00000055760,ENSMUSG00000055760,Gemin6,protein coding gene
ENSMUSG00000055762.15,856.0833995,-2.022447377,0.269805597,-7.495943,6.58234E-14,1.31452E-12,ENSMUSG00000055762,ENSMUSG00000055762,Eef1d,protein coding gene
ENSMUSG00000055839.5,493.3913915,-2.369915259,0.342109136,-6.927366178,4.28748E-12,6.80359E-11,ENSMUSG00000055839,ENSMUSG00000055839,Elob,protein coding gene
ENSMUSG00000055900.14,30.77772778,-3.244458452,0.681409827,-4.761390756,1.92263E-06,1.28862E-05,ENSMUSG00000055900,ENSMUSG00000055900,Tmem69,protein coding gene
ENSMUSG00000056071.12,7.653266141,-6.62301821,1.582150131,-4.186087073,2.83805E-05,0.000149289,ENSMUSG00000056071,ENSMUSG00000056071,S100a9,protein coding gene
ENSMUSG00000056313.5,112.6700615,-2.803949295,0.348623299,-8.042919983,8.77226E-16,2.22066E-14,ENSMUSG00000056313,ENSMUSG00000056313,Tcim,protein coding gene
ENSMUSG00000056612.6,337.6968686,-3.609442734,0.354215353,-10.18996693,2.19839E-24,1.42712E-22,ENSMUSG00000056612,ENSMUSG00000056612,Ppp1r14b,protein coding gene
ENSMUSG00000056629.15,563.369446,-2.947525036,0.317379815,-9.287058899,1.5861E-20,7.07882E-19,ENSMUSG00000056629,ENSMUSG00000056629,Fkbp2,protein coding gene
ENSMUSG00000056671.6,19.49974574,-2.701957113,0.685049976,-3.94417518,8.00751E-05,0.00037722,ENSMUSG00000056671,ENSMUSG00000056671,Prelid2,protein coding gene
ENSMUSG00000057092.12,27.06648995,-2.278772317,0.622331367,-3.661670355,0.000250576,0.001047021,ENSMUSG00000057092,ENSMUSG00000057092,Fxyd3,protein coding gene
ENSMUSG00000057103.10,224.0695963,-2.160718579,0.409410831,-5.27762925,1.30866E-07,1.08138E-06,ENSMUSG00000057103,ENSMUSG00000057103,Nat8f1,protein coding gene
ENSMUSG00000057113.13,394.1066423,-2.474934086,0.245756209,-10.07068791,7.44555E-24,4.58999E-22,ENSMUSG00000057113,ENSMUSG00000057113,Npm1,protein coding gene
ENSMUSG00000057278.8,50.99832867,-2.25450838,0.642226217,-3.510458341,0.000447335,0.001742369,ENSMUSG00000057278,ENSMUSG00000057278,Snrpg,protein coding gene
ENSMUSG00000057322.12,1637.903233,-2.584584373,0.301186908,-8.581330403,9.37821E-18,3.1148E-16,ENSMUSG00000057322,ENSMUSG00000057322,Rpl38,protein coding gene
ENSMUSG00000057388.9,97.60621381,-2.172280245,0.438852422,-4.949910582,7.42476E-07,5.39404E-06,ENSMUSG00000057388,ENSMUSG00000057388,Mrpl18,protein coding gene
ENSMUSG00000057411.8,209.9353299,-2.502142478,0.330407673,-7.572894581,3.64998E-14,7.61918E-13,ENSMUSG00000057411,ENSMUSG00000057411,Antkmt,protein coding gene
ENSMUSG00000057506.4,44.75338463,-2.100117744,0.480240788,-4.373051597,1.22522E-05,6.97832E-05,ENSMUSG00000057506,ENSMUSG00000057506,Bloc1s2,protein coding gene
ENSMUSG00000057561.9,129.73807,-2.128959269,0.323989722,-6.571070391,4.99548E-11,6.87423E-10,ENSMUSG00000057561,ENSMUSG00000057561,Eif1a,protein coding gene
ENSMUSG00000057572.15,32.71558187,-2.541574784,0.783884437,-3.242282489,0.001185764,0.004123676,ENSMUSG00000057572,ENSMUSG00000057572,Zbtb8os,protein coding gene
ENSMUSG00000057858.7,16.57692928,-2.286932347,0.790634927,-2.892526335,0.003821571,0.011426045,ENSMUSG00000057858,ENSMUSG00000057858,Fam204a,protein coding gene
ENSMUSG00000058076.12,210.0675199,-2.224581493,0.265595387,-8.375828819,5.48366E-17,1.63726E-15,ENSMUSG00000058076,ENSMUSG00000058076,Sdhc,protein coding gene
ENSMUSG00000058119.6,374.8273937,-2.04813878,0.358696456,-5.70994987,1.13009E-08,1.10672E-07,ENSMUSG00000058119,ENSMUSG00000058119,Prss1l,protein coding gene
ENSMUSG00000058173.11,102.0939373,-2.793281425,0.415327825,-6.72548588,1.75007E-11,2.57228E-10,ENSMUSG00000058173,ENSMUSG00000058173,Smco4,protein coding gene
ENSMUSG00000058267.13,112.2879614,-3.286082863,0.401228869,-8.190045916,2.61127E-16,7.18329E-15,ENSMUSG00000058267,ENSMUSG00000058267,Mrps14,protein coding gene
ENSMUSG00000058546.8,334.2126837,-3.255607341,0.267360798,-12.17683133,4.13018E-34,6.67765E-32,ENSMUSG00000058546,ENSMUSG00000058546,Rpl23a,protein coding gene
ENSMUSG00000058558.12,4301.261466,-2.917899627,0.248480786,-11.74295879,7.67534E-32,9.96515E-30,ENSMUSG00000058558,ENSMUSG00000058558,Rpl5,protein coding gene
ENSMUSG00000058600.13,2151.813727,-2.982506319,0.275251866,-10.83555351,2.33549E-27,2.08467E-25,ENSMUSG00000058600,ENSMUSG00000058600,Rpl30,protein coding gene
ENSMUSG00000058704.7,47.90584333,-2.268228095,0.53633457,-4.229129024,2.34598E-05,0.000125838,ENSMUSG00000058704,ENSMUSG00000058704,Memo1,protein coding gene
ENSMUSG00000059005.13,294.3091064,-2.774373562,0.258900619,-10.71597887,8.56464E-27,7.16004E-25,ENSMUSG00000059005,ENSMUSG00000059005,Hnrnpa3,protein coding gene
ENSMUSG00000059070.16,3351.342963,-2.467021545,0.278508492,-8.857976036,8.14802E-19,3.09625E-17,ENSMUSG00000059070,ENSMUSG00000059070,Rpl18,protein coding gene
ENSMUSG00000059278.9,37.85455212,-3.722244546,0.741058345,-5.022876499,5.09033E-07,3.80786E-06,ENSMUSG00000059278,ENSMUSG00000059278,Naa38,protein coding gene
ENSMUSG00000059291.15,3230.226297,-2.773698546,0.266944875,-10.39052932,2.73829E-25,1.93921E-23,ENSMUSG00000059291,ENSMUSG00000059291,Rpl11,protein coding gene
ENSMUSG00000059355.13,114.5445513,-2.449159008,0.438396906,-5.586624756,2.31525E-08,2.1448E-07,ENSMUSG00000059355,ENSMUSG00000059355,Wdr83os,protein coding gene
ENSMUSG00000059363.10,55.29149452,-2.185840171,0.520627302,-4.198473959,2.6872E-05,0.000142447,ENSMUSG00000059363,ENSMUSG00000059363,Fxn,protein coding gene
ENSMUSG00000059518.14,106.9515444,-2.120655761,0.457956348,-4.630694103,3.64442E-06,2.30813E-05,ENSMUSG00000059518,ENSMUSG00000059518,Znhit1,protein coding gene
ENSMUSG00000059654.7,30697.42364,-2.271109959,0.291276931,-7.797081457,6.33553E-15,1.44789E-13,ENSMUSG00000059654,ENSMUSG00000059654,Reg1,protein coding gene
ENSMUSG00000059689.14,64.32711713,-2.508902846,0.422507894,-5.938120636,2.88308E-09,3.0519E-08,ENSMUSG00000059689,ENSMUSG00000059689,Zfp637,protein coding gene
ENSMUSG00000059796.16,787.0206236,-2.787187607,0.286795274,-9.718387494,2.51736E-22,1.32746E-20,ENSMUSG00000059796,ENSMUSG00000059796,Eif4a1,protein coding gene
ENSMUSG00000059897.4,9.446485452,-2.784676641,0.995037414,-2.79856476,0.005133028,0.014676314,ENSMUSG00000059897,ENSMUSG00000059897,Zfp930,protein coding gene
ENSMUSG00000060036.13,4154.863352,-2.715652799,0.211906392,-12.81534156,1.34545E-37,2.88228E-35,ENSMUSG00000060036,ENSMUSG00000060036,Rpl3,protein coding gene
ENSMUSG00000060073.9,163.2529808,-2.437991036,0.291021773,-8.377349275,5.4133E-17,1.61908E-15,ENSMUSG00000060073,ENSMUSG00000060073,Psma3,protein coding gene
ENSMUSG00000060126.14,10497.83032,-3.499586024,0.211229534,-16.56769275,1.19317E-61,1.57296E-58,ENSMUSG00000060126,ENSMUSG00000060126,Tpt1,protein coding gene
ENSMUSG00000060147.15,182.3390331,-3.06485049,0.340694572,-8.995888812,2.34328E-19,9.40496E-18,ENSMUSG00000060147,ENSMUSG00000060147,Serpinb6a,protein coding gene
ENSMUSG00000060152.14,167.0553415,-2.383105482,0.370844552,-6.426157459,1.3087E-10,1.68256E-09,ENSMUSG00000060152,ENSMUSG00000060152,Pop5,protein coding gene
ENSMUSG00000060180.12,23.92447945,-3.17456644,0.818792322,-3.877132645,0.000105695,0.000485109,ENSMUSG00000060180,ENSMUSG00000060180,Myh13,protein coding gene
ENSMUSG00000060373.14,201.3541245,-2.271626171,0.281189667,-8.078626063,6.55005E-16,1.69569E-14,ENSMUSG00000060373,ENSMUSG00000060373,Hnrnpc,protein coding gene
ENSMUSG00000060636.13,1456.64558,-3.263129177,0.283948628,-11.49197021,1.44772E-30,1.69938E-28,ENSMUSG00000060636,ENSMUSG00000060636,Rpl35a,protein coding gene
ENSMUSG00000060675.13,146.4298731,-2.025085027,0.323212455,-6.265491915,3.7165E-10,4.47914E-09,ENSMUSG00000060675,ENSMUSG00000060675,Plaat3,protein coding gene
ENSMUSG00000060739.7,258.3139958,-2.307213178,0.290534863,-7.941261,2.00136E-15,4.87899E-14,ENSMUSG00000060739,ENSMUSG00000060739,Nsa2,protein coding gene
ENSMUSG00000060791.15,42.11771086,-2.487341729,0.544328556,-4.569559511,4.8875E-06,3.0239E-05,ENSMUSG00000060791,ENSMUSG00000060791,Gmfg,protein coding gene
ENSMUSG00000060803.5,1254.888266,-4.740320859,0.310608769,-15.26138775,1.38276E-52,1.03034E-49,ENSMUSG00000060803,ENSMUSG00000060803,Gstp1,protein coding gene
ENSMUSG00000060860.8,83.88855183,-2.423375386,0.482122019,-5.026477304,4.99572E-07,3.74198E-06,ENSMUSG00000060860,ENSMUSG00000060860,Ube2s,protein coding gene
ENSMUSG00000060904.14,343.9549061,-2.50239854,0.279468242,-8.954142766,3.42386E-19,1.34275E-17,ENSMUSG00000060904,ENSMUSG00000060904,Arl1,protein coding gene
ENSMUSG00000060923.5,2.802375963,-5.172854077,2.112253511,-2.448974069,0.014326376,0.035332484,ENSMUSG00000060923,ENSMUSG00000060923,Acyp2,protein coding gene
ENSMUSG00000060938.14,2705.54369,-3.79396776,0.279013823,-13.59777707,4.1279E-42,1.31007E-39,ENSMUSG00000060938,ENSMUSG00000060938,Rpl26,protein coding gene
ENSMUSG00000060992.8,517.5687493,-2.223445293,0.267833214,-8.301604032,1.02715E-16,2.96352E-15,ENSMUSG00000060992,ENSMUSG00000060992,Copz1,protein coding gene
ENSMUSG00000061315.13,1496.434415,-2.495235208,0.194799936,-12.80921986,1.45591E-37,3.08042E-35,ENSMUSG00000061315,ENSMUSG00000061315,Naca,protein coding gene
ENSMUSG00000061360.7,159.9591798,-2.268018812,0.316329815,-7.169791471,7.51121E-13,1.30423E-11,ENSMUSG00000061360,ENSMUSG00000061360,Phf5a,protein coding gene
ENSMUSG00000061474.11,23.47813329,-3.133119114,0.69646266,-4.498617509,6.83968E-06,4.1086E-05,ENSMUSG00000061474,ENSMUSG00000061474,Kdg4,protein coding gene
ENSMUSG00000061477.3,3510.395497,-2.628584798,0.243356564,-10.80137209,3.39098E-27,2.96503E-25,ENSMUSG00000061477,ENSMUSG00000061477,Rps7,protein coding gene
ENSMUSG00000061518.10,388.0345911,-2.138047838,0.32652365,-6.547911117,5.83474E-11,7.95822E-10,ENSMUSG00000061518,ENSMUSG00000061518,Cox5b,protein coding gene
ENSMUSG00000061613.12,126.4473884,-2.406707357,0.425852594,-5.651503337,1.59051E-08,1.51266E-07,ENSMUSG00000061613,ENSMUSG00000061613,U2af1,protein coding gene
ENSMUSG00000061666.6,25.31998707,-2.453651498,0.757708811,-3.23825124,0.001202648,0.0041748,ENSMUSG00000061666,ENSMUSG00000061666,Gdpd1,protein coding gene
ENSMUSG00000061787.15,2523.548717,-2.223883003,0.279816345,-7.947652249,1.90079E-15,4.64043E-14,ENSMUSG00000061787,ENSMUSG00000061787,Rps17,protein coding gene
ENSMUSG00000061808.3,313.2815156,-2.204181628,0.401531405,-5.489437695,4.03215E-08,3.59537E-07,ENSMUSG00000061808,ENSMUSG00000061808,Ttr,protein coding gene
ENSMUSG00000061838.7,199.773961,-2.61795814,0.286028094,-9.152800695,5.54763E-20,2.35919E-18,ENSMUSG00000061838,ENSMUSG00000061838,Suclg2,protein coding gene
ENSMUSG00000061959.13,93.98109359,-2.460725916,0.416166701,-5.912837116,3.36265E-09,3.51611E-08,ENSMUSG00000061959,ENSMUSG00000061959,Ces1e,protein coding gene
ENSMUSG00000061983.6,3888.882775,-2.498734639,0.270869467,-9.224866376,2.83915E-20,1.24762E-18,ENSMUSG00000061983,ENSMUSG00000061983,Rps12,protein coding gene
ENSMUSG00000062006.12,1559.574973,-3.158488677,0.273596345,-11.54433797,7.88462E-31,9.44941E-29,ENSMUSG00000062006,ENSMUSG00000062006,Rpl34,protein coding gene
ENSMUSG00000062054.6,146.6061802,-2.019279097,0.306600693,-6.586022605,4.51765E-11,6.25897E-10,ENSMUSG00000062054,ENSMUSG00000062054,Iah1,protein coding gene
ENSMUSG00000062070.12,160.6542943,-3.049314166,0.302219724,-10.08972587,6.13406E-24,3.8343E-22,ENSMUSG00000062070,ENSMUSG00000062070,Pgk1,protein coding gene
ENSMUSG00000062328.7,3631.850943,-3.400339265,0.258534603,-13.15235652,1.64952E-39,4.38501E-37,ENSMUSG00000062328,ENSMUSG00000062328,Rpl17,protein coding gene
ENSMUSG00000062352.13,97.53974771,-2.034299714,0.352802458,-5.766115481,8.11195E-09,8.07332E-08,ENSMUSG00000062352,ENSMUSG00000062352,Itgb1bp1,protein coding gene
ENSMUSG00000062397.7,883.6693827,-2.617373608,0.199389285,-13.1269522,2.30758E-39,5.90259E-37,ENSMUSG00000062397,ENSMUSG00000062397,Zfp706,protein coding gene
ENSMUSG00000062580.9,96.57214076,-2.343238554,0.415804312,-5.635435922,1.74616E-08,1.64517E-07,ENSMUSG00000062580,ENSMUSG00000062580,Timm17a,protein coding gene
ENSMUSG00000062647.16,2800.044661,-2.459169494,0.184875124,-13.30178685,2.26002E-40,6.34954E-38,ENSMUSG00000062647,ENSMUSG00000062647,Rpl7a,protein coding gene
ENSMUSG00000062683.11,258.5912253,-2.915381118,0.32114669,-9.078035695,1.10552E-19,4.57642E-18,ENSMUSG00000062683,ENSMUSG00000062683,Atp5mc2,protein coding gene
ENSMUSG00000062751.5,324.4337909,-2.543552967,0.28408891,-8.953369444,3.44794E-19,1.3491E-17,ENSMUSG00000062751,ENSMUSG00000062751,Prss1,protein coding gene
ENSMUSG00000062762.15,215.5862819,-2.706456553,0.285342431,-9.484942511,2.42517E-21,1.17408E-19,ENSMUSG00000062762,ENSMUSG00000062762,Ei24,protein coding gene
ENSMUSG00000062867.13,136.3941811,-2.060523696,0.303097013,-6.798231608,1.05911E-11,1.5978E-10,ENSMUSG00000062867,ENSMUSG00000062867,Impdh2,protein coding gene
ENSMUSG00000062963.10,451.5507762,-3.679073713,0.278540873,-13.20838005,7.84956E-40,2.13533E-37,ENSMUSG00000062963,ENSMUSG00000062963,Ufc1,protein coding gene
ENSMUSG00000062981.4,175.3526195,-2.397226791,0.322461426,-7.434150555,1.05242E-13,2.05426E-12,ENSMUSG00000062981,ENSMUSG00000062981,Mrpl42,protein coding gene
ENSMUSG00000063049.4,51.08600075,-2.094409993,0.436414571,-4.799129392,1.59357E-06,1.08453E-05,ENSMUSG00000063049,ENSMUSG00000063049,Ing2,protein coding gene
ENSMUSG00000063089.4,23.40637192,-3.131647194,0.790493536,-3.961635423,7.44381E-05,0.000353483,ENSMUSG00000063089,ENSMUSG00000063089,Klk1b8,protein coding gene
ENSMUSG00000063172.13,6.226052283,-3.963424342,1.493684002,-2.653455709,0.007967223,0.021533238,ENSMUSG00000063172,ENSMUSG00000063172,Ift25,protein coding gene
ENSMUSG00000063253.10,32.59884269,-2.233795537,0.561069391,-3.981317769,6.85343E-05,0.000328267,ENSMUSG00000063253,ENSMUSG00000063253,Scoc,protein coding gene
ENSMUSG00000063275.15,58.75022606,-3.226438655,0.521823532,-6.183007205,6.28918E-10,7.3623E-09,ENSMUSG00000063275,ENSMUSG00000063275,Hacd1,protein coding gene
ENSMUSG00000063316.13,1187.185223,-3.103899447,0.276660015,-11.2191834,3.28288E-29,3.58356E-27,ENSMUSG00000063316,ENSMUSG00000063316,Rpl27,protein coding gene
ENSMUSG00000063320.11,29.84587963,-2.001344833,0.54549874,-3.668834931,0.000243658,0.001022732,ENSMUSG00000063320,ENSMUSG00000063320,Uqcc6,protein coding gene
ENSMUSG00000063457.14,4056.8847,-2.359076428,0.311352566,-7.576865223,3.54004E-14,7.40772E-13,ENSMUSG00000063457,ENSMUSG00000063457,Rps15,protein coding gene
ENSMUSG00000063480.7,104.3665472,-2.777223754,0.383184386,-7.247747706,4.23759E-13,7.58077E-12,ENSMUSG00000063480,ENSMUSG00000063480,Snu13,protein coding gene
ENSMUSG00000063694.5,108.2201667,-4.495699967,0.455958705,-9.859884057,6.21211E-23,3.44541E-21,ENSMUSG00000063694,ENSMUSG00000063694,Cycs,protein coding gene
ENSMUSG00000063713.7,34.20099809,-2.798330482,0.585206765,-4.781780814,1.73749E-06,1.17233E-05,ENSMUSG00000063713,ENSMUSG00000063713,Klk1b24,protein coding gene
ENSMUSG00000063787.3,139.055242,-2.540991679,0.412288094,-6.163145901,7.13137E-10,8.29718E-09,ENSMUSG00000063787,ENSMUSG00000063787,Chchd1,protein coding gene
ENSMUSG00000063800.5,43.12317752,-2.256175254,0.501331475,-4.500366254,6.78365E-06,4.08266E-05,ENSMUSG00000063800,ENSMUSG00000063800,Prpf38a,protein coding gene
ENSMUSG00000063882.12,833.7101114,-2.901276826,0.327833507,-8.849848374,8.76383E-19,3.32289E-17,ENSMUSG00000063882,ENSMUSG00000063882,Uqcrh,protein coding gene
ENSMUSG00000063889.16,20.96053395,-2.432637999,0.727508739,-3.343792135,0.000826416,0.003014713,ENSMUSG00000063889,ENSMUSG00000063889,Crem,protein coding gene
ENSMUSG00000063903.5,24354.59583,-2.253641739,0.246354618,-9.147958162,5.80198E-20,2.46124E-18,ENSMUSG00000063903,ENSMUSG00000063903,Klk1,protein coding gene
ENSMUSG00000064215.13,461.0047243,-2.150322721,0.267484907,-8.039043205,9.05427E-16,2.28867E-14,ENSMUSG00000064215,ENSMUSG00000064215,Ifi27,protein coding gene
ENSMUSG00000064264.14,11.53723474,-2.089368729,0.895060532,-2.33433232,0.019578328,0.045837893,ENSMUSG00000064264,ENSMUSG00000064264,Zfp428,protein coding gene
ENSMUSG00000064326.12,31.16047946,-3.269196349,0.632586164,-5.167985857,2.3663E-07,1.87056E-06,ENSMUSG00000064326,ENSMUSG00000064326,Siva1,protein coding gene
ENSMUSG00000064354.1,115.6500921,-7.761011856,0.832643994,-9.320924558,1.15331E-20,5.21515E-19,ENSMUSG00000064354,ENSMUSG00000064354,mt-Co2,protein coding gene
ENSMUSG00000064357.1,52.26405836,-6.617514286,0.869076532,-7.614420643,2.64877E-14,5.6112E-13,ENSMUSG00000064357,ENSMUSG00000064357,mt-Atp6,protein coding gene
ENSMUSG00000064358.1,80.15673964,-6.122859089,0.651115169,-9.403649894,5.27024E-21,2.46107E-19,ENSMUSG00000064358,ENSMUSG00000064358,mt-Co3,protein coding gene
ENSMUSG00000064360.1,20.8176286,-4.168835292,0.923056612,-4.516337607,6.29183E-06,3.81292E-05,ENSMUSG00000064360,ENSMUSG00000064360,mt-Nd3,protein coding gene
ENSMUSG00000065990.12,283.7967348,-3.263799012,0.316570454,-10.30986618,6.35898E-25,4.30752E-23,ENSMUSG00000065990,ENSMUSG00000065990,Aurkaip1,protein coding gene
ENSMUSG00000066150.12,143.8198234,-2.085594586,0.31936916,-6.530356865,6.56132E-11,8.84719E-10,ENSMUSG00000066150,ENSMUSG00000066150,Slc31a1,protein coding gene
ENSMUSG00000066512.3,1203.641613,-2.187485481,0.227282662,-9.624515399,6.30032E-22,3.23278E-20,ENSMUSG00000066512,ENSMUSG00000066512,Klk1b5,protein coding gene
ENSMUSG00000066513.4,187.0905844,-2.319876799,0.332542296,-6.97618566,3.03302E-12,4.91303E-11,ENSMUSG00000066513,ENSMUSG00000066513,Klk1b4,protein coding gene
ENSMUSG00000066515.3,209.9569907,-3.186481861,0.365070154,-8.728409657,2.58279E-18,9.29912E-17,ENSMUSG00000066515,ENSMUSG00000066515,Klk1b3,protein coding gene
ENSMUSG00000066516.5,26.06987727,-8.381642282,1.378170189,-6.08171788,1.18902E-09,1.33622E-08,ENSMUSG00000066516,ENSMUSG00000066516,Klk1b21,protein coding gene
ENSMUSG00000066551.12,149.8901124,-2.089918116,0.316188398,-6.609724239,3.85037E-11,5.36484E-10,ENSMUSG00000066551,ENSMUSG00000066551,Hmgb1,protein coding gene
ENSMUSG00000066613.14,44.65158214,-3.042531057,0.516430844,-5.891458831,3.82801E-09,3.97362E-08,ENSMUSG00000066613,ENSMUSG00000066613,Zfp932,protein coding gene
ENSMUSG00000066637.1,19.0470741,-2.086573106,0.732375785,-2.849047099,0.004385039,0.012872695,ENSMUSG00000066637,ENSMUSG00000066637,Ttc32,protein coding gene
ENSMUSG00000067194.6,204.6070039,-2.498861476,0.282418198,-8.84808943,8.90303E-19,3.36124E-17,ENSMUSG00000067194,ENSMUSG00000067194,Eif1ax,protein coding gene
ENSMUSG00000067288.12,1688.583687,-2.45508814,0.309760156,-7.925771248,2.26735E-15,5.47293E-14,ENSMUSG00000067288,ENSMUSG00000067288,Rps28,protein coding gene
ENSMUSG00000067365.10,45.38553846,-2.020663071,0.556296666,-3.632347983,0.000280854,0.001155371,ENSMUSG00000067365,ENSMUSG00000067365,Tmem128,protein coding gene
ENSMUSG00000067367.9,161.2067254,-2.457040961,0.369296482,-6.653301831,2.8659E-11,4.07261E-10,ENSMUSG00000067367,ENSMUSG00000067367,Lyar,protein coding gene
ENSMUSG00000067847.13,258.4383963,-3.393746765,0.402432164,-8.433090276,3.36655E-17,1.04144E-15,ENSMUSG00000067847,ENSMUSG00000067847,Romo1,protein coding gene
ENSMUSG00000067995.4,34.51869938,-2.27522431,0.564600041,-4.029798344,5.58247E-05,0.000274108,ENSMUSG00000067995,ENSMUSG00000067995,Gtf2f2,protein coding gene
ENSMUSG00000068079.5,10.17580598,-3.159923,1.157925251,-2.728952493,0.006353586,0.017682324,ENSMUSG00000068079,ENSMUSG00000068079,Tcf15,protein coding gene
ENSMUSG00000068134.13,19.04195763,-2.032172609,0.691209861,-2.940022596,0.003281883,0.009983123,ENSMUSG00000068134,ENSMUSG00000068134,Zfp120,protein coding gene
ENSMUSG00000068184.6,23.17209965,-2.536398828,0.691763585,-3.666568872,0.000245827,0.001030572,ENSMUSG00000068184,ENSMUSG00000068184,Ndufaf2,protein coding gene
ENSMUSG00000068205.14,19.57268977,-2.517739538,0.751249438,-3.351402888,0.000804032,0.002942993,ENSMUSG00000068205,ENSMUSG00000068205,Macrod2,protein coding gene
ENSMUSG00000068240.5,64.19161387,-2.539698403,0.458033841,-5.544783328,2.94318E-08,2.68728E-07,ENSMUSG00000068240,ENSMUSG00000068240,Uba52rt,protein coding gene
ENSMUSG00000068290.11,435.0729495,-2.62960271,0.265013845,-9.922510705,3.32291E-23,1.94364E-21,ENSMUSG00000068290,ENSMUSG00000068290,Ddrgk1,protein coding gene
ENSMUSG00000068341.8,1608.553951,-2.412176903,0.291177007,-8.284228661,1.18877E-16,3.41259E-15,ENSMUSG00000068341,ENSMUSG00000068341,Reg3d,protein coding gene
ENSMUSG00000068523.12,176.5020344,-2.441158465,0.282806833,-8.631893508,6.03446E-18,2.08505E-16,ENSMUSG00000068523,ENSMUSG00000068523,Gng5,protein coding gene
ENSMUSG00000068686.12,9.198498732,-4.80856652,1.407258252,-3.41697518,0.000633211,0.002383999,ENSMUSG00000068686,ENSMUSG00000068686,Cd59b,protein coding gene
ENSMUSG00000068762.11,13.11284759,-3.913055391,1.038590722,-3.767658719,0.000164786,0.000723386,ENSMUSG00000068762,ENSMUSG00000068762,Gstm6,protein coding gene
ENSMUSG00000068798.10,123.6469059,-2.489740161,0.3615052,-6.887148953,5.69216E-12,8.92518E-11,ENSMUSG00000068798,ENSMUSG00000068798,Rap1a,protein coding gene
ENSMUSG00000069208.8,15.5619945,-3.006507055,0.980210292,-3.06720617,0.002160698,0.006917623,ENSMUSG00000069208,ENSMUSG00000069208,Zfp825,protein coding gene
ENSMUSG00000069899.3,4.94818827,-4.203042601,1.640941978,-2.561359669,0.010426335,0.027065516,ENSMUSG00000069899,ENSMUSG00000069899,Sft2d1rt,protein coding gene
ENSMUSG00000069919.7,2494.628021,-2.866365369,0.2626294,-10.91410698,9.86945E-28,9.19253E-26,ENSMUSG00000069919,ENSMUSG00000069919,Hba-a1,protein coding gene
ENSMUSG00000070394.10,247.8815281,-2.108133984,0.375458815,-5.614820861,1.96766E-08,1.8397E-07,ENSMUSG00000070394,ENSMUSG00000070394,Tmem256,protein coding gene
ENSMUSG00000070493.3,486.4420548,-3.119729095,0.282874704,-11.02866056,2.77974E-28,2.70677E-26,ENSMUSG00000070493,ENSMUSG00000070493,Chchd2,protein coding gene
ENSMUSG00000071014.10,57.94620229,-3.330234347,0.505898898,-6.58280609,4.61651E-11,6.38046E-10,ENSMUSG00000071014,ENSMUSG00000071014,Ndufb6,protein coding gene
ENSMUSG00000071072.12,129.0656233,-2.015144101,0.331058372,-6.086975197,1.15064E-09,1.29479E-08,ENSMUSG00000071072,ENSMUSG00000071072,Ptges3,protein coding gene
ENSMUSG00000071356.7,490.9284285,-4.279736012,0.361454222,-11.84032651,2.41511E-32,3.2336E-30,ENSMUSG00000071356,ENSMUSG00000071356,Reg3b,protein coding gene
ENSMUSG00000071415.6,2837.19336,-3.627765722,0.228110076,-15.90357507,5.98496E-57,5.69835E-54,ENSMUSG00000071415,ENSMUSG00000071415,Rpl23,protein coding gene
ENSMUSG00000071517.6,190.0722902,-3.230166918,0.351225848,-9.196837112,3.68641E-20,1.61167E-18,ENSMUSG00000071517,ENSMUSG00000071517,Prss3l,protein coding gene
ENSMUSG00000071519.6,2408.062151,-2.019751181,0.267568856,-7.548528675,4.40203E-14,9.10036E-13,ENSMUSG00000071519,ENSMUSG00000071519,Prss3,protein coding gene
ENSMUSG00000071521.4,3964.961003,-2.761031002,0.295853144,-9.332437602,1.03464E-20,4.72842E-19,ENSMUSG00000071521,ENSMUSG00000071521,Try10,protein coding gene
ENSMUSG00000071528.3,136.1902101,-3.058783386,0.364886358,-8.382838429,5.16664E-17,1.55072E-15,ENSMUSG00000071528,ENSMUSG00000071528,Atp5mk,protein coding gene
ENSMUSG00000071553.10,38275.81538,-2.445322207,0.235843105,-10.3684278,3.45157E-25,2.43428E-23,ENSMUSG00000071553,ENSMUSG00000071553,Cpa2,protein coding gene
ENSMUSG00000071644.10,3128.691481,-2.829478365,0.222036361,-12.74331084,3.39668E-37,6.76888E-35,ENSMUSG00000071644,ENSMUSG00000071644,Eef1g,protein coding gene
ENSMUSG00000071654.5,105.0682061,-2.505927009,0.437088257,-5.733228858,9.85365E-09,9.69971E-08,ENSMUSG00000071654,ENSMUSG00000071654,Uqcc3,protein coding gene
ENSMUSG00000071662.3,66.57903062,-2.512457142,0.45509072,-5.520783076,3.37492E-08,3.05326E-07,ENSMUSG00000071662,ENSMUSG00000071662,Polr2g,protein coding gene
ENSMUSG00000071708.11,17.70936173,-2.061188229,0.828330925,-2.488363245,0.012833258,0.032272396,ENSMUSG00000071708,ENSMUSG00000071708,Sms,protein coding gene
ENSMUSG00000071711.11,100.8809446,-2.597282961,0.430850664,-6.028267283,1.65727E-09,1.80651E-08,ENSMUSG00000071711,ENSMUSG00000071711,Mpst,protein coding gene
ENSMUSG00000071866.11,802.1414301,-3.571117283,0.279566262,-12.77377769,2.29728E-37,4.74347E-35,ENSMUSG00000071866,ENSMUSG00000071866,Ppia,protein coding gene
ENSMUSG00000072115.10,321.6516774,-2.466144923,0.296520145,-8.316955732,9.02514E-17,2.62157E-15,ENSMUSG00000072115,ENSMUSG00000072115,Ang,protein coding gene
ENSMUSG00000072582.9,58.13544858,-2.859457224,0.484309179,-5.90419787,3.54367E-09,3.69637E-08,ENSMUSG00000072582,ENSMUSG00000072582,Ptrh2,protein coding gene
ENSMUSG00000072692.7,190.6171746,-3.137406998,0.387637578,-8.093660611,5.78979E-16,1.52407E-14,ENSMUSG00000072692,ENSMUSG00000072692,Rpl37rt,protein coding gene
ENSMUSG00000072944.11,21.21693854,-3.461201094,0.733644358,-4.717818729,2.38387E-06,1.57255E-05,ENSMUSG00000072944,ENSMUSG00000072944,Nup62cl,protein coding gene
ENSMUSG00000072946.12,56.78887193,-2.076795994,0.466248093,-4.454272357,8.41782E-06,4.94565E-05,ENSMUSG00000072946,ENSMUSG00000072946,Ptgr2,protein coding gene
ENSMUSG00000073616.10,166.2555382,-2.247887047,0.351532892,-6.394528367,1.61044E-10,2.04337E-09,ENSMUSG00000073616,ENSMUSG00000073616,Cops9,protein coding gene
ENSMUSG00000073633.9,13.47674879,-2.25827767,0.913990503,-2.470788989,0.013481534,0.033596995,ENSMUSG00000073633,ENSMUSG00000073633,Fbxo36,protein coding gene
ENSMUSG00000073676.4,198.8939214,-3.285592883,0.384329575,-8.548894212,1.24273E-17,4.05676E-16,ENSMUSG00000073676,ENSMUSG00000073676,Hspe1,protein coding gene
ENSMUSG00000073702.11,2415.814135,-2.765752368,0.300040308,-9.217936052,3.02874E-20,1.32753E-18,ENSMUSG00000073702,ENSMUSG00000073702,Rpl31,protein coding gene
ENSMUSG00000073838.10,192.0746822,-2.062456496,0.304310393,-6.77747637,1.22293E-11,1.82725E-10,ENSMUSG00000073838,ENSMUSG00000073838,Tufm,protein coding gene
ENSMUSG00000073888.12,20.70123564,-3.093603036,0.744862678,-4.153252842,3.27782E-05,0.000169714,ENSMUSG00000073888,ENSMUSG00000073888,Ccl27a,protein coding gene
ENSMUSG00000073889.10,323.3063223,-2.438905529,0.298536763,-8.169531619,3.09589E-16,8.4218E-15,ENSMUSG00000073889,ENSMUSG00000073889,Il11ra1,protein coding gene
ENSMUSG00000073987.4,1350.391769,-2.814834941,0.302040718,-9.319388977,1.17012E-20,5.27725E-19,ENSMUSG00000073987,ENSMUSG00000073987,Ggh,protein coding gene
ENSMUSG00000073988.13,27.37426567,-2.039760488,0.598553199,-3.407818202,0.000654845,0.00245413,ENSMUSG00000073988,ENSMUSG00000073988,Ttpa,protein coding gene
ENSMUSG00000074182.8,26.16228623,-3.070453226,0.694863496,-4.418786198,9.92568E-06,5.74878E-05,ENSMUSG00000074182,ENSMUSG00000074182,Znhit6,protein coding gene
ENSMUSG00000074227.12,1363.382196,-2.36863947,0.209921975,-11.28342792,1.58449E-29,1.79834E-27,ENSMUSG00000074227,ENSMUSG00000074227,Spint2,protein coding gene
ENSMUSG00000074264.12,758.0776541,-2.420037035,0.271430909,-8.915849119,4.84092E-19,1.87701E-17,ENSMUSG00000074264,ENSMUSG00000074264,Amy1,protein coding gene
ENSMUSG00000074268.4,801.1326799,-2.043193702,0.259638277,-7.869385538,3.56387E-15,8.4129E-14,ENSMUSG00000074268,ENSMUSG00000074268,Amy2a5,protein coding gene
ENSMUSG00000074457.10,308.3266017,-2.344504417,0.323157502,-7.254989918,4.01692E-13,7.21614E-12,ENSMUSG00000074457,ENSMUSG00000074457,S100a16,protein coding gene
ENSMUSG00000074754.4,26.27412698,-3.677095871,0.676657337,-5.434206753,5.50407E-08,4.80534E-07,ENSMUSG00000074754,ENSMUSG00000074754,Smim26,protein coding gene
ENSMUSG00000074829.10,28.82456081,-2.070065778,0.583561873,-3.547294427,0.000389209,0.001545833,ENSMUSG00000074829,ENSMUSG00000074829,2010315B03Rik,protein coding gene
ENSMUSG00000074884.12,301.6120471,-2.221871227,0.326956926,-6.795608382,1.07856E-11,1.62286E-10,ENSMUSG00000074884,ENSMUSG00000074884,Serf2,protein coding gene
ENSMUSG00000075229.10,43.23618918,-2.641885042,0.574437972,-4.599078007,4.24365E-06,2.65526E-05,ENSMUSG00000075229,ENSMUSG00000075229,Mix23,protein coding gene
ENSMUSG00000075232.4,176.5999568,-2.00199508,0.308134736,-6.497141822,8.18603E-11,1.08786E-09,ENSMUSG00000075232,ENSMUSG00000075232,Amd1,protein coding gene
ENSMUSG00000075420.6,77.56645203,-2.133983633,0.416627325,-5.122044343,3.02241E-07,2.34321E-06,ENSMUSG00000075420,ENSMUSG00000075420,Erln,protein coding gene
ENSMUSG00000075486.9,86.35615725,-2.231226954,0.355510523,-6.276120704,3.47125E-10,4.20723E-09,ENSMUSG00000075486,ENSMUSG00000075486,Commd6,protein coding gene
ENSMUSG00000075700.9,273.7041977,-2.452954634,0.26132113,-9.38674433,6.18835E-21,2.85865E-19,ENSMUSG00000075700,ENSMUSG00000075700,Selenot,protein coding gene
ENSMUSG00000075701.9,609.0785935,-2.070666368,0.261605992,-7.915210024,2.46836E-15,5.92476E-14,ENSMUSG00000075701,ENSMUSG00000075701,Selenos,protein coding gene
ENSMUSG00000075705.12,915.307562,-2.09543982,0.277035897,-7.563784481,3.91508E-14,8.1428E-13,ENSMUSG00000075705,ENSMUSG00000075705,Msrb1,protein coding gene
ENSMUSG00000075706.10,617.4400837,-2.783527318,0.265374112,-10.4890688,9.69794E-26,7.19495E-24,ENSMUSG00000075706,ENSMUSG00000075706,Gpx4,protein coding gene
ENSMUSG00000076432.12,264.3833355,-2.000727638,0.290331127,-6.891192335,5.53267E-12,8.691E-11,ENSMUSG00000076432,ENSMUSG00000076432,Ywhaq,protein coding gene
ENSMUSG00000076437.10,53.45780324,-2.808213131,0.585410775,-4.796995973,1.61063E-06,1.09362E-05,ENSMUSG00000076437,ENSMUSG00000076437,Selenoh,protein coding gene
ENSMUSG00000078193.2,141.6198659,-4.47254936,0.452745989,-9.878716695,5.1488E-23,2.92186E-21,ENSMUSG00000078193,ENSMUSG00000078193,Rpl35rt,protein coding gene
ENSMUSG00000078427.2,49.0500673,-2.301613468,0.498612525,-4.61603621,3.91139E-06,2.46265E-05,ENSMUSG00000078427,ENSMUSG00000078427,Sarnp,protein coding gene
ENSMUSG00000078453.2,33.77409652,-4.226376997,0.653674093,-6.465572131,1.00916E-10,1.32023E-09,ENSMUSG00000078453,ENSMUSG00000078453,Abracl,protein coding gene
ENSMUSG00000078495.10,13.19939351,-2.321204023,0.832149103,-2.789408791,0.005280437,0.015050079,ENSMUSG00000078495,ENSMUSG00000078495,Zfp984,protein coding gene
ENSMUSG00000078566.8,28.75744125,-2.968731515,0.658494237,-4.5083637,6.53295E-06,3.94787E-05,ENSMUSG00000078566,ENSMUSG00000078566,Bnip3,protein coding gene
ENSMUSG00000078572.3,90.14242461,-2.172353591,0.457959023,-4.743554517,2.1E-06,1.3993E-05,ENSMUSG00000078572,ENSMUSG00000078572,Ndufaf8,protein coding gene
ENSMUSG00000078681.10,165.9153902,-2.00170786,0.345383264,-5.795613366,6.80719E-09,6.87053E-08,ENSMUSG00000078681,ENSMUSG00000078681,Tm2d3,protein coding gene
ENSMUSG00000078695.8,58.53302881,-2.519900789,0.485983459,-5.185157523,2.15832E-07,1.71485E-06,ENSMUSG00000078695,ENSMUSG00000078695,Cisd3,protein coding gene
ENSMUSG00000078713.8,92.85421518,-2.972943201,0.438536222,-6.779242053,1.20808E-11,1.80664E-10,ENSMUSG00000078713,ENSMUSG00000078713,Tomm5,protein coding gene
ENSMUSG00000078812.10,1893.811389,-2.29533173,0.253540017,-9.053133926,1.38923E-19,5.72322E-18,ENSMUSG00000078812,ENSMUSG00000078812,Eif5a,protein coding gene
ENSMUSG00000078963.2,72.32147078,-2.22805277,0.390338343,-5.708003865,1.14309E-08,1.1188E-07,ENSMUSG00000078963,ENSMUSG00000078963,Hsbp1l1,protein coding gene
ENSMUSG00000078970.5,32.76922813,-2.160878216,0.567458992,-3.807990084,0.000140101,0.000625273,ENSMUSG00000078970,ENSMUSG00000078970,Dnaaf10,protein coding gene
ENSMUSG00000078974.10,469.960547,-5.03912802,0.338102706,-14.90413395,3.09804E-50,2.04208E-47,ENSMUSG00000078974,ENSMUSG00000078974,Sec61g,protein coding gene
ENSMUSG00000079418.3,30.2511294,-2.403564095,0.594951275,-4.039934357,5.34662E-05,0.000263457,ENSMUSG00000079418,ENSMUSG00000079418,Atg4a,protein coding gene
ENSMUSG00000079427.10,12.54960262,-2.100749897,0.812469098,-2.585636675,0.009719933,0.02547098,ENSMUSG00000079427,ENSMUSG00000079427,Mthfsl,protein coding gene
ENSMUSG00000079435.9,1365.787198,-4.275923039,0.289531214,-14.76843541,2.34084E-49,1.29411E-46,ENSMUSG00000079435,ENSMUSG00000079435,Rpl36a,protein coding gene
ENSMUSG00000079480.3,40.71573775,-4.647874766,0.678578419,-6.849429096,7.41453E-12,1.14581E-10,ENSMUSG00000079480,ENSMUSG00000079480,Pin4,protein coding gene
ENSMUSG00000079508.8,47.24688047,-3.091143816,0.486139536,-6.358552606,2.03664E-10,2.55332E-09,ENSMUSG00000079508,ENSMUSG00000079508,Apoo,protein coding gene
ENSMUSG00000079516.2,32.75730121,-2.39888831,0.669553857,-3.582816057,0.00033991,0.001370032,ENSMUSG00000079516,ENSMUSG00000079516,Reg3a,protein coding gene
ENSMUSG00000079523.8,110.9886657,-2.082840015,0.489656525,-4.253675605,2.1029E-05,0.000114049,ENSMUSG00000079523,ENSMUSG00000079523,Tmsb10,protein coding gene
ENSMUSG00000079641.3,1075.44345,-2.734721625,0.262547172,-10.41611532,2.09329E-25,1.50104E-23,ENSMUSG00000079641,ENSMUSG00000079641,Rpl39,protein coding gene
ENSMUSG00000079658.9,71.36740702,-2.696129491,0.452057061,-5.964135331,2.45933E-09,2.62277E-08,ENSMUSG00000079658,ENSMUSG00000079658,Eloc,protein coding gene
ENSMUSG00000079941.1,10.13737435,-3.083444387,1.08558374,-2.840356089,0.00450632,0.013173927,ENSMUSG00000079941,ENSMUSG00000079941,Cox5b-ps,protein coding gene
ENSMUSG00000081058.5,29.52285853,-2.17296852,0.625600149,-3.473414327,0.000513881,0.001971547,ENSMUSG00000081058,ENSMUSG00000081058,H3c15,protein coding gene
ENSMUSG00000084786.9,244.5421523,-2.841524092,0.319948454,-8.881193385,6.61468E-19,2.53041E-17,ENSMUSG00000084786,ENSMUSG00000084786,Ubl5,protein coding gene
ENSMUSG00000086316.8,17.64633289,-2.066908984,0.746235979,-2.769779324,0.005609428,0.015899262,ENSMUSG00000086316,ENSMUSG00000086316,Nbdy,protein coding gene
ENSMUSG00000086784.2,187.2144016,-2.856612258,0.360256815,-7.929377434,2.20247E-15,5.33889E-14,ENSMUSG00000086784,ENSMUSG00000086784,Isoc2a,protein coding gene
ENSMUSG00000087260.5,73.87567123,-2.930405204,0.410226821,-7.143377884,9.10648E-13,1.57167E-11,ENSMUSG00000087260,ENSMUSG00000087260,Lamtor5,protein coding gene
ENSMUSG00000087687.3,44.11529758,-2.446663792,0.612353119,-3.995511277,6.45548E-05,0.000311207,ENSMUSG00000087687,ENSMUSG00000087687,Pet100,protein coding gene
ENSMUSG00000090000.1,59.62458305,-2.727710782,0.452631891,-6.026333618,1.67721E-09,1.82392E-08,ENSMUSG00000090000,ENSMUSG00000090000,Ier3ip1,protein coding gene
ENSMUSG00000090266.10,84.292572,-2.292518816,0.376339928,-6.0916173,1.11776E-09,1.26027E-08,ENSMUSG00000090266,ENSMUSG00000090266,Mettl23,protein coding gene
ENSMUSG00000090553.8,61.83896007,-3.066247045,0.486982504,-6.296421367,3.04596E-10,3.73135E-09,ENSMUSG00000090553,ENSMUSG00000090553,Snrpe,protein coding gene
ENSMUSG00000090733.6,1117.184458,-2.12404751,0.293032269,-7.248510615,4.21379E-13,7.54608E-12,ENSMUSG00000090733,ENSMUSG00000090733,Rps27,protein coding gene
ENSMUSG00000090841.1,755.1793962,-2.464080158,0.322572374,-7.638844344,2.1918E-14,4.68952E-13,ENSMUSG00000090841,ENSMUSG00000090841,Myl6,protein coding gene
ENSMUSG00000090862.3,1926.141169,-2.697568121,0.276267129,-9.764347042,1.6014E-22,8.52324E-21,ENSMUSG00000090862,ENSMUSG00000090862,Rps13,protein coding gene
ENSMUSG00000091337.3,136.0223082,-2.90565778,0.331811799,-8.756945329,2.00613E-18,7.36211E-17,ENSMUSG00000091337,ENSMUSG00000091337,Eid1,protein coding gene
ENSMUSG00000091537.2,185.1600038,-3.744575498,0.415146696,-9.019885099,1.88287E-19,7.64658E-18,ENSMUSG00000091537,ENSMUSG00000091537,Tma7,protein coding gene
ENSMUSG00000091625.8,17.01622974,-3.906511466,0.877951788,-4.44957402,8.60408E-06,5.04298E-05,ENSMUSG00000091625,ENSMUSG00000091625,Lsm5,protein coding gene
ENSMUSG00000091705.8,44.43491854,-2.412167865,0.549343379,-4.391001978,1.1283E-05,6.46065E-05,ENSMUSG00000091705,ENSMUSG00000091705,H2-Q2,protein coding gene
ENSMUSG00000091896.7,152.8960157,-2.065731668,0.289892065,-7.125864816,1.03429E-12,1.76903E-11,ENSMUSG00000091896,ENSMUSG00000091896,Ube2d2a,protein coding gene
ENSMUSG00000092116.1,9.325583249,-4.809997135,1.441189232,-3.337519479,0.000845298,0.003071823,ENSMUSG00000092116,ENSMUSG00000092116,Sec61bl,protein coding gene
ENSMUSG00000094724.7,33.18708443,-2.26986561,0.613339819,-3.700828706,0.000214897,0.000915233,ENSMUSG00000094724,ENSMUSG00000094724,Rnaset2b,protein coding gene
ENSMUSG00000094808.2,13.82222413,-3.206525014,0.971130254,-3.301848544,0.000960499,0.003438695,ENSMUSG00000094808,ENSMUSG00000094808,1810009J06Rik,protein coding gene
ENSMUSG00000095098.1,133.7985827,-3.592538069,0.431788085,-8.320141735,8.78582E-17,2.56074E-15,ENSMUSG00000095098,ENSMUSG00000095098,Ccdc85b,protein coding gene
ENSMUSG00000095687.1,51.9877432,-2.191442891,0.432972555,-5.06138984,4.16211E-07,3.14785E-06,ENSMUSG00000095687,ENSMUSG00000095687,Rnaset2a,protein coding gene
ENSMUSG00000096210.1,714.6139942,-2.284327182,0.258998918,-8.81983291,1.14631E-18,4.3082E-17,ENSMUSG00000096210,ENSMUSG00000096210,H1f0,protein coding gene
ENSMUSG00000096255.1,14.45091669,-2.277065461,0.983006907,-2.31642875,0.020534871,0.047718862,ENSMUSG00000096255,ENSMUSG00000096255,Dynlt1b,protein coding gene
ENSMUSG00000096525.2,14.57641796,-5.762394789,1.307238134,-4.408068153,1.04297E-05,6.01628E-05,ENSMUSG00000096525,ENSMUSG00000096525,Gm2663,protein coding gene