gene,baseMean,log2FoldChange,lfcSE,stat,pvalue,padj,gene,Input,Symbol,Feature Type
ENSMUSG00000000094.12,10.03512168,3.345646269,1.241631519,2.694556491,0.007048238,0.019342306,ENSMUSG00000000094,ENSMUSG00000000094,Tbx4,protein coding gene
ENSMUSG00000000120.6,3.768613531,5.266049221,2.273437486,2.316337816,0.020539831,0.047723919,ENSMUSG00000000120,ENSMUSG00000000120,Ngfr,protein coding gene
ENSMUSG00000000157.15,23.65087204,2.170107269,0.680063786,3.191034892,0.001417642,0.004796751,ENSMUSG00000000157,ENSMUSG00000000157,Itgb2l,protein coding gene
ENSMUSG00000000409.14,27.44689815,3.186990482,0.847768273,3.759270763,0.000170409,0.000744829,ENSMUSG00000000409,ENSMUSG00000000409,Lck,protein coding gene
ENSMUSG00000000411.7,3.031684504,4.913136658,2.104261833,2.334850436,0.019551235,0.045786973,ENSMUSG00000000411,ENSMUSG00000000411,Tssk3,protein coding gene
ENSMUSG00000000416.16,14.50312805,2.956173681,0.924893942,3.196229908,0.001392361,0.004729888,ENSMUSG00000000416,ENSMUSG00000000416,Cttnbp2,protein coding gene
ENSMUSG00000000441.17,79.9821278,2.573801057,0.53597302,4.80210936,1.57003E-06,1.07029E-05,ENSMUSG00000000441,ENSMUSG00000000441,Raf1,protein coding gene
ENSMUSG00000000794.9,14.59248528,2.407531862,0.853634697,2.820330373,0.004797423,0.013874154,ENSMUSG00000000794,ENSMUSG00000000794,Kcnn3,protein coding gene
ENSMUSG00000000861.15,44.54496413,2.340371878,0.565409864,4.139248409,3.48445E-05,0.00017946,ENSMUSG00000000861,ENSMUSG00000000861,Bcl11a,protein coding gene
ENSMUSG00000001034.17,68.11450901,2.019143631,0.42761408,4.721882939,2.33671E-06,1.54469E-05,ENSMUSG00000001034,ENSMUSG00000001034,Mapk7,protein coding gene
ENSMUSG00000001065.14,93.58601176,2.557587525,0.385152947,6.640446462,3.12734E-11,4.4076E-10,ENSMUSG00000001065,ENSMUSG00000001065,Zfp276,protein coding gene
ENSMUSG00000001098.15,62.2231922,2.075167612,0.550533347,3.769376777,0.000163656,0.000718793,ENSMUSG00000001098,ENSMUSG00000001098,Kctd10,protein coding gene
ENSMUSG00000001151.9,101.8869127,2.395618356,0.349565462,6.853132299,7.22502E-12,1.11955E-10,ENSMUSG00000001151,ENSMUSG00000001151,Pcnt,protein coding gene
ENSMUSG00000001281.9,53.09871246,2.180209185,0.771149772,2.827218866,0.004695422,0.013618235,ENSMUSG00000001281,ENSMUSG00000001281,Itgb7,protein coding gene
ENSMUSG00000001333.9,11.26763732,6.821578006,1.647979094,4.139359552,3.48277E-05,0.000179458,ENSMUSG00000001333,ENSMUSG00000001333,Sync,protein coding gene
ENSMUSG00000001419.17,664.7534818,2.071125051,0.204808577,10.11249178,4.86314E-24,3.06413E-22,ENSMUSG00000001419,ENSMUSG00000001419,Mef2d,protein coding gene
ENSMUSG00000001583.13,70.23084816,2.007440399,0.494628746,4.058479038,4.93934E-05,0.000246077,ENSMUSG00000001583,ENSMUSG00000001583,Tnk1,protein coding gene
ENSMUSG00000001741.12,79.2292765,3.288446581,0.569248824,5.776817518,7.61268E-09,7.61179E-08,ENSMUSG00000001741,ENSMUSG00000001741,Il16,protein coding gene
ENSMUSG00000001855.15,153.4537033,2.562616965,0.323534912,7.920681426,2.36212E-15,5.67771E-14,ENSMUSG00000001855,ENSMUSG00000001855,Nup214,protein coding gene
ENSMUSG00000001995.8,51.929325,2.809122071,0.529411172,5.306125408,1.1198E-07,9.3342E-07,ENSMUSG00000001995,ENSMUSG00000001995,Sipa1l2,protein coding gene
ENSMUSG00000001998.15,43.52126088,2.310615477,0.607166006,3.805574514,0.000141475,0.000630751,ENSMUSG00000001998,ENSMUSG00000001998,Ap4e1,protein coding gene
ENSMUSG00000002020.15,21.80406652,2.820136991,0.995037042,2.834203023,0.004594014,0.013378454,ENSMUSG00000002020,ENSMUSG00000002020,Ltbp2,protein coding gene
ENSMUSG00000002028.12,932.4489404,3.722500223,0.232517871,16.00952305,1.09647E-57,1.17446E-54,ENSMUSG00000002028,ENSMUSG00000002028,Kmt2a,protein coding gene
ENSMUSG00000002111.8,44.2871611,2.021015529,0.710423497,2.844803892,0.004443877,0.013016436,ENSMUSG00000002111,ENSMUSG00000002111,Spi1,protein coding gene
ENSMUSG00000002204.9,30.59659284,2.633188849,0.964660389,2.729653752,0.006340088,0.017650491,ENSMUSG00000002204,ENSMUSG00000002204,Napsa,protein coding gene
ENSMUSG00000002249.17,67.20614551,2.565538082,0.465869754,5.506985723,3.6503E-08,3.27876E-07,ENSMUSG00000002249,ENSMUSG00000002249,Tead3,protein coding gene
ENSMUSG00000002289.15,46.36963268,3.848229017,0.646003801,5.956975809,2.56948E-09,2.73175E-08,ENSMUSG00000002289,ENSMUSG00000002289,Angptl4,protein coding gene
ENSMUSG00000002409.18,89.21883542,3.015011865,0.397425745,7.586352674,3.29036E-14,6.90211E-13,ENSMUSG00000002409,ENSMUSG00000002409,Dyrk1b,protein coding gene
ENSMUSG00000002489.15,42.50203108,3.255119617,0.56683529,5.742619901,9.32228E-09,9.20414E-08,ENSMUSG00000002489,ENSMUSG00000002489,Tiam1,protein coding gene
ENSMUSG00000002578.15,16.19164045,2.557446259,0.824622992,3.101352114,0.001926391,0.006251559,ENSMUSG00000002578,ENSMUSG00000002578,Ikzf4,protein coding gene
ENSMUSG00000002771.12,16.92826843,3.503895488,0.93819482,3.734720565,0.000187924,0.000810631,ENSMUSG00000002771,ENSMUSG00000002771,Grin2d,protein coding gene
ENSMUSG00000002831.13,170.1355879,2.009515459,0.551817883,3.641628007,0.000270919,0.001119608,ENSMUSG00000002831,ENSMUSG00000002831,Plin4,protein coding gene
ENSMUSG00000002885.14,171.4907524,2.338544807,0.523856618,4.464093279,8.04085E-06,4.75187E-05,ENSMUSG00000002885,ENSMUSG00000002885,Adgre5,protein coding gene
ENSMUSG00000003032.8,152.2518056,2.310300631,0.374275785,6.172722686,6.71239E-10,7.82564E-09,ENSMUSG00000003032,ENSMUSG00000003032,Klf4,protein coding gene
ENSMUSG00000003119.14,216.0076211,3.55152789,0.330975286,10.73049269,7.32048E-27,6.14992E-25,ENSMUSG00000003119,ENSMUSG00000003119,Cdk12,protein coding gene
ENSMUSG00000003134.10,209.213913,2.198215835,0.284806224,7.718285808,1.17905E-14,2.64137E-13,ENSMUSG00000003134,ENSMUSG00000003134,Tbc1d8,protein coding gene
ENSMUSG00000003154.15,172.5204562,2.0027621,0.297233317,6.738013489,1.60567E-11,2.37223E-10,ENSMUSG00000003154,ENSMUSG00000003154,Foxj2,protein coding gene
ENSMUSG00000003233.11,535.3666183,3.744131097,0.269334118,13.90143633,6.20829E-44,2.36439E-41,ENSMUSG00000003233,ENSMUSG00000003233,Dvl3,protein coding gene
ENSMUSG00000003282.9,7.748307062,6.287039408,1.757883201,3.576483014,0.000348248,0.001400017,ENSMUSG00000003282,ENSMUSG00000003282,Plag1,protein coding gene
ENSMUSG00000003316.14,274.1425541,2.017942338,0.27421593,7.358953728,1.85357E-13,3.514E-12,ENSMUSG00000003316,ENSMUSG00000003316,Glg1,protein coding gene
ENSMUSG00000003348.9,30.94315633,3.148487717,0.735724196,4.279440225,1.87364E-05,0.000102622,ENSMUSG00000003348,ENSMUSG00000003348,Mob3a,protein coding gene
ENSMUSG00000003418.11,13.02058154,3.172402238,1.142008807,2.777913988,0.00547091,0.015548997,ENSMUSG00000003418,ENSMUSG00000003418,St8sia6,protein coding gene
ENSMUSG00000003452.15,106.5149954,2.01364843,0.38781218,5.192329011,2.0768E-07,1.65391E-06,ENSMUSG00000003452,ENSMUSG00000003452,Bicd1,protein coding gene
ENSMUSG00000003779.15,3.550008176,5.132868008,2.034015556,2.523514627,0.011618823,0.029565461,ENSMUSG00000003779,ENSMUSG00000003779,Kif20a,protein coding gene
ENSMUSG00000003847.16,469.6159828,2.854905538,0.259991344,10.98077149,4.72868E-28,4.52738E-26,ENSMUSG00000003847,ENSMUSG00000003847,Nfat5,protein coding gene
ENSMUSG00000004105.8,153.6668852,2.216061776,0.353207262,6.274111595,3.51636E-10,4.2589E-09,ENSMUSG00000004105,ENSMUSG00000004105,Angptl2,protein coding gene
ENSMUSG00000004110.14,33.65833765,4.162988784,0.972650036,4.280047942,1.86853E-05,0.000102375,ENSMUSG00000004110,ENSMUSG00000004110,Cacna1e,protein coding gene
ENSMUSG00000004151.16,21.57947911,2.924664028,0.947003289,3.088335659,0.00201281,0.006490223,ENSMUSG00000004151,ENSMUSG00000004151,Etv1,protein coding gene
ENSMUSG00000004328.15,22.64629686,3.481035855,0.82628491,4.212875984,2.5214E-05,0.00013449,ENSMUSG00000004328,ENSMUSG00000004328,Hif3a,protein coding gene
ENSMUSG00000004612.9,11.11929917,2.734941122,1.137472106,2.404402804,0.016198913,0.039183765,ENSMUSG00000004612,ENSMUSG00000004612,Nkg7,protein coding gene
ENSMUSG00000004677.15,398.1384423,2.291107463,0.246014781,9.312885409,1.24406E-20,5.59598E-19,ENSMUSG00000004677,ENSMUSG00000004677,Myo9b,protein coding gene
ENSMUSG00000004815.12,43.08468285,3.874497395,0.68403247,5.664200993,1.47711E-08,1.4175E-07,ENSMUSG00000004815,ENSMUSG00000004815,Dgkq,protein coding gene
ENSMUSG00000004933.17,16.63062163,2.919022504,0.834462334,3.498087791,0.000468607,0.001814092,ENSMUSG00000004933,ENSMUSG00000004933,Matk,protein coding gene
ENSMUSG00000004952.13,57.10559235,2.02184973,0.44823073,4.510734304,6.46036E-06,3.90676E-05,ENSMUSG00000004952,ENSMUSG00000004952,Rasa4,protein coding gene
ENSMUSG00000005045.16,37.27148964,2.205619258,0.62628814,3.521732438,0.000428737,0.001679088,ENSMUSG00000005045,ENSMUSG00000005045,Chd5,protein coding gene
ENSMUSG00000005057.13,16.69027201,3.898802776,1.042343496,3.740420305,0.000183713,0.000795068,ENSMUSG00000005057,ENSMUSG00000005057,Sh2b2,protein coding gene
ENSMUSG00000005148.7,27.49444533,5.120471241,1.019978065,5.020177804,5.16237E-07,3.8567E-06,ENSMUSG00000005148,ENSMUSG00000005148,Klf5,protein coding gene
ENSMUSG00000005397.7,322.7318396,2.128490211,0.293284975,7.25741307,3.94563E-13,7.11792E-12,ENSMUSG00000005397,ENSMUSG00000005397,Nid1,protein coding gene
ENSMUSG00000005442.13,623.7062203,2.831656941,0.220791273,12.82504013,1.18725E-37,2.57558E-35,ENSMUSG00000005442,ENSMUSG00000005442,Cic,protein coding gene
ENSMUSG00000005465.9,15.01588871,3.395133481,1.157771092,2.932473876,0.003362732,0.010199785,ENSMUSG00000005465,ENSMUSG00000005465,Il27ra,protein coding gene
ENSMUSG00000005533.10,378.6023776,2.614260005,0.245382221,10.6538281,1.67339E-26,1.35276E-24,ENSMUSG00000005533,ENSMUSG00000005533,Igf1r,protein coding gene
ENSMUSG00000005540.10,24.60054503,2.490351037,0.840890431,2.961564249,0.003060806,0.009400734,ENSMUSG00000005540,ENSMUSG00000005540,Fcer2a,protein coding gene
ENSMUSG00000005580.11,230.2079013,4.878608712,0.376537849,12.95648958,2.15904E-38,5.00022E-36,ENSMUSG00000005580,ENSMUSG00000005580,Adcy9,protein coding gene
ENSMUSG00000005611.15,63.49479177,2.383277687,0.559512481,4.259561256,2.04829E-05,0.000111263,ENSMUSG00000005611,ENSMUSG00000005611,Irag1,protein coding gene
ENSMUSG00000005621.11,347.7829122,2.522063906,0.280405544,8.994343928,2.37647E-19,9.51589E-18,ENSMUSG00000005621,ENSMUSG00000005621,Zfp592,protein coding gene
ENSMUSG00000005686.16,43.35205334,2.017852125,0.555349417,3.633482025,0.000279622,0.001151408,ENSMUSG00000005686,ENSMUSG00000005686,Ampd3,protein coding gene
ENSMUSG00000005774.12,30.04943955,2.958499715,0.779905166,3.793409562,0.000148593,0.000658883,ENSMUSG00000005774,ENSMUSG00000005774,Rfx5,protein coding gene
ENSMUSG00000005886.14,239.5948172,2.990251889,0.280116727,10.6750208,1.33228E-26,1.08726E-24,ENSMUSG00000005886,ENSMUSG00000005886,Ncoa2,protein coding gene
ENSMUSG00000005893.14,94.27903641,3.694182113,0.443142068,8.336338116,7.66266E-17,2.24483E-15,ENSMUSG00000005893,ENSMUSG00000005893,Nr2c2,protein coding gene
ENSMUSG00000005947.11,4.827352952,5.60809611,1.887359914,2.971397278,0.00296448,0.009140925,ENSMUSG00000005947,ENSMUSG00000005947,Itgae,protein coding gene
ENSMUSG00000006134.3,64.19272029,2.694116559,0.548258505,4.913953063,8.92581E-07,6.37112E-06,ENSMUSG00000006134,ENSMUSG00000006134,Crkl,protein coding gene
ENSMUSG00000006204.5,73.83550173,3.974979746,0.556929525,7.137311931,9.51737E-13,1.63764E-11,ENSMUSG00000006204,ENSMUSG00000006204,Cdcp3,protein coding gene
ENSMUSG00000006281.7,228.24184,2.047616583,0.28458391,7.195124229,6.24039E-13,1.09242E-11,ENSMUSG00000006281,ENSMUSG00000006281,Tep1,protein coding gene
ENSMUSG00000006313.5,3.342053619,5.060640754,2.038933486,2.482003846,0.013064587,0.032719697,ENSMUSG00000006313,ENSMUSG00000006313,Upk1a,protein coding gene
ENSMUSG00000006445.3,39.9644819,2.85817155,0.707584759,4.039334527,5.36031E-05,0.00026398,ENSMUSG00000006445,ENSMUSG00000006445,Epha2,protein coding gene
ENSMUSG00000006586.15,14.14902368,2.350293297,0.839097773,2.800976683,0.00509482,0.01458995,ENSMUSG00000006586,ENSMUSG00000006586,Runx1t1,protein coding gene
ENSMUSG00000006800.13,213.6975507,2.395983148,0.319787256,7.492428481,6.76108E-14,1.34734E-12,ENSMUSG00000006800,ENSMUSG00000006800,Sulf2,protein coding gene
ENSMUSG00000007030.8,2.956822427,4.909359635,2.136137351,2.298241559,0.021548045,0.049621477,ENSMUSG00000007030,ENSMUSG00000007030,Vwa7,protein coding gene
ENSMUSG00000007817.14,689.8113183,3.092393127,0.257387005,12.0145659,2.9793E-33,4.36404E-31,ENSMUSG00000007817,ENSMUSG00000007817,Zmiz1,protein coding gene
ENSMUSG00000007827.10,24.43987298,2.520572598,0.72273479,3.487548453,0.000487471,0.001880322,ENSMUSG00000007827,ENSMUSG00000007827,Ankrd26,protein coding gene
ENSMUSG00000007880.16,829.7181165,2.370135079,0.224647196,10.55047702,5.05398E-26,3.81565E-24,ENSMUSG00000007880,ENSMUSG00000007880,Arid1a,protein coding gene
ENSMUSG00000008193.13,39.60936891,2.394120705,0.846804631,2.827240922,0.004695099,0.013618235,ENSMUSG00000008193,ENSMUSG00000008193,Spib,protein coding gene
ENSMUSG00000008307.11,6.693704114,3.374020381,1.448089039,2.3299813,0.019807139,0.046291389,ENSMUSG00000008307,ENSMUSG00000008307,1700109H08Rik,protein coding gene
ENSMUSG00000008734.9,41.0944688,3.206322576,0.669487499,4.789219486,1.67431E-06,1.13372E-05,ENSMUSG00000008734,ENSMUSG00000008734,Gprc5b,protein coding gene
ENSMUSG00000008932.9,3.519330253,5.13021734,2.11445954,2.426254673,0.015255561,0.03727542,ENSMUSG00000008932,ENSMUSG00000008932,Slc1a7,protein coding gene
ENSMUSG00000009035.13,178.7854918,2.1470841,0.28870925,7.436838611,1.03123E-13,2.0152E-12,ENSMUSG00000009035,ENSMUSG00000009035,Tmem184b,protein coding gene
ENSMUSG00000009097.9,3.945890165,5.327141691,2.25435353,2.363046266,0.018125407,0.043065745,ENSMUSG00000009097,ENSMUSG00000009097,Tbx1,protein coding gene
ENSMUSG00000009292.17,22.47302041,2.990036593,0.918915702,3.253874741,0.001138425,0.003983324,ENSMUSG00000009292,ENSMUSG00000009292,Trpm2,protein coding gene
ENSMUSG00000009406.13,33.80043881,2.099583904,0.584147281,3.594271468,0.000325301,0.001317656,ENSMUSG00000009406,ENSMUSG00000009406,Elk1,protein coding gene
ENSMUSG00000009418.15,304.7589021,2.916183129,0.268707614,10.8526256,1.93778E-27,1.74787E-25,ENSMUSG00000009418,ENSMUSG00000009418,Nav1,protein coding gene
ENSMUSG00000009569.14,209.2617653,2.257855584,0.28056059,8.047657662,8.43936E-16,2.14909E-14,ENSMUSG00000009569,ENSMUSG00000009569,Mrtfb,protein coding gene
ENSMUSG00000010051.15,16.96607326,2.939664713,0.886600969,3.315657003,0.00091428,0.003292165,ENSMUSG00000010051,ENSMUSG00000010051,Hyal1,protein coding gene
ENSMUSG00000010175.13,31.03377505,2.591541772,0.594595618,4.358494572,1.3096E-05,7.39748E-05,ENSMUSG00000010175,ENSMUSG00000010175,Prox1,protein coding gene
ENSMUSG00000010461.14,6.49440933,3.717727408,1.522974328,2.441096569,0.014642739,0.035961409,ENSMUSG00000010461,ENSMUSG00000010461,Eya4,protein coding gene
ENSMUSG00000011256.16,34.20432003,3.004365202,0.683518995,4.395437763,1.1055E-05,6.34282E-05,ENSMUSG00000011256,ENSMUSG00000011256,Adam19,protein coding gene
ENSMUSG00000011305.11,16.25438523,5.000019032,1.249842058,4.000520707,6.32033E-05,0.000305637,ENSMUSG00000011305,ENSMUSG00000011305,Plin5,protein coding gene
ENSMUSG00000012777.14,5.678137816,5.831792898,1.819912992,3.204435004,0.001353278,0.004621858,ENSMUSG00000012777,ENSMUSG00000012777,Acp4,protein coding gene
ENSMUSG00000012819.15,10.00131831,3.359131188,1.23509417,2.719736899,0.006533388,0.018113566,ENSMUSG00000012819,ENSMUSG00000012819,Cdh23,protein coding gene
ENSMUSG00000012889.8,10.03578877,2.349445771,1.022956373,2.296721378,0.021634669,0.049768451,ENSMUSG00000012889,ENSMUSG00000012889,Podnl1,protein coding gene
ENSMUSG00000013091.5,10.12797039,2.742705163,1.098130339,2.497613504,0.012503243,0.031539679,ENSMUSG00000013091,ENSMUSG00000013091,Tmem190,protein coding gene
ENSMUSG00000013236.16,218.3949092,3.67302783,0.391915557,9.371987817,7.11791E-21,3.27922E-19,ENSMUSG00000013236,ENSMUSG00000013236,Ptprs,protein coding gene
ENSMUSG00000013921.15,46.34151127,2.081982956,0.582174628,3.576217269,0.000348602,0.001401112,ENSMUSG00000013921,ENSMUSG00000013921,Clip3,protein coding gene
ENSMUSG00000014030.15,74.99761702,3.139009073,0.738679507,4.249487151,2.1426E-05,0.000116019,ENSMUSG00000014030,ENSMUSG00000014030,Pax5,protein coding gene
ENSMUSG00000014164.14,22.37938109,3.059530016,0.778600502,3.929524844,8.51139E-05,0.000399184,ENSMUSG00000014164,ENSMUSG00000014164,Klhl3,protein coding gene
ENSMUSG00000014303.13,144.5495773,2.159232913,0.365419327,5.908918205,3.44362E-09,3.59858E-08,ENSMUSG00000014303,ENSMUSG00000014303,Glis2,protein coding gene
ENSMUSG00000014361.5,32.79779451,2.221657808,0.635050407,3.498396007,0.000468066,0.001812815,ENSMUSG00000014361,ENSMUSG00000014361,Mertk,protein coding gene
ENSMUSG00000014444.16,229.3774785,5.093344601,0.498516417,10.21700476,1.66403E-24,1.08434E-22,ENSMUSG00000014444,ENSMUSG00000014444,Piezo1,protein coding gene
ENSMUSG00000014498.9,323.6403995,3.464676251,0.27691237,12.51181466,6.43374E-36,1.19849E-33,ENSMUSG00000014498,ENSMUSG00000014498,Ankrd52,protein coding gene
ENSMUSG00000014547.9,40.79491833,8.667594695,1.519432366,5.704495236,1.16688E-08,1.13884E-07,ENSMUSG00000014547,ENSMUSG00000014547,Wdfy2,protein coding gene
ENSMUSG00000014602.15,82.54211862,2.743829716,0.43483618,6.31003086,2.7898E-10,3.43474E-09,ENSMUSG00000014602,ENSMUSG00000014602,Kif1a,protein coding gene
ENSMUSG00000015127.14,47.91298212,4.06438089,0.622265398,6.53158749,6.50762E-11,8.7817E-10,ENSMUSG00000015127,ENSMUSG00000015127,Unkl,protein coding gene
ENSMUSG00000015133.17,250.3117537,2.208098862,0.280752841,7.864920824,3.69331E-15,8.70646E-14,ENSMUSG00000015133,ENSMUSG00000015133,Lrrk1,protein coding gene
ENSMUSG00000015243.4,303.6955626,3.009979386,0.275905147,10.90947166,1.03858E-27,9.6212E-26,ENSMUSG00000015243,ENSMUSG00000015243,Abca1,protein coding gene
ENSMUSG00000015305.5,151.7298434,2.215285362,0.317931865,6.967799101,3.21937E-12,5.19526E-11,ENSMUSG00000015305,ENSMUSG00000015305,Sash1,protein coding gene
ENSMUSG00000015314.10,9.115571195,3.827214228,1.55976428,2.453713217,0.014138969,0.034981038,ENSMUSG00000015314,ENSMUSG00000015314,Slamf6,protein coding gene
ENSMUSG00000015468.14,94.6953837,2.052691188,0.42542022,4.825090801,1.39939E-06,9.62393E-06,ENSMUSG00000015468,ENSMUSG00000015468,Notch4,protein coding gene
ENSMUSG00000015501.10,179.5194244,2.387109441,0.297911214,8.012821707,1.12106E-15,2.80069E-14,ENSMUSG00000015501,ENSMUSG00000015501,Hivep2,protein coding gene
ENSMUSG00000015533.8,5.004629587,5.654701331,1.884262657,3.001015443,0.002690809,0.008389137,ENSMUSG00000015533,ENSMUSG00000015533,Itga2,protein coding gene
ENSMUSG00000015597.16,90.02404914,2.155155534,0.381892232,5.643360497,1.66763E-08,1.57812E-07,ENSMUSG00000015597,ENSMUSG00000015597,Zfp318,protein coding gene
ENSMUSG00000015627.5,26.02784108,2.099218663,0.852132038,2.463489894,0.013759177,0.034164703,ENSMUSG00000015627,ENSMUSG00000015627,Gata5,protein coding gene
ENSMUSG00000015647.9,462.0616192,2.260717878,0.260563524,8.676263815,4.08983E-18,1.43925E-16,ENSMUSG00000015647,ENSMUSG00000015647,Lama5,protein coding gene
ENSMUSG00000015653.13,28.92681993,2.840235459,0.879482782,3.229438388,0.001240336,0.004285661,ENSMUSG00000015653,ENSMUSG00000015653,Steap2,protein coding gene
ENSMUSG00000015659.12,42.04556408,3.111130096,0.629919652,4.938931631,7.85517E-07,5.67786E-06,ENSMUSG00000015659,ENSMUSG00000015659,Serac1,protein coding gene
ENSMUSG00000015850.11,117.3683716,2.204935792,0.359197028,6.138513468,8.32973E-10,9.60665E-09,ENSMUSG00000015850,ENSMUSG00000015850,Adamtsl4,protein coding gene
ENSMUSG00000015957.12,10.19131726,2.580066574,1.01313388,2.546619578,0.010877194,0.028044734,ENSMUSG00000015957,ENSMUSG00000015957,Wnt11,protein coding gene
ENSMUSG00000015968.16,173.5475623,2.741375258,0.402683499,6.80776655,9.91255E-12,1.50205E-10,ENSMUSG00000015968,ENSMUSG00000015968,Cacna1d,protein coding gene
ENSMUSG00000016028.9,1461.842957,2.900155877,0.213772557,13.56654901,6.32296E-42,1.97024E-39,ENSMUSG00000016028,ENSMUSG00000016028,Celsr1,protein coding gene
ENSMUSG00000016239.11,13.44539966,2.303291747,0.947650249,2.430529353,0.015076785,0.036891196,ENSMUSG00000016239,ENSMUSG00000016239,Lonrf3,protein coding gene
ENSMUSG00000016356.17,62.9194721,2.264143365,0.526605296,4.299507398,1.71178E-05,9.44511E-05,ENSMUSG00000016356,ENSMUSG00000016356,Col20a1,protein coding gene
ENSMUSG00000016458.13,170.9653271,3.457254865,0.542481014,6.373043064,1.85314E-10,2.33523E-09,ENSMUSG00000016458,ENSMUSG00000016458,Wt1,protein coding gene
ENSMUSG00000016520.7,241.6907627,2.24794118,0.273330265,8.224267367,1.96388E-16,5.50849E-15,ENSMUSG00000016520,ENSMUSG00000016520,Lnx2,protein coding gene
ENSMUSG00000017167.6,19.58608909,3.565994487,0.863081756,4.13169953,3.60091E-05,0.000184823,ENSMUSG00000017167,ENSMUSG00000017167,Cntnap1,protein coding gene
ENSMUSG00000017446.14,32.45634023,2.393944126,0.738306914,3.242478273,0.00118495,0.004122548,ENSMUSG00000017446,ENSMUSG00000017446,C1qtnf1,protein coding gene
ENSMUSG00000017550.14,9.228177029,2.951201422,1.158752597,2.546877936,0.010869144,0.028028197,ENSMUSG00000017550,ENSMUSG00000017550,Atad5,protein coding gene
ENSMUSG00000017740.17,12.4522357,2.481158404,0.999371886,2.482717834,0.013038432,0.032716347,ENSMUSG00000017740,ENSMUSG00000017740,Slc12a5,protein coding gene
ENSMUSG00000017861.11,10.17306061,3.129626492,1.072759796,2.917359976,0.003530081,0.010624961,ENSMUSG00000017861,ENSMUSG00000017861,Mybl2,protein coding gene
ENSMUSG00000018001.18,108.9109408,2.051790871,0.365281267,5.617016412,1.94283E-08,1.81748E-07,ENSMUSG00000018001,ENSMUSG00000018001,Cyth3,protein coding gene
ENSMUSG00000018068.13,32.78141861,2.355617588,0.583378733,4.037887321,5.39347E-05,0.000265537,ENSMUSG00000018068,ENSMUSG00000018068,Ints2,protein coding gene
ENSMUSG00000018076.12,332.9578488,3.920494042,0.301732418,12.99328081,1.33576E-38,3.22426E-36,ENSMUSG00000018076,ENSMUSG00000018076,Med13l,protein coding gene
ENSMUSG00000018168.8,43.19986374,3.45719248,0.868849369,3.979047003,6.91921E-05,0.000330851,ENSMUSG00000018168,ENSMUSG00000018168,Ikzf3,protein coding gene
ENSMUSG00000018334.17,63.14684717,2.192044173,0.466475413,4.699163367,2.61229E-06,1.71137E-05,ENSMUSG00000018334,ENSMUSG00000018334,Ksr1,protein coding gene
ENSMUSG00000018412.16,202.7094661,2.05599083,0.301912458,6.809890666,9.76729E-12,1.48397E-10,ENSMUSG00000018412,ENSMUSG00000018412,Kansl1,protein coding gene
ENSMUSG00000018476.7,257.2972682,2.345761992,0.275350535,8.519184444,1.60681E-17,5.19575E-16,ENSMUSG00000018476,ENSMUSG00000018476,Kdm6b,protein coding gene
ENSMUSG00000018501.17,529.5458202,2.04477336,0.212587882,9.618485046,6.68078E-22,3.41777E-20,ENSMUSG00000018501,ENSMUSG00000018501,Ncor1,protein coding gene
ENSMUSG00000018507.16,21.04984898,2.054833876,0.792851713,2.591700115,0.009550298,0.025110925,ENSMUSG00000018507,ENSMUSG00000018507,Trpv2,protein coding gene
ENSMUSG00000018654.17,59.36560016,3.532767967,1.49160905,2.36842755,0.017863879,0.0425269,ENSMUSG00000018654,ENSMUSG00000018654,Ikzf1,protein coding gene
ENSMUSG00000018678.13,76.24571785,2.710690847,0.411943745,6.580245192,4.69673E-11,6.48088E-10,ENSMUSG00000018678,ENSMUSG00000018678,Sp2,protein coding gene
ENSMUSG00000018707.13,1743.56548,2.041541925,0.195797158,10.42682103,1.87042E-25,1.34686E-23,ENSMUSG00000018707,ENSMUSG00000018707,Dync1h1,protein coding gene
ENSMUSG00000018727.19,6.934650727,3.212694367,1.391577101,2.308671481,0.020961818,0.048539878,ENSMUSG00000018727,ENSMUSG00000018727,Cpsf4l,protein coding gene
ENSMUSG00000019577.6,9.577883841,3.247433662,1.192332966,2.723596306,0.006457539,0.017939584,ENSMUSG00000019577,ENSMUSG00000019577,Pdk4,protein coding gene
ENSMUSG00000019647.16,44.54308202,2.00186617,0.491732964,4.071043258,4.68031E-05,0.000234193,ENSMUSG00000019647,ENSMUSG00000019647,Sema6a,protein coding gene
ENSMUSG00000019726.10,163.3767479,4.679755831,0.421765042,11.09564655,1.31704E-28,1.35973E-26,ENSMUSG00000019726,ENSMUSG00000019726,Lyst,protein coding gene
ENSMUSG00000019768.16,12.5009029,3.660600341,1.116294602,3.279242176,0.001040863,0.003690175,ENSMUSG00000019768,ENSMUSG00000019768,Esr1,protein coding gene
ENSMUSG00000019820.9,723.072911,2.624428189,0.246361624,10.65274755,1.69293E-26,1.36213E-24,ENSMUSG00000019820,ENSMUSG00000019820,Utrn,protein coding gene
ENSMUSG00000019850.11,42.7235718,2.125891406,0.612063217,3.473319991,0.000514062,0.001971798,ENSMUSG00000019850,ENSMUSG00000019850,Tnfaip3,protein coding gene
ENSMUSG00000019852.6,778.5585741,4.777405357,0.339428684,14.07484275,5.42254E-45,2.26662E-42,ENSMUSG00000019852,ENSMUSG00000019852,Arfgef3,protein coding gene
ENSMUSG00000019907.9,105.2490666,3.215445003,0.388866837,8.268756039,1.35364E-16,3.8536E-15,ENSMUSG00000019907,ENSMUSG00000019907,Ppp1r12a,protein coding gene
ENSMUSG00000019947.9,115.6629375,6.838061785,0.830852139,8.230178953,1.86934E-16,5.2692E-15,ENSMUSG00000019947,ENSMUSG00000019947,Arid5b,protein coding gene
ENSMUSG00000019990.14,25.34447518,2.611980674,0.778743079,3.35409809,0.000796241,0.002917055,ENSMUSG00000019990,ENSMUSG00000019990,Pde7b,protein coding gene
ENSMUSG00000020021.4,46.30891677,3.504219353,0.646668994,5.418876407,5.99748E-08,5.20693E-07,ENSMUSG00000020021,ENSMUSG00000020021,Fgd6,protein coding gene
ENSMUSG00000020044.13,152.9541826,3.506531792,0.440990294,7.951494264,1.84275E-15,4.50515E-14,ENSMUSG00000020044,ENSMUSG00000020044,Timp3,protein coding gene
ENSMUSG00000020091.14,253.9305177,3.401560897,0.344356922,9.878009345,5.18527E-23,2.93284E-21,ENSMUSG00000020091,ENSMUSG00000020091,Eif4ebp2,protein coding gene
ENSMUSG00000020099.7,50.36142996,2.171146511,0.511590643,4.243913645,2.19655E-05,0.000118677,ENSMUSG00000020099,ENSMUSG00000020099,Unc5b,protein coding gene
ENSMUSG00000020105.8,25.61252637,2.132485477,0.629910381,3.385379158,0.0007108,0.002641303,ENSMUSG00000020105,ENSMUSG00000020105,Lrig3,protein coding gene
ENSMUSG00000020121.15,11.63077643,6.863451119,1.645584915,4.170827682,3.03495E-05,0.000158625,ENSMUSG00000020121,ENSMUSG00000020121,Srgap1,protein coding gene
ENSMUSG00000020135.13,24.50637531,5.435584646,1.196753258,4.541942637,5.57382E-06,3.40307E-05,ENSMUSG00000020135,ENSMUSG00000020135,Apc2,protein coding gene
ENSMUSG00000020143.15,130.4710036,3.018582525,1.104143804,2.733867196,0.006259529,0.017463096,ENSMUSG00000020143,ENSMUSG00000020143,Dock2,protein coding gene
ENSMUSG00000020155.2,3.422241095,5.107592126,2.107038651,2.424061905,0.015347989,0.03746387,ENSMUSG00000020155,ENSMUSG00000020155,Kcnmb1,protein coding gene
ENSMUSG00000020175.13,10.8400557,2.248463422,0.931546927,2.413687769,0.015791989,0.038383648,ENSMUSG00000020175,ENSMUSG00000020175,Rab36,protein coding gene
ENSMUSG00000020220.16,424.5306497,3.081075173,0.262763187,11.72567288,9.41499E-32,1.21319E-29,ENSMUSG00000020220,ENSMUSG00000020220,Vps13d,protein coding gene
ENSMUSG00000020231.15,68.92577457,2.388281446,0.417745763,5.717069224,1.08377E-08,1.06439E-07,ENSMUSG00000020231,ENSMUSG00000020231,Dip2a,protein coding gene
ENSMUSG00000020256.14,636.5685543,2.748976843,0.394769812,6.963493052,3.31938E-12,5.34155E-11,ENSMUSG00000020256,ENSMUSG00000020256,Aldh1l2,protein coding gene
ENSMUSG00000020272.8,66.83597564,2.76534956,0.587234075,4.709109494,2.48801E-06,1.63684E-05,ENSMUSG00000020272,ENSMUSG00000020272,Stk10,protein coding gene
ENSMUSG00000020275.9,21.90997257,2.950926335,0.874502594,3.374405468,0.000739753,0.002738797,ENSMUSG00000020275,ENSMUSG00000020275,Rel,protein coding gene
ENSMUSG00000020315.18,1062.82528,2.448355842,0.268799038,9.108499257,8.35294E-20,3.50006E-18,ENSMUSG00000020315,ENSMUSG00000020315,Sptbn1,protein coding gene
ENSMUSG00000020354.15,8.693221684,2.895399433,1.138698066,2.542727979,0.010999082,0.028265447,ENSMUSG00000020354,ENSMUSG00000020354,Sgcd,protein coding gene
ENSMUSG00000020387.15,113.7970589,2.328334168,0.519532748,4.481592695,7.4088E-06,4.41642E-05,ENSMUSG00000020387,ENSMUSG00000020387,Jade2,protein coding gene
ENSMUSG00000020395.13,7.173107954,3.873034223,1.540686393,2.513836846,0.011942567,0.030278639,ENSMUSG00000020395,ENSMUSG00000020395,Itk,protein coding gene
ENSMUSG00000020420.8,9.371920307,3.015360632,1.153560027,2.613960748,0.008949932,0.023835887,ENSMUSG00000020420,ENSMUSG00000020420,Zfp607a,protein coding gene
ENSMUSG00000020422.13,450.613311,2.320317852,0.281605671,8.239599166,1.72789E-16,4.88655E-15,ENSMUSG00000020422,ENSMUSG00000020422,Tns3,protein coding gene
ENSMUSG00000020437.12,69.40059415,2.380636317,0.6154459,3.868148796,0.000109665,0.000502279,ENSMUSG00000020437,ENSMUSG00000020437,Myo1g,protein coding gene
ENSMUSG00000020475.3,4.264710122,5.438694592,1.974058417,2.755082902,0.005867727,0.016553267,ENSMUSG00000020475,ENSMUSG00000020475,Pgam2,protein coding gene
ENSMUSG00000020542.18,8.509298362,5.016233908,1.683913295,2.978914604,0.002892714,0.008942159,ENSMUSG00000020542,ENSMUSG00000020542,Myocd,protein coding gene
ENSMUSG00000020548.10,7.263516747,6.159384494,1.857482917,3.315984464,0.000913209,0.003291394,ENSMUSG00000020548,ENSMUSG00000020548,1700086D15Rik,protein coding gene
ENSMUSG00000020564.16,128.4317072,2.788025575,0.343430439,8.118166771,4.73278E-16,1.25948E-14,ENSMUSG00000020564,ENSMUSG00000020564,Atxn7l1,protein coding gene
ENSMUSG00000020573.16,23.63424832,3.188620482,0.898235751,3.549870373,0.000385421,0.001531851,ENSMUSG00000020573,ENSMUSG00000020573,Pik3cg,protein coding gene
ENSMUSG00000020599.13,55.55627863,3.388902686,0.542689211,6.24464725,4.24758E-10,5.0799E-09,ENSMUSG00000020599,ENSMUSG00000020599,Rgs9,protein coding gene
ENSMUSG00000020627.9,22.33315545,4.496359821,0.997935615,4.505661241,6.61666E-06,3.99178E-05,ENSMUSG00000020627,ENSMUSG00000020627,Klhl29,protein coding gene
ENSMUSG00000020640.9,131.8829404,2.821533465,0.343179552,8.221741217,2.0057E-16,5.60358E-15,ENSMUSG00000020640,ENSMUSG00000020640,Itsn2,protein coding gene
ENSMUSG00000020653.11,59.76171571,2.907862929,0.524232032,5.546900511,2.90778E-08,2.65921E-07,ENSMUSG00000020653,ENSMUSG00000020653,Klf11,protein coding gene
ENSMUSG00000020654.15,21.96351871,3.117045992,0.832454924,3.744402132,0.000180824,0.00078415,ENSMUSG00000020654,ENSMUSG00000020654,Adcy3,protein coding gene
ENSMUSG00000020682.17,31.6014931,3.556113205,0.765734844,4.64405301,3.4164E-06,2.17497E-05,ENSMUSG00000020682,ENSMUSG00000020682,Mmp28,protein coding gene
ENSMUSG00000020689.4,19.96212818,2.035475476,0.796755135,2.554706441,0.010627739,0.027496707,ENSMUSG00000020689,ENSMUSG00000020689,Itgb3,protein coding gene
ENSMUSG00000020700.11,100.8950023,2.56786838,0.453600098,5.661084274,1.5042E-08,1.43936E-07,ENSMUSG00000020700,ENSMUSG00000020700,Map3k3,protein coding gene
ENSMUSG00000020709.15,132.4202194,3.613972534,0.457534268,7.898801881,2.81597E-15,6.72146E-14,ENSMUSG00000020709,ENSMUSG00000020709,Adap2,protein coding gene
ENSMUSG00000020715.9,585.0369354,2.293314639,0.274264426,8.361691934,6.18251E-17,1.83315E-15,ENSMUSG00000020715,ENSMUSG00000020715,Ern1,protein coding gene
ENSMUSG00000020716.15,170.5647001,2.003967653,0.291271467,6.880068534,5.98238E-12,9.35456E-11,ENSMUSG00000020716,ENSMUSG00000020716,Nf1,protein coding gene
ENSMUSG00000020721.16,248.0127233,2.289368957,0.292394204,7.829734395,4.88902E-15,1.13997E-13,ENSMUSG00000020721,ENSMUSG00000020721,Helz,protein coding gene
ENSMUSG00000020747.17,234.3677421,2.438288782,0.286176343,8.520231804,1.59234E-17,5.15871E-16,ENSMUSG00000020747,ENSMUSG00000020747,Tmem94,protein coding gene
ENSMUSG00000020793.5,12.58126563,3.33606554,1.077626863,3.095752022,0.001963145,0.006353989,ENSMUSG00000020793,ENSMUSG00000020793,Galr2,protein coding gene
ENSMUSG00000020804.12,5.681263259,5.802242485,1.907120358,3.042410229,0.002346918,0.007448423,ENSMUSG00000020804,ENSMUSG00000020804,Aanat,protein coding gene
ENSMUSG00000020806.15,188.2343859,2.329622989,0.316102731,7.369828736,1.70847E-13,3.26784E-12,ENSMUSG00000020806,ENSMUSG00000020806,Rhbdf2,protein coding gene
ENSMUSG00000020866.17,53.57219608,3.524294378,0.813802131,4.330652678,1.48668E-05,8.31009E-05,ENSMUSG00000020866,ENSMUSG00000020866,Cacna1g,protein coding gene
ENSMUSG00000020893.17,435.5259114,3.242894758,0.269188324,12.0469369,2.01292E-33,3.05287E-31,ENSMUSG00000020893,ENSMUSG00000020893,Per1,protein coding gene
ENSMUSG00000020900.15,72.4043845,2.025007378,0.392916648,5.153783606,2.55283E-07,2.00322E-06,ENSMUSG00000020900,ENSMUSG00000020900,Myh10,protein coding gene
ENSMUSG00000020937.14,34.30481095,2.529852708,0.602791296,4.196896542,2.70597E-05,0.000143265,ENSMUSG00000020937,ENSMUSG00000020937,Plcd3,protein coding gene
ENSMUSG00000020941.7,65.65456871,2.343679463,0.471233113,4.973503345,6.57536E-07,4.82824E-06,ENSMUSG00000020941,ENSMUSG00000020941,Map3k14,protein coding gene
ENSMUSG00000020961.14,26.46245896,5.005659593,1.008805013,4.961969389,6.9782E-07,5.09989E-06,ENSMUSG00000020961,ENSMUSG00000020961,Ston2,protein coding gene
ENSMUSG00000021010.7,5.70881574,5.834739665,1.869880274,3.12038142,0.00180617,0.005919706,ENSMUSG00000021010,ENSMUSG00000021010,Npas3,protein coding gene
ENSMUSG00000021025.7,204.5148362,2.524373897,0.371386111,6.797168283,1.06695E-11,1.60822E-10,ENSMUSG00000021025,ENSMUSG00000021025,Nfkbia,protein coding gene
ENSMUSG00000021061.15,32.54426087,3.080001733,0.614345598,5.013467567,5.34578E-07,3.99198E-06,ENSMUSG00000021061,ENSMUSG00000021061,Sptb,protein coding gene
ENSMUSG00000021068.15,59.33369798,2.460523803,0.558097578,4.408769895,1.03959E-05,6.00086E-05,ENSMUSG00000021068,ENSMUSG00000021068,Nin,protein coding gene
ENSMUSG00000021070.5,3.976568089,5.341038397,2.011843341,2.654798358,0.007935583,0.021468038,ENSMUSG00000021070,ENSMUSG00000021070,Bdkrb2,protein coding gene
ENSMUSG00000021071.15,8.710123366,2.878953265,1.17207397,2.456289738,0.014037992,0.03475128,ENSMUSG00000021071,ENSMUSG00000021071,Trim9,protein coding gene
ENSMUSG00000021087.17,24.24018742,2.372466647,0.733023836,3.23654775,0.00120985,0.004193852,ENSMUSG00000021087,ENSMUSG00000021087,Rtn1,protein coding gene
ENSMUSG00000021127.6,247.3605961,2.105690725,0.32409719,6.49709652,8.18849E-11,1.08786E-09,ENSMUSG00000021127,ENSMUSG00000021127,Zfp36l1,protein coding gene
ENSMUSG00000021180.8,4.25625928,5.437161137,2.217168163,2.452299843,0.014194633,0.035098403,ENSMUSG00000021180,ENSMUSG00000021180,Rps6ka5,protein coding gene
ENSMUSG00000021182.14,173.8872038,3.706693067,0.41572222,8.916273619,4.82241E-19,1.87407E-17,ENSMUSG00000021182,ENSMUSG00000021182,Ccdc88c,protein coding gene
ENSMUSG00000021198.16,244.230203,3.086998774,0.353207129,8.739910718,2.33295E-18,8.48876E-17,ENSMUSG00000021198,ENSMUSG00000021198,Unc79,protein coding gene
ENSMUSG00000021200.14,13.62817959,3.596376364,1.115794895,3.223151834,0.001267883,0.004371149,ENSMUSG00000021200,ENSMUSG00000021200,Asb2,protein coding gene
ENSMUSG00000021217.7,29.84267156,3.488776758,0.708004398,4.927620178,8.32372E-07,5.98875E-06,ENSMUSG00000021217,ENSMUSG00000021217,Tshz3,protein coding gene
ENSMUSG00000021223.13,13.90302432,3.852181374,1.207024704,3.191468544,0.001415515,0.004790502,ENSMUSG00000021223,ENSMUSG00000021223,Papln,protein coding gene
ENSMUSG00000021244.15,222.8206089,2.852471206,0.302685392,9.423881309,4.34715E-21,2.05805E-19,ENSMUSG00000021244,ENSMUSG00000021244,Ylpm1,protein coding gene
ENSMUSG00000021254.8,58.47235036,2.335015209,0.508890679,4.588441698,4.46567E-06,2.78301E-05,ENSMUSG00000021254,ENSMUSG00000021254,Gpatch2l,protein coding gene
ENSMUSG00000021260.7,3.164776985,4.989546477,2.125531835,2.347434367,0.018903203,0.04452489,ENSMUSG00000021260,ENSMUSG00000021260,Hhipl1,protein coding gene
ENSMUSG00000021275.15,96.96693382,2.008295664,0.352731681,5.693550574,1.24424E-08,1.21021E-07,ENSMUSG00000021275,ENSMUSG00000021275,Tecpr2,protein coding gene
ENSMUSG00000021279.4,336.4463501,3.123473742,0.336663897,9.277721109,1.73142E-20,7.66746E-19,ENSMUSG00000021279,ENSMUSG00000021279,Cdc42bpb,protein coding gene
ENSMUSG00000021280.8,4.037653925,5.320344668,1.991043189,2.672139257,0.007536936,0.020496353,ENSMUSG00000021280,ENSMUSG00000021280,Exoc3l4,protein coding gene
ENSMUSG00000021318.15,26.94901947,3.381967054,0.861334952,3.92642496,8.62178E-05,0.000403937,ENSMUSG00000021318,ENSMUSG00000021318,Gli3,protein coding gene
ENSMUSG00000021338.17,56.02995905,2.069122892,0.49318991,4.195387718,2.72405E-05,0.000144133,ENSMUSG00000021338,ENSMUSG00000021338,Carmil1,protein coding gene
ENSMUSG00000021356.9,25.86994002,2.655462744,0.893551546,2.971807006,0.002960527,0.009130379,ENSMUSG00000021356,ENSMUSG00000021356,Irf4,protein coding gene
ENSMUSG00000021366.7,218.9463629,3.407117516,0.35864849,9.499879717,2.10133E-21,1.026E-19,ENSMUSG00000021366,ENSMUSG00000021366,Hivep1,protein coding gene
ENSMUSG00000021457.14,157.9244042,2.869883679,0.594981804,4.823481421,1.41074E-06,9.69416E-06,ENSMUSG00000021457,ENSMUSG00000021457,Syk,protein coding gene
ENSMUSG00000021493.15,65.27048624,2.26068171,0.540433187,4.18309194,2.87571E-05,0.000150946,ENSMUSG00000021493,ENSMUSG00000021493,Pdlim7,protein coding gene
ENSMUSG00000021559.13,184.0145653,2.650182479,0.323055862,8.203480552,2.33525E-16,6.46552E-15,ENSMUSG00000021559,ENSMUSG00000021559,Dapk1,protein coding gene
ENSMUSG00000021596.16,26.53448573,2.197972558,0.703785852,3.12307011,0.001789751,0.005874881,ENSMUSG00000021596,ENSMUSG00000021596,Mctp1,protein coding gene
ENSMUSG00000021611.8,8.3539463,3.077257755,1.240786578,2.480086269,0.01313506,0.032849831,ENSMUSG00000021611,ENSMUSG00000021611,Tert,protein coding gene
ENSMUSG00000021614.16,35.79051922,3.121358007,0.656610455,4.753743996,1.99684E-06,1.3347E-05,ENSMUSG00000021614,ENSMUSG00000021614,Vcan,protein coding gene
ENSMUSG00000021624.9,14.19901218,2.538896009,1.032953644,2.45789927,0.013975237,0.034635952,ENSMUSG00000021624,ENSMUSG00000021624,Cd180,protein coding gene
ENSMUSG00000021675.4,8.88824499,3.8413076,1.365523862,2.813065158,0.004907171,0.014158096,ENSMUSG00000021675,ENSMUSG00000021675,F2rl2,protein coding gene
ENSMUSG00000021690.9,173.6182001,2.067563596,0.291830187,7.084817426,1.39228E-12,2.35314E-11,ENSMUSG00000021690,ENSMUSG00000021690,Jmy,protein coding gene
ENSMUSG00000021699.17,53.76071415,3.724892571,0.583235726,6.386598771,1.69616E-10,2.14371E-09,ENSMUSG00000021699,ENSMUSG00000021699,Pde4d,protein coding gene
ENSMUSG00000021767.16,164.3088547,2.180697969,0.298291582,7.310625242,2.65902E-13,4.93185E-12,ENSMUSG00000021767,ENSMUSG00000021767,Kat6b,protein coding gene
ENSMUSG00000021782.14,117.2701607,3.07482472,0.394165383,7.800849229,6.14919E-15,1.41456E-13,ENSMUSG00000021782,ENSMUSG00000021782,Dlg5,protein coding gene
ENSMUSG00000021806.3,106.3922879,2.578586712,0.412308966,6.254015613,4.00031E-10,4.81104E-09,ENSMUSG00000021806,ENSMUSG00000021806,Nid2,protein coding gene
ENSMUSG00000021823.9,53.98709108,3.332763323,0.633825524,5.258171526,1.45495E-07,1.18964E-06,ENSMUSG00000021823,ENSMUSG00000021823,Vcl,protein coding gene
ENSMUSG00000021838.16,45.2691556,3.193545783,0.569766803,5.605005008,2.08249E-08,1.93966E-07,ENSMUSG00000021838,ENSMUSG00000021838,Samd4,protein coding gene
ENSMUSG00000021903.11,121.5300751,2.230569789,0.431029143,5.174986015,2.27928E-07,1.80593E-06,ENSMUSG00000021903,ENSMUSG00000021903,Galnt15,protein coding gene
ENSMUSG00000021938.11,45.98525112,2.183941737,0.473098178,4.616254803,3.90727E-06,2.46096E-05,ENSMUSG00000021938,ENSMUSG00000021938,Pspc1,protein coding gene
ENSMUSG00000021959.15,151.272447,2.508385304,0.414065448,6.057944016,1.37872E-09,1.52738E-08,ENSMUSG00000021959,ENSMUSG00000021959,Lats2,protein coding gene
ENSMUSG00000021990.15,149.1779041,2.048638577,0.300902994,6.808302407,9.87571E-12,1.49779E-10,ENSMUSG00000021990,ENSMUSG00000021990,Spata13,protein coding gene
ENSMUSG00000021994.14,37.37467164,2.725811214,0.561269281,4.856512382,1.19471E-06,8.31979E-06,ENSMUSG00000021994,ENSMUSG00000021994,Wnt5a,protein coding gene
ENSMUSG00000022003.6,11.71112995,3.352918804,1.034698186,3.240480025,0.001193286,0.004146501,ENSMUSG00000022003,ENSMUSG00000022003,Slc25a30,protein coding gene
ENSMUSG00000022048.8,212.2212569,3.262988349,0.405469123,8.047439768,8.4544E-16,2.14972E-14,ENSMUSG00000022048,ENSMUSG00000022048,Dpysl2,protein coding gene
ENSMUSG00000022141.6,254.7509777,2.718026907,0.2967092,9.160575102,5.16215E-20,2.21172E-18,ENSMUSG00000022141,ENSMUSG00000022141,Nipbl,protein coding gene
ENSMUSG00000022148.15,43.31956445,4.490262214,0.816386028,5.500170335,3.79425E-08,3.39383E-07,ENSMUSG00000022148,ENSMUSG00000022148,Fyb1,protein coding gene
ENSMUSG00000022181.15,8.405288583,3.107958541,1.301876965,2.387290523,0.016973072,0.040791546,ENSMUSG00000022181,ENSMUSG00000022181,C6,protein coding gene
ENSMUSG00000022197.15,68.39229158,3.265291143,0.46391748,7.038517155,1.94296E-12,3.22348E-11,ENSMUSG00000022197,ENSMUSG00000022197,Pdzd2,protein coding gene
ENSMUSG00000022203.6,27.89814449,2.683105742,0.746074735,3.596296213,0.00032278,0.001309304,ENSMUSG00000022203,ENSMUSG00000022203,Efs,protein coding gene
ENSMUSG00000022218.15,8.542142562,3.768621503,1.393828898,2.703790621,0.006855347,0.018888575,ENSMUSG00000022218,ENSMUSG00000022218,Tgm1,protein coding gene
ENSMUSG00000022231.9,157.3477866,2.879215603,0.428825451,6.714190118,1.89114E-11,2.77248E-10,ENSMUSG00000022231,ENSMUSG00000022231,Sema5a,protein coding gene
ENSMUSG00000022240.9,20.24860495,3.044196756,0.862744897,3.528501606,0.000417919,0.001643861,ENSMUSG00000022240,ENSMUSG00000022240,Ctnnd2,protein coding gene
ENSMUSG00000022263.9,298.4235629,4.0055563,0.37776239,10.60337503,2.87417E-26,2.21881E-24,ENSMUSG00000022263,ENSMUSG00000022263,Trio,protein coding gene
ENSMUSG00000022306.8,19.38122894,5.249724517,1.269636578,4.13482457,3.55226E-05,0.000182599,ENSMUSG00000022306,ENSMUSG00000022306,Zfpm2,protein coding gene
ENSMUSG00000022325.14,27.50382504,2.033454009,0.616071646,3.300677806,0.000964516,0.003450192,ENSMUSG00000022325,ENSMUSG00000022325,Pop1,protein coding gene
ENSMUSG00000022335.16,35.27117266,2.510487076,0.58274391,4.308045152,1.64704E-05,9.12902E-05,ENSMUSG00000022335,ENSMUSG00000022335,Zfat,protein coding gene
ENSMUSG00000022346.14,483.076269,2.58240677,0.256656454,10.06172544,8.15563E-24,4.98022E-22,ENSMUSG00000022346,ENSMUSG00000022346,Myc,protein coding gene
ENSMUSG00000022377.16,116.4014111,2.209360193,0.407834296,5.417298684,6.05062E-08,5.24775E-07,ENSMUSG00000022377,ENSMUSG00000022377,Asap1,protein coding gene
ENSMUSG00000022383.13,23.32960559,2.826553884,0.723322669,3.907735792,9.31651E-05,0.000433052,ENSMUSG00000022383,ENSMUSG00000022383,Ppara,protein coding gene
ENSMUSG00000022416.15,34.780995,3.420804001,0.889100695,3.847487714,0.000119335,0.000542629,ENSMUSG00000022416,ENSMUSG00000022416,Cacna1i,protein coding gene
ENSMUSG00000022443.16,1175.688972,2.560357586,0.286849135,8.925798535,4.42495E-19,1.72352E-17,ENSMUSG00000022443,ENSMUSG00000022443,Myh9,protein coding gene
ENSMUSG00000022488.8,48.52678073,2.272576563,0.690513117,3.291141772,0.000997816,0.003555952,ENSMUSG00000022488,ENSMUSG00000022488,Nckap1l,protein coding gene
ENSMUSG00000022504.9,58.21531276,3.975968703,0.748422056,5.312468641,1.0815E-07,9.03694E-07,ENSMUSG00000022504,ENSMUSG00000022504,Ciita,protein coding gene
ENSMUSG00000022508.5,64.98000891,2.188537679,0.531694742,4.116154454,3.85246E-05,0.000196207,ENSMUSG00000022508,ENSMUSG00000022508,Bcl6,protein coding gene
ENSMUSG00000022521.10,544.5809398,3.412892863,0.246368863,13.85277678,1.22388E-43,4.55975E-41,ENSMUSG00000022521,ENSMUSG00000022521,Crebbp,protein coding gene
ENSMUSG00000022545.13,47.93869847,2.051727801,0.48050939,4.269901577,1.95559E-05,0.000106668,ENSMUSG00000022545,ENSMUSG00000022545,Ercc4,protein coding gene
ENSMUSG00000022565.15,1616.806656,2.624168979,0.217024923,12.09155586,1.17049E-33,1.80719E-31,ENSMUSG00000022565,ENSMUSG00000022565,Plec,protein coding gene
ENSMUSG00000022623.15,171.942813,2.628252667,0.318839773,8.243176954,1.67697E-16,4.75041E-15,ENSMUSG00000022623,ENSMUSG00000022623,Shank3,protein coding gene
ENSMUSG00000022657.9,3.444468176,5.125216471,2.054350851,2.494810693,0.012602434,0.031742079,ENSMUSG00000022657,ENSMUSG00000022657,Cd96,protein coding gene
ENSMUSG00000022687.11,125.1345707,2.182010495,0.397887988,5.483981821,4.15858E-08,3.69656E-07,ENSMUSG00000022687,ENSMUSG00000022687,Boc,protein coding gene
ENSMUSG00000022708.16,606.6440984,3.503065838,0.248742369,14.0831088,4.82401E-45,2.06685E-42,ENSMUSG00000022708,ENSMUSG00000022708,Zbtb20,protein coding gene
ENSMUSG00000022723.15,49.31080276,2.193655823,0.470050195,4.666854407,3.05846E-06,1.97052E-05,ENSMUSG00000022723,ENSMUSG00000022723,Crybg3,protein coding gene
ENSMUSG00000022753.15,9.655998617,6.588520222,1.777657767,3.706292822,0.000210315,0.000896835,ENSMUSG00000022753,ENSMUSG00000022753,Cdc50c,protein coding gene
ENSMUSG00000022772.11,31.2959285,2.524746934,0.623619572,4.048537037,5.15388E-05,0.000254839,ENSMUSG00000022772,ENSMUSG00000022772,Senp5,protein coding gene
ENSMUSG00000022799.4,105.8929176,2.317094156,0.358050412,6.471418771,9.70869E-11,1.27305E-09,ENSMUSG00000022799,ENSMUSG00000022799,Arhgap31,protein coding gene
ENSMUSG00000022836.10,92.07540622,2.401938037,0.538004834,4.46452873,8.02452E-06,4.74385E-05,ENSMUSG00000022836,ENSMUSG00000022836,Mylk,protein coding gene
ENSMUSG00000022840.8,85.21064333,3.033066308,0.454270079,6.676790849,2.44231E-11,3.50849E-10,ENSMUSG00000022840,ENSMUSG00000022840,Adcy5,protein coding gene
ENSMUSG00000022861.16,26.45947873,3.638784725,0.746864069,4.872084325,1.10427E-06,7.73079E-06,ENSMUSG00000022861,ENSMUSG00000022861,Dgkg,protein coding gene
ENSMUSG00000022946.8,125.4504354,2.469093835,0.349087892,7.072986186,1.51635E-12,2.55276E-11,ENSMUSG00000022946,ENSMUSG00000022946,Dop1b,protein coding gene
ENSMUSG00000022952.16,36.63115305,3.253935843,0.665060949,4.892688175,9.94679E-07,7.02672E-06,ENSMUSG00000022952,ENSMUSG00000022952,Runx1,protein coding gene
ENSMUSG00000022983.15,176.4177134,2.257745435,0.296615367,7.611694076,2.70526E-14,5.7238E-13,ENSMUSG00000022983,ENSMUSG00000022983,Scaf4,protein coding gene
ENSMUSG00000023009.14,22.31240649,2.424241142,0.758322109,3.196848823,0.001389377,0.00472256,ENSMUSG00000023009,ENSMUSG00000023009,Nckap5l,protein coding gene
ENSMUSG00000023011.7,33.20501158,2.121118532,0.756535781,2.803725327,0.005051592,0.01449911,ENSMUSG00000023011,ENSMUSG00000023011,Faim2,protein coding gene
ENSMUSG00000023026.15,165.4928826,2.453787847,0.303271081,8.091070998,5.91424E-16,1.55198E-14,ENSMUSG00000023026,ENSMUSG00000023026,Dip2b,protein coding gene
ENSMUSG00000023036.14,11.5528602,3.006263084,1.011904695,2.970895479,0.002969328,0.00915258,ENSMUSG00000023036,ENSMUSG00000023036,Pcdhgc4,protein coding gene
ENSMUSG00000023066.9,13.48470632,3.579773862,1.029576783,3.476937244,0.000507177,0.001950333,ENSMUSG00000023066,ENSMUSG00000023066,Rttn,protein coding gene
ENSMUSG00000023084.11,5.414328065,4.340442106,1.735321134,2.501232782,0.01237618,0.031255964,ENSMUSG00000023084,ENSMUSG00000023084,Lrrc71,protein coding gene
ENSMUSG00000023169.14,60.99709976,3.327994225,0.669381271,4.971746848,6.63523E-07,4.87E-06,ENSMUSG00000023169,ENSMUSG00000023169,Slc38a1,protein coding gene
ENSMUSG00000023249.14,54.45885877,2.319115089,0.524404198,4.422380866,9.76192E-06,5.66926E-05,ENSMUSG00000023249,ENSMUSG00000023249,Parp3,protein coding gene
ENSMUSG00000023274.14,15.62149573,3.984469817,1.069344642,3.726085735,0.000194476,0.000837087,ENSMUSG00000023274,ENSMUSG00000023274,Cd4,protein coding gene
ENSMUSG00000023805.16,206.501893,2.737688967,0.324550888,8.435314978,3.30312E-17,1.02367E-15,ENSMUSG00000023805,ENSMUSG00000023805,Synj2,protein coding gene
ENSMUSG00000023826.14,29.31538414,2.335893587,0.631646316,3.698103716,0.000217216,0.000923202,ENSMUSG00000023826,ENSMUSG00000023826,Prkn,protein coding gene
ENSMUSG00000023845.6,104.0617423,6.097990174,0.694192207,8.784296503,1.57346E-18,5.82419E-17,ENSMUSG00000023845,ENSMUSG00000023845,Lnpep,protein coding gene
ENSMUSG00000023868.15,15.57283117,4.962666858,1.295543365,3.830567924,0.000127848,0.000575987,ENSMUSG00000023868,ENSMUSG00000023868,Pde10a,protein coding gene
ENSMUSG00000023885.8,32.19972234,2.965045853,0.679988638,4.360434404,1.29804E-05,7.33462E-05,ENSMUSG00000023885,ENSMUSG00000023885,Thbs2,protein coding gene
ENSMUSG00000023915.4,80.08225413,2.233918745,0.418931778,5.332416547,9.69143E-08,8.15775E-07,ENSMUSG00000023915,ENSMUSG00000023915,Tnfrsf21,protein coding gene
ENSMUSG00000023927.15,25.31834238,2.210795297,0.755795396,2.925124059,0.003443189,0.010398128,ENSMUSG00000023927,ENSMUSG00000023927,Satb1,protein coding gene
ENSMUSG00000023947.7,26.38852839,2.467979983,0.722451984,3.416116277,0.000635211,0.002391006,ENSMUSG00000023947,ENSMUSG00000023947,Nfkbie,protein coding gene
ENSMUSG00000024027.7,84.75448711,4.014021703,0.545729847,7.355327413,1.9046E-13,3.59879E-12,ENSMUSG00000024027,ENSMUSG00000024027,Glp1r,protein coding gene
ENSMUSG00000024042.6,255.4965339,3.0233223,0.317902584,9.510216197,1.90267E-21,9.42425E-20,ENSMUSG00000024042,ENSMUSG00000024042,Sik1,protein coding gene
ENSMUSG00000024073.14,636.9123923,2.729684417,0.236855835,11.52466614,9.90956E-31,1.17937E-28,ENSMUSG00000024073,ENSMUSG00000024073,Birc6,protein coding gene
ENSMUSG00000024112.16,15.43634324,4.960326071,1.343503089,3.69208386,0.000222424,0.000942607,ENSMUSG00000024112,ENSMUSG00000024112,Cacna1h,protein coding gene
ENSMUSG00000024130.15,252.1450214,2.471600345,0.350496302,7.051715897,1.76725E-12,2.94621E-11,ENSMUSG00000024130,ENSMUSG00000024130,Abca3,protein coding gene
ENSMUSG00000024160.16,14.19657856,2.170782891,0.826145309,2.627604207,0.00859885,0.022993773,ENSMUSG00000024160,ENSMUSG00000024160,Spsb3,protein coding gene
ENSMUSG00000024164.15,4398.708686,2.071397329,0.381935264,5.423425178,5.84677E-08,5.08381E-07,ENSMUSG00000024164,ENSMUSG00000024164,C3,protein coding gene
ENSMUSG00000024206.14,55.75628813,2.616146112,0.512680279,5.102880334,3.34523E-07,2.57318E-06,ENSMUSG00000024206,ENSMUSG00000024206,Rfx2,protein coding gene
ENSMUSG00000024219.15,278.3002732,2.000468163,0.267547224,7.477065667,7.60004E-14,1.50578E-12,ENSMUSG00000024219,ENSMUSG00000024219,Anks1,protein coding gene
ENSMUSG00000024236.18,253.2700308,2.312231536,0.26478371,8.732529409,2.49039E-18,9.02334E-17,ENSMUSG00000024236,ENSMUSG00000024236,Svil,protein coding gene
ENSMUSG00000024238.13,73.61170002,3.055656812,0.496198663,6.158131898,7.3608E-10,8.54092E-09,ENSMUSG00000024238,ENSMUSG00000024238,Zeb1,protein coding gene
ENSMUSG00000024251.9,91.41761556,3.167725609,0.399574387,7.927749402,2.23153E-15,5.40169E-14,ENSMUSG00000024251,ENSMUSG00000024251,Thada,protein coding gene
ENSMUSG00000024254.15,12.25504611,2.429456308,0.938427016,2.588860153,0.009629419,0.025277255,ENSMUSG00000024254,ENSMUSG00000024254,Abcg8,protein coding gene
ENSMUSG00000024298.14,67.23752542,5.983269868,0.807396494,7.410572022,1.25756E-13,2.43526E-12,ENSMUSG00000024298,ENSMUSG00000024298,Zfp871,protein coding gene
ENSMUSG00000024300.16,38.82987008,2.039625972,0.745908612,2.734418049,0.006249065,0.017442422,ENSMUSG00000024300,ENSMUSG00000024300,Myo1f,protein coding gene
ENSMUSG00000024334.8,7.969017618,4.935787004,1.72855823,2.855435772,0.004297781,0.012659914,ENSMUSG00000024334,ENSMUSG00000024334,H2-Oa,protein coding gene
ENSMUSG00000024354.11,3.200645302,5.02155145,2.08452516,2.408966582,0.015997763,0.038773817,ENSMUSG00000024354,ENSMUSG00000024354,Slc23a1,protein coding gene
ENSMUSG00000024401.14,4.464213838,5.504180745,1.959296739,2.809263464,0.004965499,0.014300912,ENSMUSG00000024401,ENSMUSG00000024401,Tnf,protein coding gene
ENSMUSG00000024413.13,87.23224764,2.728830141,0.391774618,6.965306107,3.2769E-12,5.28312E-11,ENSMUSG00000024413,ENSMUSG00000024413,Npc1,protein coding gene
ENSMUSG00000024420.8,57.27465135,4.153356624,0.593575926,6.997178364,2.61169E-12,4.27499E-11,ENSMUSG00000024420,ENSMUSG00000024420,Zfp521,protein coding gene
ENSMUSG00000024421.16,45.56655814,2.29276717,0.512110437,4.477095181,7.56655E-06,4.50106E-05,ENSMUSG00000024421,ENSMUSG00000024421,Lama3,protein coding gene
ENSMUSG00000024481.4,23.57303797,3.86053578,0.829706864,4.652891216,3.27313E-06,2.09309E-05,ENSMUSG00000024481,ENSMUSG00000024481,Lvrn,protein coding gene
ENSMUSG00000024483.18,380.033808,2.70493985,0.257098696,10.52101738,6.91231E-26,5.15057E-24,ENSMUSG00000024483,ENSMUSG00000024483,Ankhd1,protein coding gene
ENSMUSG00000024501.19,59.044806,2.771874111,0.549925917,5.040450042,4.64438E-07,3.49409E-06,ENSMUSG00000024501,ENSMUSG00000024501,Dpysl3,protein coding gene
ENSMUSG00000024529.13,44.45723942,2.352014746,0.543536723,4.327241647,1.50988E-05,8.4233E-05,ENSMUSG00000024529,ENSMUSG00000024529,Lox,protein coding gene
ENSMUSG00000024544.8,14.41072823,2.706832492,0.865680215,3.126827257,0.001767037,0.005806325,ENSMUSG00000024544,ENSMUSG00000024544,Ldlrad4,protein coding gene
ENSMUSG00000024548.11,106.8303588,3.802085087,0.44410807,8.561170899,1.11727E-17,3.67519E-16,ENSMUSG00000024548,ENSMUSG00000024548,Setbp1,protein coding gene
ENSMUSG00000024553.7,47.65215261,2.09831328,0.71641955,2.928888918,0.00340176,0.010292966,ENSMUSG00000024553,ENSMUSG00000024553,Galr1,protein coding gene
ENSMUSG00000024558.12,24.12874997,4.465952449,0.970161557,4.603307994,4.15833E-06,2.60759E-05,ENSMUSG00000024558,ENSMUSG00000024558,Mapk4,protein coding gene
ENSMUSG00000024598.8,14.34317096,3.266851404,1.015757187,3.216173556,0.001299122,0.004463585,ENSMUSG00000024598,ENSMUSG00000024598,Fbn2,protein coding gene
ENSMUSG00000024622.7,92.32129955,2.564508406,0.404793172,6.335354905,2.36796E-10,2.94286E-09,ENSMUSG00000024622,ENSMUSG00000024622,Hmgxb3,protein coding gene
ENSMUSG00000024642.16,79.95230551,2.42736173,0.430367191,5.64021092,1.69842E-08,1.6046E-07,ENSMUSG00000024642,ENSMUSG00000024642,Tle4,protein coding gene
ENSMUSG00000024713.15,13.58098153,2.149022886,0.883711919,2.431813853,0.015023426,0.036792152,ENSMUSG00000024713,ENSMUSG00000024713,Pcsk5,protein coding gene
ENSMUSG00000024754.12,32.17054488,3.132960565,0.666832576,4.69827162,2.62372E-06,1.7182E-05,ENSMUSG00000024754,ENSMUSG00000024754,Cemip2,protein coding gene
ENSMUSG00000024769.7,971.4497366,2.448791051,0.365014709,6.708746232,1.96304E-11,2.87052E-10,ENSMUSG00000024769,ENSMUSG00000024769,Cdc42bpg,protein coding gene
ENSMUSG00000024883.6,18.13737699,2.880432776,0.919513276,3.132562467,0.001732875,0.005715554,ENSMUSG00000024883,ENSMUSG00000024883,Rin1,protein coding gene
ENSMUSG00000024901.14,30.29778313,2.277133408,0.599468724,3.798585842,0.000145524,0.000647064,ENSMUSG00000024901,ENSMUSG00000024901,Peli3,protein coding gene
ENSMUSG00000024910.4,11.05865987,2.49278776,1.018717684,2.446985853,0.014405649,0.035497343,ENSMUSG00000024910,ENSMUSG00000024910,Ctsw,protein coding gene
ENSMUSG00000024913.16,284.1558137,2.446180182,0.253568541,9.647017629,5.06061E-22,2.6202E-20,ENSMUSG00000024913,ENSMUSG00000024913,Lrp5,protein coding gene
ENSMUSG00000024965.8,76.67273041,2.44880523,0.576419439,4.248304383,2.15395E-05,0.000116596,ENSMUSG00000024965,ENSMUSG00000024965,Fermt3,protein coding gene
ENSMUSG00000024978.10,126.7421519,3.643936766,0.45434975,8.020113944,1.05647E-15,2.65092E-14,ENSMUSG00000024978,ENSMUSG00000024978,Gpam,protein coding gene
ENSMUSG00000024987.5,25.44147251,5.631546936,1.181402282,4.766832621,1.87145E-06,1.2553E-05,ENSMUSG00000024987,ENSMUSG00000024987,Cyp26a1,protein coding gene
ENSMUSG00000024998.17,46.89886361,2.432977598,0.526510396,4.620948828,3.81989E-06,2.4077E-05,ENSMUSG00000024998,ENSMUSG00000024998,Plce1,protein coding gene
ENSMUSG00000025006.15,37.93278338,3.164151886,0.606189622,5.219739448,1.79175E-07,1.44232E-06,ENSMUSG00000025006,ENSMUSG00000025006,Sorbs1,protein coding gene
ENSMUSG00000025017.9,217.0690786,3.006885057,0.319118328,9.42247684,4.4057E-21,2.06863E-19,ENSMUSG00000025017,ENSMUSG00000025017,Pik3ap1,protein coding gene
ENSMUSG00000025019.15,52.31091344,9.039737626,1.503829703,6.011144486,1.84218E-09,1.99692E-08,ENSMUSG00000025019,ENSMUSG00000025019,Lcor,protein coding gene
ENSMUSG00000025078.8,68.44096704,2.16733937,0.496495141,4.365278112,1.26961E-05,7.19768E-05,ENSMUSG00000025078,ENSMUSG00000025078,Nhlrc2,protein coding gene
ENSMUSG00000025083.17,24.86574107,2.806800502,0.745522323,3.764877879,0.00016663,0.000730922,ENSMUSG00000025083,ENSMUSG00000025083,Afap1l2,protein coding gene
ENSMUSG00000025105.9,31.19167847,2.056435324,0.751452289,2.736614627,0.006207496,0.017346172,ENSMUSG00000025105,ENSMUSG00000025105,Bnc1,protein coding gene
ENSMUSG00000025185.14,17.4265313,3.184202063,0.848187006,3.75412738,0.000173946,0.000757969,ENSMUSG00000025185,ENSMUSG00000025185,Loxl4,protein coding gene
ENSMUSG00000025192.13,452.069115,2.652758164,0.278358262,9.530014107,1.57262E-21,7.85759E-20,ENSMUSG00000025192,ENSMUSG00000025192,Entpd7,protein coding gene
ENSMUSG00000025195.8,119.4517568,4.251530679,0.457496295,9.293038499,1.49945E-20,6.70957E-19,ENSMUSG00000025195,ENSMUSG00000025195,Dnmbp,protein coding gene
ENSMUSG00000025241.15,252.678037,2.049774456,0.275351659,7.444205928,9.75293E-14,1.91024E-12,ENSMUSG00000025241,ENSMUSG00000025241,Fyco1,protein coding gene
ENSMUSG00000025255.18,72.38199129,4.906320873,0.705085946,6.958472081,3.43983E-12,5.525E-11,ENSMUSG00000025255,ENSMUSG00000025255,Zfhx4,protein coding gene
ENSMUSG00000025262.8,41.73414151,4.793411864,0.794997924,6.029464628,1.64504E-09,1.79457E-08,ENSMUSG00000025262,ENSMUSG00000025262,Fam120c,protein coding gene
ENSMUSG00000025265.14,26.71402369,2.883087713,0.657544085,4.38463029,1.16183E-05,6.64157E-05,ENSMUSG00000025265,ENSMUSG00000025265,Fgd1,protein coding gene
ENSMUSG00000025279.7,14.52376255,3.91776959,1.207651317,3.244123146,0.001178128,0.004103813,ENSMUSG00000025279,ENSMUSG00000025279,Dnase1l3,protein coding gene
ENSMUSG00000025321.14,13.08994032,2.095049987,0.868421824,2.41247966,0.015844421,0.038477536,ENSMUSG00000025321,ENSMUSG00000025321,Itgb8,protein coding gene
ENSMUSG00000025323.9,23.13974431,2.686751094,0.726529625,3.698061305,0.000217252,0.000923202,ENSMUSG00000025323,ENSMUSG00000025323,Sp4,protein coding gene
ENSMUSG00000025324.8,36.33356862,2.934465288,0.595929893,4.924178704,8.47154E-07,6.08269E-06,ENSMUSG00000025324,ENSMUSG00000025324,Atp10a,protein coding gene
ENSMUSG00000025380.2,4.068331848,5.32663114,2.041345026,2.609373268,0.009070824,0.024097935,ENSMUSG00000025380,ENSMUSG00000025380,Fscn2,protein coding gene
ENSMUSG00000025407.6,23.16305104,2.230473243,0.668574969,3.336160263,0.000849442,0.003084919,ENSMUSG00000025407,ENSMUSG00000025407,Gli1,protein coding gene
ENSMUSG00000025422.8,24.82581021,3.251449392,0.808862908,4.019778087,5.8253E-05,0.000284833,ENSMUSG00000025422,ENSMUSG00000025422,Agap2,protein coding gene
ENSMUSG00000025427.14,5.678137816,5.831792898,1.819912992,3.204435004,0.001353278,0.004621858,ENSMUSG00000025427,ENSMUSG00000025427,Ark2c,protein coding gene
ENSMUSG00000025437.15,78.06123231,4.725957698,0.604822621,7.813791238,5.5493E-15,1.28519E-13,ENSMUSG00000025437,ENSMUSG00000025437,Usp33,protein coding gene
ENSMUSG00000025507.13,15.55376057,3.224475633,0.891787484,3.615744435,0.000299486,0.001222627,ENSMUSG00000025507,ENSMUSG00000025507,Pidd1,protein coding gene
ENSMUSG00000025558.15,237.7055891,2.753759366,0.358648898,7.678148123,1.61405E-14,3.56005E-13,ENSMUSG00000025558,ENSMUSG00000025558,Dock9,protein coding gene
ENSMUSG00000025571.13,299.8563482,2.375446966,0.259257992,9.162483067,5.07166E-20,2.1784E-18,ENSMUSG00000025571,ENSMUSG00000025571,Tnrc6c,protein coding gene
ENSMUSG00000025574.13,92.13339954,2.626646185,0.370752102,7.084642729,1.39403E-12,2.35379E-11,ENSMUSG00000025574,ENSMUSG00000025574,Tk1,protein coding gene
ENSMUSG00000025735.13,8.159766804,3.662197789,1.415902644,2.586475705,0.009696301,0.025420713,ENSMUSG00000025735,ENSMUSG00000025735,Rhbdl1,protein coding gene
ENSMUSG00000025738.7,89.83702732,2.09759118,0.451390322,4.646956477,3.36868E-06,2.14779E-05,ENSMUSG00000025738,ENSMUSG00000025738,Fbxl16,protein coding gene
ENSMUSG00000025812.17,225.9059165,2.197924905,0.292047632,7.525912425,5.23534E-14,1.0656E-12,ENSMUSG00000025812,ENSMUSG00000025812,Pard3,protein coding gene
ENSMUSG00000025816.15,13.98115706,2.632269294,0.998544223,2.636106877,0.008386331,0.022502731,ENSMUSG00000025816,ENSMUSG00000025816,Sec61a2,protein coding gene
ENSMUSG00000025870.10,23.68305838,3.459257694,0.758275976,4.562003548,5.06678E-06,3.1213E-05,ENSMUSG00000025870,ENSMUSG00000025870,Arl10,protein coding gene
ENSMUSG00000025909.16,20.78022492,5.367970328,1.256744705,4.271329176,1.94311E-05,0.000106021,ENSMUSG00000025909,ENSMUSG00000025909,Sntg1,protein coding gene
ENSMUSG00000025959.13,44.16190897,5.441462232,0.857980945,6.342171424,2.26549E-10,2.81961E-09,ENSMUSG00000025959,ENSMUSG00000025959,Klf7,protein coding gene
ENSMUSG00000025997.13,57.49508751,2.585211745,0.47106495,5.488015489,4.06474E-08,3.62066E-07,ENSMUSG00000025997,ENSMUSG00000025997,Ikzf2,protein coding gene
ENSMUSG00000026012.2,4.522444241,5.530886967,2.263628659,2.443372037,0.014550729,0.03579308,ENSMUSG00000026012,ENSMUSG00000026012,Cd28,protein coding gene
ENSMUSG00000026014.15,160.6015793,3.176603925,0.352030028,9.023673175,1.81886E-19,7.40419E-18,ENSMUSG00000026014,ENSMUSG00000026014,Raph1,protein coding gene
ENSMUSG00000026077.15,71.29434348,2.812802978,0.480677533,5.8517463,4.86438E-09,4.97706E-08,ENSMUSG00000026077,ENSMUSG00000026077,Npas2,protein coding gene
ENSMUSG00000026082.11,97.96661479,2.208085982,0.399355228,5.529127516,3.21827E-08,2.92598E-07,ENSMUSG00000026082,ENSMUSG00000026082,Rev1,protein coding gene
ENSMUSG00000026113.17,177.6493995,2.204690633,0.317080631,6.953091484,3.57367E-12,5.72388E-11,ENSMUSG00000026113,ENSMUSG00000026113,Inpp4a,protein coding gene
ENSMUSG00000026117.10,5.873671101,3.565503274,1.537595862,2.318881939,0.020401439,0.047434521,ENSMUSG00000026117,ENSMUSG00000026117,Zap70,protein coding gene
ENSMUSG00000026131.17,362.2244917,3.76942362,0.32014182,11.77423061,5.29984E-32,7.04099E-30,ENSMUSG00000026131,ENSMUSG00000026131,Dst,protein coding gene
ENSMUSG00000026135.17,109.2180991,3.907424167,0.520795945,7.502792994,6.24722E-14,1.25369E-12,ENSMUSG00000026135,ENSMUSG00000026135,Zfp142,protein coding gene
ENSMUSG00000026155.13,52.6898872,2.025054742,0.548118987,3.694553171,0.000220274,0.000934882,ENSMUSG00000026155,ENSMUSG00000026155,Smap1,protein coding gene
ENSMUSG00000026185.8,1325.969017,2.056344072,0.31560672,6.515526896,7.24349E-11,9.70594E-10,ENSMUSG00000026185,ENSMUSG00000026185,Igfbp5,protein coding gene
ENSMUSG00000026193.15,1130.786582,2.462030495,0.376782599,6.534352964,6.38851E-11,8.63457E-10,ENSMUSG00000026193,ENSMUSG00000026193,Fn1,protein coding gene
ENSMUSG00000026207.16,51.84956601,3.218303433,0.626134763,5.139953288,2.74807E-07,2.14562E-06,ENSMUSG00000026207,ENSMUSG00000026207,Speg,protein coding gene
ENSMUSG00000026208.9,141.1921513,2.507908316,1.077936079,2.32658352,0.019987443,0.046674586,ENSMUSG00000026208,ENSMUSG00000026208,Des,protein coding gene
ENSMUSG00000026271.15,5.633953663,5.829200211,1.953892378,2.983378345,0.002850853,0.008835068,ENSMUSG00000026271,ENSMUSG00000026271,Gpr35,protein coding gene
ENSMUSG00000026288.14,66.76970716,2.618728717,0.596208969,4.392300107,1.12158E-05,6.42648E-05,ENSMUSG00000026288,ENSMUSG00000026288,Inpp5d,protein coding gene
ENSMUSG00000026313.15,180.0406927,2.14502702,0.291736701,7.352612875,1.94369E-13,3.66861E-12,ENSMUSG00000026313,ENSMUSG00000026313,Hdac4,protein coding gene
ENSMUSG00000026395.16,145.570715,2.687410198,1.011193996,2.657660358,0.007868515,0.021313842,ENSMUSG00000026395,ENSMUSG00000026395,Ptprc,protein coding gene
ENSMUSG00000026442.14,287.2057098,2.472464466,0.36285415,6.813934648,9.49649E-12,1.44796E-10,ENSMUSG00000026442,ENSMUSG00000026442,Nfasc,protein coding gene
ENSMUSG00000026443.3,18.9524804,2.34757973,0.859208565,2.732258297,0.006290181,0.017531487,ENSMUSG00000026443,ENSMUSG00000026443,Lrrn2,protein coding gene
ENSMUSG00000026447.16,97.79962899,3.002278293,0.383862038,7.821243048,5.23042E-15,1.21792E-13,ENSMUSG00000026447,ENSMUSG00000026447,Pik3c2b,protein coding gene
ENSMUSG00000026463.17,159.5302999,2.853821256,0.399578063,7.142086911,9.19244E-13,1.58332E-11,ENSMUSG00000026463,ENSMUSG00000026463,Atp2b4,protein coding gene
ENSMUSG00000026494.12,11.27855812,6.843490833,1.784231558,3.835539621,0.000125289,0.000566394,ENSMUSG00000026494,ENSMUSG00000026494,Kif26b,protein coding gene
ENSMUSG00000026565.18,67.96120515,2.189598603,0.411543822,5.320450667,1.03511E-07,8.67464E-07,ENSMUSG00000026565,ENSMUSG00000026565,Pou2f1,protein coding gene
ENSMUSG00000026604.17,209.8783371,2.328889371,0.319294764,7.293853943,3.01212E-13,5.52695E-12,ENSMUSG00000026604,ENSMUSG00000026604,Ptpn14,protein coding gene
ENSMUSG00000026605.14,5.10185375,5.680601838,1.902975087,2.985116241,0.002834706,0.008791384,ENSMUSG00000026605,ENSMUSG00000026605,Cenpf,protein coding gene
ENSMUSG00000026609.15,9.989312546,4.290063525,1.403688091,3.056279776,0.00224102,0.007141429,ENSMUSG00000026609,ENSMUSG00000026609,Ush2a,protein coding gene
ENSMUSG00000026620.11,23.93514371,2.355111772,0.758236022,3.106040473,0.001896108,0.006168469,ENSMUSG00000026620,ENSMUSG00000026620,Mark1,protein coding gene
ENSMUSG00000026640.12,526.3912663,2.914906075,0.240663582,12.11195332,9.12938E-34,1.42236E-31,ENSMUSG00000026640,ENSMUSG00000026640,Plxna2,protein coding gene
ENSMUSG00000026676.7,7.703102666,4.890898222,1.760909453,2.777484222,0.00547815,0.015566993,ENSMUSG00000026676,ENSMUSG00000026676,Ccdc3,protein coding gene
ENSMUSG00000026778.13,6.725435958,6.10024938,1.863794645,3.273026563,0.001064025,0.003759072,ENSMUSG00000026778,ENSMUSG00000026778,Prkcq,protein coding gene
ENSMUSG00000026779.6,4.450437597,5.482660645,1.921240859,2.853708122,0.004321221,0.01271803,ENSMUSG00000026779,ENSMUSG00000026779,Mastl,protein coding gene
ENSMUSG00000026786.14,32.01467206,2.287664799,0.843067784,2.713500435,0.006657648,0.018420855,ENSMUSG00000026786,ENSMUSG00000026786,Apbb1ip,protein coding gene
ENSMUSG00000026821.15,177.8131763,2.0696788,0.282888845,7.316226265,2.55041E-13,4.74067E-12,ENSMUSG00000026821,ENSMUSG00000026821,Ralgds,protein coding gene
ENSMUSG00000026825.17,136.0410139,3.097930188,0.383353763,8.081126329,6.41713E-16,1.66631E-14,ENSMUSG00000026825,ENSMUSG00000026825,Dnm1,protein coding gene
ENSMUSG00000026829.9,20.6667853,2.356270906,0.739625832,3.185760697,0.00144374,0.00487351,ENSMUSG00000026829,ENSMUSG00000026829,Gbgt1,protein coding gene
ENSMUSG00000026840.14,159.6387258,2.18982468,0.416390426,5.259065875,1.44789E-07,1.185E-06,ENSMUSG00000026840,ENSMUSG00000026840,Lamc3,protein coding gene
ENSMUSG00000026872.17,117.5271922,2.977273225,0.473292021,6.290562896,3.16317E-10,3.86114E-09,ENSMUSG00000026872,ENSMUSG00000026872,Zeb2,protein coding gene
ENSMUSG00000026875.14,27.40289289,2.845107347,0.817931971,3.478415625,0.000504387,0.00194077,ENSMUSG00000026875,ENSMUSG00000026875,Traf1,protein coding gene
ENSMUSG00000026883.17,165.8222433,2.120037642,0.33054524,6.413759399,1.41974E-10,1.81443E-09,ENSMUSG00000026883,ENSMUSG00000026883,Dab2ip,protein coding gene
ENSMUSG00000026885.13,3.771738974,5.230833752,2.054833404,2.545624254,0.010908253,0.028078349,ENSMUSG00000026885,ENSMUSG00000026885,Ttll11,protein coding gene
ENSMUSG00000026923.15,414.5598427,5.21757699,0.379673131,13.74228661,5.66577E-43,1.942E-40,ENSMUSG00000026923,ENSMUSG00000026923,Notch1,protein coding gene
ENSMUSG00000026925.16,70.25218654,2.799384778,0.441595363,6.339253109,2.30882E-10,2.87144E-09,ENSMUSG00000026925,ENSMUSG00000026925,Inpp5e,protein coding gene
ENSMUSG00000026928.14,29.11191145,2.801964797,0.644141327,4.349922412,1.36186E-05,7.6523E-05,ENSMUSG00000026928,ENSMUSG00000026928,Card9,protein coding gene
ENSMUSG00000026941.16,32.91908,2.356787,0.624813772,3.771983121,0.000161955,0.000712786,ENSMUSG00000026941,ENSMUSG00000026941,Mamdc4,protein coding gene
ENSMUSG00000026944.18,320.9313107,2.069176679,0.241162777,8.58000022,9.4873E-18,3.14494E-16,ENSMUSG00000026944,ENSMUSG00000026944,Abca2,protein coding gene
ENSMUSG00000026987.16,162.4536727,2.582853195,0.315852544,8.177401912,2.90029E-16,7.93054E-15,ENSMUSG00000026987,ENSMUSG00000026987,Baz2b,protein coding gene
ENSMUSG00000027009.18,39.66642252,3.59985938,0.778637576,4.623279806,3.7772E-06,2.38342E-05,ENSMUSG00000027009,ENSMUSG00000027009,Itga4,protein coding gene
ENSMUSG00000027068.6,14.10228807,7.163958228,1.696967353,4.221624072,2.42548E-05,0.000129778,ENSMUSG00000027068,ENSMUSG00000027068,Dhrs9,protein coding gene
ENSMUSG00000027070.14,89.60305589,3.504380105,0.587822598,5.961628758,2.49736E-09,2.65837E-08,ENSMUSG00000027070,ENSMUSG00000027070,Lrp2,protein coding gene
ENSMUSG00000027134.4,21.29548522,2.900373977,0.739726845,3.920871599,8.82293E-05,0.000412684,ENSMUSG00000027134,ENSMUSG00000027134,Lpcat4,protein coding gene
ENSMUSG00000027200.17,34.91075241,2.034737328,0.696065537,2.923197915,0.003464562,0.010454029,ENSMUSG00000027200,ENSMUSG00000027200,Sema6d,protein coding gene
ENSMUSG00000027204.13,265.4729681,2.571268318,0.28912783,8.893188597,5.93799E-19,2.28173E-17,ENSMUSG00000027204,ENSMUSG00000027204,Fbn1,protein coding gene
ENSMUSG00000027221.5,32.7182976,2.418392838,0.733182664,3.298486115,0.000972077,0.003473614,ENSMUSG00000027221,ENSMUSG00000027221,Chst1,protein coding gene
ENSMUSG00000027253.15,249.7557894,2.625332573,0.276363081,9.499577734,2.10743E-21,1.02606E-19,ENSMUSG00000027253,ENSMUSG00000027253,Lrp4,protein coding gene
ENSMUSG00000027254.13,79.69972611,3.658134469,0.50159906,7.292945217,3.03251E-13,5.55842E-12,ENSMUSG00000027254,ENSMUSG00000027254,Map1a,protein coding gene
ENSMUSG00000027263.12,31.87840622,2.255522425,0.589174131,3.828278104,0.000129043,0.000580913,ENSMUSG00000027263,ENSMUSG00000027263,Tubgcp4,protein coding gene
ENSMUSG00000027316.15,13.2332347,2.601924714,1.108569585,2.347100939,0.018920128,0.044552509,ENSMUSG00000027316,ENSMUSG00000027316,Gfra4,protein coding gene
ENSMUSG00000027322.11,100.9577395,5.248487074,0.637048948,8.23875008,1.74019E-16,4.91324E-15,ENSMUSG00000027322,ENSMUSG00000027322,Siglec1,protein coding gene
ENSMUSG00000027324.1,11.40629516,3.53802847,1.161539856,3.045981118,0.002319224,0.007367351,ENSMUSG00000027324,ENSMUSG00000027324,Rpusd2,protein coding gene
ENSMUSG00000027339.15,133.8256713,2.429974727,0.479139798,5.071535983,3.94618E-07,3.00042E-06,ENSMUSG00000027339,ENSMUSG00000027339,Rassf2,protein coding gene
ENSMUSG00000027347.18,18.59950294,2.812673678,1.111694356,2.530078221,0.01140371,0.029095844,ENSMUSG00000027347,ENSMUSG00000027347,Rasgrp1,protein coding gene
ENSMUSG00000027360.5,30.56048817,2.402329811,0.901168514,2.665794216,0.007680669,0.020864053,ENSMUSG00000027360,ENSMUSG00000027360,Hdc,protein coding gene
ENSMUSG00000027508.15,78.70700941,2.884127804,0.441870743,6.527084794,6.70621E-11,9.02127E-10,ENSMUSG00000027508,ENSMUSG00000027508,Pag1,protein coding gene
ENSMUSG00000027513.11,23.69034476,2.8135808,0.84372028,3.334731744,0.000853817,0.003098183,ENSMUSG00000027513,ENSMUSG00000027513,Pck1,protein coding gene
ENSMUSG00000027544.16,244.2013105,2.428535861,0.278193489,8.729664621,2.55429E-18,9.21588E-17,ENSMUSG00000027544,ENSMUSG00000027544,Nfatc2,protein coding gene
ENSMUSG00000027580.17,258.7388013,3.114837306,0.300746148,10.35703142,3.88843E-25,2.72E-23,ENSMUSG00000027580,ENSMUSG00000027580,Helz2,protein coding gene
ENSMUSG00000027612.7,4.98253751,5.655155911,1.878909932,3.009806812,0.002614139,0.008177447,ENSMUSG00000027612,ENSMUSG00000027612,Mmp24,protein coding gene
ENSMUSG00000027636.11,4.078982646,5.380319625,2.241124629,2.400723081,0.016362714,0.039524199,ENSMUSG00000027636,ENSMUSG00000027636,Sla2,protein coding gene
ENSMUSG00000027678.17,140.777538,2.348117572,0.390306068,6.016092926,1.78677E-09,1.93931E-08,ENSMUSG00000027678,ENSMUSG00000027678,Ncoa3,protein coding gene
ENSMUSG00000027692.16,13.61358939,2.171830549,0.847710365,2.561995982,0.010407252,0.027024165,ENSMUSG00000027692,ENSMUSG00000027692,Tnik,protein coding gene
ENSMUSG00000027718.8,3.267191542,5.056210067,2.101061386,2.406502781,0.016106081,0.038986726,ENSMUSG00000027718,ENSMUSG00000027718,Il21,protein coding gene
ENSMUSG00000027797.15,17.2593952,2.448803026,0.976806676,2.506947472,0.012177881,0.030800549,ENSMUSG00000027797,ENSMUSG00000027797,Dclk1,protein coding gene
ENSMUSG00000027799.12,217.2174919,3.019436336,0.299841766,10.07009921,7.49025E-24,4.601E-22,ENSMUSG00000027799,ENSMUSG00000027799,Nbea,protein coding gene
ENSMUSG00000027806.9,235.2275682,3.205856945,0.3435843,9.330626983,1.05246E-20,4.78439E-19,ENSMUSG00000027806,ENSMUSG00000027806,Tsc22d2,protein coding gene
ENSMUSG00000027827.16,32.50556815,2.66939043,0.595309007,4.484041734,7.32423E-06,4.37666E-05,ENSMUSG00000027827,ENSMUSG00000027827,Kcnab1,protein coding gene
ENSMUSG00000027840.5,172.1130768,4.574059269,0.498879241,9.168670281,4.7889E-20,2.06731E-18,ENSMUSG00000027840,ENSMUSG00000027840,Wnt2b,protein coding gene
ENSMUSG00000027878.11,437.4675213,3.984510112,0.386899184,10.2985746,7.15131E-25,4.76884E-23,ENSMUSG00000027878,ENSMUSG00000027878,Notch2,protein coding gene
ENSMUSG00000027951.16,85.84535025,2.072708723,0.375112308,5.525568418,3.28421E-08,2.98118E-07,ENSMUSG00000027951,ENSMUSG00000027951,Adar,protein coding gene
ENSMUSG00000027981.14,49.0341512,2.165467341,0.483061253,4.482800734,7.36697E-06,4.3976E-05,ENSMUSG00000027981,ENSMUSG00000027981,Rnpc3,protein coding gene
ENSMUSG00000027985.14,9.682258385,6.623034769,1.747752385,3.789458294,0.000150976,0.000668414,ENSMUSG00000027985,ENSMUSG00000027985,Lef1,protein coding gene
ENSMUSG00000028028.11,14.69147335,3.336869807,1.072251484,3.112021625,0.001858109,0.006059446,ENSMUSG00000028028,ENSMUSG00000028028,Alpk1,protein coding gene
ENSMUSG00000028053.13,337.8147428,2.585366677,0.262632261,9.844055973,7.27187E-23,3.98164E-21,ENSMUSG00000028053,ENSMUSG00000028053,Ash1l,protein coding gene
ENSMUSG00000028071.12,13.60222105,4.817337662,1.512451305,3.185119181,0.001446944,0.004883365,ENSMUSG00000028071,ENSMUSG00000028071,Sh2d2a,protein coding gene
ENSMUSG00000028078.14,11.9080182,2.437032586,1.027718561,2.371303466,0.017725471,0.042256102,ENSMUSG00000028078,ENSMUSG00000028078,Dclk2,protein coding gene
ENSMUSG00000028080.15,224.5864046,2.118816771,0.336891569,6.28931373,3.18872E-10,3.88485E-09,ENSMUSG00000028080,ENSMUSG00000028080,Lrba,protein coding gene
ENSMUSG00000028106.13,197.9454194,2.003983019,0.326763553,6.132822961,8.63332E-10,9.91675E-09,ENSMUSG00000028106,ENSMUSG00000028106,Rprd2,protein coding gene
ENSMUSG00000028176.11,156.6466122,2.638369552,0.387679303,6.805546577,1.00666E-11,1.52405E-10,ENSMUSG00000028176,ENSMUSG00000028176,Lrrc7,protein coding gene
ENSMUSG00000028188.13,5.353242228,4.360303937,1.838763898,2.371323443,0.017724513,0.042256102,ENSMUSG00000028188,ENSMUSG00000028188,Spata1,protein coding gene
ENSMUSG00000028282.12,23.11173466,2.266647355,0.713997368,3.174587832,0.001500495,0.005033368,ENSMUSG00000028282,ENSMUSG00000028282,Casp8ap2,protein coding gene
ENSMUSG00000028328.13,3.342053619,5.060640754,2.038933486,2.482003846,0.013064587,0.032719697,ENSMUSG00000028328,ENSMUSG00000028328,Tmod1,protein coding gene
ENSMUSG00000028337.14,19.31308358,3.739813279,1.004370339,3.723540148,0.000196449,0.000844217,ENSMUSG00000028337,ENSMUSG00000028337,Coro2a,protein coding gene
ENSMUSG00000028341.9,28.53759653,2.895862764,0.913165103,3.171236783,0.001517914,0.005081853,ENSMUSG00000028341,ENSMUSG00000028341,Nr4a3,protein coding gene
ENSMUSG00000028344.12,36.37522942,2.280325719,0.547436339,4.165462823,3.10722E-05,0.000162154,ENSMUSG00000028344,ENSMUSG00000028344,Invs,protein coding gene
ENSMUSG00000028358.15,32.60967926,2.755721734,0.651155161,4.23205082,2.3157E-05,0.000124331,ENSMUSG00000028358,ENSMUSG00000028358,Zfp618,protein coding gene
ENSMUSG00000028364.15,6.725165949,6.084576986,1.943227925,3.131170002,0.001741113,0.005736102,ENSMUSG00000028364,ENSMUSG00000028364,Tnc,protein coding gene
ENSMUSG00000028370.7,20.16030164,4.338051521,1.004298389,4.319484696,1.56394E-05,8.69938E-05,ENSMUSG00000028370,ENSMUSG00000028370,Pappa,protein coding gene
ENSMUSG00000028402.17,83.05603199,3.0600364,0.521442888,5.868401834,4.40016E-09,4.53185E-08,ENSMUSG00000028402,ENSMUSG00000028402,Mpdz,protein coding gene
ENSMUSG00000028458.12,127.6969411,2.618746315,0.525927647,4.979290077,6.38179E-07,4.70414E-06,ENSMUSG00000028458,ENSMUSG00000028458,Tesk1,protein coding gene
ENSMUSG00000028476.13,22.5978914,2.078590564,0.727362865,2.857707844,0.004267131,0.012582603,ENSMUSG00000028476,ENSMUSG00000028476,Reck,protein coding gene
ENSMUSG00000028483.13,60.24382812,2.49729423,0.447675233,5.578361376,2.42795E-08,2.24072E-07,ENSMUSG00000028483,ENSMUSG00000028483,Snapc3,protein coding gene
ENSMUSG00000028487.18,28.66250049,4.724324121,0.911994839,5.180209274,2.21637E-07,1.75853E-06,ENSMUSG00000028487,ENSMUSG00000028487,Bnc2,protein coding gene
ENSMUSG00000028542.17,553.8548528,2.403513595,0.359912928,6.67804184,2.42156E-11,3.4831E-10,ENSMUSG00000028542,ENSMUSG00000028542,Slc6a9,protein coding gene
ENSMUSG00000028553.12,3.688291051,5.221723166,2.038038644,2.562131578,0.01040319,0.027018757,ENSMUSG00000028553,ENSMUSG00000028553,Angptl3,protein coding gene
ENSMUSG00000028599.10,92.12910415,2.167372773,0.516356308,4.197436416,2.69953E-05,0.000143013,ENSMUSG00000028599,ENSMUSG00000028599,Tnfrsf1b,protein coding gene
ENSMUSG00000028630.8,58.83702267,2.606979535,0.450449761,5.787503424,7.14402E-09,7.18511E-08,ENSMUSG00000028630,ENSMUSG00000028630,Dyrk2,protein coding gene
ENSMUSG00000028634.16,179.003768,2.443800811,0.288679092,8.465458293,2.55147E-17,8.0119E-16,ENSMUSG00000028634,ENSMUSG00000028634,Hivep3,protein coding gene
ENSMUSG00000028649.17,902.6694621,2.322317162,0.244030126,9.516518302,1.79078E-21,8.89579E-20,ENSMUSG00000028649,ENSMUSG00000028649,Macf1,protein coding gene
ENSMUSG00000028664.14,19.98230317,2.221118604,0.699442065,3.175557655,0.001495488,0.005019521,ENSMUSG00000028664,ENSMUSG00000028664,Ephb2,protein coding gene
ENSMUSG00000028763.17,1872.154169,3.180386533,0.224595252,14.16052433,1.6079E-45,7.6545E-43,ENSMUSG00000028763,ENSMUSG00000028763,Hspg2,protein coding gene
ENSMUSG00000028782.14,23.14927911,3.691926395,0.965428952,3.824130598,0.000131234,0.000589694,ENSMUSG00000028782,ENSMUSG00000028782,Adgrb2,protein coding gene
ENSMUSG00000028862.6,39.09458718,2.101231523,0.551435853,3.81047317,0.000138701,0.000619833,ENSMUSG00000028862,ENSMUSG00000028862,Map3k6,protein coding gene
ENSMUSG00000028909.17,50.87726425,2.223089578,0.476147507,4.668909416,3.02803E-06,1.95606E-05,ENSMUSG00000028909,ENSMUSG00000028909,Ptpru,protein coding gene
ENSMUSG00000028926.15,19.32570847,3.698753479,0.92644156,3.992430433,6.53995E-05,0.000314569,ENSMUSG00000028926,ENSMUSG00000028926,Cdk14,protein coding gene
ENSMUSG00000028944.14,63.99806937,2.060191677,0.407156278,5.059953115,4.1936E-07,3.17026E-06,ENSMUSG00000028944,ENSMUSG00000028944,Prkag2,protein coding gene
ENSMUSG00000028977.16,175.7489602,3.498119873,0.338277725,10.34097019,4.59858E-25,3.19071E-23,ENSMUSG00000028977,ENSMUSG00000028977,Casz1,protein coding gene
ENSMUSG00000028979.17,3.253415302,5.025684177,2.05814231,2.441854556,0.014612032,0.035923254,ENSMUSG00000028979,ENSMUSG00000028979,Masp2,protein coding gene
ENSMUSG00000028989.3,19.192886,3.718193885,1.022268446,3.637199113,0.000275619,0.001136563,ENSMUSG00000028989,ENSMUSG00000028989,Angptl7,protein coding gene
ENSMUSG00000028991.15,343.3967484,2.115907332,0.259954289,8.139536155,3.96795E-16,1.06587E-14,ENSMUSG00000028991,ENSMUSG00000028991,Mtor,protein coding gene
ENSMUSG00000029004.15,256.06708,4.439093601,0.441244074,10.0604039,8.26585E-24,5.02341E-22,ENSMUSG00000029004,ENSMUSG00000029004,Kmt2e,protein coding gene
ENSMUSG00000029028.14,78.57421604,2.055090601,0.401613326,5.117087675,3.10289E-07,2.39735E-06,ENSMUSG00000029028,ENSMUSG00000029028,Lrrc47,protein coding gene
ENSMUSG00000029050.15,469.4055732,2.052606227,0.276782573,7.415951829,1.20754E-13,2.3437E-12,ENSMUSG00000029050,ENSMUSG00000029050,Ski,protein coding gene
ENSMUSG00000029072.3,32.09625679,4.98612475,0.895201375,5.569835894,2.54979E-08,2.34811E-07,ENSMUSG00000029072,ENSMUSG00000029072,Tas1r3,protein coding gene
ENSMUSG00000029074.14,43.23112067,2.9107591,0.638451097,4.55909484,5.13746E-06,3.16143E-05,ENSMUSG00000029074,ENSMUSG00000029074,Ttll10,protein coding gene
ENSMUSG00000029094.11,72.25669452,2.233964065,0.455467757,4.904768847,9.35374E-07,6.65716E-06,ENSMUSG00000029094,ENSMUSG00000029094,Afap1,protein coding gene
ENSMUSG00000029097.10,25.31740556,3.518409568,0.817938095,4.301559725,1.696E-05,9.36105E-05,ENSMUSG00000029097,ENSMUSG00000029097,Trmt44,protein coding gene
ENSMUSG00000029104.15,207.1671958,2.053313856,0.274188131,7.488704386,6.95568E-14,1.3813E-12,ENSMUSG00000029104,ENSMUSG00000029104,Htt,protein coding gene
ENSMUSG00000029108.14,19.56263255,2.098655834,0.719651673,2.916210595,0.003543113,0.010645488,ENSMUSG00000029108,ENSMUSG00000029108,Pcdh7,protein coding gene
ENSMUSG00000029135.10,142.9722616,2.277675596,0.341357322,6.672408794,2.51638E-11,3.59982E-10,ENSMUSG00000029135,ENSMUSG00000029135,Fosl2,protein coding gene
ENSMUSG00000029165.16,65.67164787,2.218141353,0.497283744,4.460514503,8.17631E-06,4.8236E-05,ENSMUSG00000029165,ENSMUSG00000029165,Agbl5,protein coding gene
ENSMUSG00000029167.13,28.39191633,2.282712424,0.637256721,3.582092347,0.000340853,0.001373188,ENSMUSG00000029167,ENSMUSG00000029167,Ppargc1a,protein coding gene
ENSMUSG00000029178.14,271.6517495,2.285954395,0.296078597,7.720768802,1.1563E-14,2.59381E-13,ENSMUSG00000029178,ENSMUSG00000029178,Klf3,protein coding gene
ENSMUSG00000029207.16,139.5469893,2.009741475,0.328555358,6.116903671,9.5411E-10,1.08723E-08,ENSMUSG00000029207,ENSMUSG00000029207,Apbb2,protein coding gene
ENSMUSG00000029249.15,96.21231818,2.342220949,0.362370678,6.463605069,1.02237E-10,1.33548E-09,ENSMUSG00000029249,ENSMUSG00000029249,Rest,protein coding gene
ENSMUSG00000029298.15,25.91932114,2.399523792,0.66864754,3.588622777,0.000332429,0.00134399,ENSMUSG00000029298,ENSMUSG00000029298,Gbp9,protein coding gene
ENSMUSG00000029361.18,4.525299674,5.488533675,2.025754615,2.709377353,0.006740962,0.01861531,ENSMUSG00000029361,ENSMUSG00000029361,Nos1,protein coding gene
ENSMUSG00000029381.15,413.054896,2.53353518,0.297239189,8.523557022,1.54727E-17,5.02217E-16,ENSMUSG00000029381,ENSMUSG00000029381,Shroom3,protein coding gene
ENSMUSG00000029449.11,35.01786852,2.073548356,0.622732807,3.32975609,0.000869221,0.003150076,ENSMUSG00000029449,ENSMUSG00000029449,Rhof,protein coding gene
ENSMUSG00000029475.17,54.50474212,2.633326556,0.527835284,4.988917258,6.07186E-07,4.49114E-06,ENSMUSG00000029475,ENSMUSG00000029475,Kdm2b,protein coding gene
ENSMUSG00000029478.16,1575.701807,2.514773864,0.262531547,9.578939724,9.80463E-22,4.97135E-20,ENSMUSG00000029478,ENSMUSG00000029478,Ncor2,protein coding gene
ENSMUSG00000029491.7,4.051430166,5.345862833,1.951169587,2.739824805,0.006147194,0.017214153,ENSMUSG00000029491,ENSMUSG00000029491,Pde6b,protein coding gene
ENSMUSG00000029505.17,416.0231678,2.657989398,0.243377968,10.92124083,9.12407E-28,8.54472E-26,ENSMUSG00000029505,ENSMUSG00000029505,Ep400,protein coding gene
ENSMUSG00000029516.19,11.13529478,2.482076965,1.059310216,2.343106794,0.019123908,0.04495207,ENSMUSG00000029516,ENSMUSG00000029516,Cit,protein coding gene
ENSMUSG00000029556.12,122.2080182,3.308893398,0.438459166,7.546639815,4.46632E-14,9.22213E-13,ENSMUSG00000029556,ENSMUSG00000029556,Hnf1a,protein coding gene
ENSMUSG00000029576.17,7.696548093,3.587726508,1.491957818,2.404710417,0.016185286,0.039156327,ENSMUSG00000029576,ENSMUSG00000029576,Radil,protein coding gene
ENSMUSG00000029597.14,9.490241036,3.12729032,1.108058544,2.822315064,0.004767831,0.013807214,ENSMUSG00000029597,ENSMUSG00000029597,Sds,protein coding gene
ENSMUSG00000029602.11,8.494562956,3.742239194,1.474151067,2.538572387,0.011130577,0.028522105,ENSMUSG00000029602,ENSMUSG00000029602,Rasal1,protein coding gene
ENSMUSG00000029638.17,11.13036547,4.20549864,1.283771409,3.275893677,0.001053282,0.003728035,ENSMUSG00000029638,ENSMUSG00000029638,Glcci1,protein coding gene
ENSMUSG00000029673.17,26.55497002,2.499687465,0.739442737,3.380501749,0.000723536,0.002682233,ENSMUSG00000029673,ENSMUSG00000029673,Auts2,protein coding gene
ENSMUSG00000029765.12,73.39160246,3.296467192,0.542136703,6.080509163,1.19802E-09,1.34498E-08,ENSMUSG00000029765,ENSMUSG00000029765,Plxna4,protein coding gene
ENSMUSG00000029771.12,62.1261503,2.41286484,0.596690637,4.0437451,5.26041E-05,0.000259508,ENSMUSG00000029771,ENSMUSG00000029771,Irf5,protein coding gene
ENSMUSG00000029814.10,6.703114121,4.627523866,1.733649271,2.66923878,0.007602338,0.020664373,ENSMUSG00000029814,ENSMUSG00000029814,Igf2bp3,protein coding gene
ENSMUSG00000030019.6,234.8359414,2.256919634,0.277922781,8.120671594,4.63611E-16,1.23567E-14,ENSMUSG00000030019,ENSMUSG00000030019,Fbxl14,protein coding gene
ENSMUSG00000030022.14,319.0010026,2.859690499,0.299963436,9.533463591,1.52121E-21,7.62297E-20,ENSMUSG00000030022,ENSMUSG00000030022,Adamts9,protein coding gene
ENSMUSG00000030029.14,295.8466318,2.06697645,0.309918039,6.669429304,2.568E-11,3.66753E-10,ENSMUSG00000030029,ENSMUSG00000030029,Lrig1,protein coding gene
ENSMUSG00000030055.16,12.28320361,4.365628979,1.272517144,3.430703467,0.000602018,0.002281599,ENSMUSG00000030055,ENSMUSG00000030055,Rab43,protein coding gene
ENSMUSG00000030064.16,156.7143074,2.501385436,0.418741839,5.973574175,2.32111E-09,2.47846E-08,ENSMUSG00000030064,ENSMUSG00000030064,Frmd4b,protein coding gene
ENSMUSG00000030068.4,9.219695151,6.529142092,1.689119693,3.865411149,0.000110902,0.000506703,ENSMUSG00000030068,ENSMUSG00000030068,Gm20696,protein coding gene
ENSMUSG00000030084.11,333.2016145,3.022276906,0.267369841,11.30373157,1.25758E-29,1.44647E-27,ENSMUSG00000030084,ENSMUSG00000030084,Plxna1,protein coding gene
ENSMUSG00000030102.10,166.1161352,2.657598004,0.310381653,8.562355329,1.10585E-17,3.64462E-16,ENSMUSG00000030102,ENSMUSG00000030102,Itpr1,protein coding gene
ENSMUSG00000030172.15,83.00059411,2.35499889,0.437284468,5.385507749,7.22404E-08,6.2058E-07,ENSMUSG00000030172,ENSMUSG00000030172,Erc1,protein coding gene
ENSMUSG00000030213.12,173.7496793,2.279072712,0.343337115,6.638002743,3.17962E-11,4.47392E-10,ENSMUSG00000030213,ENSMUSG00000030213,Atf7ip,protein coding gene
ENSMUSG00000030228.15,92.3858025,3.981544847,0.470330968,8.465410776,2.55251E-17,8.0119E-16,ENSMUSG00000030228,ENSMUSG00000030228,Pik3c2g,protein coding gene
ENSMUSG00000030276.19,27.27397713,2.476798613,0.6583309,3.762239647,0.000168399,0.000737169,ENSMUSG00000030276,ENSMUSG00000030276,Ttll3,protein coding gene
ENSMUSG00000030278.11,134.297015,2.041257529,0.495339255,4.120928246,3.77349E-05,0.000192528,ENSMUSG00000030278,ENSMUSG00000030278,Cidec,protein coding gene
ENSMUSG00000030306.14,57.74662771,2.03780131,0.443999304,4.589649781,4.4399E-06,2.76896E-05,ENSMUSG00000030306,ENSMUSG00000030306,Tmtc1,protein coding gene
ENSMUSG00000030315.15,96.05077848,2.072197289,0.388417675,5.334971658,9.55595E-08,8.05558E-07,ENSMUSG00000030315,ENSMUSG00000030315,Vgll4,protein coding gene
ENSMUSG00000030329.11,30.03990251,2.632538386,0.783278978,3.360920514,0.000776832,0.002856941,ENSMUSG00000030329,ENSMUSG00000030329,Pianp,protein coding gene
ENSMUSG00000030336.14,11.2424198,6.835158098,1.690607886,4.043017989,5.27676E-05,0.000260239,ENSMUSG00000030336,ENSMUSG00000030336,Cd27,protein coding gene
ENSMUSG00000030353.15,6.861383872,6.095768469,1.795619667,3.394799345,0.000686789,0.002560964,ENSMUSG00000030353,ENSMUSG00000030353,Tead4,protein coding gene
ENSMUSG00000030409.15,198.7133379,2.523422252,0.315034989,8.009974581,1.14732E-15,2.85382E-14,ENSMUSG00000030409,ENSMUSG00000030409,Dmpk,protein coding gene
ENSMUSG00000030411.15,9.952350059,3.458684701,1.199517537,2.883396527,0.003934119,0.011719612,ENSMUSG00000030411,ENSMUSG00000030411,Nova2,protein coding gene
ENSMUSG00000030451.15,442.7050118,2.502444126,0.241461457,10.36374151,3.62499E-25,2.54611E-23,ENSMUSG00000030451,ENSMUSG00000030451,Herc2,protein coding gene
ENSMUSG00000030465.18,90.33841408,2.007966987,0.432049513,4.647539061,3.35918E-06,2.14333E-05,ENSMUSG00000030465,ENSMUSG00000030465,Psd3,protein coding gene
ENSMUSG00000030468.12,35.03877301,3.151706638,1.01523053,3.104424605,0.001906495,0.006197556,ENSMUSG00000030468,ENSMUSG00000030468,Siglecg,protein coding gene
ENSMUSG00000030495.12,14.42669912,2.322245256,0.917231195,2.531799256,0.011347894,0.028970684,ENSMUSG00000030495,ENSMUSG00000030495,Slc7a10,protein coding gene
ENSMUSG00000030527.15,112.9600987,2.258916826,0.333847729,6.766308801,1.32109E-11,1.96195E-10,ENSMUSG00000030527,ENSMUSG00000030527,Crtc3,protein coding gene
ENSMUSG00000030554.16,53.39806659,2.910522792,0.503631757,5.779069231,7.5115E-09,7.51501E-08,ENSMUSG00000030554,ENSMUSG00000030554,Synm,protein coding gene
ENSMUSG00000030577.13,81.25353052,4.018384597,1.418270487,2.833299172,0.004607025,0.013400405,ENSMUSG00000030577,ENSMUSG00000030577,Cd22,protein coding gene
ENSMUSG00000030583.16,374.479469,2.998260464,0.265314243,11.30078969,1.30043E-29,1.48579E-27,ENSMUSG00000030583,ENSMUSG00000030583,Sipa1l3,protein coding gene
ENSMUSG00000030589.15,41.37283578,2.446235634,0.650327218,3.761545831,0.000168866,0.000738839,ENSMUSG00000030589,ENSMUSG00000030589,Rasgrp4,protein coding gene
ENSMUSG00000030651.5,3.962791848,5.317177093,1.960898969,2.711601759,0.006695899,0.018502791,ENSMUSG00000030651,ENSMUSG00000030651,Art2b,protein coding gene
ENSMUSG00000030655.15,365.0172991,2.226139379,0.258595469,8.608578456,7.39721E-18,2.50046E-16,ENSMUSG00000030655,ENSMUSG00000030655,Smg1,protein coding gene
ENSMUSG00000030657.11,122.9396603,2.001394221,0.395338224,5.062485997,4.13824E-07,3.13395E-06,ENSMUSG00000030657,ENSMUSG00000030657,Xylt1,protein coding gene
ENSMUSG00000030660.9,78.0976659,3.153534215,0.477556436,6.603479668,4.01617E-11,5.59132E-10,ENSMUSG00000030660,ENSMUSG00000030660,Pik3c2a,protein coding gene
ENSMUSG00000030699.16,13.98928479,2.517184098,0.858193293,2.933120217,0.003355739,0.010182482,ENSMUSG00000030699,ENSMUSG00000030699,Tbx6,protein coding gene
ENSMUSG00000030742.7,17.31094523,2.698613585,0.904223358,2.984454627,0.002840843,0.008807231,ENSMUSG00000030742,ENSMUSG00000030742,Lat,protein coding gene
ENSMUSG00000030745.9,18.0658609,2.515273507,0.920380564,2.732862477,0.006278654,0.017510753,ENSMUSG00000030745,ENSMUSG00000030745,Il21r,protein coding gene
ENSMUSG00000030761.15,78.69647103,2.063531763,0.444060479,4.646961085,3.36861E-06,2.14779E-05,ENSMUSG00000030761,ENSMUSG00000030761,Myo7a,protein coding gene
ENSMUSG00000030768.12,103.363455,2.254781071,0.43818689,5.145706367,2.66516E-07,2.08564E-06,ENSMUSG00000030768,ENSMUSG00000030768,Disp1,protein coding gene
ENSMUSG00000030772.6,64.69277195,2.488317013,0.663853671,3.748291411,0.000178043,0.000773266,ENSMUSG00000030772,ENSMUSG00000030772,Dkk3,protein coding gene
ENSMUSG00000030781.13,7.928709139,6.294952133,1.778177366,3.540114869,0.000399953,0.001583001,ENSMUSG00000030781,ENSMUSG00000030781,Slc5a2,protein coding gene
ENSMUSG00000030787.4,124.5137239,2.105922903,0.542150724,3.884386406,0.000102589,0.000472244,ENSMUSG00000030787,ENSMUSG00000030787,Lyve1,protein coding gene
ENSMUSG00000030806.6,9.362624477,2.447777758,1.034729713,2.36562044,0.017999888,0.042803118,ENSMUSG00000030806,ENSMUSG00000030806,Stx1b,protein coding gene
ENSMUSG00000030830.18,70.6149753,2.516377411,0.611470007,4.115291643,3.8669E-05,0.000196825,ENSMUSG00000030830,ENSMUSG00000030830,Itgal,protein coding gene
ENSMUSG00000030877.10,8.974683351,3.800268023,1.416117753,2.683581936,0.007283812,0.019905913,ENSMUSG00000030877,ENSMUSG00000030877,Slc68a2,protein coding gene
ENSMUSG00000030898.15,9.161765794,2.947555337,1.110516171,2.654220994,0.007949175,0.021501414,ENSMUSG00000030898,ENSMUSG00000030898,Cckbr,protein coding gene
ENSMUSG00000031004.8,31.19137742,2.353022698,0.767809998,3.064589815,0.002179687,0.006974511,ENSMUSG00000031004,ENSMUSG00000031004,Mki67,protein coding gene
ENSMUSG00000031010.17,187.8864013,3.121173982,0.418496193,7.4580702,8.77989E-14,1.72954E-12,ENSMUSG00000031010,ENSMUSG00000031010,Usp9x,protein coding gene
ENSMUSG00000031070.15,49.60111802,3.00756664,0.632188879,4.757386182,1.96116E-06,1.3129E-05,ENSMUSG00000031070,ENSMUSG00000031070,Mrgprf,protein coding gene
ENSMUSG00000031103.12,71.63997267,3.07238482,0.587281539,5.231536527,1.68107E-07,1.36283E-06,ENSMUSG00000031103,ENSMUSG00000031103,Elf4,protein coding gene
ENSMUSG00000031133.12,33.78147454,2.009161077,0.636110794,3.158508072,0.001585789,0.005287404,ENSMUSG00000031133,ENSMUSG00000031133,Arhgef6,protein coding gene
ENSMUSG00000031189.12,5.948533178,3.559042497,1.499222925,2.37392481,0.017600134,0.042021608,ENSMUSG00000031189,ENSMUSG00000031189,Aff2,protein coding gene
ENSMUSG00000031283.16,33.15356674,2.711187168,0.755680902,3.587740752,0.000333556,0.001347908,ENSMUSG00000031283,ENSMUSG00000031283,Chrdl1,protein coding gene
ENSMUSG00000031340.8,25.21039349,2.116310549,0.646662892,3.272664281,0.001065389,0.003762342,ENSMUSG00000031340,ENSMUSG00000031340,Gabre,protein coding gene
ENSMUSG00000031364.2,30.52558058,3.275804946,0.724050418,4.524277403,6.06022E-06,3.68037E-05,ENSMUSG00000031364,ENSMUSG00000031364,Grpr,protein coding gene
ENSMUSG00000031386.14,417.7502829,2.554673188,0.259046602,9.8618286,6.09295E-23,3.40133E-21,ENSMUSG00000031386,ENSMUSG00000031386,Hcfc1,protein coding gene
ENSMUSG00000031389.17,39.81560344,2.030185918,0.724031869,2.804000769,0.005047278,0.014489155,ENSMUSG00000031389,ENSMUSG00000031389,Arhgap4,protein coding gene
ENSMUSG00000031433.15,5.115359981,5.67826094,2.026794777,2.801596394,0.005085045,0.014575597,ENSMUSG00000031433,ENSMUSG00000031433,Rbm41,protein coding gene
ENSMUSG00000031445.5,3.993469772,5.321457726,2.295106861,2.318610004,0.020416192,0.047462385,ENSMUSG00000031445,ENSMUSG00000031445,Proz,protein coding gene
ENSMUSG00000031453.16,81.75282777,2.572177424,0.692874496,3.712328045,0.000205362,0.000878993,ENSMUSG00000031453,ENSMUSG00000031453,Rasa3,protein coding gene
ENSMUSG00000031486.15,49.36295779,3.156228215,0.60478913,5.218725102,1.80159E-07,1.44956E-06,ENSMUSG00000031486,ENSMUSG00000031486,Adgra2,protein coding gene
ENSMUSG00000031489.15,25.97459701,2.363150432,0.996699979,2.370974697,0.017741246,0.042286866,ENSMUSG00000031489,ENSMUSG00000031489,Adrb3,protein coding gene
ENSMUSG00000031506.11,25.6462182,2.736737687,0.752927573,3.634795409,0.000278201,0.001145834,ENSMUSG00000031506,ENSMUSG00000031506,Ptpn7,protein coding gene
ENSMUSG00000031519.3,8.202867178,4.034069404,1.407286746,2.86655823,0.004149618,0.012280462,ENSMUSG00000031519,ENSMUSG00000031519,Asb5,protein coding gene
ENSMUSG00000031523.16,250.2965958,2.061192503,0.302999886,6.802618076,1.02735E-11,1.55125E-10,ENSMUSG00000031523,ENSMUSG00000031523,Dlc1,protein coding gene
ENSMUSG00000031530.6,6.24200061,3.666863811,1.57626939,2.326292596,0.020002947,0.046704428,ENSMUSG00000031530,ENSMUSG00000031530,Dusp4,protein coding gene
ENSMUSG00000031540.13,230.4872055,2.49371584,0.288642942,8.639448532,5.6485E-18,1.96357E-16,ENSMUSG00000031540,ENSMUSG00000031540,Kat6a,protein coding gene
ENSMUSG00000031561.15,29.69487635,5.871153358,1.177383158,4.986612316,6.14472E-07,4.53915E-06,ENSMUSG00000031561,ENSMUSG00000031561,Tenm3,protein coding gene
ENSMUSG00000031618.13,88.3368064,2.552606753,0.39502545,6.461879234,1.03411E-10,1.34772E-09,ENSMUSG00000031618,ENSMUSG00000031618,Nr3c2,protein coding gene
ENSMUSG00000031636.7,21.34568365,2.174811843,0.857248131,2.536968895,0.011181689,0.028606028,ENSMUSG00000031636,ENSMUSG00000031636,Pdlim3,protein coding gene
ENSMUSG00000031642.9,103.8216116,2.301288903,0.350998395,6.556408616,5.51191E-11,7.55704E-10,ENSMUSG00000031642,ENSMUSG00000031642,Sh3rf1,protein coding gene
ENSMUSG00000031659.13,92.99214429,2.185814356,0.464310493,4.707656594,2.50581E-06,1.64728E-05,ENSMUSG00000031659,ENSMUSG00000031659,Adcy7,protein coding gene
ENSMUSG00000031665.7,7.934274507,2.977639612,1.228786403,2.423236133,0.015382924,0.037538452,ENSMUSG00000031665,ENSMUSG00000031665,Sall1,protein coding gene
ENSMUSG00000031698.14,4.068331848,5.32663114,2.041345026,2.609373268,0.009070824,0.024097935,ENSMUSG00000031698,ENSMUSG00000031698,Mylk3,protein coding gene
ENSMUSG00000031706.7,186.0913692,2.182721562,0.292025898,7.474410913,7.75505E-14,1.53294E-12,ENSMUSG00000031706,ENSMUSG00000031706,Rfx1,protein coding gene
ENSMUSG00000031803.7,12.72575914,3.664745052,1.079108353,3.396086262,0.000683568,0.002550063,ENSMUSG00000031803,ENSMUSG00000031803,B3gnt3,protein coding gene
ENSMUSG00000031805.17,130.6906837,2.079397523,0.440024774,4.725637389,2.29395E-06,1.51849E-05,ENSMUSG00000031805,ENSMUSG00000031805,Jak3,protein coding gene
ENSMUSG00000031822.19,217.6103833,5.942500973,0.48665,12.21103662,2.71409E-34,4.5602E-32,ENSMUSG00000031822,ENSMUSG00000031822,Gse1,protein coding gene
ENSMUSG00000031891.5,5.292906625,5.744757563,1.8647644,3.080688136,0.002065228,0.006638013,ENSMUSG00000031891,ENSMUSG00000031891,Hsd11b2,protein coding gene
ENSMUSG00000031906.8,176.8456385,3.633876944,0.450573305,8.06500719,7.32316E-16,1.87881E-14,ENSMUSG00000031906,ENSMUSG00000031906,Smpd3,protein coding gene
ENSMUSG00000031910.14,19.18116286,2.165982799,0.707819114,3.060079554,0.002212782,0.007065895,ENSMUSG00000031910,ENSMUSG00000031910,Has3,protein coding gene
ENSMUSG00000031925.16,36.62020459,2.108898438,0.561280591,3.757297993,0.000171758,0.000749768,ENSMUSG00000031925,ENSMUSG00000031925,Maml2,protein coding gene
ENSMUSG00000031933.17,4.212075126,5.429021171,2.286413805,2.374470081,0.01757416,0.041982989,ENSMUSG00000031933,ENSMUSG00000031933,Izumo1r,protein coding gene
ENSMUSG00000031970.16,12.95149141,2.93010962,0.953746727,3.072209359,0.002124806,0.006812897,ENSMUSG00000031970,ENSMUSG00000031970,Dbndd1,protein coding gene
ENSMUSG00000031986.5,27.58189834,3.016855264,0.821803177,3.671019229,0.000241585,0.001014776,ENSMUSG00000031986,ENSMUSG00000031986,Sprtn,protein coding gene
ENSMUSG00000032024.10,15.80915051,2.555479621,0.815066966,3.1353002,0.001716783,0.005670116,ENSMUSG00000032024,ENSMUSG00000032024,Clmp,protein coding gene
ENSMUSG00000032053.7,41.604615,2.539712772,0.911669073,2.785783623,0.00533985,0.015209299,ENSMUSG00000032053,ENSMUSG00000032053,Pou2af1,protein coding gene
ENSMUSG00000032175.10,2924.973118,6.221869205,0.322444183,19.29595736,5.80792E-83,1.99072E-79,ENSMUSG00000032175,ENSMUSG00000032175,Tyk2,protein coding gene
ENSMUSG00000032185.14,146.0862267,2.991214878,0.3466576,8.62873014,6.20369E-18,2.12638E-16,ENSMUSG00000032185,ENSMUSG00000032185,Carm1,protein coding gene
ENSMUSG00000032198.8,170.1048146,2.076625299,0.303068203,6.852006509,7.28212E-12,1.12738E-10,ENSMUSG00000032198,ENSMUSG00000032198,Dock6,protein coding gene
ENSMUSG00000032243.8,24.62782515,2.681297706,0.730227011,3.671868702,0.000240783,0.001012401,ENSMUSG00000032243,ENSMUSG00000032243,Itga11,protein coding gene
ENSMUSG00000032253.13,100.8911977,2.005928366,0.377087485,5.319530472,1.04035E-07,8.71436E-07,ENSMUSG00000032253,ENSMUSG00000032253,Phip,protein coding gene
ENSMUSG00000032280.16,341.0474541,2.442972612,0.302058973,8.087733958,6.0785E-16,1.58801E-14,ENSMUSG00000032280,ENSMUSG00000032280,Tle3,protein coding gene
ENSMUSG00000032289.15,67.12370662,3.188707129,0.557989379,5.71463768,1.09938E-08,1.07849E-07,ENSMUSG00000032289,ENSMUSG00000032289,Thsd4,protein coding gene
ENSMUSG00000032300.6,91.33861813,3.003736295,0.460762382,6.519057137,7.07507E-11,9.48768E-10,ENSMUSG00000032300,ENSMUSG00000032300,Prmt2ip,protein coding gene
ENSMUSG00000032332.17,31.4791656,3.512356205,0.71355764,4.922316026,8.5526E-07,6.13282E-06,ENSMUSG00000032332,ENSMUSG00000032332,Col12a1,protein coding gene
ENSMUSG00000032358.12,7.943570337,3.987731181,1.444613424,2.760414041,0.005772815,0.016315056,ENSMUSG00000032358,ENSMUSG00000032358,Sack1b,protein coding gene
ENSMUSG00000032440.12,282.9501454,2.067392071,0.394137686,5.245354969,1.55982E-07,1.26994E-06,ENSMUSG00000032440,ENSMUSG00000032440,Tgfbr2,protein coding gene
ENSMUSG00000032470.16,35.10959829,2.121733634,0.602806555,3.519758729,0.00043194,0.00168816,ENSMUSG00000032470,ENSMUSG00000032470,Mras,protein coding gene
ENSMUSG00000032507.15,15.72258636,3.243364041,0.880109485,3.685182466,0.000228539,0.000965656,ENSMUSG00000032507,ENSMUSG00000032507,Fbxl2,protein coding gene
ENSMUSG00000032558.18,28.17656221,2.007323387,0.632696623,3.172647543,0.001510558,0.005060192,ENSMUSG00000032558,ENSMUSG00000032558,Nphp3,protein coding gene
ENSMUSG00000032560.13,105.9462623,2.19309213,0.362518581,6.049599242,1.45207E-09,1.60242E-08,ENSMUSG00000032560,ENSMUSG00000032560,Dnajc13,protein coding gene
ENSMUSG00000032584.12,34.27293389,2.683560666,0.614945012,4.363903459,1.27762E-05,7.2359E-05,ENSMUSG00000032584,ENSMUSG00000032584,Mst1r,protein coding gene
ENSMUSG00000032589.14,19.24753775,2.396635615,0.788401312,3.039867614,0.002366822,0.007503254,ENSMUSG00000032589,ENSMUSG00000032589,Bsn,protein coding gene
ENSMUSG00000032591.15,3.990344329,5.350451302,2.26876704,2.35830793,0.018358457,0.043504873,ENSMUSG00000032591,ENSMUSG00000032591,Mst1,protein coding gene
ENSMUSG00000032596.14,113.7178537,2.647469154,0.436367488,6.067063262,1.3027E-09,1.44878E-08,ENSMUSG00000032596,ENSMUSG00000032596,Uba7,protein coding gene
ENSMUSG00000032625.14,31.42303775,2.706789411,0.607572471,4.455088968,8.38584E-06,4.93363E-05,ENSMUSG00000032625,ENSMUSG00000032625,Thsd7a,protein coding gene
ENSMUSG00000032637.15,810.9641855,2.416576428,0.224855048,10.74726341,6.10459E-27,5.17923E-25,ENSMUSG00000032637,ENSMUSG00000032637,Atxn2l,protein coding gene
ENSMUSG00000032690.16,25.24282247,2.358379378,0.727510745,3.241710717,0.001188146,0.004130312,ENSMUSG00000032690,ENSMUSG00000032690,Oas2,protein coding gene
ENSMUSG00000032712.16,83.7067385,2.074956243,0.389756168,5.323729073,1.01661E-07,8.53218E-07,ENSMUSG00000032712,ENSMUSG00000032712,Resf1,protein coding gene
ENSMUSG00000032724.5,101.1450408,2.06637005,0.377022767,5.480756689,4.23511E-08,3.75679E-07,ENSMUSG00000032724,ENSMUSG00000032724,Abtb2,protein coding gene
ENSMUSG00000032740.16,22.76011873,2.172813276,0.703146897,3.090127091,0.002000709,0.006460928,ENSMUSG00000032740,ENSMUSG00000032740,Ccdc88a,protein coding gene
ENSMUSG00000032743.15,122.6367379,2.238894581,0.392266413,5.707586754,1.14589E-08,1.12027E-07,ENSMUSG00000032743,ENSMUSG00000032743,Katnip,protein coding gene
ENSMUSG00000032777.9,245.1677614,2.015321808,0.267777387,7.526109013,5.22747E-14,1.06526E-12,ENSMUSG00000032777,ENSMUSG00000032777,Gtf3c1,protein coding gene
ENSMUSG00000032816.14,57.38581558,2.091321041,0.464156042,4.505642183,6.61725E-06,3.99178E-05,ENSMUSG00000032816,ENSMUSG00000032816,Igdcc4,protein coding gene
ENSMUSG00000032826.16,33.47139878,2.304163774,0.620728671,3.712030525,0.000205603,0.000879807,ENSMUSG00000032826,ENSMUSG00000032826,Ank2,protein coding gene
ENSMUSG00000032846.9,60.58385538,3.232464221,0.494180176,6.54106413,6.10826E-11,8.30162E-10,ENSMUSG00000032846,ENSMUSG00000032846,Zswim6,protein coding gene
ENSMUSG00000032855.5,837.2424502,4.518974117,0.328323236,13.76379624,4.20835E-43,1.47189E-40,ENSMUSG00000032855,ENSMUSG00000032855,Pkd1,protein coding gene
ENSMUSG00000032875.8,115.3581675,2.858910357,0.380520355,7.513160117,5.77169E-14,1.16645E-12,ENSMUSG00000032875,ENSMUSG00000032875,Arhgef17,protein coding gene
ENSMUSG00000032878.16,12.38362715,4.612656946,1.341412967,3.438655402,0.000584611,0.002222014,ENSMUSG00000032878,ENSMUSG00000032878,Ccdc85a,protein coding gene
ENSMUSG00000032911.5,25.09705813,2.084606189,0.640787016,3.253196672,0.001141145,0.003990452,ENSMUSG00000032911,ENSMUSG00000032911,Cspg4,protein coding gene
ENSMUSG00000032988.3,3.563784416,5.162664024,2.021941522,2.553320147,0.010670137,0.027573101,ENSMUSG00000032988,ENSMUSG00000032988,Slc16a8,protein coding gene
ENSMUSG00000033004.14,583.7029013,2.310418797,0.243043118,9.506209502,1.97737E-21,9.73796E-20,ENSMUSG00000033004,ENSMUSG00000033004,Mycbp2,protein coding gene
ENSMUSG00000033016.15,464.7182544,2.741387841,0.248178559,11.04603014,2.29124E-28,2.26842E-26,ENSMUSG00000033016,ENSMUSG00000033016,Nfatc1,protein coding gene
ENSMUSG00000033033.10,31.14854852,2.84298639,0.726266719,3.914521092,9.05838E-05,0.000422889,ENSMUSG00000033033,ENSMUSG00000033033,Calhm2,protein coding gene
ENSMUSG00000033039.9,167.6756611,2.081997147,0.355505216,5.856446127,4.72877E-09,4.84699E-08,ENSMUSG00000033039,ENSMUSG00000033039,Micall1,protein coding gene
ENSMUSG00000033107.5,7.976353461,3.40454121,1.318309776,2.582504714,0.009808602,0.025679778,ENSMUSG00000033107,ENSMUSG00000033107,Rnf125,protein coding gene
ENSMUSG00000033124.15,122.4719543,2.7887392,0.446641396,6.243799219,4.27068E-10,5.10397E-09,ENSMUSG00000033124,ENSMUSG00000033124,Atg9a,protein coding gene
ENSMUSG00000033209.17,178.2681178,3.845413414,0.371996452,10.33723143,4.78152E-25,3.30426E-23,ENSMUSG00000033209,ENSMUSG00000033209,Ttc28,protein coding gene
ENSMUSG00000033220.6,119.870806,2.056710318,0.626866659,3.280937484,0.001034627,0.003671104,ENSMUSG00000033220,ENSMUSG00000033220,Rac2,protein coding gene
ENSMUSG00000033253.18,345.4813203,2.927088178,0.280356418,10.44059629,1.61791E-25,1.17991E-23,ENSMUSG00000033253,ENSMUSG00000033253,Szt2,protein coding gene
ENSMUSG00000033278.9,207.8441648,3.037378722,0.310778045,9.7734662,1.46357E-22,7.83835E-21,ENSMUSG00000033278,ENSMUSG00000033278,Ptprm,protein coding gene
ENSMUSG00000033306.14,213.400889,2.516311622,0.296531832,8.485806079,2.14228E-17,6.82678E-16,ENSMUSG00000033306,ENSMUSG00000033306,Lpp,protein coding gene
ENSMUSG00000033327.16,797.9670574,2.620113758,0.270541448,9.684703668,3.50223E-22,1.82991E-20,ENSMUSG00000033327,ENSMUSG00000033327,Tnxb,protein coding gene
ENSMUSG00000033335.17,2571.382832,4.101991878,0.291195609,14.086723,4.58342E-45,2.01412E-42,ENSMUSG00000033335,ENSMUSG00000033335,Dnm2,protein coding gene
ENSMUSG00000033396.13,138.9887374,3.165481537,0.560378256,5.648830059,1.61543E-08,1.53551E-07,ENSMUSG00000033396,ENSMUSG00000033396,Spg11,protein coding gene
ENSMUSG00000033439.12,17.42824041,2.318150641,0.918309145,2.524368459,0.011590637,0.029524427,ENSMUSG00000033439,ENSMUSG00000033439,Trmt13,protein coding gene
ENSMUSG00000033450.7,14.21369448,2.72191025,1.074664582,2.532799812,0.011315556,0.028896735,ENSMUSG00000033450,ENSMUSG00000033450,Tagap,protein coding gene
ENSMUSG00000033458.17,14.25862887,2.890326073,0.895530725,3.227500734,0.001248767,0.004311316,ENSMUSG00000033458,ENSMUSG00000033458,Fan1,protein coding gene
ENSMUSG00000033502.14,14.49319616,2.387309085,0.943681428,2.529782842,0.011413314,0.029116013,ENSMUSG00000033502,ENSMUSG00000033502,Cdc14a,protein coding gene
ENSMUSG00000033618.6,109.9813378,4.715595952,0.501828792,9.39682224,5.62358E-21,2.61894E-19,ENSMUSG00000033618,ENSMUSG00000033618,Map3k13,protein coding gene
ENSMUSG00000033624.10,47.02267269,4.557158243,0.716007464,6.364679797,1.95698E-10,2.46246E-09,ENSMUSG00000033624,ENSMUSG00000033624,Pdpr,protein coding gene
ENSMUSG00000033671.17,268.2509166,2.652840167,0.261210322,10.1559546,3.11744E-24,1.99353E-22,ENSMUSG00000033671,ENSMUSG00000033671,Cep350,protein coding gene
ENSMUSG00000033697.15,147.2444709,2.744070386,0.359805299,7.626542455,2.41134E-14,5.13998E-13,ENSMUSG00000033697,ENSMUSG00000033697,Arhgap39,protein coding gene
ENSMUSG00000033705.16,91.21284119,3.881312659,0.466178232,8.325812736,8.37521E-17,2.44939E-15,ENSMUSG00000033705,ENSMUSG00000033705,Stard9,protein coding gene
ENSMUSG00000033713.11,122.7272975,3.315464078,0.391303387,8.472873454,2.39413E-17,7.55627E-16,ENSMUSG00000033713,ENSMUSG00000033713,Foxn3,protein coding gene
ENSMUSG00000033762.7,21.01762658,2.008203728,0.771561919,2.602777146,0.009247204,0.024456572,ENSMUSG00000033762,ENSMUSG00000033762,Recql4,protein coding gene
ENSMUSG00000033768.16,37.80662696,2.372953767,0.657841649,3.607180802,0.000309542,0.001260977,ENSMUSG00000033768,ENSMUSG00000033768,Nrxn2,protein coding gene
ENSMUSG00000033792.12,31.03954864,4.528932717,0.811143068,5.583395699,2.35867E-08,2.18149E-07,ENSMUSG00000033792,ENSMUSG00000033792,Atp7a,protein coding gene
ENSMUSG00000033826.9,7.85760974,6.319162658,1.774476678,3.561141567,0.000369246,0.001474059,ENSMUSG00000033826,ENSMUSG00000033826,Dnah8,protein coding gene
ENSMUSG00000033849.3,14.06099039,3.64539478,1.002751097,3.635393458,0.000277557,0.001143728,ENSMUSG00000033849,ENSMUSG00000033849,B3galt2,protein coding gene
ENSMUSG00000033855.15,17.96206034,3.621717948,1.001104319,3.617722829,0.000297206,0.001215348,ENSMUSG00000033855,ENSMUSG00000033855,Ston1,protein coding gene
ENSMUSG00000033863.1,398.3745828,4.21887234,0.43157968,9.775419322,1.43562E-22,7.73698E-21,ENSMUSG00000033863,ENSMUSG00000033863,Klf9,protein coding gene
ENSMUSG00000033871.14,46.51360195,4.084180313,0.636026458,6.421400024,1.35027E-10,1.73081E-09,ENSMUSG00000033871,ENSMUSG00000033871,Ppargc1b,protein coding gene
ENSMUSG00000033902.11,58.93685717,3.030359586,0.482039776,6.286534296,3.24631E-10,3.94857E-09,ENSMUSG00000033902,ENSMUSG00000033902,Mapkbp1,protein coding gene
ENSMUSG00000033960.5,66.84520412,2.682896726,0.523184485,5.128012779,2.92817E-07,2.27381E-06,ENSMUSG00000033960,ENSMUSG00000033960,Jcad,protein coding gene
ENSMUSG00000033987.15,19.48039298,2.28888534,0.895388609,2.55630384,0.01057907,0.02738319,ENSMUSG00000033987,ENSMUSG00000033987,Dnah17,protein coding gene
ENSMUSG00000034037.14,77.2359534,2.537838941,0.418970149,6.057326389,1.38403E-09,1.53226E-08,ENSMUSG00000034037,ENSMUSG00000034037,Fgd5,protein coding gene
ENSMUSG00000034066.13,100.243492,2.970372251,0.428463067,6.932621449,4.13113E-12,6.58036E-11,ENSMUSG00000034066,ENSMUSG00000034066,Farp2,protein coding gene
ENSMUSG00000034071.15,8.723598561,6.456523612,1.703680022,3.78975132,0.000150798,0.000667798,ENSMUSG00000034071,ENSMUSG00000034071,Zfp551,protein coding gene
ENSMUSG00000034156.16,14.36118864,2.100100979,0.868481379,2.418130117,0.015600497,0.037982856,ENSMUSG00000034156,ENSMUSG00000034156,Tspoap1,protein coding gene
ENSMUSG00000034168.6,232.3771776,2.193755935,0.31180141,7.035747317,1.98196E-12,3.27865E-11,ENSMUSG00000034168,ENSMUSG00000034168,Irf2bpl,protein coding gene
ENSMUSG00000034209.4,10.25372703,3.397532419,1.242503883,2.734423985,0.006248952,0.017442422,ENSMUSG00000034209,ENSMUSG00000034209,Rasl10a,protein coding gene
ENSMUSG00000034218.15,67.61241288,3.500335832,0.479770283,7.295857942,2.96762E-13,5.45113E-12,ENSMUSG00000034218,ENSMUSG00000034218,Atm,protein coding gene
ENSMUSG00000034275.17,15.62970661,7.299552216,1.653933222,4.413450384,1.01736E-05,5.88045E-05,ENSMUSG00000034275,ENSMUSG00000034275,Igsf9b,protein coding gene
ENSMUSG00000034297.14,273.9734498,2.103059223,0.260075219,8.086349908,6.14794E-16,1.60127E-14,ENSMUSG00000034297,ENSMUSG00000034297,Med13,protein coding gene
ENSMUSG00000034303.6,8.364804851,4.062993457,1.414638322,2.872107586,0.004077441,0.012085643,ENSMUSG00000034303,ENSMUSG00000034303,Ccdc15,protein coding gene
ENSMUSG00000034312.13,680.4685293,2.326908025,0.22519435,10.33288815,5.00311E-25,3.4435E-23,ENSMUSG00000034312,ENSMUSG00000034312,Iqsec1,protein coding gene
ENSMUSG00000034342.9,138.3956519,2.146551575,0.354683829,6.052014211,1.43046E-09,1.58061E-08,ENSMUSG00000034342,ENSMUSG00000034342,Cbl,protein coding gene
ENSMUSG00000034438.16,11.64586475,2.613749935,1.025360623,2.549103092,0.010800037,0.027875155,ENSMUSG00000034438,ENSMUSG00000034438,Gbp8,protein coding gene
ENSMUSG00000034445.7,34.46875534,2.893273701,0.771922407,3.748140583,0.00017815,0.000773535,ENSMUSG00000034445,ENSMUSG00000034445,Cyb561a3,protein coding gene
ENSMUSG00000034563.16,11.5210881,2.592781428,0.974420385,2.660844814,0.007794487,0.021139725,ENSMUSG00000034563,ENSMUSG00000034563,Ccpg1,protein coding gene
ENSMUSG00000034573.14,196.35317,2.74948955,0.336881859,8.161583887,3.3066E-16,8.96653E-15,ENSMUSG00000034573,ENSMUSG00000034573,Ptpn13,protein coding gene
ENSMUSG00000034584.3,37.34879122,4.134791066,0.749918225,5.513655929,3.51455E-08,3.16846E-07,ENSMUSG00000034584,ENSMUSG00000034584,Exph5,protein coding gene
ENSMUSG00000034593.16,64.41901341,2.591043332,0.540121219,4.797151527,1.60938E-06,1.0932E-05,ENSMUSG00000034593,ENSMUSG00000034593,Myo5a,protein coding gene
ENSMUSG00000034601.16,18.18063301,2.05627401,0.717640632,2.865325508,0.004165808,0.012321991,ENSMUSG00000034601,ENSMUSG00000034601,2700049A03Rik,protein coding gene
ENSMUSG00000034610.14,56.88376844,2.540880111,0.478149723,5.313984283,1.07254E-07,8.9708E-07,ENSMUSG00000034610,ENSMUSG00000034610,Tut4,protein coding gene
ENSMUSG00000034612.7,27.45110686,2.12919064,0.750021624,2.838839006,0.0045278,0.013217072,ENSMUSG00000034612,ENSMUSG00000034612,Chst11,protein coding gene
ENSMUSG00000034621.14,127.5127152,2.18486381,0.321158217,6.803076158,1.02408E-11,1.54769E-10,ENSMUSG00000034621,ENSMUSG00000034621,Gpatch8,protein coding gene
ENSMUSG00000034641.2,19.40316367,2.183587359,0.827906581,2.637480375,0.008352446,0.02242234,ENSMUSG00000034641,ENSMUSG00000034641,Cd300ld,protein coding gene
ENSMUSG00000034645.13,38.80804068,2.072374095,0.630849286,3.285054198,0.001019628,0.003623134,ENSMUSG00000034645,ENSMUSG00000034645,Zyg11a,protein coding gene
ENSMUSG00000034647.14,203.8093267,2.062575678,0.271671212,7.59217609,3.14577E-14,6.62087E-13,ENSMUSG00000034647,ENSMUSG00000034647,Ankrd12,protein coding gene
ENSMUSG00000034656.16,190.0397689,2.706548517,0.311642599,8.684783563,3.79464E-18,1.34643E-16,ENSMUSG00000034656,ENSMUSG00000034656,Cacna1a,protein coding gene
ENSMUSG00000034663.13,50.3866709,2.196772067,0.601882338,3.649836402,0.000262407,0.001087579,ENSMUSG00000034663,ENSMUSG00000034663,Bmp2k,protein coding gene
ENSMUSG00000034687.8,96.83287048,3.469336106,0.442772382,7.835484426,4.67039E-15,1.09197E-13,ENSMUSG00000034687,ENSMUSG00000034687,Fras1,protein coding gene
ENSMUSG00000034731.9,7.635576432,3.357593638,1.322881093,2.538091788,0.011145875,0.028548498,ENSMUSG00000034731,ENSMUSG00000034731,Dgkh,protein coding gene
ENSMUSG00000034739.17,12.86366704,7.01440397,1.629986253,4.303351613,1.68234E-05,9.2976E-05,ENSMUSG00000034739,ENSMUSG00000034739,Mfrp,protein coding gene
ENSMUSG00000034751.16,132.9197258,3.761443944,0.433806198,8.670793454,4.2912E-18,1.50702E-16,ENSMUSG00000034751,ENSMUSG00000034751,Mast4,protein coding gene
ENSMUSG00000034832.15,392.033627,3.402185416,0.25999234,13.08571402,3.97408E-39,9.87069E-37,ENSMUSG00000034832,ENSMUSG00000034832,Tet3,protein coding gene
ENSMUSG00000034898.15,13.89658393,3.222011021,0.994791724,3.238880003,0.0012,0.004167297,ENSMUSG00000034898,ENSMUSG00000034898,Filip1,protein coding gene
ENSMUSG00000034949.18,48.71824676,2.491193247,0.503378811,4.948943402,7.46174E-07,5.41665E-06,ENSMUSG00000034949,ENSMUSG00000034949,Zfr2,protein coding gene
ENSMUSG00000034973.16,96.27522369,2.372688032,0.369759264,6.4168454,1.39127E-10,1.77937E-09,ENSMUSG00000034973,ENSMUSG00000034973,Dop1a,protein coding gene
ENSMUSG00000034987.4,8.959105599,6.505865788,1.723611982,3.774553585,0.000160294,0.000706021,ENSMUSG00000034987,ENSMUSG00000034987,Hrh2,protein coding gene
ENSMUSG00000035078.5,45.69528674,2.299756619,0.499969991,4.599789313,4.22918E-06,2.64815E-05,ENSMUSG00000035078,ENSMUSG00000035078,Mtmr9,protein coding gene
ENSMUSG00000035107.13,32.72244357,3.238382569,0.636070426,5.091232722,3.55743E-07,2.72054E-06,ENSMUSG00000035107,ENSMUSG00000035107,Dcbld2,protein coding gene
ENSMUSG00000035133.8,150.0060087,4.072350529,0.453347382,8.982847784,2.63847E-19,1.05404E-17,ENSMUSG00000035133,ENSMUSG00000035133,Arhgap5,protein coding gene
ENSMUSG00000035164.7,39.37854116,3.089186629,0.631214557,4.894035784,9.87889E-07,6.99027E-06,ENSMUSG00000035164,ENSMUSG00000035164,Zc3h12c,protein coding gene
ENSMUSG00000035168.16,175.5425706,2.144728617,0.29932415,7.165237484,7.76518E-13,1.3456E-11,ENSMUSG00000035168,ENSMUSG00000035168,Tanc1,protein coding gene
ENSMUSG00000035202.7,31121.85414,3.216586672,0.248748225,12.93109399,3.00512E-38,6.8669E-36,ENSMUSG00000035202,ENSMUSG00000035202,Lars2,protein coding gene
ENSMUSG00000035248.8,89.9194564,2.093595572,0.39087924,5.356118609,8.50287E-08,7.23546E-07,ENSMUSG00000035248,ENSMUSG00000035248,Tut7,protein coding gene
ENSMUSG00000035258.14,54.40975423,2.326752212,0.601002496,3.871451826,0.000108189,0.000496158,ENSMUSG00000035258,ENSMUSG00000035258,Abi3bp,protein coding gene
ENSMUSG00000035275.14,12.07419513,3.132348264,1.187805784,2.637087903,0.008362116,0.022444784,ENSMUSG00000035275,ENSMUSG00000035275,Raver2,protein coding gene
ENSMUSG00000035279.8,19.00388622,2.151463124,0.718935499,2.992567661,0.002766413,0.008600164,ENSMUSG00000035279,ENSMUSG00000035279,Ssc5d,protein coding gene
ENSMUSG00000035284.9,255.1377627,3.447627675,0.307196408,11.22287758,3.14856E-29,3.45897E-27,ENSMUSG00000035284,ENSMUSG00000035284,Vps13c,protein coding gene
ENSMUSG00000035298.8,5.664361576,5.813207555,1.836901438,3.164681259,0.001552529,0.005185587,ENSMUSG00000035298,ENSMUSG00000035298,Klhl35,protein coding gene
ENSMUSG00000035299.16,40.41097985,8.653009754,1.538032814,5.62602415,1.84411E-08,1.73079E-07,ENSMUSG00000035299,ENSMUSG00000035299,Mid1,protein coding gene
ENSMUSG00000035305.5,43.83060374,3.106823908,0.604116204,5.142758773,2.70733E-07,2.11574E-06,ENSMUSG00000035305,ENSMUSG00000035305,Ror1,protein coding gene
ENSMUSG00000035337.3,3.874153531,5.287500827,1.994429589,2.651134368,0.008022192,0.021657896,ENSMUSG00000035337,ENSMUSG00000035337,Uchl4,protein coding gene
ENSMUSG00000035356.16,159.3221272,2.039374579,0.340811948,5.983870558,2.17897E-09,2.3354E-08,ENSMUSG00000035356,ENSMUSG00000035356,Nfkbiz,protein coding gene
ENSMUSG00000035357.16,124.3411454,2.436101791,0.342778034,7.1069367,1.18647E-12,2.01125E-11,ENSMUSG00000035357,ENSMUSG00000035357,Pdzrn3,protein coding gene
ENSMUSG00000035370.7,28.77682972,2.456084937,0.642122189,3.824949487,0.000130799,0.0005882,ENSMUSG00000035370,ENSMUSG00000035370,Gm49322,protein coding gene
ENSMUSG00000035390.16,9.536800399,2.81966693,1.079368294,2.612330699,0.008992722,0.023933228,ENSMUSG00000035390,ENSMUSG00000035390,Brsk1,protein coding gene
ENSMUSG00000035403.10,56.50708575,3.058338703,0.573688601,5.331008311,9.76689E-08,8.2132E-07,ENSMUSG00000035403,ENSMUSG00000035403,Crb2,protein coding gene
ENSMUSG00000035513.19,78.60251262,2.114710944,0.485975164,4.351479462,1.35222E-05,7.61312E-05,ENSMUSG00000035513,ENSMUSG00000035513,Ntng2,protein coding gene
ENSMUSG00000035545.13,1365.512436,2.551737761,0.235528978,10.83407137,2.37361E-27,2.10772E-25,ENSMUSG00000035545,ENSMUSG00000035545,Leng8,protein coding gene
ENSMUSG00000035566.6,10.25210205,4.342818085,1.395183838,3.112721038,0.001853711,0.006050068,ENSMUSG00000035566,ENSMUSG00000035566,Pcdh17,protein coding gene
ENSMUSG00000035569.16,559.2710936,3.060200078,0.243333327,12.57616503,2.85559E-36,5.49878E-34,ENSMUSG00000035569,ENSMUSG00000035569,Ankrd11,protein coding gene
ENSMUSG00000035606.8,14.51344384,2.024960675,0.882191291,2.295375954,0.021711588,0.049918594,ENSMUSG00000035606,ENSMUSG00000035606,Ky,protein coding gene
ENSMUSG00000035615.12,18.96394644,3.378683829,0.955715467,3.535240294,0.000407404,0.001607297,ENSMUSG00000035615,ENSMUSG00000035615,Frmpd1,protein coding gene
ENSMUSG00000035671.6,64.40302828,2.766133016,0.453488824,6.099671856,1.06286E-09,1.20397E-08,ENSMUSG00000035671,ENSMUSG00000035671,Zswim4,protein coding gene
ENSMUSG00000035673.9,168.7299788,2.727003215,0.463623973,5.881928835,4.05513E-09,4.19413E-08,ENSMUSG00000035673,ENSMUSG00000035673,Sbno2,protein coding gene
ENSMUSG00000035835.14,36.04018697,4.176980946,0.746587122,5.59476694,2.20918E-08,2.05209E-07,ENSMUSG00000035835,ENSMUSG00000035835,Plppr3,protein coding gene
ENSMUSG00000035840.6,41.19190149,2.583345433,0.650951479,3.968568346,7.23057E-05,0.00034412,ENSMUSG00000035840,ENSMUSG00000035840,Lysmd3,protein coding gene
ENSMUSG00000035878.13,4.392477203,5.459891574,2.006768743,2.7207378,0.00651364,0.01807493,ENSMUSG00000035878,ENSMUSG00000035878,Hykk,protein coding gene
ENSMUSG00000035891.16,137.5835086,2.684291382,0.347343371,7.728062789,1.09195E-14,2.45268E-13,ENSMUSG00000035891,ENSMUSG00000035891,Cerk,protein coding gene
ENSMUSG00000035933.4,41.64632152,2.452612687,0.533321329,4.598752301,4.25029E-06,2.65845E-05,ENSMUSG00000035933,ENSMUSG00000035933,Cog5,protein coding gene
ENSMUSG00000035948.12,5.558821576,5.808238288,1.85569378,3.129955141,0.00174833,0.005755451,ENSMUSG00000035948,ENSMUSG00000035948,Acss3,protein coding gene
ENSMUSG00000035954.9,89.12349347,3.335069292,0.426506361,7.819506565,5.30308E-15,1.23316E-13,ENSMUSG00000035954,ENSMUSG00000035954,Dock4,protein coding gene
ENSMUSG00000035969.15,78.74814638,2.938486896,0.479586403,6.127127206,8.94799E-10,1.02439E-08,ENSMUSG00000035969,ENSMUSG00000035969,Rusc2,protein coding gene
ENSMUSG00000036006.19,36.63317483,2.261573373,0.744583854,3.037365585,0.002386558,0.007560228,ENSMUSG00000036006,ENSMUSG00000036006,Ripor2,protein coding gene
ENSMUSG00000036067.12,21.06644962,2.539942586,0.757642484,3.352428936,0.000801058,0.00293282,ENSMUSG00000036067,ENSMUSG00000036067,Slc2a6,protein coding gene
ENSMUSG00000036155.13,47.1639062,2.009029866,0.471574718,4.260257788,2.04191E-05,0.000110987,ENSMUSG00000036155,ENSMUSG00000036155,Mgat5,protein coding gene
ENSMUSG00000036202.15,64.46336224,2.180227008,0.418626465,5.208048678,1.90837E-07,1.52759E-06,ENSMUSG00000036202,ENSMUSG00000036202,Rif1,protein coding gene
ENSMUSG00000036273.15,30.24957808,2.55942546,0.79472431,3.220519907,0.001279583,0.004406167,ENSMUSG00000036273,ENSMUSG00000036273,Lrrk2,protein coding gene
ENSMUSG00000036295.4,5.988506931,5.911752617,1.803762351,3.277456487,0.001047469,0.003709758,ENSMUSG00000036295,ENSMUSG00000036295,Lrrn3,protein coding gene
ENSMUSG00000036298.10,16.23164524,2.181792581,0.776648482,2.809240773,0.004965849,0.014300912,ENSMUSG00000036298,ENSMUSG00000036298,Slc2a13,protein coding gene
ENSMUSG00000036304.13,5.952638614,5.894534232,1.82587436,3.228335071,0.00124513,0.004300493,ENSMUSG00000036304,ENSMUSG00000036304,Zdhhc23,protein coding gene
ENSMUSG00000036334.12,19.2767739,4.256134667,0.984991457,4.320986378,1.55333E-05,8.65161E-05,ENSMUSG00000036334,ENSMUSG00000036334,Igsf10,protein coding gene
ENSMUSG00000036466.17,8.555012737,3.092930448,1.20003791,2.577360617,0.009955802,0.026025701,ENSMUSG00000036466,ENSMUSG00000036466,Megf11,protein coding gene
ENSMUSG00000036492.12,29.95342349,2.014636881,0.626032604,3.21810217,0.001290418,0.004438128,ENSMUSG00000036492,ENSMUSG00000036492,Rnf39,protein coding gene
ENSMUSG00000036502.14,45.87449005,3.383764039,0.873851632,3.872240908,0.000107839,0.000494819,ENSMUSG00000036502,ENSMUSG00000036502,Tmem255a,protein coding gene
ENSMUSG00000036561.7,151.7689412,2.280298466,0.323648868,7.045593831,1.84672E-12,3.06975E-11,ENSMUSG00000036561,ENSMUSG00000036561,Ppp6r2,protein coding gene
ENSMUSG00000036591.15,257.7036237,2.529820006,0.349318932,7.242149726,4.41628E-13,7.87577E-12,ENSMUSG00000036591,ENSMUSG00000036591,Arhgap21,protein coding gene
ENSMUSG00000036596.6,21.80989954,2.575416587,0.87344807,2.948562915,0.003192551,0.009744948,ENSMUSG00000036596,ENSMUSG00000036596,Cpz,protein coding gene
ENSMUSG00000036617.16,203.8643936,2.145121666,0.330534886,6.489849508,8.59222E-11,1.13709E-09,ENSMUSG00000036617,ENSMUSG00000036617,Etl4,protein coding gene
ENSMUSG00000036661.13,191.5550749,2.241843503,0.356065941,6.296146984,3.05135E-10,3.73529E-09,ENSMUSG00000036661,ENSMUSG00000036661,Dennd3,protein coding gene
ENSMUSG00000036698.10,378.7909433,2.418443897,0.244252552,9.901406863,4.1046E-23,2.3685E-21,ENSMUSG00000036698,ENSMUSG00000036698,Ago2,protein coding gene
ENSMUSG00000036792.12,77.01568549,2.491421619,0.393843019,6.325925554,2.51719E-10,3.11928E-09,ENSMUSG00000036792,ENSMUSG00000036792,Mbd5,protein coding gene
ENSMUSG00000036862.15,61.41003625,2.336689327,0.455577194,5.129074409,2.9117E-07,2.26307E-06,ENSMUSG00000036862,ENSMUSG00000036862,Dchs1,protein coding gene
ENSMUSG00000036882.7,9.954424222,6.626439984,1.700841692,3.895976925,9.78037E-05,0.000452391,ENSMUSG00000036882,ENSMUSG00000036882,Arhgap33,protein coding gene
ENSMUSG00000036959.15,122.0063666,2.112223822,0.341884421,6.178180969,6.48444E-10,7.58051E-09,ENSMUSG00000036959,ENSMUSG00000036959,Bcorl1,protein coding gene
ENSMUSG00000036964.14,8.975872277,6.490763982,1.693486265,3.832782183,0.000126702,0.000571276,ENSMUSG00000036964,ENSMUSG00000036964,Trim17,protein coding gene
ENSMUSG00000036986.16,248.141414,2.40016399,0.362836169,6.615007522,3.71533E-11,5.18935E-10,ENSMUSG00000036986,ENSMUSG00000036986,Pml,protein coding gene
ENSMUSG00000037003.15,496.5073849,2.468963523,0.259862983,9.501020471,2.07843E-21,1.02064E-19,ENSMUSG00000037003,ENSMUSG00000037003,Tns2,protein coding gene
ENSMUSG00000037014.4,19.93354549,7.647977225,1.643371934,4.653832202,3.25822E-06,2.08434E-05,ENSMUSG00000037014,ENSMUSG00000037014,Sstr4,protein coding gene
ENSMUSG00000037020.16,13.75928104,3.789756161,1.070687594,3.53955363,0.000400804,0.001585638,ENSMUSG00000037020,ENSMUSG00000037020,Wdr62,protein coding gene
ENSMUSG00000037098.17,349.0253873,2.537552814,0.2427563,10.45308736,1.41832E-25,1.04322E-23,ENSMUSG00000037098,ENSMUSG00000037098,Rab11fip3,protein coding gene
ENSMUSG00000037112.16,86.96551703,4.470036224,0.526768923,8.485762976,2.14308E-17,6.82678E-16,ENSMUSG00000037112,ENSMUSG00000037112,Sik2,protein coding gene
ENSMUSG00000037138.16,22.62316243,3.263741417,1.014203348,3.218034554,0.001290723,0.004438284,ENSMUSG00000037138,ENSMUSG00000037138,Aff3,protein coding gene
ENSMUSG00000037157.8,486.5422978,5.941193017,0.397148597,14.95962233,1.34789E-50,9.24004E-48,ENSMUSG00000037157,ENSMUSG00000037157,Il22ra1,protein coding gene
ENSMUSG00000037169.14,19.06602598,2.467083663,0.744206003,3.315054774,0.000916252,0.003298198,ENSMUSG00000037169,ENSMUSG00000037169,Mycn,protein coding gene
ENSMUSG00000037185.8,37.08913553,2.528988286,0.721934785,3.503070276,0.000459928,0.001784525,ENSMUSG00000037185,ENSMUSG00000037185,Krt80,protein coding gene
ENSMUSG00000037210.16,258.5563589,3.113727497,0.28154685,11.05935831,1.97505E-28,1.97944E-26,ENSMUSG00000037210,ENSMUSG00000037210,Fam193a,protein coding gene
ENSMUSG00000037270.17,276.1946874,2.971340308,0.27171243,10.93560684,7.78832E-28,7.33385E-26,ENSMUSG00000037270,ENSMUSG00000037270,Bltp1,protein coding gene
ENSMUSG00000037318.10,16.49986942,3.480004261,1.16560081,2.985588404,0.002830333,0.008779412,ENSMUSG00000037318,ENSMUSG00000037318,Traf3ip3,protein coding gene
ENSMUSG00000037326.9,102.7206589,3.379861356,0.46058376,7.338212172,2.16466E-13,4.05442E-12,ENSMUSG00000037326,ENSMUSG00000037326,Capn15,protein coding gene
ENSMUSG00000037337.11,42.22745871,3.020362036,0.726118368,4.159600102,3.18805E-05,0.000165767,ENSMUSG00000037337,ENSMUSG00000037337,Map4k1,protein coding gene
ENSMUSG00000037341.13,17.26784632,4.355543841,1.046357492,4.162577202,3.14676E-05,0.000163918,ENSMUSG00000037341,ENSMUSG00000037341,Slc9a7,protein coding gene
ENSMUSG00000037355.14,79.01349591,2.030092327,0.407574842,4.980906857,6.3287E-07,4.66701E-06,ENSMUSG00000037355,ENSMUSG00000037355,Uvssa,protein coding gene
ENSMUSG00000037395.15,67.4672487,2.047590077,0.431289017,4.747605429,2.05839E-06,1.37477E-05,ENSMUSG00000037395,ENSMUSG00000037395,Rcor3,protein coding gene
ENSMUSG00000037411.10,4.273160963,5.429933475,1.936005206,2.804710162,0.005036184,0.014467001,ENSMUSG00000037411,ENSMUSG00000037411,Serpine1,protein coding gene
ENSMUSG00000037416.12,161.5740211,2.744138375,0.325091078,8.441137156,3.14265E-17,9.79391E-16,ENSMUSG00000037416,ENSMUSG00000037416,Dmxl1,protein coding gene
ENSMUSG00000037426.17,58.98715763,2.013947777,0.472100998,4.265925696,1.99075E-05,0.000108413,ENSMUSG00000037426,ENSMUSG00000037426,Depdc5,protein coding gene
ENSMUSG00000037465.9,77.317889,2.197866757,0.423590201,5.188662887,2.11809E-07,1.68445E-06,ENSMUSG00000037465,ENSMUSG00000037465,Klf10,protein coding gene
ENSMUSG00000037486.17,175.3415778,2.203635831,0.305825171,7.205541064,5.78138E-13,1.01831E-11,ENSMUSG00000037486,ENSMUSG00000037486,Asxl2,protein coding gene
ENSMUSG00000037541.20,163.1698787,2.980851256,0.382312466,7.796897886,6.34475E-15,1.44789E-13,ENSMUSG00000037541,ENSMUSG00000037541,Shank2,protein coding gene
ENSMUSG00000037552.17,81.25403444,2.302587443,0.423698469,5.434495541,5.49517E-08,4.80001E-07,ENSMUSG00000037552,ENSMUSG00000037552,Plekhg2,protein coding gene
ENSMUSG00000037646.9,359.1152587,2.556625937,0.254842788,10.03216909,1.10072E-23,6.61897E-22,ENSMUSG00000037646,ENSMUSG00000037646,Vps13b,protein coding gene
ENSMUSG00000037652.15,242.253525,2.291437367,0.319024398,7.182639887,6.8378E-13,1.19334E-11,ENSMUSG00000037652,ENSMUSG00000037652,Phc3,protein coding gene
ENSMUSG00000037674.15,124.5358395,2.035408493,0.374886978,5.429392355,5.65462E-08,4.92925E-07,ENSMUSG00000037674,ENSMUSG00000037674,Rfx7,protein coding gene
ENSMUSG00000037679.8,113.4272444,2.804682741,0.419923313,6.679035561,2.4052E-11,3.4668E-10,ENSMUSG00000037679,ENSMUSG00000037679,Inf2,protein coding gene
ENSMUSG00000037692.14,167.2936813,3.096934855,0.3600546,8.601292293,7.88235E-18,2.64878E-16,ENSMUSG00000037692,ENSMUSG00000037692,Ahdc1,protein coding gene
ENSMUSG00000037731.5,46.25035612,2.54424495,0.722731196,3.520319815,0.000431027,0.001685507,ENSMUSG00000037731,ENSMUSG00000037731,Themis2,protein coding gene
ENSMUSG00000037791.15,259.2224054,2.299642274,0.305710201,7.522294848,5.3823E-14,1.09421E-12,ENSMUSG00000037791,ENSMUSG00000037791,Phf12,protein coding gene
ENSMUSG00000037876.16,150.0934584,2.114751657,0.30515352,6.930123745,4.20473E-12,6.68466E-11,ENSMUSG00000037876,ENSMUSG00000037876,Jmjd1c,protein coding gene
ENSMUSG00000037890.13,16.16743396,2.206842828,0.791077906,2.789665607,0.00527625,0.015040649,ENSMUSG00000037890,ENSMUSG00000037890,Wdr19,protein coding gene
ENSMUSG00000037926.15,143.7533467,2.602803113,0.343442665,7.578566606,3.49394E-14,7.32018E-13,ENSMUSG00000037926,ENSMUSG00000037926,Ssh2,protein coding gene
ENSMUSG00000037944.8,17.00347321,2.665807612,1.148936587,2.320239117,0.020327946,0.047310911,ENSMUSG00000037944,ENSMUSG00000037944,Ccr7,protein coding gene
ENSMUSG00000037962.7,12.37534235,2.866727708,0.982746889,2.917056001,0.003533523,0.010630623,ENSMUSG00000037962,ENSMUSG00000037962,Rflna,protein coding gene
ENSMUSG00000037990.18,11.60555891,6.878192548,1.669745767,4.119305275,3.80016E-05,0.000193716,ENSMUSG00000037990,ENSMUSG00000037990,Sh3rf3,protein coding gene
ENSMUSG00000037991.9,3.519330253,5.13021734,2.11445954,2.426254673,0.015255561,0.03727542,ENSMUSG00000037991,ENSMUSG00000037991,Rmi2,protein coding gene
ENSMUSG00000037995.15,26.30409516,2.10355273,0.643562945,3.268604488,0.001080793,0.003810455,ENSMUSG00000037995,ENSMUSG00000037995,Igsf9,protein coding gene
ENSMUSG00000038002.8,142.4834869,2.699128094,0.40675678,6.635729814,3.22901E-11,4.53968E-10,ENSMUSG00000038002,ENSMUSG00000038002,Cramp1,protein coding gene
ENSMUSG00000038011.15,5.888197574,4.448817004,1.746736361,2.54693101,0.010867492,0.028028152,ENSMUSG00000038011,ENSMUSG00000038011,Dnah10,protein coding gene
ENSMUSG00000038056.15,729.5011977,3.529884383,0.263648265,13.38861223,7.04855E-41,2.11926E-38,ENSMUSG00000038056,ENSMUSG00000038056,Kmt2c,protein coding gene
ENSMUSG00000038060.15,13.90143959,4.193935647,1.16660679,3.594986487,0.000324408,0.001314974,ENSMUSG00000038060,ENSMUSG00000038060,Dlec1,protein coding gene
ENSMUSG00000038119.14,229.1977494,2.813627031,0.342222595,8.221628473,2.00758E-16,5.60358E-15,ENSMUSG00000038119,ENSMUSG00000038119,Cdon,protein coding gene
ENSMUSG00000038143.15,155.3581797,2.483897683,0.306189341,8.112293118,4.96733E-16,1.3178E-14,ENSMUSG00000038143,ENSMUSG00000038143,Stox2,protein coding gene
ENSMUSG00000038151.12,8.64876752,2.879840196,1.135560074,2.536052703,0.011210986,0.028668141,ENSMUSG00000038151,ENSMUSG00000038151,Prdm1,protein coding gene
ENSMUSG00000038168.5,4.569753838,5.511470117,1.903984347,2.894703481,0.003795168,0.011355027,ENSMUSG00000038168,ENSMUSG00000038168,P3h2,protein coding gene
ENSMUSG00000038179.13,9.726743585,3.078043433,1.165047921,2.641988691,0.008242081,0.022186087,ENSMUSG00000038179,ENSMUSG00000038179,Slamf7,protein coding gene
ENSMUSG00000038181.16,226.2819369,2.575629101,0.287052378,8.9726799,2.89386E-19,1.14803E-17,ENSMUSG00000038181,ENSMUSG00000038181,Chpf2,protein coding gene
ENSMUSG00000038233.8,14.04191978,2.509165227,0.891953357,2.813112601,0.004906447,0.014158096,ENSMUSG00000038233,ENSMUSG00000038233,Gask1a,protein coding gene
ENSMUSG00000038244.13,245.830301,2.305757461,0.283014389,8.147138622,3.72636E-16,1.00889E-14,ENSMUSG00000038244,ENSMUSG00000038244,Mical2,protein coding gene
ENSMUSG00000038246.6,4.126292242,5.351792329,2.050922337,2.609456356,0.009068621,0.024097935,ENSMUSG00000038246,ENSMUSG00000038246,Fam50b,protein coding gene
ENSMUSG00000038253.6,16.47735417,2.654426404,0.885533359,2.99754535,0.002721634,0.008475987,ENSMUSG00000038253,ENSMUSG00000038253,Hoxa5,protein coding gene
ENSMUSG00000038256.15,78.49821719,2.069219219,0.384788863,5.377544465,7.55086E-08,6.47681E-07,ENSMUSG00000038256,ENSMUSG00000038256,Bcl9,protein coding gene
ENSMUSG00000038331.15,10.27547517,3.153286956,1.079348508,2.921472475,0.003483811,0.010502295,ENSMUSG00000038331,ENSMUSG00000038331,Satb2,protein coding gene
ENSMUSG00000038352.15,18.03966221,2.380665967,0.771372751,3.086271798,0.002026835,0.006532987,ENSMUSG00000038352,ENSMUSG00000038352,Arl5c,protein coding gene
ENSMUSG00000038368.16,74.06536943,2.239828409,0.408171116,5.487474049,4.07722E-08,3.62989E-07,ENSMUSG00000038368,ENSMUSG00000038368,Focad,protein coding gene
ENSMUSG00000038369.14,277.4485086,2.915296665,0.267812364,10.885594,1.35016E-27,1.24403E-25,ENSMUSG00000038369,ENSMUSG00000038369,Ncoa6,protein coding gene
ENSMUSG00000038371.15,151.6611751,2.098250261,0.334696728,6.269108966,3.6312E-10,4.37942E-09,ENSMUSG00000038371,ENSMUSG00000038371,Sbf2,protein coding gene
ENSMUSG00000038384.16,720.7726011,3.038565145,0.238301459,12.7509297,3.08049E-37,6.211E-35,ENSMUSG00000038384,ENSMUSG00000038384,Setd1b,protein coding gene
ENSMUSG00000038418.7,46.55899265,2.477566172,0.545627398,4.540765697,5.60503E-06,3.4209E-05,ENSMUSG00000038418,ENSMUSG00000038418,Egr1,protein coding gene
ENSMUSG00000038456.9,38.51361277,2.608053078,0.619097223,4.212671258,2.52368E-05,0.000134528,ENSMUSG00000038456,ENSMUSG00000038456,Dennd2a,protein coding gene
ENSMUSG00000038463.8,31.82766237,2.498686711,0.715542231,3.492018502,0.000479385,0.001851776,ENSMUSG00000038463,ENSMUSG00000038463,Olfml2b,protein coding gene
ENSMUSG00000038473.14,21.803536,7.768987711,1.564354049,4.966259215,6.82567E-07,4.99267E-06,ENSMUSG00000038473,ENSMUSG00000038473,Nos1ap,protein coding gene
ENSMUSG00000038540.14,49.36319733,8.944362378,1.51231521,5.914350607,3.33187E-09,3.49032E-08,ENSMUSG00000038540,ENSMUSG00000038540,Tmc3,protein coding gene
ENSMUSG00000038569.13,10.5617767,2.695567158,1.046131058,2.576701205,0.009974813,0.0260592,ENSMUSG00000038569,ENSMUSG00000038569,Rad9b,protein coding gene
ENSMUSG00000038582.15,80.20355632,2.527051562,0.426059912,5.931211758,3.00707E-09,3.16945E-08,ENSMUSG00000038582,ENSMUSG00000038582,Pptc7,protein coding gene
ENSMUSG00000038594.8,14.63724341,7.208086751,1.616376059,4.459411972,8.21848E-06,4.84514E-05,ENSMUSG00000038594,ENSMUSG00000038594,Cep85l,protein coding gene
ENSMUSG00000038608.15,67.99581655,3.606340821,0.636570413,5.665266166,1.46796E-08,1.41137E-07,ENSMUSG00000038608,ENSMUSG00000038608,Dock10,protein coding gene
ENSMUSG00000038623.9,20.58370214,2.495270474,0.875201575,2.851080875,0.004357089,0.012797221,ENSMUSG00000038623,ENSMUSG00000038623,Tm6sf1,protein coding gene
ENSMUSG00000038663.7,4.317345117,5.430374208,2.060427309,2.635557287,0.008399925,0.02253215,ENSMUSG00000038663,ENSMUSG00000038663,Fsd2,protein coding gene
ENSMUSG00000038664.16,329.9542672,2.657471561,0.263736007,10.07625616,7.03559E-24,4.35293E-22,ENSMUSG00000038664,ENSMUSG00000038664,Herc1,protein coding gene
ENSMUSG00000038677.13,16.4495835,2.7507117,0.980935542,2.804171714,0.005044603,0.014486307,ENSMUSG00000038677,ENSMUSG00000038677,Scube3,protein coding gene
ENSMUSG00000038679.16,36.70053921,3.485797885,0.669571476,5.206013112,1.92941E-07,1.54371E-06,ENSMUSG00000038679,ENSMUSG00000038679,Trps1,protein coding gene
ENSMUSG00000038725.12,200.86248,3.232274931,0.487239546,6.633851788,3.27038E-11,4.59408E-10,ENSMUSG00000038725,ENSMUSG00000038725,Pkhd1l1,protein coding gene
ENSMUSG00000038738.15,1127.639513,3.408083909,0.282959294,12.04443178,2.07501E-33,3.11944E-31,ENSMUSG00000038738,ENSMUSG00000038738,Shank1,protein coding gene
ENSMUSG00000038773.10,165.8902148,2.059643377,0.314992209,6.538712134,6.20508E-11,8.40654E-10,ENSMUSG00000038773,ENSMUSG00000038773,Kdm3b,protein coding gene
ENSMUSG00000038866.15,204.9356006,2.148484549,0.27414176,7.837129764,4.60962E-15,1.07923E-13,ENSMUSG00000038866,ENSMUSG00000038866,Zcchc2,protein coding gene
ENSMUSG00000038872.9,576.526678,4.421316546,0.280046806,15.78777706,3.77656E-56,3.23613E-53,ENSMUSG00000038872,ENSMUSG00000038872,Zfhx3,protein coding gene
ENSMUSG00000038894.7,126.9756731,3.694585876,0.443019382,8.339558102,7.45687E-17,2.19204E-15,ENSMUSG00000038894,ENSMUSG00000038894,Irs2,protein coding gene
ENSMUSG00000038914.15,219.8988513,2.066265549,0.273067356,7.566871346,3.8232E-14,7.96137E-13,ENSMUSG00000038914,ENSMUSG00000038914,Dido1,protein coding gene
ENSMUSG00000039087.16,361.9728201,3.162035749,0.310857278,10.17198556,2.64462E-24,1.70389E-22,ENSMUSG00000039087,ENSMUSG00000039087,Rreb1,protein coding gene
ENSMUSG00000039115.13,70.93172961,2.010638906,0.45701308,4.39952158,1.0849E-05,6.23716E-05,ENSMUSG00000039115,ENSMUSG00000039115,Itga9,protein coding gene
ENSMUSG00000039137.18,262.1312844,2.174139109,0.325284741,6.683802948,2.3282E-11,3.36431E-10,ENSMUSG00000039137,ENSMUSG00000039137,Whrn,protein coding gene
ENSMUSG00000039158.11,134.3053078,3.626642447,0.551860041,6.571670679,4.97538E-11,6.85435E-10,ENSMUSG00000039158,ENSMUSG00000039158,Akna,protein coding gene
ENSMUSG00000039205.16,227.8528402,2.271358207,0.302890218,7.498948711,6.43317E-14,1.28648E-12,ENSMUSG00000039205,ENSMUSG00000039205,Ciz1,protein coding gene
ENSMUSG00000039218.16,4284.464576,3.017178978,0.195274052,15.45099795,7.42844E-54,5.78675E-51,ENSMUSG00000039218,ENSMUSG00000039218,Srrm2,protein coding gene
ENSMUSG00000039262.16,764.3603549,2.321429951,0.222154688,10.44961045,1.47128E-25,1.07756E-23,ENSMUSG00000039262,ENSMUSG00000039262,Prrc2b,protein coding gene
ENSMUSG00000039286.12,464.715502,2.658277145,0.246608027,10.77936181,4.30865E-27,3.7483E-25,ENSMUSG00000039286,ENSMUSG00000039286,Fndc3b,protein coding gene
ENSMUSG00000039384.8,9.659217352,2.488513529,1.005774052,2.474227214,0.013352475,0.033333534,ENSMUSG00000039384,ENSMUSG00000039384,Dusp10,protein coding gene
ENSMUSG00000039410.16,163.8929369,2.422747978,0.325166211,7.450798687,9.27768E-14,1.82132E-12,ENSMUSG00000039410,ENSMUSG00000039410,Prdm16,protein coding gene
ENSMUSG00000039462.4,8.936878517,6.499992086,1.715929942,3.788028827,0.000151847,0.000671828,ENSMUSG00000039462,ENSMUSG00000039462,Col10a1,protein coding gene
ENSMUSG00000039477.16,515.1567463,3.347590041,0.240073621,13.94401445,3.42142E-44,1.33264E-41,ENSMUSG00000039477,ENSMUSG00000039477,Tnrc18,protein coding gene
ENSMUSG00000039501.14,151.389786,2.429134409,0.361904577,6.712085345,1.91862E-11,2.8083E-10,ENSMUSG00000039501,ENSMUSG00000039501,Znfx1,protein coding gene
ENSMUSG00000039521.12,3.355829859,5.091545054,2.066048737,2.46438768,0.013724757,0.034087987,ENSMUSG00000039521,ENSMUSG00000039521,Foxp3,protein coding gene
ENSMUSG00000039577.17,7.544562906,3.911031264,1.449770171,2.697690532,0.006982232,0.019210384,ENSMUSG00000039577,ENSMUSG00000039577,Nphp4,protein coding gene
ENSMUSG00000039578.16,56.67763817,2.014332932,0.506241192,3.978998476,6.92062E-05,0.000330851,ENSMUSG00000039578,ENSMUSG00000039578,Ccser1,protein coding gene
ENSMUSG00000039585.15,356.9196484,3.605378624,0.270430541,13.331995,1.5081E-40,4.38065E-38,ENSMUSG00000039585,ENSMUSG00000039585,Myo9a,protein coding gene
ENSMUSG00000039607.15,73.68301417,2.180613083,0.503253896,4.333027721,1.47073E-05,8.22627E-05,ENSMUSG00000039607,ENSMUSG00000039607,Rbms3,protein coding gene
ENSMUSG00000039621.13,109.7627651,3.025778992,0.529882376,5.710284267,1.12788E-08,1.10518E-07,ENSMUSG00000039621,ENSMUSG00000039621,Prex1,protein coding gene
ENSMUSG00000039633.6,18.51042688,2.213299482,0.903132919,2.450690741,0.01425824,0.035215119,ENSMUSG00000039633,ENSMUSG00000039633,Lonrf1,protein coding gene
ENSMUSG00000039683.16,16.24843274,2.215222012,0.786809413,2.8154493,0.004870908,0.014065312,ENSMUSG00000039683,ENSMUSG00000039683,Sdk1,protein coding gene
ENSMUSG00000039699.13,6.303356456,3.670590077,1.564351109,2.346397848,0.018955862,0.044624389,ENSMUSG00000039699,ENSMUSG00000039699,Batf2,protein coding gene
ENSMUSG00000039704.6,32.38860922,4.431359468,0.81492592,5.437745147,5.39591E-08,4.72052E-07,ENSMUSG00000039704,ENSMUSG00000039704,Lmbrd2,protein coding gene
ENSMUSG00000039738.16,79.0461144,2.15851698,0.387882768,5.564869482,2.62349E-08,2.41079E-07,ENSMUSG00000039738,ENSMUSG00000039738,Slx4,protein coding gene
ENSMUSG00000039741.15,117.7435078,2.675767189,0.440059938,6.080460772,1.19838E-09,1.34498E-08,ENSMUSG00000039741,ENSMUSG00000039741,Bahcc1,protein coding gene
ENSMUSG00000039834.17,263.2937331,4.54496734,0.336638588,13.50102902,1.54207E-41,4.71929E-39,ENSMUSG00000039834,ENSMUSG00000039834,Zfp335,protein coding gene
ENSMUSG00000039835.16,169.5983014,2.373497189,0.31586767,7.514213752,5.7254E-14,1.15846E-12,ENSMUSG00000039835,ENSMUSG00000039835,Nhsl1,protein coding gene
ENSMUSG00000039840.7,118.5252449,2.205336468,0.340264332,6.48124491,9.09689E-11,1.19741E-09,ENSMUSG00000039840,ENSMUSG00000039840,Epg5,protein coding gene
ENSMUSG00000039851.11,3.151000744,4.957548381,2.136217568,2.320713235,0.020302326,0.047261785,ENSMUSG00000039851,ENSMUSG00000039851,Epcip,protein coding gene
ENSMUSG00000039852.16,589.2063982,2.084103036,0.224490726,9.283693225,1.63704E-20,7.26827E-19,ENSMUSG00000039852,ENSMUSG00000039852,Rere,protein coding gene
ENSMUSG00000039853.18,11.07481397,4.509336955,1.482997431,3.040691009,0.002360359,0.007485536,ENSMUSG00000039853,ENSMUSG00000039853,Trim14,protein coding gene
ENSMUSG00000039879.8,73.31553329,2.179203555,0.50437566,4.320596188,1.55608E-05,8.6613E-05,ENSMUSG00000039879,ENSMUSG00000039879,Heca,protein coding gene
ENSMUSG00000039911.13,35.31860677,2.296361707,0.633306381,3.625988582,0.000287858,0.001181915,ENSMUSG00000039911,ENSMUSG00000039911,Spsb1,protein coding gene
ENSMUSG00000039936.18,93.87622275,2.961917741,0.471250351,6.2852319,3.27365E-10,3.97899E-09,ENSMUSG00000039936,ENSMUSG00000039936,Pik3cd,protein coding gene
ENSMUSG00000039959.12,97.703916,2.456833236,0.556758153,4.412747657,1.02067E-05,5.89758E-05,ENSMUSG00000039959,ENSMUSG00000039959,Hip1,protein coding gene
ENSMUSG00000039997.16,69.61198536,2.29455571,0.598660013,3.832819397,0.000126683,0.000571276,ENSMUSG00000039997,ENSMUSG00000039997,Ifi203,protein coding gene
ENSMUSG00000040003.18,9.942033986,2.513329804,0.998823431,2.516290393,0.011859742,0.030098069,ENSMUSG00000040003,ENSMUSG00000040003,Magi2,protein coding gene
ENSMUSG00000040054.15,395.3773923,2.372808352,0.310573917,7.640076076,2.17093E-14,4.661E-13,ENSMUSG00000040054,ENSMUSG00000040054,Baz2a,protein coding gene
ENSMUSG00000040061.17,18.12213132,2.087005971,0.883099927,2.363272725,0.018114334,0.043057344,ENSMUSG00000040061,ENSMUSG00000040061,Plcb2,protein coding gene
ENSMUSG00000040152.8,177.5384784,2.399339069,0.371107652,6.465345182,1.01068E-10,1.32121E-09,ENSMUSG00000040152,ENSMUSG00000040152,Thbs1,protein coding gene
ENSMUSG00000040225.15,434.4440234,2.831533222,0.251146977,11.27440693,1.75558E-29,1.97941E-27,ENSMUSG00000040225,ENSMUSG00000040225,Prrc2c,protein coding gene
ENSMUSG00000040247.5,27.62796703,2.06023421,0.838160352,2.458043029,0.013969644,0.034632106,ENSMUSG00000040247,ENSMUSG00000040247,Tbc1d10c,protein coding gene
ENSMUSG00000040249.15,2256.142562,3.964879739,0.286557442,13.83624768,1.5404E-43,5.6169E-41,ENSMUSG00000040249,ENSMUSG00000040249,Lrp1,protein coding gene
ENSMUSG00000040260.7,12.65931787,2.682443542,1.113250891,2.409558854,0.01597182,0.038727369,ENSMUSG00000040260,ENSMUSG00000040260,Daam2,protein coding gene
ENSMUSG00000040265.16,18.15555078,3.323163181,0.870961398,3.815511445,0.000135901,0.00060859,ENSMUSG00000040265,ENSMUSG00000040265,Dnm3,protein coding gene
ENSMUSG00000040270.16,25.98730813,3.452203939,0.920113644,3.751932124,0.000175477,0.00076328,ENSMUSG00000040270,ENSMUSG00000040270,Bach2,protein coding gene
ENSMUSG00000040339.10,62.18578081,2.087873099,0.504420764,4.139149789,3.48595E-05,0.00017946,ENSMUSG00000040339,ENSMUSG00000040339,Eeig2,protein coding gene
ENSMUSG00000040372.2,4.675293838,5.523103448,2.009293784,2.748778448,0.00598178,0.01684452,ENSMUSG00000040372,ENSMUSG00000040372,Gpr63,protein coding gene
ENSMUSG00000040407.17,305.1110687,2.342943411,0.276694423,8.467620656,2.50456E-17,7.8903E-16,ENSMUSG00000040407,ENSMUSG00000040407,Akap9,protein coding gene
ENSMUSG00000040428.19,21.66689728,2.268429466,0.704870817,3.218220149,0.001289888,0.004437193,ENSMUSG00000040428,ENSMUSG00000040428,Plekha4,protein coding gene
ENSMUSG00000040433.16,167.2013158,2.621909604,0.336790274,7.784992042,6.97176E-15,1.58045E-13,ENSMUSG00000040433,ENSMUSG00000040433,Zbtb38,protein coding gene
ENSMUSG00000040481.17,385.7649323,2.031881313,0.292468027,6.947362198,3.72179E-12,5.95001E-11,ENSMUSG00000040481,ENSMUSG00000040481,Bptf,protein coding gene
ENSMUSG00000040485.5,4.503207597,5.485267001,1.913327507,2.866873016,0.004145493,0.012270373,ENSMUSG00000040485,ENSMUSG00000040485,Lrrc52,protein coding gene
ENSMUSG00000040524.9,153.2725048,3.040058821,0.3453112,8.803823407,1.32232E-18,4.94803E-17,ENSMUSG00000040524,ENSMUSG00000040524,Zfp609,protein coding gene
ENSMUSG00000040560.9,121.7671329,2.035910027,0.341300326,5.965156996,2.44399E-09,2.60804E-08,ENSMUSG00000040560,ENSMUSG00000040560,Wdr7,protein coding gene
ENSMUSG00000040594.19,8.079340538,6.360279171,1.793055431,3.547173758,0.000389388,0.001546079,ENSMUSG00000040594,ENSMUSG00000040594,Ranbp17,protein coding gene
ENSMUSG00000040624.17,18.32981587,2.083422038,0.779512684,2.672723716,0.007523819,0.020476927,ENSMUSG00000040624,ENSMUSG00000040624,Plekhg1,protein coding gene
ENSMUSG00000040640.10,76.9838744,2.303614051,0.409972808,5.618943519,1.92129E-08,1.79929E-07,ENSMUSG00000040640,ENSMUSG00000040640,Erc2,protein coding gene
ENSMUSG00000040661.6,79.7802361,2.061859872,0.439803015,4.688144017,2.75694E-06,1.79379E-05,ENSMUSG00000040661,ENSMUSG00000040661,Rad54l2,protein coding gene
ENSMUSG00000040710.10,25.86956335,2.16106813,0.721880047,2.993666523,0.00275647,0.008572018,ENSMUSG00000040710,ENSMUSG00000040710,St8sia4,protein coding gene
ENSMUSG00000040711.7,58.92003885,3.490433866,0.540474093,6.458096534,1.06028E-10,1.37869E-09,ENSMUSG00000040711,ENSMUSG00000040711,Sh3pxd2b,protein coding gene
ENSMUSG00000040712.16,315.9349706,2.148690743,0.250905212,8.563754916,1.0925E-17,3.60756E-16,ENSMUSG00000040712,ENSMUSG00000040712,Camta2,protein coding gene
ENSMUSG00000040717.5,21.19382061,2.059419784,0.720225759,2.859408675,0.004244316,0.012526104,ENSMUSG00000040717,ENSMUSG00000040717,Il17rd,protein coding gene
ENSMUSG00000040721.9,91.47626247,2.990263972,0.44066889,6.785738777,1.15494E-11,1.73019E-10,ENSMUSG00000040721,ENSMUSG00000040721,Zfhx2,protein coding gene
ENSMUSG00000040761.16,622.2662261,4.491559822,0.258508606,17.37489474,1.27841E-67,2.73867E-64,ENSMUSG00000040761,ENSMUSG00000040761,Spen,protein coding gene
ENSMUSG00000040852.5,40.43069109,2.505502089,0.594329405,4.215679161,2.49028E-05,0.000132962,ENSMUSG00000040852,ENSMUSG00000040852,Plekhh2,protein coding gene
ENSMUSG00000040865.15,265.6785968,3.030719494,0.287335222,10.54767834,5.20678E-26,3.91376E-24,ENSMUSG00000040865,ENSMUSG00000040865,Ino80d,protein coding gene
ENSMUSG00000040899.13,3.990344329,5.350451302,2.26876704,2.35830793,0.018358457,0.043504873,ENSMUSG00000040899,ENSMUSG00000040899,Ccr6,protein coding gene
ENSMUSG00000040918.12,181.353946,2.486545165,0.337762413,7.361817262,1.81423E-13,3.44704E-12,ENSMUSG00000040918,ENSMUSG00000040918,Slc19a2,protein coding gene
ENSMUSG00000040936.14,16.00958236,3.991788834,1.046897568,3.812969824,0.000137307,0.000614083,ENSMUSG00000040936,ENSMUSG00000040936,Ulk4,protein coding gene
ENSMUSG00000040943.12,115.2428196,3.36844658,0.416847781,8.0807593,6.43647E-16,1.66881E-14,ENSMUSG00000040943,ENSMUSG00000040943,Tet2,protein coding gene
ENSMUSG00000041073.10,11.32006456,4.513982715,1.377703928,3.276453398,0.001051197,0.003721423,ENSMUSG00000041073,ENSMUSG00000041073,Nacad,protein coding gene
ENSMUSG00000041112.15,37.17962525,3.904827802,0.773145833,5.050570845,4.40492E-07,3.32269E-06,ENSMUSG00000041112,ENSMUSG00000041112,Elmo1,protein coding gene
ENSMUSG00000041115.16,248.544921,2.809760126,0.285334352,9.847254996,7.04416E-23,3.87405E-21,ENSMUSG00000041115,ENSMUSG00000041115,Iqsec2,protein coding gene
ENSMUSG00000041134.15,28.08470633,2.424470421,0.711906341,3.405603072,0.000660181,0.002471964,ENSMUSG00000041134,ENSMUSG00000041134,Cyyr1,protein coding gene
ENSMUSG00000041144.10,8.589661091,4.07661092,1.394075374,2.924239963,0.003452984,0.010425872,ENSMUSG00000041144,ENSMUSG00000041144,Dnah7b,protein coding gene
ENSMUSG00000041180.13,3.860377291,5.260431152,1.991218849,2.641814663,0.008246317,0.022186087,ENSMUSG00000041180,ENSMUSG00000041180,Hectd2,protein coding gene
ENSMUSG00000041187.16,107.8058012,2.537236496,0.431710465,5.877171623,4.17335E-09,4.30861E-08,ENSMUSG00000041187,ENSMUSG00000041187,Prkd2,protein coding gene
ENSMUSG00000041202.12,29.46824671,2.610599644,0.80516859,3.242301893,0.001185683,0.004123676,ENSMUSG00000041202,ENSMUSG00000041202,Pla2g2d,protein coding gene
ENSMUSG00000041215.15,106.7760716,2.296939206,0.380209882,6.041240156,1.52934E-09,1.68228E-08,ENSMUSG00000041215,ENSMUSG00000041215,Yeats2,protein coding gene
ENSMUSG00000041235.11,238.3831981,2.524185191,0.314899692,8.015838875,1.09388E-15,2.74053E-14,ENSMUSG00000041235,ENSMUSG00000041235,Chd7,protein coding gene
ENSMUSG00000041258.16,234.4911727,3.076927213,0.283176291,10.86576564,1.6781E-27,1.52975E-25,ENSMUSG00000041258,ENSMUSG00000041258,Zfp236,protein coding gene
ENSMUSG00000041297.7,190.9053412,2.14868498,0.295318192,7.275830067,3.44297E-13,6.25722E-12,ENSMUSG00000041297,ENSMUSG00000041297,Cdk13,protein coding gene
ENSMUSG00000041298.15,28.74299001,2.640169555,0.629771619,4.19226506,2.76183E-05,0.000145952,ENSMUSG00000041298,ENSMUSG00000041298,Katnal1,protein coding gene
ENSMUSG00000041308.5,58.50340157,3.791737872,0.54795859,6.919752594,4.52433E-12,7.15956E-11,ENSMUSG00000041308,ENSMUSG00000041308,Sntb2,protein coding gene
ENSMUSG00000041444.14,184.3284037,2.50268831,0.334152053,7.489669103,6.90475E-14,1.37278E-12,ENSMUSG00000041444,ENSMUSG00000041444,Arhgap32,protein coding gene
ENSMUSG00000041482.16,30.09544575,2.091774151,0.663212344,3.154003646,0.001610471,0.005359271,ENSMUSG00000041482,ENSMUSG00000041482,Piezo2,protein coding gene
ENSMUSG00000041498.13,3.430691936,5.095238549,2.05456114,2.479964431,0.013139549,0.032849831,ENSMUSG00000041498,ENSMUSG00000041498,Kif14,protein coding gene
ENSMUSG00000041515.9,66.72446105,2.361362526,0.6628827,3.562263014,0.000367672,0.001469487,ENSMUSG00000041515,ENSMUSG00000041515,Irf8,protein coding gene
ENSMUSG00000041528.15,165.6595426,2.158313854,0.309050678,6.983689099,2.87528E-12,4.67963E-11,ENSMUSG00000041528,ENSMUSG00000041528,Rnf123,protein coding gene
ENSMUSG00000041540.16,24.25961246,3.501034933,0.758403982,4.616319291,3.90606E-06,2.46096E-05,ENSMUSG00000041540,ENSMUSG00000041540,Sox5,protein coding gene
ENSMUSG00000041592.16,30.02589803,4.341584997,0.924186947,4.697734596,2.63063E-06,1.72075E-05,ENSMUSG00000041592,ENSMUSG00000041592,Sdk2,protein coding gene
ENSMUSG00000041624.9,14.07382834,7.122399096,1.638412786,4.347133492,1.37928E-05,7.74006E-05,ENSMUSG00000041624,ENSMUSG00000041624,Gucy1a2,protein coding gene
ENSMUSG00000041642.18,285.6606568,3.67839831,0.327015457,11.24839278,2.35851E-29,2.62468E-27,ENSMUSG00000041642,ENSMUSG00000041642,Kif21b,protein coding gene
ENSMUSG00000041670.15,40.03696741,2.470314907,0.58290817,4.237914361,2.25606E-05,0.000121473,ENSMUSG00000041670,ENSMUSG00000041670,Rims1,protein coding gene
ENSMUSG00000041702.6,95.42834574,4.733134783,0.519421649,9.112317109,8.06409E-20,3.38732E-18,ENSMUSG00000041702,ENSMUSG00000041702,Btbd7,protein coding gene
ENSMUSG00000041729.15,82.54456579,2.06837618,0.445473106,4.643100002,3.4322E-06,2.18422E-05,ENSMUSG00000041729,ENSMUSG00000041729,Coro2b,protein coding gene
ENSMUSG00000041737.7,25.44890382,2.280730729,0.753257618,3.027822986,0.002463223,0.007770057,ENSMUSG00000041737,ENSMUSG00000041737,Tmem45b,protein coding gene
ENSMUSG00000041741.10,15.79974051,2.305280187,0.835518466,2.759101421,0.005796054,0.016372636,ENSMUSG00000041741,ENSMUSG00000041741,Pde3a,protein coding gene
ENSMUSG00000041797.7,53.46748711,2.099269276,0.471183735,4.455309298,8.37723E-06,4.93025E-05,ENSMUSG00000041797,ENSMUSG00000041797,Abca9,protein coding gene
ENSMUSG00000041836.10,26.82979633,2.023132136,0.665047432,3.042086983,0.00234944,0.007455046,ENSMUSG00000041836,ENSMUSG00000041836,Ptpre,protein coding gene
ENSMUSG00000041852.14,446.974088,3.117016338,0.249518955,12.49210243,8.24457E-36,1.51931E-33,ENSMUSG00000041852,ENSMUSG00000041852,Tcf20,protein coding gene
ENSMUSG00000041936.18,523.5647977,2.220855392,0.257551607,8.622952948,6.52493E-18,2.22315E-16,ENSMUSG00000041936,ENSMUSG00000041936,Agrn,protein coding gene
ENSMUSG00000041954.18,17.22450185,4.014981688,0.990680368,4.052751844,5.06187E-05,0.000251232,ENSMUSG00000041954,ENSMUSG00000041954,Tnfrsf18,protein coding gene
ENSMUSG00000041961.14,81.16559472,2.415024387,0.405331035,5.958153167,2.55104E-09,2.71383E-08,ENSMUSG00000041961,ENSMUSG00000041961,Znrf3,protein coding gene
ENSMUSG00000041977.17,142.9722874,3.509957277,1.11181522,3.15696099,0.001594227,0.005311403,ENSMUSG00000041977,ENSMUSG00000041977,Arhgef11,protein coding gene
ENSMUSG00000041992.8,85.71936715,2.801003737,0.467154147,5.995887558,2.02377E-09,2.18134E-08,ENSMUSG00000041992,ENSMUSG00000041992,Rapgef5,protein coding gene
ENSMUSG00000042029.6,22.13389053,3.762277718,0.817991994,4.59940653,4.23696E-06,2.65205E-05,ENSMUSG00000042029,ENSMUSG00000042029,Ncapg2,protein coding gene
ENSMUSG00000042035.11,114.1738797,3.14441687,0.387396332,8.116795667,4.78654E-16,1.27181E-14,ENSMUSG00000042035,ENSMUSG00000042035,Igsf3,protein coding gene
ENSMUSG00000042046.15,84.7935186,2.073857244,0.368420343,5.629051939,1.81203E-08,1.70349E-07,ENSMUSG00000042046,ENSMUSG00000042046,Dstyk,protein coding gene
ENSMUSG00000042121.16,211.1067272,2.787280522,0.328885364,8.474930252,2.3522E-17,7.43765E-16,ENSMUSG00000042121,ENSMUSG00000042121,Ssh1,protein coding gene
ENSMUSG00000042129.8,75.25628878,2.569599114,0.619363807,4.148771828,3.34264E-05,0.000172653,ENSMUSG00000042129,ENSMUSG00000042129,Rassf4,protein coding gene
ENSMUSG00000042156.15,28.06346722,2.450568519,0.669657128,3.659437668,0.000252769,0.001054775,ENSMUSG00000042156,ENSMUSG00000042156,Dzip1,protein coding gene
ENSMUSG00000042190.12,85.37088635,2.052121578,0.422519022,4.856873824,1.19254E-06,8.308E-06,ENSMUSG00000042190,ENSMUSG00000042190,Cmklr1,protein coding gene
ENSMUSG00000042254.14,24.8474088,2.003895726,0.716451591,2.796972958,0.005158385,0.014736523,ENSMUSG00000042254,ENSMUSG00000042254,Cilp,protein coding gene
ENSMUSG00000042262.4,7.499023784,6.214398996,1.758666204,3.533586409,0.000409962,0.001615528,ENSMUSG00000042262,ENSMUSG00000042262,Ccr8,protein coding gene
ENSMUSG00000042286.13,447.1266964,2.619999655,0.268724602,9.749757309,1.8491E-22,9.8111E-21,ENSMUSG00000042286,ENSMUSG00000042286,Stab1,protein coding gene
ENSMUSG00000042292.16,108.3026975,2.496992033,0.387944413,6.436468606,1.22285E-10,1.5781E-09,ENSMUSG00000042292,ENSMUSG00000042292,Mrtfa,protein coding gene
ENSMUSG00000042333.14,22.29080385,2.954663144,0.735588306,4.016734798,5.90101E-05,0.00028796,ENSMUSG00000042333,ENSMUSG00000042333,Tnfrsf14,protein coding gene
ENSMUSG00000042367.12,9.136683279,2.973683967,1.179926577,2.520227974,0.011727885,0.029794321,ENSMUSG00000042367,ENSMUSG00000042367,Gjb3,protein coding gene
ENSMUSG00000042404.16,77.86260206,2.281591931,0.596570976,3.824510451,0.000131032,0.000589095,ENSMUSG00000042404,ENSMUSG00000042404,Dennd4b,protein coding gene
ENSMUSG00000042439.12,42.15652324,4.108944359,0.725577971,5.662994916,1.48754E-08,1.42501E-07,ENSMUSG00000042439,ENSMUSG00000042439,Zfp532,protein coding gene
ENSMUSG00000042474.6,35.02163769,2.139885615,0.855498437,2.501331999,0.012372713,0.031251814,ENSMUSG00000042474,ENSMUSG00000042474,Fcmr,protein coding gene
ENSMUSG00000042496.17,36.84937187,3.562893399,0.707945564,5.032722259,4.83563E-07,3.6316E-06,ENSMUSG00000042496,ENSMUSG00000042496,Prdm10,protein coding gene
ENSMUSG00000042507.14,175.3960136,3.317360419,0.369983653,8.966235113,3.06823E-19,1.2116E-17,ENSMUSG00000042507,ENSMUSG00000042507,Mideas,protein coding gene
ENSMUSG00000042520.16,284.335328,2.020633442,0.255641736,7.904160995,2.69744E-15,6.45653E-14,ENSMUSG00000042520,ENSMUSG00000042520,Ubap2l,protein coding gene
ENSMUSG00000042557.14,113.3004171,2.065781065,0.341375966,6.051337155,1.43648E-09,1.58624E-08,ENSMUSG00000042557,ENSMUSG00000042557,Sin3a,protein coding gene
ENSMUSG00000042567.19,4.054555608,5.306374231,2.099918461,2.526942989,0.011506018,0.029326314,ENSMUSG00000042567,ENSMUSG00000042567,Nek10,protein coding gene
ENSMUSG00000042594.16,291.2637155,2.344105638,0.268397967,8.73369373,2.46488E-18,8.94981E-17,ENSMUSG00000042594,ENSMUSG00000042594,Sh2b3,protein coding gene
ENSMUSG00000042595.7,30.349991,2.261841696,0.588917232,3.840678407,0.000122695,0.000556428,ENSMUSG00000042595,ENSMUSG00000042595,Fam199x,protein coding gene
ENSMUSG00000042605.15,271.6377321,2.172664932,0.261627691,8.304415033,1.00312E-16,2.89908E-15,ENSMUSG00000042605,ENSMUSG00000042605,Atxn2,protein coding gene
ENSMUSG00000042644.8,387.7551372,2.118789771,0.261419946,8.104927728,5.27769E-16,1.39798E-14,ENSMUSG00000042644,ENSMUSG00000042644,Itpr3,protein coding gene
ENSMUSG00000042677.7,58.79748732,2.285604743,0.50096751,4.562381186,5.05767E-06,3.11681E-05,ENSMUSG00000042677,ENSMUSG00000042677,Zc3h12a,protein coding gene
ENSMUSG00000042680.7,30.38515226,3.523721591,0.709442155,4.966890626,6.80349E-07,4.98283E-06,ENSMUSG00000042680,ENSMUSG00000042680,Garem1,protein coding gene
ENSMUSG00000042700.15,106.3899006,2.204631186,0.407762167,5.406659478,6.42111E-08,5.55502E-07,ENSMUSG00000042700,ENSMUSG00000042700,Sipa1l1,protein coding gene
ENSMUSG00000042729.10,3.120322821,4.952648893,2.155156975,2.298045549,0.021559197,0.049621477,ENSMUSG00000042729,ENSMUSG00000042729,Wdr74,protein coding gene
ENSMUSG00000042744.16,1012.384084,3.052951693,0.216981328,14.07011252,5.79771E-45,2.36574E-42,ENSMUSG00000042744,ENSMUSG00000042744,Hectd4,protein coding gene
ENSMUSG00000042757.15,19.15716431,3.029269248,1.017990132,2.975735376,0.00292287,0.009028864,ENSMUSG00000042757,ENSMUSG00000042757,Tmem108,protein coding gene
ENSMUSG00000042790.15,67.95762042,2.191832611,0.417252968,5.253006636,1.49636E-07,1.22059E-06,ENSMUSG00000042790,ENSMUSG00000042790,Rnf214,protein coding gene
ENSMUSG00000042814.7,29.88877281,3.329031962,0.693619584,4.799506872,1.59057E-06,1.083E-05,ENSMUSG00000042814,ENSMUSG00000042814,Mcts2,protein coding gene
ENSMUSG00000042942.15,24.3922313,3.940588919,0.929127953,4.241169265,2.22358E-05,0.000119949,ENSMUSG00000042942,ENSMUSG00000042942,Greb1l,protein coding gene
ENSMUSG00000043013.10,102.8910175,6.277486586,0.775869899,8.090901053,5.9225E-16,1.55198E-14,ENSMUSG00000043013,ENSMUSG00000043013,Onecut1,protein coding gene
ENSMUSG00000043079.17,123.9703354,2.366457854,0.370077071,6.394500058,1.61073E-10,2.04337E-09,ENSMUSG00000043079,ENSMUSG00000043079,Synpo,protein coding gene
ENSMUSG00000043110.2,285.659759,4.145552411,0.480003488,8.63650477,5.7959E-18,2.01073E-16,ENSMUSG00000043110,ENSMUSG00000043110,Lrrn4,protein coding gene
ENSMUSG00000043259.14,12.11979267,3.513558044,1.064538485,3.300545817,0.00096497,0.003451095,ENSMUSG00000043259,ENSMUSG00000043259,Fam13c,protein coding gene
ENSMUSG00000043323.16,418.9272849,2.048919518,0.25710942,7.969056596,1.5989E-15,3.93707E-14,ENSMUSG00000043323,ENSMUSG00000043323,Fbrsl1,protein coding gene
ENSMUSG00000043336.14,60.8418188,2.528275784,0.478467665,5.284110017,1.26317E-07,1.04682E-06,ENSMUSG00000043336,ENSMUSG00000043336,Filip1l,protein coding gene
ENSMUSG00000043456.16,3.949015608,5.290093523,1.974193141,2.67962309,0.00737051,0.020094782,ENSMUSG00000043456,ENSMUSG00000043456,Zfp536,protein coding gene
ENSMUSG00000043467.19,28.49855219,3.551325765,0.754307385,4.708061775,2.50083E-06,1.64464E-05,ENSMUSG00000043467,ENSMUSG00000043467,Zbtb37,protein coding gene
ENSMUSG00000043556.9,3.843475608,5.282921389,2.017704955,2.618282408,0.008837363,0.023558054,ENSMUSG00000043556,ENSMUSG00000043556,Fbxl7,protein coding gene
ENSMUSG00000043592.15,9.189527207,3.218501924,1.209811532,2.660333316,0.007806336,0.021165707,ENSMUSG00000043592,ENSMUSG00000043592,Unc5cl,protein coding gene
ENSMUSG00000043635.12,7.109687156,3.810915617,1.439618936,2.647169693,0.008116861,0.021885898,ENSMUSG00000043635,ENSMUSG00000043635,Adamts3,protein coding gene
ENSMUSG00000043740.14,5.497735739,5.80754323,2.120495685,2.738766823,0.00616701,0.017264,ENSMUSG00000043740,ENSMUSG00000043740,Treml6,protein coding gene
ENSMUSG00000043760.16,228.725008,3.058226508,0.315211753,9.702133502,2.95259E-22,1.55219E-20,ENSMUSG00000043760,ENSMUSG00000043760,Pkhd1,protein coding gene
ENSMUSG00000043822.18,96.70879813,2.432468336,0.520170227,4.67629289,2.92107E-06,1.89268E-05,ENSMUSG00000043822,ENSMUSG00000043822,Adamtsl5,protein coding gene
ENSMUSG00000043940.14,417.3307712,4.09129821,0.292058739,14.0084773,1.38339E-44,5.51363E-42,ENSMUSG00000043940,ENSMUSG00000043940,Wdfy3,protein coding gene
ENSMUSG00000043991.4,142.626203,2.683013898,0.366536715,7.319904901,2.48147E-13,4.62254E-12,ENSMUSG00000043991,ENSMUSG00000043991,Pura,protein coding gene
ENSMUSG00000044017.16,395.1672143,3.035278598,0.439086963,6.912704893,4.75498E-12,7.50377E-11,ENSMUSG00000044017,ENSMUSG00000044017,Adgrd1,protein coding gene
ENSMUSG00000044042.18,15.8030138,2.534812359,0.86265578,2.938382164,0.003299301,0.010027206,ENSMUSG00000044042,ENSMUSG00000044042,Fmn1,protein coding gene
ENSMUSG00000044067.6,4.051430166,5.345862833,1.951169587,2.739824805,0.006147194,0.017214153,ENSMUSG00000044067,ENSMUSG00000044067,Gpr22,protein coding gene
ENSMUSG00000044072.14,69.10395169,5.113769925,0.666504138,7.67252539,1.68643E-14,3.71014E-13,ENSMUSG00000044072,ENSMUSG00000044072,Eml6,protein coding gene
ENSMUSG00000044092.8,13.0447141,3.726769067,1.169725908,3.186019085,0.001442451,0.004870119,ENSMUSG00000044092,ENSMUSG00000044092,C130050O18Rik,protein coding gene
ENSMUSG00000044098.14,34.25875625,2.204274815,0.639829365,3.445097919,0.000570853,0.00217406,ENSMUSG00000044098,ENSMUSG00000044098,Rsbn1,protein coding gene
ENSMUSG00000044217.16,35.25249587,3.232574176,0.791450144,4.084368673,4.41968E-05,0.00022206,ENSMUSG00000044217,ENSMUSG00000044217,Aqp5,protein coding gene
ENSMUSG00000044340.7,96.50744162,2.208850078,0.372302326,5.932947289,2.97544E-09,3.14191E-08,ENSMUSG00000044340,ENSMUSG00000044340,Phlpp1,protein coding gene
ENSMUSG00000044433.16,220.2451185,2.215058051,0.361278463,6.131165506,8.72376E-10,1.00139E-08,ENSMUSG00000044433,ENSMUSG00000044433,Camsap3,protein coding gene
ENSMUSG00000044447.4,168.7063892,2.537822963,0.298729228,8.495395586,1.9726E-17,6.33079E-16,ENSMUSG00000044447,ENSMUSG00000044447,Dock5,protein coding gene
ENSMUSG00000044452.10,48.40989266,5.258178322,0.793042386,6.630387501,3.34807E-11,4.69551E-10,ENSMUSG00000044452,ENSMUSG00000044452,Zfp507,protein coding gene
ENSMUSG00000044456.16,82.68954541,2.475532564,0.557698573,4.438836113,9.04467E-06,5.29216E-05,ENSMUSG00000044456,ENSMUSG00000044456,Rin3,protein coding gene
ENSMUSG00000044646.14,32.49130248,2.339606829,0.675865817,3.461643966,0.000536887,0.002052,ENSMUSG00000044646,ENSMUSG00000044646,Zbtb7c,protein coding gene
ENSMUSG00000044674.6,118.1413083,2.674805725,0.555585191,4.814393484,1.47648E-06,1.01054E-05,ENSMUSG00000044674,ENSMUSG00000044674,Fzd1,protein coding gene
ENSMUSG00000044676.9,27.6438592,3.799396457,0.814284167,4.665934337,3.07218E-06,1.97787E-05,ENSMUSG00000044676,ENSMUSG00000044676,Zfp612,protein coding gene
ENSMUSG00000044726.7,34.18865119,2.215402654,0.561968895,3.942215796,8.07323E-05,0.000380003,ENSMUSG00000044726,ENSMUSG00000044726,Erich5,protein coding gene
ENSMUSG00000044749.13,11.70695058,2.616547054,0.973768469,2.687032016,0.007209004,0.019710899,ENSMUSG00000044749,ENSMUSG00000044749,Abca6,protein coding gene
ENSMUSG00000044948.16,24.52065988,2.068823197,0.627556183,3.296634234,0.000978508,0.003493683,ENSMUSG00000044948,ENSMUSG00000044948,Cfap43,protein coding gene
ENSMUSG00000044949.4,12.22569212,3.049446511,1.069304498,2.851803687,0.004347194,0.012774727,ENSMUSG00000044949,ENSMUSG00000044949,Ubtd2,protein coding gene
ENSMUSG00000045094.7,20.94841565,2.829130517,0.861950609,3.282242031,0.001029852,0.003656432,ENSMUSG00000045094,ENSMUSG00000045094,Arhgef37,protein coding gene
ENSMUSG00000045180.13,72.53275129,2.108006205,0.392205293,5.374752061,7.66881E-08,6.56484E-07,ENSMUSG00000045180,ENSMUSG00000045180,Shroom2,protein coding gene
ENSMUSG00000045322.10,43.15204317,5.596751168,1.766462653,3.168338236,0.00153313,0.005126788,ENSMUSG00000045322,ENSMUSG00000045322,Tlr9,protein coding gene
ENSMUSG00000045333.15,51.08011589,3.376412162,0.541955381,6.230055607,4.6627E-10,5.55311E-09,ENSMUSG00000045333,ENSMUSG00000045333,Zfp423,protein coding gene
ENSMUSG00000045348.15,5.162939587,5.664946617,1.910323015,2.965439129,0.003022512,0.009291444,ENSMUSG00000045348,ENSMUSG00000045348,Nyap1,protein coding gene
ENSMUSG00000045441.5,49.01647046,5.5201111,0.83018585,6.649247393,2.94595E-11,4.1691E-10,ENSMUSG00000045441,ENSMUSG00000045441,Gprin3,protein coding gene
ENSMUSG00000045482.15,445.0052514,3.123681174,0.238245803,13.11116978,2.84181E-39,7.1622E-37,ENSMUSG00000045482,ENSMUSG00000045482,Trrap,protein coding gene
ENSMUSG00000045817.8,374.3472618,2.11792442,0.296514513,7.142734437,9.14923E-13,1.57746E-11,ENSMUSG00000045817,ENSMUSG00000045817,Zfp36l2,protein coding gene
ENSMUSG00000045826.8,31.8494832,2.123998524,0.704060664,3.0167834,0.002554723,0.008018835,ENSMUSG00000045826,ENSMUSG00000045826,Ptprcap,protein coding gene
ENSMUSG00000045962.16,810.3036951,2.596780142,0.248956945,10.43063949,1.79675E-25,1.29927E-23,ENSMUSG00000045962,ENSMUSG00000045962,Wnk1,protein coding gene
ENSMUSG00000046079.16,191.4040104,2.24887921,0.299883083,7.499186644,6.4215E-14,1.28648E-12,ENSMUSG00000046079,ENSMUSG00000046079,Lrrc8d,protein coding gene
ENSMUSG00000046138.14,78.89054326,2.346087847,0.405712355,5.782638409,7.3538E-09,7.3831E-08,ENSMUSG00000046138,ENSMUSG00000046138,Brd10,protein coding gene
ENSMUSG00000046178.3,7.584806668,6.264959134,1.850294545,3.385925312,0.000709387,0.002636624,ENSMUSG00000046178,ENSMUSG00000046178,Nxph1,protein coding gene
ENSMUSG00000046186.8,19.31651637,2.080617318,0.874503585,2.379198156,0.017350346,0.041540966,ENSMUSG00000046186,ENSMUSG00000046186,Cd109,protein coding gene
ENSMUSG00000046230.9,71.67781903,2.913227466,0.4678372,6.227011159,4.75417E-10,5.6542E-09,ENSMUSG00000046230,ENSMUSG00000046230,Vps13a,protein coding gene
ENSMUSG00000046275.2,23.37723175,2.11885139,0.68855909,3.07722521,0.002089374,0.006708072,ENSMUSG00000046275,ENSMUSG00000046275,Trarg1,protein coding gene
ENSMUSG00000046338.4,6.203349609,5.960558031,1.799357241,3.31260402,0.000924317,0.003320258,ENSMUSG00000046338,ENSMUSG00000046338,Gpat2,protein coding gene
ENSMUSG00000046532.7,86.61085299,2.823386975,0.461218077,6.121587842,9.26474E-10,1.05853E-08,ENSMUSG00000046532,ENSMUSG00000046532,Ar,protein coding gene
ENSMUSG00000046541.9,95.48757824,5.118111762,0.568039401,9.01013513,2.05803E-19,8.31851E-18,ENSMUSG00000046541,ENSMUSG00000046541,Zfp526,protein coding gene
ENSMUSG00000046556.6,115.0915352,3.330430747,0.397136194,8.38611741,5.02462E-17,1.52141E-15,ENSMUSG00000046556,ENSMUSG00000046556,Zfp319,protein coding gene
ENSMUSG00000046561.9,3.342053619,5.060640754,2.038933486,2.482003846,0.013064587,0.032719697,ENSMUSG00000046561,ENSMUSG00000046561,Arsj,protein coding gene
ENSMUSG00000046574.8,171.5893682,2.538005049,0.31228292,8.127261815,4.39096E-16,1.17766E-14,ENSMUSG00000046574,ENSMUSG00000046574,Prr12,protein coding gene
ENSMUSG00000046743.6,39.36503493,3.084757294,0.615307959,5.013355098,5.34891E-07,3.99258E-06,ENSMUSG00000046743,ENSMUSG00000046743,Fat4,protein coding gene
ENSMUSG00000046876.15,173.695283,2.863008647,0.339174013,8.441120303,3.1431E-17,9.79391E-16,ENSMUSG00000046876,ENSMUSG00000046876,Atxn1,protein coding gene
ENSMUSG00000046959.16,21.09032402,5.371939228,1.198269923,4.483079418,7.35735E-06,4.39339E-05,ENSMUSG00000046959,ENSMUSG00000046959,Slc26a1,protein coding gene
ENSMUSG00000047003.14,15.86858005,2.266239273,0.849594421,2.667436622,0.00764323,0.020768936,ENSMUSG00000047003,ENSMUSG00000047003,Zfp41,protein coding gene
ENSMUSG00000047036.7,54.1012667,5.419148029,0.794088292,6.824364602,8.83153E-12,1.34897E-10,ENSMUSG00000047036,ENSMUSG00000047036,Zfp445,protein coding gene
ENSMUSG00000047098.17,205.3821744,2.020034306,0.36232466,5.575205145,2.47238E-08,2.27927E-07,ENSMUSG00000047098,ENSMUSG00000047098,Rnf31,protein coding gene
ENSMUSG00000047146.15,6.670330997,6.04586374,1.799319381,3.360083709,0.000779189,0.002864993,ENSMUSG00000047146,ENSMUSG00000047146,Tet1,protein coding gene
ENSMUSG00000047153.3,36.73512987,2.135922418,0.566722851,3.768901175,0.000163968,0.000719979,ENSMUSG00000047153,ENSMUSG00000047153,Khnyn,protein coding gene
ENSMUSG00000047193.15,68.59100945,2.226701646,0.405643883,5.489301678,4.03526E-08,3.59627E-07,ENSMUSG00000047193,ENSMUSG00000047193,Dync2h1,protein coding gene
ENSMUSG00000047248.20,76.54200018,2.471300006,0.404036917,6.116520306,9.56407E-10,1.0891E-08,ENSMUSG00000047248,ENSMUSG00000047248,C2cd3,protein coding gene
ENSMUSG00000047344.9,4.819037116,5.621905583,2.005839868,2.802768891,0.005066596,0.014532439,ENSMUSG00000047344,ENSMUSG00000047344,Lancl3,protein coding gene
ENSMUSG00000047415.11,12.68868248,3.221451284,1.223571792,2.63282572,0.008467779,0.022683763,ENSMUSG00000047415,ENSMUSG00000047415,Gpr68,protein coding gene
ENSMUSG00000047420.8,11.64586475,2.613749935,1.025360623,2.549103092,0.010800037,0.027875155,ENSMUSG00000047420,ENSMUSG00000047420,Fam180a,protein coding gene
ENSMUSG00000047443.14,10.96039364,6.763330495,1.68047695,4.024649369,5.70603E-05,0.00027948,ENSMUSG00000047443,ENSMUSG00000047443,Erfe,protein coding gene
ENSMUSG00000047466.9,15.7664355,2.255612295,0.826727829,2.728361397,0.006364983,0.017708293,ENSMUSG00000047466,ENSMUSG00000047466,Ark2n,protein coding gene
ENSMUSG00000047492.4,3.430691936,5.095238549,2.05456114,2.479964431,0.013139549,0.032849831,ENSMUSG00000047492,ENSMUSG00000047492,Inhbe,protein coding gene
ENSMUSG00000047497.9,25.2777021,5.621653348,1.181902228,4.756445341,1.97032E-06,1.31808E-05,ENSMUSG00000047497,ENSMUSG00000047497,Adamts12,protein coding gene
ENSMUSG00000047586.3,23.73195006,2.503785015,0.690940403,3.623735134,0.000290379,0.001191124,ENSMUSG00000047586,ENSMUSG00000047586,Nccrp1,protein coding gene
ENSMUSG00000047642.14,25.20016084,3.100237754,0.723961911,4.282321632,1.84953E-05,0.000101399,ENSMUSG00000047642,ENSMUSG00000047642,D930020B18Rik,protein coding gene
ENSMUSG00000047733.10,3.550008176,5.132868008,2.034015556,2.523514627,0.011618823,0.029565461,ENSMUSG00000047733,ENSMUSG00000047733,Catsperh,protein coding gene
ENSMUSG00000047747.10,22.52766585,2.734855939,0.734725649,3.722281838,0.00019743,0.000848011,ENSMUSG00000047747,ENSMUSG00000047747,Rnf150,protein coding gene
ENSMUSG00000047787.7,87.32489393,9.77881873,1.485248198,6.583962696,4.58072E-11,6.33611E-10,ENSMUSG00000047787,ENSMUSG00000047787,Flrt1,protein coding gene
ENSMUSG00000047793.13,173.8574703,5.111441296,0.453567742,11.26941099,1.85809E-29,2.0813E-27,ENSMUSG00000047793,ENSMUSG00000047793,Sned1,protein coding gene
ENSMUSG00000047804.15,52.69499374,2.479077899,0.479297684,5.172313538,2.31213E-07,1.83111E-06,ENSMUSG00000047804,ENSMUSG00000047804,Akap10,protein coding gene
ENSMUSG00000047842.6,10.71608133,3.219630205,1.300139729,2.47637245,0.013272504,0.033148379,ENSMUSG00000047842,ENSMUSG00000047842,Diras2,protein coding gene
ENSMUSG00000047880.14,42.5740791,2.64294832,0.853898394,3.09515551,0.001967097,0.006363177,ENSMUSG00000047880,ENSMUSG00000047880,Cxcr5,protein coding gene
ENSMUSG00000047888.9,364.385896,3.436265691,0.277269913,12.39321517,2.84408E-35,5.13071E-33,ENSMUSG00000047888,ENSMUSG00000047888,Tnrc6b,protein coding gene
ENSMUSG00000047907.11,23.22077413,2.200793097,0.732627225,3.003973947,0.002664781,0.008320099,ENSMUSG00000047907,ENSMUSG00000047907,Tshz2,protein coding gene
ENSMUSG00000047959.4,11.13481484,6.809543472,1.711374998,3.97898969,6.92087E-05,0.000330851,ENSMUSG00000047959,ENSMUSG00000047959,Kcna3,protein coding gene
ENSMUSG00000048027.7,183.4273693,2.42606878,0.345653018,7.018798195,2.23785E-12,3.68771E-11,ENSMUSG00000048027,ENSMUSG00000048027,Rgmb,protein coding gene
ENSMUSG00000048070.4,5.340216221,5.715766972,1.982905394,2.882521269,0.003945065,0.011742026,ENSMUSG00000048070,ENSMUSG00000048070,Pirt,protein coding gene
ENSMUSG00000048078.16,46.72710053,2.214060894,0.516914651,4.283223336,1.84205E-05,0.000101021,ENSMUSG00000048078,ENSMUSG00000048078,Tenm4,protein coding gene
ENSMUSG00000048109.10,146.4998106,2.235357176,0.330272994,6.768210583,1.30385E-11,1.9397E-10,ENSMUSG00000048109,ENSMUSG00000048109,Rbm15,protein coding gene
ENSMUSG00000048154.16,3103.636669,4.794862677,0.198801343,24.11886465,1.585E-128,2.7164E-124,ENSMUSG00000048154,ENSMUSG00000048154,Kmt2d,protein coding gene
ENSMUSG00000048163.13,132.5425177,2.930918553,1.00711459,2.910213577,0.003611818,0.010827242,ENSMUSG00000048163,ENSMUSG00000048163,Selplg,protein coding gene
ENSMUSG00000048371.7,39.20306868,3.445197436,0.75581967,4.558226749,5.15873E-06,3.1711E-05,ENSMUSG00000048371,ENSMUSG00000048371,Pdp2,protein coding gene
ENSMUSG00000048402.14,19.00039766,5.252380648,1.272437131,4.127811522,3.66232E-05,0.000187414,ENSMUSG00000048402,ENSMUSG00000048402,Gli2,protein coding gene
ENSMUSG00000048410.16,72.80809731,2.589757848,0.441929348,5.860117371,4.6254E-09,4.74956E-08,ENSMUSG00000048410,ENSMUSG00000048410,Zfp407,protein coding gene
ENSMUSG00000048490.13,142.6707531,2.923267211,0.336452753,8.688492468,3.67281E-18,1.3059E-16,ENSMUSG00000048490,ENSMUSG00000048490,Nrip1,protein coding gene
ENSMUSG00000048521.7,6.892061795,6.097313173,1.770797484,3.443258322,0.00057475,0.00218696,ENSMUSG00000048521,ENSMUSG00000048521,Cxcr6,protein coding gene
ENSMUSG00000048612.15,135.7592463,2.389736091,0.383927023,6.224453999,4.83236E-10,5.7432E-09,ENSMUSG00000048612,ENSMUSG00000048612,Myof,protein coding gene
ENSMUSG00000048636.7,18.05887949,3.600817222,0.924656013,3.894223551,9.85138E-05,0.000455198,ENSMUSG00000048636,ENSMUSG00000048636,A730049H05Rik,protein coding gene
ENSMUSG00000048721.2,12.70750249,4.64009473,1.304495475,3.557003316,0.000375109,0.001494682,ENSMUSG00000048721,ENSMUSG00000048721,Fndc9,protein coding gene
ENSMUSG00000048732.5,29.04183523,8.182790642,1.538647673,5.318170486,1.04816E-07,8.77545E-07,ENSMUSG00000048732,ENSMUSG00000048732,Klhl11,protein coding gene
ENSMUSG00000048756.11,551.8866164,2.695830474,0.275883137,9.771639201,1.49021E-22,7.95615E-21,ENSMUSG00000048756,ENSMUSG00000048756,Foxo3,protein coding gene
ENSMUSG00000048763.11,4.880122953,5.610668819,1.881683618,2.981728047,0.002866265,0.008873202,ENSMUSG00000048763,ENSMUSG00000048763,Hoxb3,protein coding gene
ENSMUSG00000048794.14,4.954985029,5.613422442,1.898840689,2.956236653,0.00311418,0.009535613,ENSMUSG00000048794,ENSMUSG00000048794,Cfap100,protein coding gene
ENSMUSG00000048827.11,7.994235137,4.910894682,1.627348744,3.01772727,0.00254678,0.007996833,ENSMUSG00000048827,ENSMUSG00000048827,Pkd1l3,protein coding gene
ENSMUSG00000048895.13,12.87744328,7.022010766,1.636241813,4.291548296,1.77432E-05,9.76814E-05,ENSMUSG00000048895,ENSMUSG00000048895,Cdk5r1,protein coding gene
ENSMUSG00000048911.15,17.71803874,2.555643582,0.804958114,3.174877719,0.001498997,0.005029327,ENSMUSG00000048911,ENSMUSG00000048911,Rnf24,protein coding gene
ENSMUSG00000048960.13,31.86765169,2.089283548,0.625182684,3.341876866,0.00083214,0.003033009,ENSMUSG00000048960,ENSMUSG00000048960,Prex2,protein coding gene
ENSMUSG00000049013.3,7.14966091,6.162306376,1.75003579,3.521245915,0.000429524,0.001680306,ENSMUSG00000049013,ENSMUSG00000049013,Prss48,protein coding gene
ENSMUSG00000049130.6,48.32219059,2.482779384,0.751233159,3.304938494,0.000949972,0.00340243,ENSMUSG00000049130,ENSMUSG00000049130,C5ar1,protein coding gene
ENSMUSG00000049323.8,134.9370749,2.210325961,0.43930777,5.031383711,4.86952E-07,3.65545E-06,ENSMUSG00000049323,ENSMUSG00000049323,Smcr8,protein coding gene
ENSMUSG00000049336.16,9.289532875,2.95399844,1.177806125,2.508051519,0.012139897,0.030709011,ENSMUSG00000049336,ENSMUSG00000049336,Tenm2,protein coding gene
ENSMUSG00000049515.12,8.546352963,2.851405671,1.124845478,2.534930998,0.011246948,0.02875152,ENSMUSG00000049515,ENSMUSG00000049515,Espnl,protein coding gene
ENSMUSG00000049532.10,19.92031126,2.11000566,0.696236803,3.030586218,0.002440795,0.007712084,ENSMUSG00000049532,ENSMUSG00000049532,Sall2,protein coding gene
ENSMUSG00000049562.5,102.7082755,3.324531744,0.414066477,8.028980689,9.82858E-16,2.47345E-14,ENSMUSG00000049562,ENSMUSG00000049562,Ap5b1,protein coding gene
ENSMUSG00000049658.13,99.88866578,2.55550939,0.416588961,6.134366562,8.54992E-10,9.84073E-09,ENSMUSG00000049658,ENSMUSG00000049658,Bdp1,protein coding gene
ENSMUSG00000049690.15,97.14359766,3.586909277,0.476179986,7.532675428,4.97111E-14,1.01871E-12,ENSMUSG00000049690,ENSMUSG00000049690,Nckap5,protein coding gene
ENSMUSG00000049871.13,17.37510075,3.272120231,0.924872278,3.537915785,0.000403299,0.001593796,ENSMUSG00000049871,ENSMUSG00000049871,Nlrc3,protein coding gene
ENSMUSG00000049939.6,83.71905127,7.342963458,1.099946165,6.675748043,2.45974E-11,3.53058E-10,ENSMUSG00000049939,ENSMUSG00000049939,Lrrc4,protein coding gene
ENSMUSG00000050075.8,4.730398799,5.594343705,2.077607458,2.69268561,0.007087907,0.019432499,ENSMUSG00000050075,ENSMUSG00000050075,Gpr171,protein coding gene
ENSMUSG00000050271.12,62.74892234,2.170161697,0.423194773,5.12804466,2.92767E-07,2.27381E-06,ENSMUSG00000050271,ENSMUSG00000050271,Prag1,protein coding gene
ENSMUSG00000050295.3,16.07296026,2.745078465,0.836837166,3.280301802,0.001036961,0.003678625,ENSMUSG00000050295,ENSMUSG00000050295,Foxc1,protein coding gene
ENSMUSG00000050310.8,116.2471917,2.265716714,0.351934079,6.437900871,1.21137E-10,1.56565E-09,ENSMUSG00000050310,ENSMUSG00000050310,Rictor,protein coding gene
ENSMUSG00000050315.13,98.1160042,2.351425366,0.48758272,4.822618336,1.41686E-06,9.73232E-06,ENSMUSG00000050315,ENSMUSG00000050315,Synpo2,protein coding gene
ENSMUSG00000050350.7,12.83797951,3.131265084,1.073573316,2.916675589,0.003537835,0.010632632,ENSMUSG00000050350,ENSMUSG00000050350,Gpr18,protein coding gene
ENSMUSG00000050556.9,32.8391948,2.385156602,0.606310118,3.933888829,8.35825E-05,0.000392556,ENSMUSG00000050556,ENSMUSG00000050556,Kcnb1,protein coding gene
ENSMUSG00000050567.16,123.4498118,2.357606721,0.3621111,6.510727575,7.47877E-11,9.99089E-10,ENSMUSG00000050567,ENSMUSG00000050567,Maml1,protein coding gene
ENSMUSG00000050600.5,19.879715,7.656053545,1.695155051,4.516432606,6.28901E-06,3.81256E-05,ENSMUSG00000050600,ENSMUSG00000050600,Zfp831,protein coding gene
ENSMUSG00000050700.11,5.057399587,5.657243517,1.868717999,3.027339342,0.002467168,0.007776776,ENSMUSG00000050700,ENSMUSG00000050700,Emilin3,protein coding gene
ENSMUSG00000050721.8,76.37372574,2.13567593,0.5323064,4.012117701,6.01765E-05,0.000293068,ENSMUSG00000050721,ENSMUSG00000050721,Plekho2,protein coding gene
ENSMUSG00000050766.1,5.500861182,5.790355129,1.85107918,3.128096945,0.001759421,0.005785296,ENSMUSG00000050766,ENSMUSG00000050766,Ear14,protein coding gene
ENSMUSG00000050919.8,17.58243505,5.103454756,1.248782246,4.086745126,4.37467E-05,0.000220121,ENSMUSG00000050919,ENSMUSG00000050919,Zfp366,protein coding gene
ENSMUSG00000050954.15,43.37517803,3.286644386,0.574200816,5.72385879,1.04131E-08,1.02387E-07,ENSMUSG00000050954,ENSMUSG00000050954,Zfp169,protein coding gene
ENSMUSG00000051022.7,24.29751176,2.290893947,0.743586459,3.080870988,0.002063961,0.006637672,ENSMUSG00000051022,ENSMUSG00000051022,Hs3st1,protein coding gene
ENSMUSG00000051149.15,20.68578226,5.171874199,1.18275327,4.372741409,1.22696E-05,6.98361E-05,ENSMUSG00000051149,ENSMUSG00000051149,Adnp,protein coding gene
ENSMUSG00000051166.9,41.37553392,2.055838554,0.531363479,3.868987307,0.000109288,0.000500932,ENSMUSG00000051166,ENSMUSG00000051166,Eml5,protein coding gene
ENSMUSG00000051212.7,18.63793457,2.826051023,0.947889723,2.981413297,0.002869213,0.008880724,ENSMUSG00000051212,ENSMUSG00000051212,Gpr183,protein coding gene
ENSMUSG00000051306.7,77.03770989,2.446815922,0.423264513,5.780819907,7.43374E-09,7.44156E-08,ENSMUSG00000051306,ENSMUSG00000051306,Usp42,protein coding gene
ENSMUSG00000051323.16,44.39864354,3.362289339,0.591250208,5.6867453,1.29483E-08,1.25231E-07,ENSMUSG00000051323,ENSMUSG00000051323,Pcdh19,protein coding gene
ENSMUSG00000051331.14,23.00695411,2.744428934,0.878715928,3.123226569,0.0017888,0.005872884,ENSMUSG00000051331,ENSMUSG00000051331,Cacna1c,protein coding gene
ENSMUSG00000051335.5,40.00822374,3.330019733,0.642206543,5.185278427,2.15692E-07,1.71453E-06,ENSMUSG00000051335,ENSMUSG00000051335,Gfod1,protein coding gene
ENSMUSG00000051344.13,82.39447558,3.661346577,0.466400855,7.850214118,4.15328E-15,9.75415E-14,ENSMUSG00000051344,ENSMUSG00000051344,Plekhm3,protein coding gene
ENSMUSG00000051351.14,62.65600093,2.381957161,0.472906597,5.036844861,4.73268E-07,3.55896E-06,ENSMUSG00000051351,ENSMUSG00000051351,Zfp46,protein coding gene
ENSMUSG00000051457.7,20.25312701,2.822900299,1.079295962,2.615501586,0.008909651,0.023732296,ENSMUSG00000051457,ENSMUSG00000051457,Spn,protein coding gene
ENSMUSG00000051506.16,130.91104,4.311101367,0.619843037,6.955150106,3.52187E-12,5.64619E-11,ENSMUSG00000051506,ENSMUSG00000051506,Wdfy4,protein coding gene
ENSMUSG00000051586.15,164.4335627,2.267383954,0.307909064,7.363810357,1.78734E-13,3.40348E-12,ENSMUSG00000051586,ENSMUSG00000051586,Mical3,protein coding gene
ENSMUSG00000051627.2,23.36396742,7.872826988,1.55253531,5.070948748,3.95837E-07,3.00836E-06,ENSMUSG00000051627,ENSMUSG00000051627,H1f4,protein coding gene
ENSMUSG00000051650.10,5.243262067,5.706468565,1.891158164,3.017446491,0.00254914,0.008002779,ENSMUSG00000051650,ENSMUSG00000051650,B3gnt2,protein coding gene
ENSMUSG00000051721.4,16.12156276,4.991562857,1.243585821,4.013846711,5.97371E-05,0.000291176,ENSMUSG00000051721,ENSMUSG00000051721,Wdcp,protein coding gene
ENSMUSG00000051726.6,4.21493056,5.387413225,2.302540891,2.339768751,0.019295683,0.045275112,ENSMUSG00000051726,ENSMUSG00000051726,Kcnf1,protein coding gene
ENSMUSG00000051747.14,222.3751267,6.461837083,0.543782333,11.88313171,1.44837E-32,1.98578E-30,ENSMUSG00000051747,ENSMUSG00000051747,Ttn,protein coding gene
ENSMUSG00000051786.14,78.53521429,3.248868033,0.434114875,7.483890133,7.21543E-14,1.43123E-12,ENSMUSG00000051786,ENSMUSG00000051786,Tubgcp6,protein coding gene
ENSMUSG00000051980.13,5.859894861,3.540748247,1.509083413,2.346290614,0.018961317,0.044631101,ENSMUSG00000051980,ENSMUSG00000051980,Casr,protein coding gene
ENSMUSG00000051998.14,11.68180699,2.806713817,1.042860795,2.69135999,0.007116136,0.019500534,ENSMUSG00000051998,ENSMUSG00000051998,Lax1,protein coding gene
ENSMUSG00000052013.14,13.80572623,3.6192226,1.127910658,3.208784821,0.001332972,0.004565243,ENSMUSG00000052013,ENSMUSG00000052013,Btla,protein coding gene
ENSMUSG00000052056.14,111.6657918,2.926529383,0.501299293,5.837888517,5.28665E-09,5.3834E-08,ENSMUSG00000052056,ENSMUSG00000052056,Zfp217,protein coding gene
ENSMUSG00000052062.14,106.6899765,2.837013335,0.360022072,7.880109463,3.27094E-15,7.75345E-14,ENSMUSG00000052062,ENSMUSG00000052062,Pard3b,protein coding gene
ENSMUSG00000052085.6,107.1472927,3.64782421,0.565312002,6.452762714,1.09829E-10,1.42379E-09,ENSMUSG00000052085,ENSMUSG00000052085,Dock8,protein coding gene
ENSMUSG00000052087.13,21.43411203,3.025949415,0.821769466,3.682236371,0.000231197,0.000976165,ENSMUSG00000052087,ENSMUSG00000052087,Rgs14,protein coding gene
ENSMUSG00000052105.16,60.47928234,2.856942284,0.471329469,6.061454829,1.34896E-09,1.49724E-08,ENSMUSG00000052105,ENSMUSG00000052105,Mtcl1,protein coding gene
ENSMUSG00000052229.5,8.062886578,3.996717947,1.407272623,2.840045264,0.004510713,0.013173927,ENSMUSG00000052229,ENSMUSG00000052229,Gpr17,protein coding gene
ENSMUSG00000052387.15,3.342053619,5.060640754,2.038933486,2.482003846,0.013064587,0.032719697,ENSMUSG00000052387,ENSMUSG00000052387,Trpm3,protein coding gene
ENSMUSG00000052407.16,17.52430838,2.567914939,1.026471349,2.501691782,0.012360148,0.031224678,ENSMUSG00000052407,ENSMUSG00000052407,Ccdc171,protein coding gene
ENSMUSG00000052488.6,253.1297341,2.518824397,0.266185386,9.462669734,3.00179E-21,1.437E-19,ENSMUSG00000052488,ENSMUSG00000052488,Cherp,protein coding gene
ENSMUSG00000052512.17,334.1052425,3.707544794,0.344218949,10.77089106,4.72407E-27,4.08894E-25,ENSMUSG00000052512,ENSMUSG00000052512,Nav2,protein coding gene
ENSMUSG00000052533.14,112.6036063,2.394177318,0.367151127,6.520958653,6.98594E-11,9.3755E-10,ENSMUSG00000052533,ENSMUSG00000052533,Nup188,protein coding gene
ENSMUSG00000052565.6,9.947119416,4.023622242,1.325369732,3.035848898,0.002398595,0.007592605,ENSMUSG00000052565,ENSMUSG00000052565,H1f3,protein coding gene
ENSMUSG00000052595.6,36.28918545,2.001306153,0.533303833,3.752656606,0.00017497,0.000761464,ENSMUSG00000052595,ENSMUSG00000052595,A1cf,protein coding gene
ENSMUSG00000052613.16,10.59477407,3.460371205,1.331790818,2.598284325,0.009369088,0.024702682,ENSMUSG00000052613,ENSMUSG00000052613,Pcdh15,protein coding gene
ENSMUSG00000052684.4,259.3531697,2.129729992,0.268782535,7.923617485,2.30699E-15,5.55297E-14,ENSMUSG00000052684,ENSMUSG00000052684,Jun,protein coding gene
ENSMUSG00000052688.12,31.30070996,2.087306404,0.596675316,3.498228177,0.00046836,0.001813547,ENSMUSG00000052688,ENSMUSG00000052688,Rab7b,protein coding gene
ENSMUSG00000052698.14,312.8565671,2.247387525,0.305700764,7.351592768,1.95859E-13,3.6886E-12,ENSMUSG00000052698,ENSMUSG00000052698,Tln2,protein coding gene
ENSMUSG00000052713.8,25.41112667,3.159054075,0.707045367,4.467965172,7.89672E-06,4.67475E-05,ENSMUSG00000052713,ENSMUSG00000052713,Zfp608,protein coding gene
ENSMUSG00000052727.5,143.8600841,3.070315404,0.367119118,8.363267548,6.10047E-17,1.81195E-15,ENSMUSG00000052727,ENSMUSG00000052727,Map1b,protein coding gene
ENSMUSG00000052760.15,11.17415885,3.093835025,1.116273164,2.771575208,0.005578578,0.015818279,ENSMUSG00000052760,ENSMUSG00000052760,A630001G21Rik,protein coding gene
ENSMUSG00000052794.13,20.93136611,2.610492736,0.707094162,3.691860115,0.00022262,0.000943204,ENSMUSG00000052794,ENSMUSG00000052794,1700030K09Rik,protein coding gene
ENSMUSG00000052812.4,39.65423648,5.245438488,0.8566424,6.123253397,9.16837E-10,1.04892E-08,ENSMUSG00000052812,ENSMUSG00000052812,Atad2b,protein coding gene
ENSMUSG00000052889.11,49.86631642,3.08104836,0.698986336,4.407880674,1.04387E-05,6.01946E-05,ENSMUSG00000052889,ENSMUSG00000052889,Prkcb,protein coding gene
ENSMUSG00000052920.14,5.794328614,5.883536246,1.889300173,3.11413524,0.001844849,0.006029181,ENSMUSG00000052920,ENSMUSG00000052920,Prkg1,protein coding gene
ENSMUSG00000052942.13,58.3746725,2.793942001,0.483969389,5.772972558,7.78851E-09,7.77853E-08,ENSMUSG00000052942,ENSMUSG00000052942,Glis3,protein coding gene
ENSMUSG00000052949.14,16.50791887,2.253078347,0.96379111,2.337724767,0.019401531,0.045492329,ENSMUSG00000052949,ENSMUSG00000052949,Rnf157,protein coding gene
ENSMUSG00000053007.9,30.0059436,3.632637546,0.750135743,4.842640255,1.28125E-06,8.88272E-06,ENSMUSG00000053007,ENSMUSG00000053007,Creb5,protein coding gene
ENSMUSG00000053164.6,12.76750337,6.975207008,1.699269332,4.104827219,4.04617E-05,0.000205158,ENSMUSG00000053164,ENSMUSG00000053164,Gpr21,protein coding gene
ENSMUSG00000053175.17,62.60400044,2.322051129,0.494264689,4.697991134,2.62733E-06,1.71991E-05,ENSMUSG00000053175,ENSMUSG00000053175,Bcl3,protein coding gene
ENSMUSG00000053182.10,3.120322821,4.952648893,2.155156975,2.298045549,0.021559197,0.049621477,ENSMUSG00000053182,ENSMUSG00000053182,Cd200l1,protein coding gene
ENSMUSG00000053199.13,32.10004904,2.970104261,0.618044316,4.805649344,1.5425E-06,1.0532E-05,ENSMUSG00000053199,ENSMUSG00000053199,Arhgap20,protein coding gene
ENSMUSG00000053293.9,205.1696576,3.835477479,0.360307338,10.64501629,1.83952E-26,1.47316E-24,ENSMUSG00000053293,ENSMUSG00000053293,Pom121,protein coding gene
ENSMUSG00000053835.17,21.89606789,2.573630476,0.769630134,3.343983508,0.000825846,0.003013276,ENSMUSG00000053835,ENSMUSG00000053835,H2-T24,protein coding gene
ENSMUSG00000053877.12,64.99349687,5.215419419,0.733565556,7.109684172,1.16309E-12,1.97356E-11,ENSMUSG00000053877,ENSMUSG00000053877,Srcap,protein coding gene
ENSMUSG00000053977.13,9.416374471,3.026929156,1.165941572,2.596124221,0.009428197,0.024835605,ENSMUSG00000053977,ENSMUSG00000053977,Cd8a,protein coding gene
ENSMUSG00000054008.8,406.4920025,3.556928953,0.276523774,12.86301319,7.2687E-38,1.6178E-35,ENSMUSG00000054008,ENSMUSG00000054008,Ndst1,protein coding gene
ENSMUSG00000054072.11,18.84392914,2.336129705,0.832987373,2.804519951,0.005039157,0.014473114,ENSMUSG00000054072,ENSMUSG00000054072,Iigp1,protein coding gene
ENSMUSG00000054083.8,5.520863577,4.239739598,1.725559727,2.457022804,0.014009379,0.034700498,ENSMUSG00000054083,ENSMUSG00000054083,Capn12,protein coding gene
ENSMUSG00000054150.11,71.67635669,5.102858943,0.63843056,7.99281749,1.31889E-15,3.27108E-14,ENSMUSG00000054150,ENSMUSG00000054150,Syne3,protein coding gene
ENSMUSG00000054161.12,3.328277379,5.031810302,2.130415154,2.361891903,0.018181943,0.043128324,ENSMUSG00000054161,ENSMUSG00000054161,Sack1e,protein coding gene
ENSMUSG00000054178.1,4.96876127,5.634065699,1.866872477,3.01791674,0.002545188,0.0079933,ENSMUSG00000054178,ENSMUSG00000054178,Gm9938,protein coding gene
ENSMUSG00000054199.16,95.40397325,2.667179948,0.439708027,6.065797724,1.313E-09,1.45929E-08,ENSMUSG00000054199,ENSMUSG00000054199,Gon4l,protein coding gene
ENSMUSG00000054280.14,138.2430027,2.276782084,0.315356218,7.219715221,5.20966E-13,9.24255E-12,ENSMUSG00000054280,ENSMUSG00000054280,Prr14l,protein coding gene
ENSMUSG00000054321.6,42.60876757,2.626204177,0.536949766,4.890968101,1.00341E-06,7.08257E-06,ENSMUSG00000054321,ENSMUSG00000054321,Taf4b,protein coding gene
ENSMUSG00000054453.11,11.31419668,5.4153518,1.558648828,3.474388652,0.000512019,0.001966594,ENSMUSG00000054453,ENSMUSG00000054453,Sytl5,protein coding gene
ENSMUSG00000054640.14,14.81452005,7.223931215,1.612100817,4.481066654,7.42709E-06,4.42424E-05,ENSMUSG00000054640,ENSMUSG00000054640,Slc8a1,protein coding gene
ENSMUSG00000054675.5,194.36582,2.072897818,0.513978323,4.033045218,5.50587E-05,0.000270604,ENSMUSG00000054675,ENSMUSG00000054675,Tmem119,protein coding gene
ENSMUSG00000054843.8,144.2394256,2.00066123,0.410006621,4.879582733,1.06311E-06,7.46395E-06,ENSMUSG00000054843,ENSMUSG00000054843,Atrnl1,protein coding gene
ENSMUSG00000054874.12,695.5924336,2.370732632,0.212149232,11.17483488,5.4151E-29,5.76422E-27,ENSMUSG00000054874,ENSMUSG00000054874,Pcnx3,protein coding gene
ENSMUSG00000054988.9,24.5041153,2.063701098,0.766557176,2.692168518,0.007098907,0.019459543,ENSMUSG00000054988,ENSMUSG00000054988,Agtr1b,protein coding gene
ENSMUSG00000055013.14,584.9756152,2.864342688,0.269209128,10.63984237,1.94458E-26,1.55006E-24,ENSMUSG00000055013,ENSMUSG00000055013,Agap1,protein coding gene
ENSMUSG00000055024.12,340.0906516,3.287099539,0.295683414,11.11695613,1.03752E-28,1.0842E-26,ENSMUSG00000055024,ENSMUSG00000055024,Ep300,protein coding gene
ENSMUSG00000055204.14,385.3583894,2.291541497,0.241000277,9.508460002,1.93506E-21,9.55707E-20,ENSMUSG00000055204,ENSMUSG00000055204,Ankrd17,protein coding gene
ENSMUSG00000055210.4,3.785515214,5.256163365,2.06768961,2.542046611,0.011020548,0.028286677,ENSMUSG00000055210,ENSMUSG00000055210,Foxd2,protein coding gene
ENSMUSG00000055322.14,1191.876938,2.258208412,0.22320685,10.11711072,4.63908E-24,2.93375E-22,ENSMUSG00000055322,ENSMUSG00000055322,Tns1,protein coding gene
ENSMUSG00000055357.8,5.353992461,5.728184956,1.873242316,3.057898546,0.00222895,0.007105608,ENSMUSG00000055357,ENSMUSG00000055357,Capza1b,protein coding gene
ENSMUSG00000055421.8,4.866346712,5.589139154,1.897352046,2.945757571,0.003221648,0.009819065,ENSMUSG00000055421,ENSMUSG00000055421,Pcdh9,protein coding gene
ENSMUSG00000055435.6,170.3657463,2.214982161,0.413169244,5.360956054,8.27827E-08,7.05835E-07,ENSMUSG00000055435,ENSMUSG00000055435,Maf,protein coding gene
ENSMUSG00000055480.6,3.771738974,5.230833752,2.054833404,2.545624254,0.010908253,0.028078349,ENSMUSG00000055480,ENSMUSG00000055480,Zfp458,protein coding gene
ENSMUSG00000055485.6,79.74226487,4.594787882,0.61172983,7.511139161,5.8615E-14,1.18153E-12,ENSMUSG00000055485,ENSMUSG00000055485,Mtcl2,protein coding gene
ENSMUSG00000055567.16,21.73947622,2.364095944,0.911687555,2.593098842,0.009511543,0.025028224,ENSMUSG00000055567,ENSMUSG00000055567,Unc80,protein coding gene
ENSMUSG00000055632.17,101.9244805,2.793151902,0.376456274,7.419591845,1.17482E-13,2.28277E-12,ENSMUSG00000055632,ENSMUSG00000055632,Hmcn2,protein coding gene
ENSMUSG00000055670.14,333.0886694,2.480730488,0.250075049,9.919944021,3.40947E-23,1.98747E-21,ENSMUSG00000055670,ENSMUSG00000055670,Zzef1,protein coding gene
ENSMUSG00000055745.4,22.17422858,2.057633732,0.680638582,3.023092997,0.002502053,0.007878044,ENSMUSG00000055745,ENSMUSG00000055745,Rtl6,protein coding gene
ENSMUSG00000055866.9,147.0271928,2.627939074,0.341359901,7.698441054,1.37736E-14,3.06562E-13,ENSMUSG00000055866,ENSMUSG00000055866,Per2,protein coding gene
ENSMUSG00000055884.7,30.46200243,2.092231397,0.563752848,3.711256455,0.000206233,0.000881622,ENSMUSG00000055884,ENSMUSG00000055884,Fancm,protein coding gene
ENSMUSG00000055980.2,101.2905721,6.001798003,0.72783141,8.246137667,1.63596E-16,4.64191E-15,ENSMUSG00000055980,ENSMUSG00000055980,Irs1,protein coding gene
ENSMUSG00000055994.15,11.19728669,2.72373693,0.973144354,2.798903287,0.005127649,0.01466583,ENSMUSG00000055994,ENSMUSG00000055994,Nod2,protein coding gene
ENSMUSG00000056290.15,8.919131845,4.164040852,1.400927068,2.972346632,0.002955328,0.009115985,ENSMUSG00000056290,ENSMUSG00000056290,Ms4a4b,protein coding gene
ENSMUSG00000056342.16,207.8237047,2.702474404,0.33643283,8.032730956,9.53266E-16,2.40605E-14,ENSMUSG00000056342,ENSMUSG00000056342,Usp34,protein coding gene
ENSMUSG00000056427.10,447.5815068,4.380280658,0.39306771,11.14383235,7.67443E-29,8.06898E-27,ENSMUSG00000056427,ENSMUSG00000056427,Slit3,protein coding gene
ENSMUSG00000056458.16,15.88220844,2.048505366,0.790660697,2.590877952,0.009573144,0.025159413,ENSMUSG00000056458,ENSMUSG00000056458,Mok,protein coding gene
ENSMUSG00000056459.14,12.33756855,2.484737203,0.957927241,2.593868403,0.00949028,0.024979946,ENSMUSG00000056459,ENSMUSG00000056459,Zbtb25,protein coding gene
ENSMUSG00000056476.13,12.41090962,4.609211362,1.300151364,3.545134427,0.000392413,0.001556032,ENSMUSG00000056476,ENSMUSG00000056476,Med12l,protein coding gene
ENSMUSG00000056493.9,141.6121501,2.82527308,0.370476813,7.626045618,2.42064E-14,5.15341E-13,ENSMUSG00000056493,ENSMUSG00000056493,Foxk1,protein coding gene
ENSMUSG00000056529.7,31.99138095,2.434575688,0.574669568,4.23647923,2.27052E-05,0.000122173,ENSMUSG00000056529,ENSMUSG00000056529,Ptafr,protein coding gene
ENSMUSG00000056553.14,743.9349814,3.01612745,0.405052183,7.446268844,9.6017E-14,1.88277E-12,ENSMUSG00000056553,ENSMUSG00000056553,Ptprn2,protein coding gene
ENSMUSG00000056602.11,562.6057921,3.228090609,0.262094083,12.31653372,7.37987E-35,1.30388E-32,ENSMUSG00000056602,ENSMUSG00000056602,Fry,protein coding gene
ENSMUSG00000056608.14,245.0094072,2.743624949,0.287959409,9.527818368,1.60623E-21,8.00221E-20,ENSMUSG00000056608,ENSMUSG00000056608,Chd9,protein coding gene
ENSMUSG00000056724.14,383.2607578,2.480973198,0.237159562,10.46119825,1.30199E-25,9.61786E-24,ENSMUSG00000056724,ENSMUSG00000056724,Nbeal2,protein coding gene
ENSMUSG00000056947.5,2.956822427,4.909359635,2.136137351,2.298241559,0.021548045,0.049621477,ENSMUSG00000056947,ENSMUSG00000056947,Mab21l1,protein coding gene
ENSMUSG00000057098.14,75.06449678,3.071907935,0.458739709,6.696407294,2.13606E-11,3.10498E-10,ENSMUSG00000057098,ENSMUSG00000057098,Ebf1,protein coding gene
ENSMUSG00000057132.15,28.17500095,2.579939764,0.682995754,3.777387705,0.000158482,0.000698935,ENSMUSG00000057132,ENSMUSG00000057132,Rpgrip1,protein coding gene
ENSMUSG00000057133.14,229.2996458,2.202342225,0.275814839,7.984857646,1.40685E-15,3.47414E-14,ENSMUSG00000057133,ENSMUSG00000057133,Chd6,protein coding gene
ENSMUSG00000057335.11,63.75164217,2.926221892,0.488518461,5.989992452,2.09851E-09,2.25622E-08,ENSMUSG00000057335,ENSMUSG00000057335,Cep170,protein coding gene
ENSMUSG00000057337.13,18.35060649,4.280379966,1.284558027,3.332181089,0.000861682,0.003124075,ENSMUSG00000057337,ENSMUSG00000057337,Chst3,protein coding gene
ENSMUSG00000057751.14,41.95814302,2.218853705,0.529619949,4.189520631,2.79544E-05,0.000147456,ENSMUSG00000057751,ENSMUSG00000057751,Megf6,protein coding gene
ENSMUSG00000057967.12,9.073336409,3.175108117,1.183064182,2.683800393,0.007279055,0.019896084,ENSMUSG00000057967,ENSMUSG00000057967,Fgf18,protein coding gene
ENSMUSG00000058006.12,233.8963377,3.339577489,0.294033446,11.35781503,6.78197E-30,7.85333E-28,ENSMUSG00000058006,ENSMUSG00000058006,Mdn1,protein coding gene
ENSMUSG00000058056.16,53.39953644,2.071720816,0.495131997,4.18417882,2.86199E-05,0.000150318,ENSMUSG00000058056,ENSMUSG00000058056,Palld,protein coding gene
ENSMUSG00000058145.16,15.81107682,2.881174863,1.079374018,2.669301666,0.007600915,0.020663782,ENSMUSG00000058145,ENSMUSG00000058145,Adamts17,protein coding gene
ENSMUSG00000058153.14,88.86062065,2.716420737,0.554688039,4.897204454,9.72097E-07,6.88706E-06,ENSMUSG00000058153,ENSMUSG00000058153,Sez6l,protein coding gene
ENSMUSG00000058290.3,11.40836669,2.729976598,1.060295345,2.57473223,0.010031772,0.026184055,ENSMUSG00000058290,ENSMUSG00000058290,Espl1,protein coding gene
ENSMUSG00000058626.16,4.639290516,5.509083313,2.304408007,2.390671832,0.016817577,0.040480287,ENSMUSG00000058626,ENSMUSG00000058626,Capn11,protein coding gene
ENSMUSG00000058881.12,103.2104845,2.420553256,0.37714547,6.418089169,1.37995E-10,1.76622E-09,ENSMUSG00000058881,ENSMUSG00000058881,Zfp516,protein coding gene
ENSMUSG00000058921.3,20.1761494,3.61419637,0.843481364,4.284856222,1.82857E-05,0.000100346,ENSMUSG00000058921,ENSMUSG00000058921,Slc10a5,protein coding gene
ENSMUSG00000059003.12,3.447593619,5.073941444,2.140706539,2.370218128,0.017777594,0.042345017,ENSMUSG00000059003,ENSMUSG00000059003,Grin2a,protein coding gene
ENSMUSG00000059049.14,5.331900384,5.727919032,1.858487909,3.082031906,0.002055928,0.006616806,ENSMUSG00000059049,ENSMUSG00000059049,Frem1,protein coding gene
ENSMUSG00000059146.12,7.070693397,3.832650249,1.475625498,2.597305518,0.009395831,0.024761809,ENSMUSG00000059146,ENSMUSG00000059146,Ntrk3,protein coding gene
ENSMUSG00000059149.17,130.3711449,3.277151034,0.532568384,6.153484005,7.5799E-10,8.7714E-09,ENSMUSG00000059149,ENSMUSG00000059149,Slc60a1,protein coding gene
ENSMUSG00000059201.12,59.04168209,2.037271715,0.678660445,3.001901365,0.002682991,0.00836933,ENSMUSG00000059201,ENSMUSG00000059201,Lep,protein coding gene
ENSMUSG00000059273.8,272.6960163,2.04186432,0.263014521,7.763314026,8.27384E-15,1.86575E-13,ENSMUSG00000059273,ENSMUSG00000059273,Zc3h4,protein coding gene
ENSMUSG00000059326.6,84.18337679,2.043092908,0.497261337,4.108690457,3.97909E-05,0.000201995,ENSMUSG00000059326,ENSMUSG00000059326,Csf2ra,protein coding gene
ENSMUSG00000059401.13,18.38010569,2.630236649,0.786412479,3.344601871,0.000824008,0.003008488,ENSMUSG00000059401,ENSMUSG00000059401,Mamld1,protein coding gene
ENSMUSG00000059493.13,3.328277379,5.031810302,2.130415154,2.361891903,0.018181943,0.043128324,ENSMUSG00000059493,ENSMUSG00000059493,Nhs,protein coding gene
ENSMUSG00000059602.14,27.49993046,5.749603991,1.162649055,4.945261829,7.60416E-07,5.51036E-06,ENSMUSG00000059602,ENSMUSG00000059602,Syn3,protein coding gene
ENSMUSG00000059674.6,4.913901588,4.066398003,1.770655308,2.296549749,0.021644468,0.04978431,ENSMUSG00000059674,ENSMUSG00000059674,Cdh24,protein coding gene
ENSMUSG00000059921.15,3.754837291,5.252958213,2.01864191,2.602223895,0.009262136,0.024473403,ENSMUSG00000059921,ENSMUSG00000059921,Unc5c,protein coding gene
ENSMUSG00000060012.7,154.4618056,4.593601969,0.471723242,9.737917404,2.07769E-22,1.09899E-20,ENSMUSG00000060012,ENSMUSG00000060012,Kif13b,protein coding gene
ENSMUSG00000060206.11,76.97989372,2.570318928,0.498618161,5.154884294,2.53788E-07,1.99331E-06,ENSMUSG00000060206,ENSMUSG00000060206,Zfp462,protein coding gene
ENSMUSG00000060429.11,178.9534791,4.632546868,0.504279567,9.186465546,4.05961E-20,1.76583E-18,ENSMUSG00000060429,ENSMUSG00000060429,Sntb1,protein coding gene
ENSMUSG00000060678.4,23.88337605,5.551844982,1.18488581,4.685552765,2.79205E-06,1.81319E-05,ENSMUSG00000060678,ENSMUSG00000060678,H4c3,protein coding gene
ENSMUSG00000060716.6,52.41911761,3.512245115,0.587073353,5.982634191,2.19557E-09,2.35174E-08,ENSMUSG00000060716,ENSMUSG00000060716,Plekhh1,protein coding gene
ENSMUSG00000060924.15,5.66293386,5.840356784,1.857052785,3.144960031,0.001661095,0.005506354,ENSMUSG00000060924,ENSMUSG00000060924,Csmd1,protein coding gene
ENSMUSG00000060961.14,33.13393406,2.018371744,0.547474481,3.686695567,0.000227185,0.000960645,ENSMUSG00000060961,ENSMUSG00000060961,Slc4a4,protein coding gene
ENSMUSG00000061099.12,17.31142546,2.815220119,0.816273563,3.448868428,0.000562941,0.002146792,ENSMUSG00000061099,ENSMUSG00000061099,Gapdhs,protein coding gene
ENSMUSG00000061143.15,127.9931316,3.155209321,0.354465078,8.901326293,5.51833E-19,2.12524E-17,ENSMUSG00000061143,ENSMUSG00000061143,Maml3,protein coding gene
ENSMUSG00000061288.13,134.5513209,2.704609032,0.367399046,7.361502598,1.81851E-13,3.45135E-12,ENSMUSG00000061288,ENSMUSG00000061288,Taok3,protein coding gene
ENSMUSG00000061410.6,446.0172053,2.521474417,0.235667695,10.69927898,1.02573E-26,8.5335E-25,ENSMUSG00000061410,ENSMUSG00000061410,Zcchc14,protein coding gene
ENSMUSG00000061414.7,24.44624215,5.50184537,1.177459641,4.672640299,2.97352E-06,1.92375E-05,ENSMUSG00000061414,ENSMUSG00000061414,Cracr2a,protein coding gene
ENSMUSG00000061436.15,705.3289328,4.58968253,0.415587604,11.04383885,2.34783E-28,2.29927E-26,ENSMUSG00000061436,ENSMUSG00000061436,Hipk2,protein coding gene
ENSMUSG00000061482.6,38.27160619,6.226467381,1.135427688,5.483807949,4.16267E-08,3.69828E-07,ENSMUSG00000061482,ENSMUSG00000061482,H4c4,protein coding gene
ENSMUSG00000061601.15,273.599474,3.755435989,0.337986409,11.11120415,1.10657E-28,1.14936E-26,ENSMUSG00000061601,ENSMUSG00000061601,Pclo,protein coding gene
ENSMUSG00000061751.15,97.0866076,2.616801408,0.376114132,6.957466318,3.46447E-12,5.55937E-11,ENSMUSG00000061751,ENSMUSG00000061751,Kalrn,protein coding gene
ENSMUSG00000061755.10,130.5035103,2.542201055,0.332562742,7.644274998,2.10126E-14,4.52973E-13,ENSMUSG00000061755,ENSMUSG00000061755,Bod1l,protein coding gene
ENSMUSG00000061894.15,38.20868452,2.576964356,0.567293501,4.542559274,5.55754E-06,3.39676E-05,ENSMUSG00000061894,ENSMUSG00000061894,Zscan20,protein coding gene
ENSMUSG00000062115.15,345.4606931,2.819468345,0.273174607,10.32112164,5.65585E-25,3.8772E-23,ENSMUSG00000062115,ENSMUSG00000062115,Rai1,protein coding gene
ENSMUSG00000062209.15,11.63984221,2.535034908,1.027945583,2.466117808,0.01365864,0.033979065,ENSMUSG00000062209,ENSMUSG00000062209,Erbb4,protein coding gene
ENSMUSG00000062232.14,143.398712,3.060298793,0.388642899,7.874320623,3.42599E-15,8.10976E-14,ENSMUSG00000062232,ENSMUSG00000062232,Rapgef2,protein coding gene
ENSMUSG00000062309.7,16.45624209,2.958112196,1.085684206,2.724652509,0.006436919,0.017891003,ENSMUSG00000062309,ENSMUSG00000062309,Rpp25,protein coding gene
ENSMUSG00000062438.4,7.29419467,6.161236418,1.842289034,3.344337562,0.000824793,0.003010715,ENSMUSG00000062438,ENSMUSG00000062438,Adam1b,protein coding gene
ENSMUSG00000062785.14,161.652836,2.42794006,0.351031779,6.916581929,4.62671E-12,7.31481E-11,ENSMUSG00000062785,ENSMUSG00000062785,Kcnc3,protein coding gene
ENSMUSG00000062866.15,58.93386598,2.043062329,0.453832847,4.501794752,6.7382E-06,4.0576E-05,ENSMUSG00000062866,ENSMUSG00000062866,Phactr2,protein coding gene
ENSMUSG00000063108.14,22.31496087,2.968714381,0.743117191,3.994947788,6.47085E-05,0.000311685,ENSMUSG00000063108,ENSMUSG00000063108,Zfp26,protein coding gene
ENSMUSG00000063142.13,78.79273371,9.624183696,1.486457279,6.474578068,9.50772E-11,1.24861E-09,ENSMUSG00000063142,ENSMUSG00000063142,Kcnma1,protein coding gene
ENSMUSG00000063160.12,37.17198279,2.489177602,0.691025343,3.602150958,0.000315595,0.001282793,ENSMUSG00000063160,ENSMUSG00000063160,Numbl,protein coding gene
ENSMUSG00000063286.7,61.02771898,2.735318414,0.709959476,3.852781049,0.000116784,0.000532015,ENSMUSG00000063286,ENSMUSG00000063286,Gvin4,protein coding gene
ENSMUSG00000063382.5,473.5897582,3.964074094,0.276337469,14.3450474,1.14422E-46,5.94232E-44,ENSMUSG00000063382,ENSMUSG00000063382,Bcl9l,protein coding gene
ENSMUSG00000063450.14,554.637233,3.024747761,0.236564816,12.7861269,1.96001E-37,4.09642E-35,ENSMUSG00000063450,ENSMUSG00000063450,Syne2,protein coding gene
ENSMUSG00000063455.16,31.68862062,3.814736093,0.707897348,5.388826647,7.09192E-08,6.1076E-07,ENSMUSG00000063455,ENSMUSG00000063455,D630045J12Rik,protein coding gene
ENSMUSG00000063488.5,13.86596177,2.53046666,0.939268233,2.694083087,0.007058257,0.0193605,ENSMUSG00000063488,ENSMUSG00000063488,Zkscan7,protein coding gene
ENSMUSG00000063531.7,3.843475608,5.282921389,2.017704955,2.618282408,0.008837363,0.023558054,ENSMUSG00000063531,ENSMUSG00000063531,Sema3e,protein coding gene
ENSMUSG00000063558.4,19.1805268,2.059007718,0.730477748,2.818713813,0.004821649,0.01393951,ENSMUSG00000063558,ENSMUSG00000063558,Aox1,protein coding gene
ENSMUSG00000063804.7,7.488372987,6.19554325,1.946654765,3.182661539,0.001459281,0.004920157,ENSMUSG00000063804,ENSMUSG00000063804,Lin28b,protein coding gene
ENSMUSG00000063810.6,23.18525121,3.209360713,0.810838427,3.958076735,7.55557E-05,0.000358195,ENSMUSG00000063810,ENSMUSG00000063810,Alms1,protein coding gene
ENSMUSG00000064043.13,44.46166601,3.254234147,0.656948201,4.953562767,7.28668E-07,5.30273E-06,ENSMUSG00000064043,ENSMUSG00000064043,Trerf1,protein coding gene
ENSMUSG00000064247.14,8.348923411,4.975555731,1.618223231,3.074702943,0.002107123,0.006761257,ENSMUSG00000064247,ENSMUSG00000064247,Plcxd1,protein coding gene
ENSMUSG00000064267.13,22.65121863,2.803562141,0.988061367,2.837437263,0.004547728,0.013270725,ENSMUSG00000064267,ENSMUSG00000064267,Hvcn1,protein coding gene
ENSMUSG00000064294.12,11.29037438,3.537832073,1.252694765,2.824177263,0.004740216,0.013736527,ENSMUSG00000064294,ENSMUSG00000064294,Aox3,protein coding gene
ENSMUSG00000064302.13,137.0285444,2.573391982,0.322973013,7.967823557,1.61493E-15,3.97083E-14,ENSMUSG00000064302,ENSMUSG00000064302,Clasp1,protein coding gene
ENSMUSG00000066036.14,1830.069492,3.037953827,0.189586792,16.02407946,8.67663E-58,9.91334E-55,ENSMUSG00000066036,ENSMUSG00000066036,Ubr4,protein coding gene
ENSMUSG00000066113.15,60.33210109,3.381782728,0.584858543,5.782223361,7.37197E-09,7.39584E-08,ENSMUSG00000066113,ENSMUSG00000066113,Adamtsl1,protein coding gene
ENSMUSG00000066191.11,30.45098559,2.037928026,0.698368921,2.918125311,0.003521428,0.010600779,ENSMUSG00000066191,ENSMUSG00000066191,Anks6,protein coding gene
ENSMUSG00000066406.15,303.047623,3.372488542,0.317307939,10.62844048,2.19756E-26,1.7436E-24,ENSMUSG00000066406,ENSMUSG00000066406,Akap13,protein coding gene
ENSMUSG00000066438.6,9.702015501,6.588693088,1.704048043,3.866494911,0.000110411,0.000505336,ENSMUSG00000066438,ENSMUSG00000066438,Plekhd1,protein coding gene
ENSMUSG00000066440.4,155.0058388,2.849730677,0.326507865,8.727908218,2.59426E-18,9.32085E-17,ENSMUSG00000066440,ENSMUSG00000066440,Zfyve26,protein coding gene
ENSMUSG00000066571.13,74.7279825,4.357002645,0.604046758,7.213022148,5.47235E-13,9.67855E-12,ENSMUSG00000066571,ENSMUSG00000066571,Garre1,protein coding gene
ENSMUSG00000066607.4,13.60402256,3.586783986,1.051045621,3.412586393,0.000643495,0.002417939,ENSMUSG00000066607,ENSMUSG00000066607,Insyn1,protein coding gene
ENSMUSG00000066687.4,195.3272003,6.006030814,1.18195371,5.081443346,3.74578E-07,2.85439E-06,ENSMUSG00000066687,ENSMUSG00000066687,Zbtb16,protein coding gene
ENSMUSG00000066842.18,28.4435407,3.644849807,0.883363382,4.126104706,3.68959E-05,0.000188753,ENSMUSG00000066842,ENSMUSG00000066842,Hmcn1,protein coding gene
ENSMUSG00000067629.11,90.16949113,3.286050649,0.415851528,7.90198047,2.74506E-15,6.56135E-14,ENSMUSG00000067629,ENSMUSG00000067629,Syngap1,protein coding gene
ENSMUSG00000068015.6,70.17563786,2.010796453,0.419519765,4.793091099,1.64231E-06,1.11337E-05,ENSMUSG00000068015,ENSMUSG00000068015,Lrch1,protein coding gene
ENSMUSG00000068105.10,19.97252975,2.679858036,0.96970856,2.763570569,0.005717273,0.016171418,ENSMUSG00000068105,ENSMUSG00000068105,Tnfrsf13c,protein coding gene
ENSMUSG00000068196.4,38.34467433,3.864566643,0.661599328,5.84124935,5.18108E-09,5.28217E-08,ENSMUSG00000068196,ENSMUSG00000068196,Col8a1,protein coding gene
ENSMUSG00000068227.8,28.21506846,4.140516071,0.814789608,5.081699656,3.74073E-07,2.8518E-06,ENSMUSG00000068227,ENSMUSG00000068227,Il2rb,protein coding gene
ENSMUSG00000068263.11,27.6878955,3.588642013,0.768315202,4.670793971,3.00038E-06,1.9404E-05,ENSMUSG00000068263,ENSMUSG00000068263,Efcc1,protein coding gene
ENSMUSG00000068270.15,21.63324834,2.144235029,0.750773123,2.856035949,0.004289666,0.012638179,ENSMUSG00000068270,ENSMUSG00000068270,Shroom4,protein coding gene
ENSMUSG00000068284.14,199.9137526,2.691747374,0.306023197,8.795893252,1.41914E-18,5.27577E-17,ENSMUSG00000068284,ENSMUSG00000068284,Usf3,protein coding gene
ENSMUSG00000068699.12,175.0317565,3.728701632,0.497227735,7.498981597,6.43156E-14,1.28648E-12,ENSMUSG00000068699,ENSMUSG00000068699,Flnc,protein coding gene
ENSMUSG00000068740.13,892.7452162,2.967371523,0.24367292,12.17768281,4.0873E-34,6.67125E-32,ENSMUSG00000068740,ENSMUSG00000068740,Celsr2,protein coding gene
ENSMUSG00000068959.6,8.584335693,4.073181638,1.451220649,2.806728005,0.005004748,0.014393585,ENSMUSG00000068959,ENSMUSG00000068959,Zfp619,protein coding gene
ENSMUSG00000069273.2,10.36829285,4.369035631,1.371822282,3.184840841,0.001448336,0.00488614,ENSMUSG00000069273,ENSMUSG00000069273,H3c6,protein coding gene
ENSMUSG00000069305.3,5.705690297,5.863125008,1.899830479,3.086130617,0.002027797,0.006534861,ENSMUSG00000069305,ENSMUSG00000069305,H4c18,protein coding gene
ENSMUSG00000069601.13,173.3858674,2.290755575,0.362485381,6.319580582,2.62274E-10,3.2407E-09,ENSMUSG00000069601,ENSMUSG00000069601,Ank3,protein coding gene
ENSMUSG00000069729.13,390.2524862,2.568676924,0.249609167,10.29079563,7.7533E-25,5.15024E-23,ENSMUSG00000069729,ENSMUSG00000069729,Arid1b,protein coding gene
ENSMUSG00000069804.2,25.65863711,3.182304744,0.939769277,3.386261736,0.000708518,0.002633965,ENSMUSG00000069804,ENSMUSG00000069804,Gm10277,protein coding gene
ENSMUSG00000069833.12,1563.557257,2.973835119,0.308375905,9.643539163,5.23512E-22,2.7024E-20,ENSMUSG00000069833,ENSMUSG00000069833,Ahnak,protein coding gene
ENSMUSG00000069874.7,36.84007547,2.109206681,0.649570809,3.247077381,0.001165967,0.004065583,ENSMUSG00000069874,ENSMUSG00000069874,Irgm2,protein coding gene
ENSMUSG00000069892.9,13.62618856,3.770412741,1.06420566,3.542936184,0.000395698,0.001567247,ENSMUSG00000069892,ENSMUSG00000069892,9930111J21Rik2,protein coding gene
ENSMUSG00000069893.10,11.38830852,4.518284523,1.359241669,3.32412155,0.000886975,0.003208312,ENSMUSG00000069893,ENSMUSG00000069893,9930111J21Rik1,protein coding gene
ENSMUSG00000069911.10,14.25336719,4.863409598,1.399836593,3.474269513,0.000512246,0.001966594,ENSMUSG00000069911,ENSMUSG00000069911,Insyn2b,protein coding gene
ENSMUSG00000069920.10,20.98037461,2.494451718,0.755708077,3.300813891,0.000964048,0.003449239,ENSMUSG00000069920,ENSMUSG00000069920,B3gnt9,protein coding gene
ENSMUSG00000070000.13,37.21409542,2.685564634,0.727219549,3.692921397,0.000221693,0.000940141,ENSMUSG00000070000,ENSMUSG00000070000,Fcho1,protein coding gene
ENSMUSG00000070047.13,349.9412061,3.716845911,0.313035146,11.87357382,1.6238E-32,2.20862E-30,ENSMUSG00000070047,ENSMUSG00000070047,Fat1,protein coding gene
ENSMUSG00000070327.14,541.300121,4.495424133,0.394305331,11.40087081,4.13958E-30,4.82613E-28,ENSMUSG00000070327,ENSMUSG00000070327,Rnf213,protein coding gene
ENSMUSG00000070390.12,3.741061051,5.225855625,1.993433969,2.62153435,0.008753494,0.023356279,ENSMUSG00000070390,ENSMUSG00000070390,Nlrp1b,protein coding gene
ENSMUSG00000070420.4,59.42776525,2.278811664,0.488184938,4.667927024,3.04254E-06,1.96174E-05,ENSMUSG00000070420,ENSMUSG00000070420,Zscan25,protein coding gene
ENSMUSG00000070427.4,32.11349055,3.273084674,0.64617623,5.065312711,4.0773E-07,3.09334E-06,ENSMUSG00000070427,ENSMUSG00000070427,Il18bp,protein coding gene
ENSMUSG00000070436.12,720.6640791,2.181747796,0.369555878,5.903702062,3.55434E-09,3.70299E-08,ENSMUSG00000070436,ENSMUSG00000070436,Serpinh1,protein coding gene
ENSMUSG00000070498.3,4.143193925,5.336697604,2.098677388,2.542886122,0.010994105,0.028261104,ENSMUSG00000070498,ENSMUSG00000070498,Tmem132b,protein coding gene
ENSMUSG00000070509.15,97.93206113,2.06631569,0.380625449,5.428737614,5.6754E-08,4.94484E-07,ENSMUSG00000070509,ENSMUSG00000070509,Rgma,protein coding gene
ENSMUSG00000070565.11,62.69669652,2.966296061,0.491419189,6.036182805,1.57802E-09,1.72806E-08,ENSMUSG00000070565,ENSMUSG00000070565,Rasal2,protein coding gene
ENSMUSG00000070576.4,45.76988972,3.095547142,0.569322241,5.437249628,5.41093E-08,4.73125E-07,ENSMUSG00000070576,ENSMUSG00000070576,Mn1,protein coding gene
ENSMUSG00000070691.10,30.39541659,5.948215647,1.324372374,4.491346818,7.07742E-06,4.24101E-05,ENSMUSG00000070691,ENSMUSG00000070691,Runx3,protein coding gene
ENSMUSG00000070733.13,518.3201119,3.042372816,0.231328613,13.15173584,1.66312E-39,4.38501E-37,ENSMUSG00000070733,ENSMUSG00000070733,Fryl,protein coding gene
ENSMUSG00000070808.4,180.687584,3.980459239,0.370744955,10.7363814,6.8684E-27,5.79855E-25,ENSMUSG00000070808,ENSMUSG00000070808,Bicra,protein coding gene
ENSMUSG00000071036.2,5.384670384,5.732518663,1.897752654,3.020687997,0.002522011,0.007933595,ENSMUSG00000071036,ENSMUSG00000071036,Gm10309,protein coding gene
ENSMUSG00000071064.13,44.37401625,2.159636912,0.511917937,4.218717019,2.45696E-05,0.000131299,ENSMUSG00000071064,ENSMUSG00000071064,Zfp827,protein coding gene
ENSMUSG00000071176.10,82.56087232,2.6548498,0.425126948,6.244840075,4.24234E-10,5.07718E-09,ENSMUSG00000071176,ENSMUSG00000071176,Arhgef10,protein coding gene
ENSMUSG00000071192.5,23.05534743,2.037857022,0.643696828,3.16586463,0.001546227,0.005166552,ENSMUSG00000071192,ENSMUSG00000071192,Wfikkn1,protein coding gene
ENSMUSG00000071202.4,3.846601051,5.235601131,2.046012012,2.55892981,0.010499494,0.027226558,ENSMUSG00000071202,ENSMUSG00000071202,Ccdc78,protein coding gene
ENSMUSG00000071226.11,43.56505483,3.180966687,0.573642182,5.545210565,2.93601E-08,2.68216E-07,ENSMUSG00000071226,ENSMUSG00000071226,Cecr2,protein coding gene
ENSMUSG00000071350.12,14.76765671,2.580406162,0.863852261,2.98709198,0.00281645,0.00873951,ENSMUSG00000071350,ENSMUSG00000071350,Setdb2,protein coding gene
ENSMUSG00000071537.6,15.92225612,2.422819927,0.785532664,3.084301951,0.002040304,0.006567756,ENSMUSG00000071537,ENSMUSG00000071537,Klrg2,protein coding gene
ENSMUSG00000071636.6,8.496782333,3.089329935,1.304718754,2.36781293,0.017893581,0.042579865,ENSMUSG00000071636,ENSMUSG00000071636,Rimbp3,protein coding gene
ENSMUSG00000071669.14,47.0565606,6.523048336,1.126913959,5.788417371,7.10527E-09,7.15033E-08,ENSMUSG00000071669,ENSMUSG00000071669,Snx29,protein coding gene
ENSMUSG00000071713.4,59.05303841,2.239665017,0.625354631,3.581431889,0.000341716,0.001376341,ENSMUSG00000071713,ENSMUSG00000071713,Csf2rb,protein coding gene
ENSMUSG00000071714.5,22.04473056,4.129696838,1.028658124,4.014644654,5.95354E-05,0.000290275,ENSMUSG00000071714,ENSMUSG00000071714,Csf2rb2,protein coding gene
ENSMUSG00000071715.11,16.38540326,2.13047666,0.913513379,2.332178935,0.01969128,0.046064586,ENSMUSG00000071715,ENSMUSG00000071715,Ncf4,protein coding gene
ENSMUSG00000071719.2,9.759640885,2.694001378,1.155320357,2.331821959,0.019710059,0.046102224,ENSMUSG00000071719,ENSMUSG00000071719,Nalf2,protein coding gene
ENSMUSG00000071847.12,25.74871589,3.284748447,0.861812633,3.811441514,0.000138159,0.000617731,ENSMUSG00000071847,ENSMUSG00000071847,Apcdd1,protein coding gene
ENSMUSG00000071856.10,122.9187686,2.247738932,0.399156269,5.631225436,1.78934E-08,1.68308E-07,ENSMUSG00000071856,ENSMUSG00000071856,Mcc,protein coding gene
ENSMUSG00000071862.2,8.234972818,4.01512539,1.411433071,2.844715397,0.004445112,0.013017828,ENSMUSG00000071862,ENSMUSG00000071862,Lrrtm2,protein coding gene
ENSMUSG00000071984.10,216.4748193,3.413194629,0.445054904,7.669154074,1.73134E-14,3.80407E-13,ENSMUSG00000071984,ENSMUSG00000071984,Fndc1,protein coding gene
ENSMUSG00000072294.4,14.53482886,7.193644407,1.611551684,4.463799999,8.05187E-06,4.7551E-05,ENSMUSG00000072294,ENSMUSG00000072294,Klf12,protein coding gene
ENSMUSG00000072825.10,774.3592351,2.181805161,0.248612849,8.775914718,1.6952E-18,6.24782E-17,ENSMUSG00000072825,ENSMUSG00000072825,Cep170b,protein coding gene
ENSMUSG00000072941.5,176.7242135,2.161376097,0.326477536,6.620290401,3.58494E-11,5.0154E-10,ENSMUSG00000072941,ENSMUSG00000072941,Sod3,protein coding gene
ENSMUSG00000073016.3,13.99655856,4.782851465,1.31539515,3.636056787,0.000276843,0.001141063,ENSMUSG00000073016,ENSMUSG00000073016,Uprt,protein coding gene
ENSMUSG00000073490.10,57.65368853,2.965442899,0.571418772,5.189614072,2.1073E-07,1.67665E-06,ENSMUSG00000073490,ENSMUSG00000073490,Ifi207,protein coding gene
ENSMUSG00000073491.10,10.64407469,3.21867303,1.116617379,2.882520988,0.003945069,0.011742026,ENSMUSG00000073491,ENSMUSG00000073491,Ifi213,protein coding gene
ENSMUSG00000073557.11,174.6647817,2.696158403,0.303867713,8.87280316,7.13273E-19,2.71646E-17,ENSMUSG00000073557,ENSMUSG00000073557,Ppp1r12b,protein coding gene
ENSMUSG00000073805.5,16.78227474,7.401892653,1.595505054,4.639216048,3.49733E-06,2.22319E-05,ENSMUSG00000073805,ENSMUSG00000073805,Insyn2a,protein coding gene
ENSMUSG00000073902.5,28.25907608,4.32704577,1.095135519,3.951150971,7.77762E-05,0.000367198,ENSMUSG00000073902,ENSMUSG00000073902,Gvin3,protein coding gene
ENSMUSG00000074071.11,7.86449786,6.323492066,1.795334696,3.52218006,0.000428013,0.001676638,ENSMUSG00000074071,ENSMUSG00000074071,Fam169b,protein coding gene
ENSMUSG00000074151.12,88.18504044,4.728017643,0.630754233,7.495815956,6.58872E-14,1.31452E-12,ENSMUSG00000074151,ENSMUSG00000074151,Nlrc5,protein coding gene
ENSMUSG00000074283.5,10.39761581,6.686002359,1.712615702,3.903971189,9.46271E-05,0.000438777,ENSMUSG00000074283,ENSMUSG00000074283,Zfp109,protein coding gene
ENSMUSG00000074305.9,140.6562579,3.193604147,0.415644535,7.68349846,1.54802E-14,3.42764E-13,ENSMUSG00000074305,ENSMUSG00000074305,Peak1,protein coding gene
ENSMUSG00000074405.7,227.0659902,2.198496058,0.265634407,8.276397944,1.26957E-16,3.62632E-15,ENSMUSG00000074405,ENSMUSG00000074405,Zfp865,protein coding gene
ENSMUSG00000074489.9,298.3289392,2.203701753,0.858480567,2.566979192,0.010258877,0.026699564,ENSMUSG00000074489,ENSMUSG00000074489,Bglap3,protein coding gene
ENSMUSG00000074505.4,256.1347769,3.52741739,0.295040028,11.95572482,6.06025E-33,8.58352E-31,ENSMUSG00000074505,ENSMUSG00000074505,Fat3,protein coding gene
ENSMUSG00000074569.4,4.760806712,5.583709837,1.891733652,2.951636364,0.003160949,0.009663281,ENSMUSG00000074569,ENSMUSG00000074569,Gcnt7,protein coding gene
ENSMUSG00000074622.4,98.98017223,2.401221603,0.444249984,5.405113539,6.47674E-08,5.59749E-07,ENSMUSG00000074622,ENSMUSG00000074622,Mafb,protein coding gene
ENSMUSG00000074652.3,15.55878492,4.940906846,1.255248571,3.936197945,8.27827E-05,0.00038912,ENSMUSG00000074652,ENSMUSG00000074652,Myh7b,protein coding gene
ENSMUSG00000074743.4,506.8297104,2.49491294,0.432391258,5.770035576,7.92548E-09,7.89691E-08,ENSMUSG00000074743,ENSMUSG00000074743,Thbd,protein coding gene
ENSMUSG00000074785.4,34.16668655,3.083306312,0.770862794,3.999812074,6.33928E-05,0.000306208,ENSMUSG00000074785,ENSMUSG00000074785,Plxnc1,protein coding gene
ENSMUSG00000074796.10,5.811230297,5.872220035,1.840417085,3.190700675,0.001419282,0.004801354,ENSMUSG00000074796,ENSMUSG00000074796,Slc4a11,protein coding gene
ENSMUSG00000074899.4,19.08768468,2.543727445,0.812427012,3.131022734,0.001741987,0.005737876,ENSMUSG00000074899,ENSMUSG00000074899,Sptbn5,protein coding gene
ENSMUSG00000074925.3,25.35704459,4.644892352,0.946027152,4.909893274,9.1126E-07,6.49363E-06,ENSMUSG00000074925,ENSMUSG00000074925,Ptar1,protein coding gene
ENSMUSG00000075040.9,56.40061336,2.052636833,0.491967308,4.172303324,3.01536E-05,0.000157697,ENSMUSG00000075040,ENSMUSG00000075040,Zfp408,protein coding gene
ENSMUSG00000075225.12,31.83575475,2.025537711,0.611939452,3.310029618,0.000932861,0.00334744,ENSMUSG00000075225,ENSMUSG00000075225,Ccdc162,protein coding gene
ENSMUSG00000075254.11,754.9420926,3.856110477,0.356988006,10.80179281,3.37547E-27,2.96503E-25,ENSMUSG00000075254,ENSMUSG00000075254,Heg1,protein coding gene
ENSMUSG00000075324.13,50.26406087,2.77836569,0.515626447,5.388330464,7.11152E-08,6.11834E-07,ENSMUSG00000075324,ENSMUSG00000075324,Fign,protein coding gene
ENSMUSG00000075415.13,140.0270227,2.889291167,0.395346794,7.308244841,2.70654E-13,5.01457E-12,ENSMUSG00000075415,ENSMUSG00000075415,Fnbp1,protein coding gene
ENSMUSG00000075470.1,41.75147074,2.335355643,0.534347596,4.370480304,1.23974E-05,7.0493E-05,ENSMUSG00000075470,ENSMUSG00000075470,Alg10,protein coding gene
ENSMUSG00000075592.9,15.17321872,2.96123166,1.028566884,2.878987944,0.003989536,0.011857902,ENSMUSG00000075592,ENSMUSG00000075592,Nynrin,protein coding gene
ENSMUSG00000076433.4,7.806267457,6.300277244,1.739682953,3.62150887,0.00029289,0.001199987,ENSMUSG00000076433,ENSMUSG00000076433,Cep295nl,protein coding gene
ENSMUSG00000078157.1,12.03497426,6.919624578,1.653521583,4.184780321,2.85442E-05,0.000150012,ENSMUSG00000078157,ENSMUSG00000078157,Fem1al,protein coding gene
ENSMUSG00000078517.11,111.7997445,2.307311335,0.36114335,6.38890716,1.67075E-10,2.11473E-09,ENSMUSG00000078517,ENSMUSG00000078517,Emc1,protein coding gene
ENSMUSG00000078588.10,24.78250627,4.949302381,1.032505638,4.793487028,1.63907E-06,1.11161E-05,ENSMUSG00000078588,ENSMUSG00000078588,Ccdc24,protein coding gene
ENSMUSG00000078612.9,3.430691936,5.095238549,2.05456114,2.479964431,0.013139549,0.032849831,ENSMUSG00000078612,ENSMUSG00000078612,Fyb2,protein coding gene
ENSMUSG00000078671.11,151.8351094,2.116629479,0.352162815,6.010371882,1.85098E-09,2.00519E-08,ENSMUSG00000078671,ENSMUSG00000078671,Chd2,protein coding gene
ENSMUSG00000078794.4,14.54163237,2.162273285,0.932177357,2.319594301,0.020362834,0.047364041,ENSMUSG00000078794,ENSMUSG00000078794,Dact3,protein coding gene
ENSMUSG00000079084.9,6.657909725,3.726545669,1.463134808,2.54695989,0.010866592,0.028028152,ENSMUSG00000079084,ENSMUSG00000079084,Ccdc82,protein coding gene
ENSMUSG00000079164.8,15.54979014,2.826876079,0.868098231,3.256401153,0.001128342,0.003956123,ENSMUSG00000079164,ENSMUSG00000079164,Tlr5,protein coding gene
ENSMUSG00000079173.11,11.51252699,2.890937709,1.052663654,2.74630714,0.006027031,0.016952447,ENSMUSG00000079173,ENSMUSG00000079173,Zan,protein coding gene
ENSMUSG00000079465.8,6.182685248,5.935337416,1.814418141,3.27120705,0.001070895,0.003778669,ENSMUSG00000079465,ENSMUSG00000079465,Col4a3,protein coding gene
ENSMUSG00000079481.11,58.54560339,2.70889307,0.506728551,5.345846542,8.99954E-08,7.61374E-07,ENSMUSG00000079481,ENSMUSG00000079481,Nhsl2,protein coding gene
ENSMUSG00000079487.11,235.7359254,4.41838016,0.400013892,11.0455668,2.3031E-28,2.26842E-26,ENSMUSG00000079487,ENSMUSG00000079487,Med12,protein coding gene
ENSMUSG00000079563.9,4.477990078,5.513036159,2.196191576,2.510271062,0.012063852,0.030545516,ENSMUSG00000079563,ENSMUSG00000079563,Pglyrp2,protein coding gene
ENSMUSG00000084883.1,93.55278437,2.393002903,0.422643024,5.661995505,1.49623E-08,1.43253E-07,ENSMUSG00000084883,ENSMUSG00000084883,Ccdc85c,protein coding gene
ENSMUSG00000085925.2,4.153844723,5.397900104,1.984733188,2.719710708,0.006533905,0.018113566,ENSMUSG00000085925,ENSMUSG00000085925,Rtl1,protein coding gene
ENSMUSG00000086040.8,20.463937,2.845275103,0.84608303,3.362879294,0.000771341,0.002838954,ENSMUSG00000086040,ENSMUSG00000086040,Wipf3,protein coding gene
ENSMUSG00000086962.3,8.178007936,3.867690309,1.39467008,2.773193721,0.005550907,0.015750238,ENSMUSG00000086962,ENSMUSG00000086962,Faxdc2,protein coding gene
ENSMUSG00000086965.1,6.782416359,3.768928163,1.509721993,2.496438536,0.012544741,0.031635045,ENSMUSG00000086965,ENSMUSG00000086965,Rtl10,protein coding gene
ENSMUSG00000089704.9,5.899868614,5.89229242,1.816063769,3.244540484,0.001176403,0.004098854,ENSMUSG00000089704,ENSMUSG00000089704,Galnt2,protein coding gene
ENSMUSG00000089844.7,5.417413259,5.782338561,1.908171052,3.030304098,0.002443076,0.007716447,ENSMUSG00000089844,ENSMUSG00000089844,Sp140l1,protein coding gene
ENSMUSG00000089872.10,106.0151504,2.185243814,0.355851811,6.140881531,8.20648E-10,9.47088E-09,ENSMUSG00000089872,ENSMUSG00000089872,Rps6kc1,protein coding gene
ENSMUSG00000089901.1,6.068829412,5.946312238,1.840589163,3.230656986,0.001235061,0.004271739,ENSMUSG00000089901,ENSMUSG00000089901,Gm8113,protein coding gene
ENSMUSG00000090264.1,3.045460744,4.947889919,2.105792672,2.349656728,0.018790731,0.044333089,ENSMUSG00000090264,ENSMUSG00000090264,Eif4ebp3,protein coding gene
ENSMUSG00000090290.1,59.14804236,2.970441866,0.499762836,5.943702997,2.78654E-09,2.95336E-08,ENSMUSG00000090290,ENSMUSG00000090290,Tarbp1,protein coding gene
ENSMUSG00000090394.8,39.21040319,2.774887123,0.746737296,3.716015172,0.000202389,0.000867571,ENSMUSG00000090394,ENSMUSG00000090394,4930523C07Rik,protein coding gene
ENSMUSG00000090622.1,8.59498649,4.093856621,1.383877235,2.958251293,0.003093898,0.009487068,ENSMUSG00000090622,ENSMUSG00000090622,A930033H14Rik,protein coding gene
ENSMUSG00000090877.3,31.43636745,2.791744866,0.713477355,3.912871021,9.12053E-05,0.000425327,ENSMUSG00000090877,ENSMUSG00000090877,Hspa1b,protein coding gene
ENSMUSG00000091345.8,77.0628434,2.606241632,0.615524627,4.234179294,2.29388E-05,0.000123258,ENSMUSG00000091345,ENSMUSG00000091345,Col6a5,protein coding gene
ENSMUSG00000091405.2,25.77073433,5.521716626,1.147415489,4.812307905,1.49197E-06,1.01992E-05,ENSMUSG00000091405,ENSMUSG00000091405,H4c14,protein coding gene
ENSMUSG00000091624.1,14.73867798,4.863757222,1.258120919,3.865890114,0.000110685,0.000506384,ENSMUSG00000091624,ENSMUSG00000091624,Vmn2r9,protein coding gene
ENSMUSG00000091844.1,7.659699782,2.674683834,1.151763764,2.322250375,0.020219458,0.04713931,ENSMUSG00000091844,ENSMUSG00000091844,Lrtm3,protein coding gene
ENSMUSG00000092035.8,8.696347126,2.865206737,1.169545741,2.449845813,0.01429174,0.035267363,ENSMUSG00000092035,ENSMUSG00000092035,Peg10,protein coding gene
ENSMUSG00000092060.4,6.49440933,3.717727408,1.522974328,2.441096569,0.014642739,0.035961409,ENSMUSG00000092060,ENSMUSG00000092060,Bend4,protein coding gene
ENSMUSG00000093445.7,7.940485144,3.386496324,1.301515706,2.60196347,0.009269172,0.024488219,ENSMUSG00000093445,ENSMUSG00000093445,Lrch4,protein coding gene
ENSMUSG00000095061.1,5.337360788,5.760258837,1.994096312,2.888656281,0.003868917,0.011555508,ENSMUSG00000095061,ENSMUSG00000095061,E030018B13Rik,protein coding gene
ENSMUSG00000095562.7,14.03648285,4.512758666,1.416048346,3.186867651,0.001438226,0.00485681,ENSMUSG00000095562,ENSMUSG00000095562,Erdr1x,protein coding gene
ENSMUSG00000096054.2,239.0130574,2.978288686,0.444659613,6.697906896,2.11426E-11,3.07852E-10,ENSMUSG00000096054,ENSMUSG00000096054,Syne1,protein coding gene
ENSMUSG00000096883.1,5.825006537,5.887561515,1.871703965,3.145562347,0.001657679,0.005496091,ENSMUSG00000096883,ENSMUSG00000096883,Shisa8,protein coding gene
ENSMUSG00000097141.2,38.8197638,3.629102179,0.634806777,5.716861111,1.0851E-08,1.06509E-07,ENSMUSG00000097141,ENSMUSG00000097141,Gm10524,protein coding gene
ENSMUSG00000097271.1,3.638646493,5.165941727,2.033082424,2.540940626,0.011055469,0.028359322,ENSMUSG00000097271,ENSMUSG00000097271,Gm9903,protein coding gene
ENSMUSG00000098678.1,11.63596682,6.870730282,1.655040196,4.151397832,3.30451E-05,0.000170889,ENSMUSG00000098678,ENSMUSG00000098678,Mroh6,protein coding gene
ENSMUSG00000100210.1,9.20642889,3.211327861,1.221902991,2.62813651,0.008585406,0.022961404,ENSMUSG00000100210,ENSMUSG00000100210,H3c7,protein coding gene
ENSMUSG00000102018.7,14.17215152,2.135008116,0.849331253,2.513751977,0.011945441,0.030279688,ENSMUSG00000102018,ENSMUSG00000102018,Iqank1,protein coding gene
ENSMUSG00000102428.1,24.96808294,3.339507667,0.802828429,4.159677894,3.18697E-05,0.000165761,ENSMUSG00000102428,ENSMUSG00000102428,Pcdhga12,protein coding gene
ENSMUSG00000102440.1,27.58202342,8.102259293,1.542969101,5.25108331,1.51207E-07,1.23282E-06,ENSMUSG00000102440,ENSMUSG00000102440,Pcdhga9,protein coding gene
ENSMUSG00000102543.5,8.504993206,6.394079216,1.733989029,3.687496927,0.000226471,0.000958099,ENSMUSG00000102543,ENSMUSG00000102543,Pcdhgc5,protein coding gene
ENSMUSG00000102692.1,12.94273952,4.693394728,1.409040916,3.330914437,0.000865612,0.003137661,ENSMUSG00000102692,ENSMUSG00000102692,Dchs2,protein coding gene
ENSMUSG00000102697.1,3.563784416,5.162664024,2.021941522,2.553320147,0.010670137,0.027573101,ENSMUSG00000102697,ENSMUSG00000102697,Pcdhac2,protein coding gene
ENSMUSG00000102742.1,7.482122102,6.225960879,1.74970504,3.558291677,0.000373275,0.001487717,ENSMUSG00000102742,ENSMUSG00000102742,Pcdhga11,protein coding gene
ENSMUSG00000102748.1,15.00869837,7.233936132,1.601053688,4.518234577,6.23574E-06,3.7816E-05,ENSMUSG00000102748,ENSMUSG00000102748,Pcdhgb2,protein coding gene
ENSMUSG00000102912.1,4.037653925,5.320344668,1.991043189,2.672139257,0.007536936,0.020496353,ENSMUSG00000102912,ENSMUSG00000102912,Gm20731,protein coding gene
ENSMUSG00000102918.1,17.80382163,2.58677811,0.829793855,3.117374385,0.001824697,0.005975856,ENSMUSG00000102918,ENSMUSG00000102918,Pcdhgc3,protein coding gene
ENSMUSG00000102976.5,10.59576427,2.588873945,1.071434138,2.416269795,0.015680438,0.038144975,ENSMUSG00000102976,ENSMUSG00000102976,Zc3h11a,protein coding gene
ENSMUSG00000103037.1,15.91673364,4.965236536,1.250913502,3.969288466,7.20876E-05,0.000343177,ENSMUSG00000103037,ENSMUSG00000103037,Pcdhgb1,protein coding gene
ENSMUSG00000103088.1,35.90559431,7.077883289,1.423929389,4.970670134,6.67219E-07,4.89085E-06,ENSMUSG00000103088,ENSMUSG00000103088,Pcdhgb6,protein coding gene
ENSMUSG00000103144.1,7.655563309,3.942284078,1.443153898,2.731714257,0.006300576,0.017551897,ENSMUSG00000103144,ENSMUSG00000103144,Pcdhga1,protein coding gene
ENSMUSG00000103159.1,13.73654398,7.103142781,1.636228682,4.341167502,1.41728E-05,7.94546E-05,ENSMUSG00000103159,ENSMUSG00000103159,F830112A20Rik,protein coding gene
ENSMUSG00000103238.1,3.045460744,4.947889919,2.105792672,2.349656728,0.018790731,0.044333089,ENSMUSG00000103238,ENSMUSG00000103238,Gm36527,protein coding gene
ENSMUSG00000103332.1,12.24740922,4.597693507,1.294070929,3.552891424,0.000381022,0.001515421,ENSMUSG00000103332,ENSMUSG00000103332,Pcdhga2,protein coding gene
ENSMUSG00000103469.1,7.461065785,4.668637191,1.723370146,2.709015936,0.00674831,0.018631576,ENSMUSG00000103469,ENSMUSG00000103469,Gm9910,protein coding gene
ENSMUSG00000103472.1,35.69945047,8.468736915,1.549463928,5.465591526,4.61366E-08,4.06733E-07,ENSMUSG00000103472,ENSMUSG00000103472,Pcdhga7,protein coding gene
ENSMUSG00000103567.1,21.13763362,5.36453133,1.2054381,4.450275241,8.57603E-06,5.02998E-05,ENSMUSG00000103567,ENSMUSG00000103567,Pcdhga5,protein coding gene
ENSMUSG00000103580.1,84.84047677,6.031461313,0.745011299,8.095798444,5.689E-16,1.50228E-14,ENSMUSG00000103580,ENSMUSG00000103580,Gm10417,protein coding gene
ENSMUSG00000103585.1,34.43715641,8.433059768,1.523849347,5.534050846,3.12918E-08,2.848E-07,ENSMUSG00000103585,ENSMUSG00000103585,Pcdhgb4,protein coding gene
ENSMUSG00000103677.1,22.02104454,3.451396109,0.932618398,3.70075919,0.000214955,0.000915256,ENSMUSG00000103677,ENSMUSG00000103677,Pcdhga4,protein coding gene
ENSMUSG00000103749.1,27.10502847,8.086557328,1.537713753,5.258818366,1.44984E-07,1.18603E-06,ENSMUSG00000103749,ENSMUSG00000103749,Pcdhgb5,protein coding gene
ENSMUSG00000103793.1,11.19277524,6.820058184,1.661814069,4.103983901,4.06096E-05,0.000205725,ENSMUSG00000103793,ENSMUSG00000103793,Pcdhga6,protein coding gene
ENSMUSG00000103897.1,23.20019701,7.862123672,1.552739705,5.063388053,4.1187E-07,3.12191E-06,ENSMUSG00000103897,ENSMUSG00000103897,Pcdhga8,protein coding gene
ENSMUSG00000104346.1,9.170185599,6.514758378,1.748893259,3.725074898,0.000195257,0.00084015,ENSMUSG00000104346,ENSMUSG00000104346,Pcdhga3,protein coding gene
ENSMUSG00000104443.1,5.176715827,5.683084519,1.869655222,3.039643058,0.002368587,0.007506073,ENSMUSG00000104443,ENSMUSG00000104443,4932442E05Rik,protein coding gene
ENSMUSG00000104597.1,30.54919898,2.861530137,0.625597357,4.57407645,4.78325E-06,2.96797E-05,ENSMUSG00000104597,ENSMUSG00000104597,Lrrc7,protein coding gene
ENSMUSG00000105340.4,3.045460744,4.947889919,2.105792672,2.349656728,0.018790731,0.044333089,ENSMUSG00000105340,ENSMUSG00000105340,Gm42878,protein coding gene
ENSMUSG00000106205.1,13.22901899,2.519245946,0.934747278,2.695109155,0.007036558,0.019319533,ENSMUSG00000106205,ENSMUSG00000106205,C230096K16Rik,protein coding gene
ENSMUSG00000109179.1,30.26218482,2.275752846,0.616090417,3.69386178,0.000220874,0.000937197,ENSMUSG00000109179,ENSMUSG00000109179,Wdr97,protein coding gene
ENSMUSG00000109564.1,318.3555989,4.651089472,0.388849135,11.96116707,5.67585E-33,8.10607E-31,ENSMUSG00000109564,ENSMUSG00000109564,Muc16,protein coding gene
ENSMUSG00000109713.1,3.771738974,5.230833752,2.054833404,2.545624254,0.010908253,0.028078349,ENSMUSG00000109713,ENSMUSG00000109713,Pvrig,protein coding gene
ENSMUSG00000109864.1,3.727284811,5.200641274,2.084282674,2.495170804,0.012589651,0.031724959,ENSMUSG00000109864,ENSMUSG00000109864,Eid3,protein coding gene
ENSMUSG00000110170.1,9.180981609,2.858732115,1.183404032,2.415685631,0.015705615,0.038192974,ENSMUSG00000110170,ENSMUSG00000110170,St6galnac2,protein coding gene
ENSMUSG00000110195.1,3.355829859,5.091545054,2.066048737,2.46438768,0.013724757,0.034087987,ENSMUSG00000110195,ENSMUSG00000110195,Pde2a,protein coding gene