gene,baseMean,log2FoldChange,lfcSE,stat,pvalue,padj,gene,Input,Symbol,Feature Type
ENSMUSG00000000001.4,553.2021931,-2.219685055,0.21438821,-10.35357802,4.0313220053505E-25,1.59721130264917E-23,ENSMUSG00000000001,ENSMUSG00000000001,Gnai3,protein coding gene
ENSMUSG00000000171.4,386.3664838,-2.280271879,0.212662286,-10.72250245,7.98141648381912E-27,3.58975339236835E-25,ENSMUSG00000000171,ENSMUSG00000000171,Sdhd,protein coding gene
ENSMUSG00000000204.15,24.25750789,-2.371729377,0.854629267,-2.775155811,0.005517527,0.013115781,ENSMUSG00000000204,ENSMUSG00000000204,Slfn4,protein coding gene
ENSMUSG00000000278.10,434.6954383,-2.032174803,0.223635989,-9.086975717,1.01832122175716E-19,2.37408170042361E-18,ENSMUSG00000000278,ENSMUSG00000000278,Scpep1,protein coding gene
ENSMUSG00000000296.7,37.03039389,-2.663166552,0.599605338,-4.441532427,8.93204829564237E-06,3.99331911749933E-05,ENSMUSG00000000296,ENSMUSG00000000296,Tpd52l1,protein coding gene
ENSMUSG00000000346.8,831.4891082,-2.039295078,0.241313332,-8.450818102,2.89268633213215E-17,5.39393352625958E-16,ENSMUSG00000000346,ENSMUSG00000000346,Dazap2,protein coding gene
ENSMUSG00000000392.17,23.69747852,-2.597379997,0.668455668,-3.885642866,0.000102059,0.000368423,ENSMUSG00000000392,ENSMUSG00000000392,Fap,protein coding gene
ENSMUSG00000000561.14,203.816233,-2.303920222,0.244723448,-9.414382816,4.75869821082025E-21,1.28197372494321E-19,ENSMUSG00000000561,ENSMUSG00000000561,Wdr77,protein coding gene
ENSMUSG00000000563.17,728.2245022,-2.799781782,0.18901376,-14.81258184,1.21482986809947E-49,2.86085609050526E-47,ENSMUSG00000000563,ENSMUSG00000000563,Atp5pb,protein coding gene
ENSMUSG00000000581.8,147.6157493,-2.664553163,0.301083066,-8.849893803,8.76026142443389E-19,1.87162404887574E-17,ENSMUSG00000000581,ENSMUSG00000000581,C1d,protein coding gene
ENSMUSG00000000787.12,1265.26051494445,-2.467314289,0.171368683,-14.39769647,5.34970110625656E-47,9.83547241105538E-45,ENSMUSG00000000787,ENSMUSG00000000787,Ddx3x,protein coding gene
ENSMUSG00000000983.13,20.44283854,-2.721703084,0.750255952,-3.627699422,0.000285958,0.000935286,ENSMUSG00000000983,ENSMUSG00000000983,Wfdc18,protein coding gene
ENSMUSG00000001313.12,77.28536813,-2.227153288,0.384880212,-5.786614167,7.18192814262798E-09,5.25947001891474E-08,ENSMUSG00000001313,ENSMUSG00000001313,Rnd2,protein coding gene
ENSMUSG00000001467.5,247.758624,-2.592369089,0.289693167,-8.948671841,3.59785016594503E-19,8.02205762000446E-18,ENSMUSG00000001467,ENSMUSG00000001467,Cyp51,protein coding gene
ENSMUSG00000001627.11,1000.37780019551,-2.438640561,0.204783682,-11.90837344,1.07045014872005E-32,7.60527615831307E-31,ENSMUSG00000001627,ENSMUSG00000001627,Ifrd1,protein coding gene
ENSMUSG00000001707.7,84.43133532,-3.085476012,0.388039253,-7.951453325,1.84336073163445E-15,2.84918861167599E-14,ENSMUSG00000001707,ENSMUSG00000001707,Eef1e1,protein coding gene
ENSMUSG00000001774.7,167.9099154,-2.297098249,0.265374321,-8.656068314,4.88316037652231E-18,9.76585480262701E-17,ENSMUSG00000001774,ENSMUSG00000001774,Chordc1,protein coding gene
ENSMUSG00000001783.3,761.79189689048,-2.278812768,0.169466193,-13.44700512,3.20596092516427E-41,4.07234757760714E-39,ENSMUSG00000001783,ENSMUSG00000001783,Rtcb,protein coding gene
ENSMUSG00000001891.16,228.8083046,-2.769092459,0.260552777,-10.62776029,2.21364735955297E-26,9.68597808118386E-25,ENSMUSG00000001891,ENSMUSG00000001891,Ugp2,protein coding gene
ENSMUSG00000001948.9,14.51137337,-2.343461109,0.830105102,-2.823089636,0.004756327,0.0115113,ENSMUSG00000001948,ENSMUSG00000001948,Spa17,protein coding gene
ENSMUSG00000002015.5,406.7294842,-2.643555894,0.216128077,-12.23143209,2.11182261340084E-34,1.69585019748154E-32,ENSMUSG00000002015,ENSMUSG00000002015,Bcap31,protein coding gene
ENSMUSG00000002477.4,103.408324,-3.429293007,0.362050855,-9.471854464,2.7491887452759E-21,7.591600383694E-20,ENSMUSG00000002477,ENSMUSG00000002477,Snrpd1,protein coding gene
ENSMUSG00000002588.12,58.4609451,-2.270793112,0.484296467,-4.688849221,2.74745726686456E-06,1.35015139170491E-05,ENSMUSG00000002588,ENSMUSG00000002588,Pon1,protein coding gene
ENSMUSG00000002728.14,97.72613989,-2.283487968,0.421686181,-5.41513588,6.12421798910282E-08,3.92170744985048E-07,ENSMUSG00000002728,ENSMUSG00000002728,Naa20,protein coding gene
ENSMUSG00000002732.14,69.61707139,-2.007541682,0.492745774,-4.074193606,4.61740582688244E-05,0.000178884,ENSMUSG00000002732,ENSMUSG00000002732,Fkbp7,protein coding gene
ENSMUSG00000002808.6,68.58115777,-2.594248537,0.440138229,-5.894167711,3.7657455762823E-09,2.87318025239537E-08,ENSMUSG00000002808,ENSMUSG00000002808,Epdr1,protein coding gene
ENSMUSG00000003038.15,310.8495193,-2.612604591,0.226758781,-11.52151455,1.02788182294793E-30,6.37377962342182E-29,ENSMUSG00000003038,ENSMUSG00000003038,Hmgn2,protein coding gene
ENSMUSG00000004558.14,248.3365896,-2.004148114,0.274894294,-7.290613717,3.08546247016242E-13,3.7751434858222E-12,ENSMUSG00000004558,ENSMUSG00000004558,Ndrg2,protein coding gene
ENSMUSG00000004642.13,78.46065419,-2.260141495,0.479382494,-4.714693426,2.42074949100816E-06,1.2002954478836E-05,ENSMUSG00000004642,ENSMUSG00000004642,Slbp,protein coding gene
ENSMUSG00000004821.1,21.4473618,-2.520917034,0.686160834,-3.673944806,0.000238834,0.00079528,ENSMUSG00000004821,ENSMUSG00000004821,Tmed11,protein coding gene
ENSMUSG00000004843.6,250.3262383,-2.455688582,0.239294243,-10.26221337,1.04288483464853E-24,3.95975058865914E-23,ENSMUSG00000004843,ENSMUSG00000004843,Chmp2b,protein coding gene
ENSMUSG00000004980.16,1805.69915381682,-2.294023548,0.141774608,-16.18077861,6.89173800258245E-59,2.77776801531011E-56,ENSMUSG00000004980,ENSMUSG00000004980,Hnrnpa2b1,protein coding gene
ENSMUSG00000005656.8,267.7108581,-2.253663753,0.234178653,-9.623694254,6.35083712021318E-22,1.85644623713456E-20,ENSMUSG00000005656,ENSMUSG00000005656,Snx6,protein coding gene
ENSMUSG00000006373.10,624.52352130535,-2.179513945,0.194917502,-11.18172521,5.01063241958681E-29,2.69276525338769E-27,ENSMUSG00000006373,ENSMUSG00000006373,Pgrmc1,protein coding gene
ENSMUSG00000006412.10,126.6308365,-2.825717225,0.315433091,-8.958214296,3.29978708316806E-19,7.42062633863941E-18,ENSMUSG00000006412,ENSMUSG00000006412,Pfdn2,protein coding gene
ENSMUSG00000006423.15,159.3902056,-2.234225326,0.281471914,-7.937649254,2.06049025996425E-15,3.17309444221828E-14,ENSMUSG00000006423,ENSMUSG00000006423,Steep1,protein coding gene
ENSMUSG00000006941.4,154.9102406,-2.223154737,0.313824921,-7.084060535,1.39990708758639E-12,1.59546778949011E-11,ENSMUSG00000006941,ENSMUSG00000006941,Eif1b,protein coding gene
ENSMUSG00000007682.5,14.76794124,-2.351168602,0.831478272,-2.827696982,0.004688416,0.011360059,ENSMUSG00000007682,ENSMUSG00000007682,Dio2,protein coding gene
ENSMUSG00000007850.16,1015.30239657496,-2.051662744,0.176460921,-11.62672579,3.0143928554096E-31,1.92032400779726E-29,ENSMUSG00000007850,ENSMUSG00000007850,Hnrnph1,protein coding gene
ENSMUSG00000008333.12,100.4362293,-3.236530826,0.381967525,-8.473314119,2.3850829377125E-17,4.45931786721823E-16,ENSMUSG00000008333,ENSMUSG00000008333,Snrpb2,protein coding gene
ENSMUSG00000008475.13,788.6187383,-2.095546208,0.177589381,-11.7999522,3.90533218057352E-32,2.64892741659031E-30,ENSMUSG00000008475,ENSMUSG00000008475,Arpc5,protein coding gene
ENSMUSG00000008540.11,484.9531883,-2.54880172,0.240135827,-10.61400023,2.56525799101978E-26,1.11085211226826E-24,ENSMUSG00000008540,ENSMUSG00000008540,Mgst1,protein coding gene
ENSMUSG00000008683.16,1845.77065724634,-2.162112171,0.177789605,-12.16107194,5.00969664218539E-34,3.87447350271452E-32,ENSMUSG00000008683,ENSMUSG00000008683,Rps15a,protein coding gene
ENSMUSG00000008859.7,244.4918109,-2.24896709,0.24477323,-9.187961818,4.00354950144522E-20,9.74569036013826E-19,ENSMUSG00000008859,ENSMUSG00000008859,Rala,protein coding gene
ENSMUSG00000008892.12,428.532327,-3.285125132,0.230120317,-14.27568487,3.10225058978103E-46,5.46387143791771E-44,ENSMUSG00000008892,ENSMUSG00000008892,Vdac3,protein coding gene
ENSMUSG00000009927.8,2255.42509579668,-2.33085687,0.178223743,-13.0782624,4.38346134133694E-39,4.81010294518749E-37,ENSMUSG00000009927,ENSMUSG00000009927,Rps25,protein coding gene
ENSMUSG00000010376.14,353.1098658,-2.013644672,0.20099797,-10.01823389,1.26747526196629E-23,4.33360750661523E-22,ENSMUSG00000010376,ENSMUSG00000010376,Nedd8,protein coding gene
ENSMUSG00000012405.15,1670.15458483608,-2.686069669,0.170763708,-15.72974554,9.45904467597405E-56,2.91547231417265E-53,ENSMUSG00000012405,ENSMUSG00000012405,Rpl15,protein coding gene
ENSMUSG00000012422.14,432.5820015,-2.135063177,0.237913163,-8.974127997,2.8560505746497E-19,6.45738554412978E-18,ENSMUSG00000012422,ENSMUSG00000012422,Tmem167,protein coding gene
ENSMUSG00000012483.4,42.10975283,-2.243433517,0.725832991,-3.090839827,0.001995913,0.005342571,ENSMUSG00000012483,ENSMUSG00000012483,Rpa3,protein coding gene
ENSMUSG00000013662.5,262.2318672,-2.729817271,0.24328473,-11.22066834,3.22821423942989E-29,1.77120791215212E-27,ENSMUSG00000013662,ENSMUSG00000013662,Atad1,protein coding gene
ENSMUSG00000013701.12,242.0395357,-2.523421149,0.251006294,-10.05321863,8.89149181497253E-24,3.08537710182135E-22,ENSMUSG00000013701,ENSMUSG00000013701,Timm23,protein coding gene
ENSMUSG00000014077.13,715.2061599,-2.065397401,0.172443882,-11.97721474,4.67776663159777E-33,3.3924329007494E-31,ENSMUSG00000014077,ENSMUSG00000014077,Chp1,protein coding gene
ENSMUSG00000014177.10,250.3626707,-2.674294855,0.284855577,-9.388248188,6.10064377367654E-21,1.61647778574572E-19,ENSMUSG00000014177,ENSMUSG00000014177,Tvp23b,protein coding gene
ENSMUSG00000014226.10,220.9108765,-2.507106293,0.268191441,-9.348196522,8.91548983145851E-21,2.32412626091466E-19,ENSMUSG00000014226,ENSMUSG00000014226,Cacybp,protein coding gene
ENSMUSG00000014769.9,608.32012442307,-2.03895475,0.183593171,-11.10583112,1.17518895092643E-28,6.15769630561677E-27,ENSMUSG00000014769,ENSMUSG00000014769,Psmb1,protein coding gene
ENSMUSG00000014905.3,565.1666894,-2.174938037,0.270899666,-8.028574094,9.86120495820056E-16,1.57291472388832E-14,ENSMUSG00000014905,ENSMUSG00000014905,Dnajb9,protein coding gene
ENSMUSG00000014932.15,142.5718711,-2.003683157,0.300994558,-6.656875033,2.79710813946286E-11,2.77578548745275E-10,ENSMUSG00000014932,ENSMUSG00000014932,Yes1,protein coding gene
ENSMUSG00000014956.15,805.3936058,-2.046845134,0.190215055,-10.76068943,5.27738565605967E-27,2.42032223118938E-25,ENSMUSG00000014956,ENSMUSG00000014956,Ppp1cb,protein coding gene
ENSMUSG00000015112.15,62.75377766,-2.320663747,0.464574802,-4.995242398,5.87619128302E-07,3.22913196383891E-06,ENSMUSG00000015112,ENSMUSG00000015112,Slc25a13,protein coding gene
ENSMUSG00000015217.11,60.51873939,-3.048577467,0.523077688,-5.828154285,5.60437540154326E-09,4.16827906461835E-08,ENSMUSG00000015217,ENSMUSG00000015217,Hmgb3,protein coding gene
ENSMUSG00000015247.10,99.13453709,-2.342592191,0.369220542,-6.344696255,2.22864717101492E-10,1.98513455407147E-09,ENSMUSG00000015247,ENSMUSG00000015247,Nipsnap3b,protein coding gene
ENSMUSG00000015289.4,125.4866861,-2.109134665,0.382593499,-5.512730009,3.53310008463976E-08,2.3478200594155E-07,ENSMUSG00000015289,ENSMUSG00000015289,Lage3,protein coding gene
ENSMUSG00000015536.14,156.0454673,-2.118440808,0.267093998,-7.931442963,2.16614082270937E-15,3.32601798557991E-14,ENSMUSG00000015536,ENSMUSG00000015536,Mocs2,protein coding gene
ENSMUSG00000015568.15,1953.19026246225,-2.143174208,0.248082991,-8.638940549,5.67366883576187E-18,1.12077686266478E-16,ENSMUSG00000015568,ENSMUSG00000015568,Lpl,protein coding gene
ENSMUSG00000015652.9,11.88558253,-2.906745642,1.244990917,-2.334752488,0.019556355,0.039457223,ENSMUSG00000015652,ENSMUSG00000015652,Steap1,protein coding gene
ENSMUSG00000015671.10,336.9756095,-2.928884691,0.231216966,-12.66725682,8.98001053983413E-37,8.63357985799924E-35,ENSMUSG00000015671,ENSMUSG00000015671,Psma2,protein coding gene
ENSMUSG00000015672.3,84.51760548,-2.672152528,0.608979781,-4.387916661,1.14441608486801E-05,5.02847310749446E-05,ENSMUSG00000015672,ENSMUSG00000015672,Mrpl32,protein coding gene
ENSMUSG00000015733.13,500.5700328,-2.275531448,0.277179035,-8.20960882,2.2191026743023E-16,3.79985073126649E-15,ENSMUSG00000015733,ENSMUSG00000015733,Capza2,protein coding gene
ENSMUSG00000015749.12,237.1585432,-2.243652225,0.246870753,-9.08836791,1.00536828670981E-19,2.3464937551393E-18,ENSMUSG00000015749,ENSMUSG00000015749,Anp32e,protein coding gene
ENSMUSG00000015750.15,272.6963677,-2.066990738,0.29723526,-6.95405632,3.54929804450033E-12,3.8906766587177E-11,ENSMUSG00000015750,ENSMUSG00000015750,Aph1a,protein coding gene
ENSMUSG00000015759.10,270.7018979,-2.356694377,0.228784746,-10.30092444,6.97873945843313E-25,2.69369061343094E-23,ENSMUSG00000015759,ENSMUSG00000015759,Cnih1,protein coding gene
ENSMUSG00000015854.7,163.2946534,-2.383239744,0.475611382,-5.010897198,5.41768520465132E-07,2.99444262142107E-06,ENSMUSG00000015854,ENSMUSG00000015854,Cd5l,protein coding gene
ENSMUSG00000015932.8,1041.50420625081,-2.058196155,0.231904554,-8.875186458,6.98163501866618E-19,1.50698340222682E-17,ENSMUSG00000015932,ENSMUSG00000015932,Dstn,protein coding gene
ENSMUSG00000016194.14,146.0992226,-2.139143995,0.295674956,-7.234782505,4.66275774711725E-13,5.59717867249888E-12,ENSMUSG00000016194,ENSMUSG00000016194,Hsd11b1,protein coding gene
ENSMUSG00000016308.12,118.5768492,-2.028585225,0.424509005,-4.778662411,1.76465191822146E-06,8.97484580296133E-06,ENSMUSG00000016308,ENSMUSG00000016308,Ube2a,protein coding gene
ENSMUSG00000016319.3,1444.55410542048,-2.8032822,0.205013045,-13.6736772,1.45835199348464E-42,1.94685346697099E-40,ENSMUSG00000016319,ENSMUSG00000016319,Slc25a5,protein coding gene
ENSMUSG00000016382.15,206.3611752,-2.206530313,0.260105391,-8.483216383,2.19052746250512E-17,4.11760224992331E-16,ENSMUSG00000016382,ENSMUSG00000016382,Pls3,protein coding gene
ENSMUSG00000017144.8,107.3411042,-2.738650606,0.359349426,-7.62113534,2.51454125322294E-14,3.4311373780143E-13,ENSMUSG00000017144,ENSMUSG00000017144,Rnd3,protein coding gene
ENSMUSG00000017188.3,359.9313357,-2.654442732,0.287354651,-9.237514419,2.52289575577653E-20,6.32985216674381E-19,ENSMUSG00000017188,ENSMUSG00000017188,Coa3,protein coding gene
ENSMUSG00000017286.15,153.6120705,-2.079812798,0.273152241,-7.61411581,2.6550266506625E-14,3.61107745433065E-13,ENSMUSG00000017286,ENSMUSG00000017286,Glod4,protein coding gene
ENSMUSG00000017453.4,12.30215067,-4.049336975,1.069816131,-3.785077509,0.000153661,0.000533473,ENSMUSG00000017453,ENSMUSG00000017453,Pipox,protein coding gene
ENSMUSG00000017499.15,15.6355468,-2.170380552,0.954012949,-2.275001147,0.022905861,0.045410891,ENSMUSG00000017499,ENSMUSG00000017499,Cdc6,protein coding gene
ENSMUSG00000017716.15,17.95562126,-2.338299124,0.759575844,-3.078427444,0.002080962,0.00554403,ENSMUSG00000017716,ENSMUSG00000017716,Birc5,protein coding gene
ENSMUSG00000017778.14,519.84282166311,-2.493769078,0.20009029,-12.46321886,1.18489661224353E-35,1.02198551835441E-33,ENSMUSG00000017778,ENSMUSG00000017778,Cox7c,protein coding gene
ENSMUSG00000017831.7,227.8093111,-2.581099965,0.263184003,-9.807206886,1.04830023417912E-22,3.29899768891293E-21,ENSMUSG00000017831,ENSMUSG00000017831,Rab5a,protein coding gene
ENSMUSG00000018189.12,248.9454394,-2.849778181,0.314575943,-9.059110352,1.31518829821898E-19,3.04922915291722E-18,ENSMUSG00000018189,ENSMUSG00000018189,Uchl5,protein coding gene
ENSMUSG00000018211.13,28.42327304,-2.311229806,0.618945495,-3.734141093,0.000188357,0.000640872,ENSMUSG00000018211,ENSMUSG00000018211,Wfdc15b,protein coding gene
ENSMUSG00000018362.14,198.8097143,-3.107806301,0.306473241,-10.14054698,3.65049757506288E-24,1.31236327059593E-22,ENSMUSG00000018362,ENSMUSG00000018362,Kpna2,protein coding gene
ENSMUSG00000018446.8,426.2561907,-2.101844198,0.229512087,-9.157880218,5.29267185006816E-20,1.26487011750945E-18,ENSMUSG00000018446,ENSMUSG00000018446,C1qbp,protein coding gene
ENSMUSG00000018770.9,875.018383,-2.05387357,0.167888744,-12.23353942,2.05773000409847E-34,1.66517232262161E-32,ENSMUSG00000018770,ENSMUSG00000018770,Atp5mc3,protein coding gene
ENSMUSG00000018965.11,455.2747391399,-2.327765246,0.224460206,-10.37050304,3.37742082004899E-25,1.35257333094114E-23,ENSMUSG00000018965,ENSMUSG00000018965,Ywhah,protein coding gene
ENSMUSG00000019373.11,136.6668481,-2.251153557,0.294369748,-7.647367203,2.05135915411897E-14,2.83979105093656E-13,ENSMUSG00000019373,ENSMUSG00000019373,Cops3,protein coding gene
ENSMUSG00000019777.16,231.3451126,-2.705871135,0.327096506,-8.272393872,1.31295719562339E-16,2.29238847967068E-15,ENSMUSG00000019777,ENSMUSG00000019777,Hdac2,protein coding gene
ENSMUSG00000019809.16,78.81433728,-2.111080713,0.397677041,-5.308530524,1.10512580014737E-07,6.80444525419765E-07,ENSMUSG00000019809,ENSMUSG00000019809,Pex3,protein coding gene
ENSMUSG00000019810.15,343.8198421,-2.571036906,0.234060049,-10.98451837,4.53651792310113E-28,2.27466218062863E-26,ENSMUSG00000019810,ENSMUSG00000019810,Fuca2,protein coding gene
ENSMUSG00000019818.15,2276.17390112757,-2.140371843,0.151326487,-14.14406617,2.03196053464799E-45,3.46242771103148E-43,ENSMUSG00000019818,ENSMUSG00000019818,Cd164,protein coding gene
ENSMUSG00000019853.5,35.42347844,-2.48190352,0.533544632,-4.651726154,3.29168015456362E-06,1.59373581096179E-05,ENSMUSG00000019853,ENSMUSG00000019853,Hebp2,protein coding gene
ENSMUSG00000019872.13,542.3431848,-2.223220085,0.234365388,-9.486128046,2.39775454007387E-21,6.65623011992163E-20,ENSMUSG00000019872,ENSMUSG00000019872,Smpdl3a,protein coding gene
ENSMUSG00000019948.3,26.62348779,-2.193788911,0.869573947,-2.52283192,0.011641403,0.025146054,ENSMUSG00000019948,ENSMUSG00000019948,Actr6,protein coding gene
ENSMUSG00000020003.15,139.9337606,-2.742522887,0.38371788,-7.147237668,8.8541505867873E-13,1.03493270554775E-11,ENSMUSG00000020003,ENSMUSG00000020003,Pex7,protein coding gene
ENSMUSG00000020076.6,578.1964638,-2.01364987,0.1844434,-10.91744062,9.51390108674876E-28,4.62649310619878E-26,ENSMUSG00000020076,ENSMUSG00000020076,Ddx50,protein coding gene
ENSMUSG00000020077.14,199.9161863,-2.144505783,0.837746428,-2.559850704,0.010471714,0.022931213,ENSMUSG00000020077,ENSMUSG00000020077,Srgn,protein coding gene
ENSMUSG00000020089.8,256.8741568,-2.0543388,0.238565342,-8.611220636,7.22867114403483E-18,1.42125439500775E-16,ENSMUSG00000020089,ENSMUSG00000020089,Ppa1,protein coding gene
ENSMUSG00000020098.6,631.6648661,-2.516624639,0.271268729,-9.277238299,1.73928158703181E-20,4.40260903171493E-19,ENSMUSG00000020098,ENSMUSG00000020098,Pcbd1,protein coding gene
ENSMUSG00000020116.7,182.2826522,-2.583425066,0.319409479,-8.088128997,6.05882192152279E-16,9.85922737990653E-15,ENSMUSG00000020116,ENSMUSG00000020116,Pno1,protein coding gene
ENSMUSG00000020149.17,1113.93650742091,-2.730178341,0.205927704,-13.25794582,4.05861242894837E-40,4.86082616561879E-38,ENSMUSG00000020149,ENSMUSG00000020149,Rab1a,protein coding gene
ENSMUSG00000020180.9,192.7896254,-3.483858334,0.317658345,-10.9673125,5.48793810311577E-28,2.71918900007573E-26,ENSMUSG00000020180,ENSMUSG00000020180,Snrpd3,protein coding gene
ENSMUSG00000020283.5,107.6464838,-2.031061619,0.313716663,-6.47419108,9.53212131423477E-11,8.92289998325353E-10,ENSMUSG00000020283,ENSMUSG00000020283,Pex13,protein coding gene
ENSMUSG00000020309.6,82.44996025,-2.404223388,0.388541952,-6.187809008,6.10061787840112E-10,5.14953081407206E-09,ENSMUSG00000020309,ENSMUSG00000020309,Chac2,protein coding gene
ENSMUSG00000020321.15,823.6070404,-2.432757415,0.163380111,-14.89016867,3.81805121949452E-50,9.1979925872857E-48,ENSMUSG00000020321,ENSMUSG00000020321,Mdh1,protein coding gene
ENSMUSG00000020328.10,238.5952088,-2.146017085,0.254347699,-8.437336333,3.24651254274983E-17,6.01623840702862E-16,ENSMUSG00000020328,ENSMUSG00000020328,Nudcd2,protein coding gene
ENSMUSG00000020386.5,259.1026201,-2.487062766,0.254746002,-9.762911877,1.62423373927326E-22,4.99887150388081E-21,ENSMUSG00000020386,ENSMUSG00000020386,Sar1b,protein coding gene
ENSMUSG00000020390.12,505.423686,-2.232242824,0.198102041,-11.26814651,1.88496115645644E-29,1.05071544888751E-27,ENSMUSG00000020390,ENSMUSG00000020390,Ube2b,protein coding gene
ENSMUSG00000020402.11,549.5538254,-2.231222744,0.194888941,-11.44868835,2.38730409852826E-30,1.44611290754491E-28,ENSMUSG00000020402,ENSMUSG00000020402,Vdac1,protein coding gene
ENSMUSG00000020415.16,91.40866314,-2.050160311,0.409074423,-5.011704952,5.39498810612376E-07,2.98504634942576E-06,ENSMUSG00000020415,ENSMUSG00000020415,Pttg1,protein coding gene
ENSMUSG00000020485.14,173.29416751325,-3.152198282,0.308115135,-10.23058566,1.44641978970972E-24,5.4134843522368E-23,ENSMUSG00000020485,ENSMUSG00000020485,Supt4a,protein coding gene
ENSMUSG00000020521.7,177.5772396,-2.719704606,0.266666587,-10.19889531,2.00540435969391E-24,7.37390701312712E-23,ENSMUSG00000020521,ENSMUSG00000020521,Rnft1,protein coding gene
ENSMUSG00000020528.14,75.13897354,-2.116901533,0.423945252,-4.993337053,5.9344856911603E-07,3.25774975382474E-06,ENSMUSG00000020528,ENSMUSG00000020528,Prpsap2,protein coding gene
ENSMUSG00000020553.8,61.47520723,-2.188839012,0.416191247,-5.259214436,1.44672104386581E-07,8.75088783791733E-07,ENSMUSG00000020553,ENSMUSG00000020553,Pctp,protein coding gene
ENSMUSG00000020570.14,822.39528650555,-2.257890409,0.176261887,-12.8098618,1.443914936943E-37,1.4479910604492E-35,ENSMUSG00000020570,ENSMUSG00000020570,Sypl1,protein coding gene
ENSMUSG00000020572.7,197.0908748,-2.334908053,0.284150036,-8.217166139,2.08368312138672E-16,3.57837823898263E-15,ENSMUSG00000020572,ENSMUSG00000020572,Nampt,protein coding gene
ENSMUSG00000020581.11,198.4961163,-2.714415181,0.305696657,-8.879440172,6.7197695561269E-19,1.45668392149088E-17,ENSMUSG00000020581,ENSMUSG00000020581,Agr2,protein coding gene
ENSMUSG00000020585.4,1702.75261941335,-2.428745207,0.179941044,-13.49744982,1.61883249001788E-41,2.08154050050826E-39,ENSMUSG00000020585,ENSMUSG00000020585,Laptm4a,protein coding gene
ENSMUSG00000020621.5,87.09710278,-3.252009731,0.383767744,-8.473900631,2.37309881561313E-17,4.4408730425389E-16,ENSMUSG00000020621,ENSMUSG00000020621,Rdh14,protein coding gene
ENSMUSG00000020629.12,352.602318,-2.107402026,0.21981701,-9.587074367,9.06180808453101E-22,2.60887961049019E-20,ENSMUSG00000020629,ENSMUSG00000020629,Adi1,protein coding gene
ENSMUSG00000020649.11,46.45444575,-2.182044197,0.465787056,-4.684638974,2.80453824325682E-06,1.37562174211139E-05,ENSMUSG00000020649,ENSMUSG00000020649,Rrm2,protein coding gene
ENSMUSG00000020650.14,60.6001283,-2.159816403,0.45930614,-4.702346027,2.57189153998109E-06,1.26923180566197E-05,ENSMUSG00000020650,ENSMUSG00000020650,Bcap29,protein coding gene
ENSMUSG00000020664.9,464.3916374,-2.815029626,0.240801443,-11.6902523,1.42961288805268E-31,9.33434782576204E-30,ENSMUSG00000020664,ENSMUSG00000020664,Dld,protein coding gene
ENSMUSG00000020669.15,67.29195538,-2.08476597,0.383536539,-5.435638482,5.4600559777315E-08,3.52548716072934E-07,ENSMUSG00000020669,ENSMUSG00000020669,Sh3yl1,protein coding gene
ENSMUSG00000020680.15,321.2960918,-2.80230218,0.232488161,-12.05352639,1.85826245288509E-33,1.40604053249165E-31,ENSMUSG00000020680,ENSMUSG00000020680,Taf15,protein coding gene
ENSMUSG00000020720.13,310.6250688,-2.470450699,0.2413064,-10.23781675,1.34231170027427E-24,5.04184783620941E-23,ENSMUSG00000020720,ENSMUSG00000020720,Psmd12,protein coding gene
ENSMUSG00000020738.16,199.8584463,-2.180471617,0.339392571,-6.424629767,1.32190851826619E-10,1.21251118749851E-09,ENSMUSG00000020738,ENSMUSG00000020738,Sumo2,protein coding gene
ENSMUSG00000020774.9,16.33728035,-2.158354534,0.866914214,-2.489697942,0.01278517,0.027258554,ENSMUSG00000020774,ENSMUSG00000020774,Aspa,protein coding gene
ENSMUSG00000020803.3,320.1958529,-2.099092319,0.230248864,-9.116624015,7.75009025010836E-20,1.82510271406765E-18,ENSMUSG00000020803,ENSMUSG00000020803,Txndc17,protein coding gene
ENSMUSG00000020949.8,82.95190172,-3.106585727,0.393363812,-7.897487338,2.8458190688619E-15,4.32527352170244E-14,ENSMUSG00000020949,ENSMUSG00000020949,Fkbp3,protein coding gene
ENSMUSG00000020988.8,104.9084962,-2.060588935,0.32732413,-6.295255216,3.06894500370008E-10,2.68343839518356E-09,ENSMUSG00000020988,ENSMUSG00000020988,L2hgdh,protein coding gene
ENSMUSG00000021022.8,107.8992258,-2.419265309,0.321603963,-7.522498434,5.37392614312298E-14,7.09270264695935E-13,ENSMUSG00000021022,ENSMUSG00000021022,Ppp2r3c,protein coding gene
ENSMUSG00000021037.6,341.8234418,-2.111164415,0.217637537,-9.700368989,3.00410223672924E-22,9.07247532847379E-21,ENSMUSG00000021037,ENSMUSG00000021037,Ahsa1,protein coding gene
ENSMUSG00000021072.12,287.8323464,-2.660597929,0.275151861,-9.669561804,4.0611320085513E-22,1.2090520705572E-20,ENSMUSG00000021072,ENSMUSG00000021072,Tmx1,protein coding gene
ENSMUSG00000021076.5,243.5137916,-2.460606489,0.231948841,-10.60840172,2.72368186170163E-26,1.17702367297741E-24,ENSMUSG00000021076,ENSMUSG00000021076,Actr10,protein coding gene
ENSMUSG00000021094.9,317.9044884,-2.555104419,0.232677896,-10.98129415,4.70139838840069E-28,2.34610973386881E-26,ENSMUSG00000021094,ENSMUSG00000021094,Dhrs7,protein coding gene
ENSMUSG00000021102.3,208.5744071,-2.001511863,0.244284278,-8.19337158,2.54008452072534E-16,4.32826272112865E-15,ENSMUSG00000021102,ENSMUSG00000021102,Glrx5,protein coding gene
ENSMUSG00000021116.9,366.5889744,-2.774009178,0.235676457,-11.77041276,5.54525260473214E-32,3.70136781345799E-30,ENSMUSG00000021116,ENSMUSG00000021116,Eif2s1,protein coding gene
ENSMUSG00000021131.13,215.4728182,-4.26020309,0.323359439,-13.17482211,1.22515876936353E-39,1.41088476082913E-37,ENSMUSG00000021131,ENSMUSG00000021131,Erh,protein coding gene
ENSMUSG00000021149.7,251.4955096,-2.243014565,0.267811869,-8.375336675,5.50662214610649E-17,9.97521984098928E-16,ENSMUSG00000021149,ENSMUSG00000021149,Gtpbp4,protein coding gene
ENSMUSG00000021208.9,24.82613736,-2.336473854,0.615068651,-3.798720436,0.000145445,0.000507387,ENSMUSG00000021208,ENSMUSG00000021208,Ifi27l2b,protein coding gene
ENSMUSG00000021211.3,63.94741432,-2.836683355,0.416048633,-6.818153282,9.22182217014266E-12,9.60637032127336E-11,ENSMUSG00000021211,ENSMUSG00000021211,Akr1c12,protein coding gene
ENSMUSG00000021248.8,1823.15020155576,-2.635479335,0.140074453,-18.81484647,5.70735465288973E-79,5.20088896390938E-76,ENSMUSG00000021248,ENSMUSG00000021248,Tmed10,protein coding gene
ENSMUSG00000021273.9,280.7090561,-2.006393761,0.232115862,-8.643932158,5.4310809679989E-18,1.07793585235122E-16,ENSMUSG00000021273,ENSMUSG00000021273,Fdft1,protein coding gene
ENSMUSG00000021282.16,1783.94671525324,-2.239038429,0.159295274,-14.05589994,7.08751614259187E-45,1.16052539712956E-42,ENSMUSG00000021282,ENSMUSG00000021282,Eif5,protein coding gene
ENSMUSG00000021290.5,319.88117081376,-2.065477988,0.232931921,-8.867303266,7.49386142241673E-19,1.61422242088831E-17,ENSMUSG00000021290,ENSMUSG00000021290,Atp5mj,protein coding gene
ENSMUSG00000021361.6,218.2157753,-2.490905205,0.262582363,-9.486186251,2.3964166074076E-21,6.65623011992163E-20,ENSMUSG00000021361,ENSMUSG00000021361,Tmem14c,protein coding gene
ENSMUSG00000021388.13,52.11557614,-2.199718156,0.452891576,-4.857052489,1.19146018766943E-06,6.25546444723537E-06,ENSMUSG00000021388,ENSMUSG00000021388,Aspn,protein coding gene
ENSMUSG00000021477.8,4825.47327100653,-3.012277354,0.188054955,-16.01806957,9.55715469823429E-58,3.51418254947882E-55,ENSMUSG00000021477,ENSMUSG00000021477,Ctsl,protein coding gene
ENSMUSG00000021520.4,274.96253,-3.452520271,0.32083286,-10.76111802,5.25289690613316E-27,2.41437425999221E-25,ENSMUSG00000021520,ENSMUSG00000021520,Uqcrb,protein coding gene
ENSMUSG00000021537.8,115.48681330459,-2.616275609,0.341317792,-7.665218966,1.78526364593988E-14,2.48597709269461E-13,ENSMUSG00000021537,ENSMUSG00000021537,Cetn3,protein coding gene
ENSMUSG00000021546.17,1737.44346239297,-2.129173677,0.15469009,-13.76412462,4.1892777991774E-43,5.92799420308176E-41,ENSMUSG00000021546,ENSMUSG00000021546,Hnrnpk,protein coding gene
ENSMUSG00000021578.16,277.5881431,-2.132308296,0.229615533,-9.286428808,1.59551881257859E-20,4.058310533111E-19,ENSMUSG00000021578,ENSMUSG00000021578,Ccdc127,protein coding gene
ENSMUSG00000021643.14,36.26775145,-2.595450089,0.59550621,-4.35839299,1.31020958314536E-05,5.68897506798086E-05,ENSMUSG00000021643,ENSMUSG00000021643,Serf1,protein coding gene
ENSMUSG00000021660.14,914.5975636,-3.482346652,0.187108421,-18.61138391,2.59819111792659E-77,2.01686991261568E-74,ENSMUSG00000021660,ENSMUSG00000021660,Btf3,protein coding gene
ENSMUSG00000021665.7,136.0527340224,-2.525113515,0.306905565,-8.227656344,1.90911864404735E-16,3.28785683324474E-15,ENSMUSG00000021665,ENSMUSG00000021665,Hexb,protein coding gene
ENSMUSG00000021731.9,106.1641159,-2.37448499,0.377963221,-6.282317586,3.33562551404524E-10,2.90570969031065E-09,ENSMUSG00000021731,ENSMUSG00000021731,Mrps30,protein coding gene
ENSMUSG00000021737.3,440.2789718,-2.190898978,0.220431493,-9.939137756,2.8125097692635E-23,9.40149796714413E-22,ENSMUSG00000021737,ENSMUSG00000021737,Psmd6,protein coding gene
ENSMUSG00000021748.8,363.9316946,-2.620744394,0.212459971,-12.33523843,5.85154526035069E-35,4.80951125928197E-33,ENSMUSG00000021748,ENSMUSG00000021748,Pdhb,protein coding gene
ENSMUSG00000021760.3,105.2660065,-2.554662974,0.333152327,-7.668152867,1.74490856949752E-14,2.43647826169876E-13,ENSMUSG00000021760,ENSMUSG00000021760,Gpx8,protein coding gene
ENSMUSG00000021764.6,225.4715091,-2.310876736,0.237497691,-9.730101915,2.24368050308365E-22,6.84502178517178E-21,ENSMUSG00000021764,ENSMUSG00000021764,Ndufs4,protein coding gene
ENSMUSG00000021771.13,686.2496373,-2.323761179,0.187882664,-12.3681511,3.88665038907829E-35,3.24543049819489E-33,ENSMUSG00000021771,ENSMUSG00000021771,Vdac2,protein coding gene
ENSMUSG00000021785.7,220.161304,-2.122425726,0.265983257,-7.979546336,1.46872103172639E-15,2.30238774150736E-14,ENSMUSG00000021785,ENSMUSG00000021785,Ngly1,protein coding gene
ENSMUSG00000021807.5,472.8524953,-2.296938996,0.199951032,-11.48750758,1.5244698517912E-30,9.34250398353559E-29,ENSMUSG00000021807,ENSMUSG00000021807,Rtraf,protein coding gene
ENSMUSG00000021811.6,86.73710691,-3.057178018,0.384423244,-7.952635718,1.82584632807176E-15,2.83046695192723E-14,ENSMUSG00000021811,ENSMUSG00000021811,Dnajc9,protein coding gene
ENSMUSG00000021831.8,908.9309357,-2.206981663,0.205498512,-10.7396479,6.62967465121059E-27,3.01412908925646E-25,ENSMUSG00000021831,ENSMUSG00000021831,Ero1a,protein coding gene
ENSMUSG00000021832.7,308.0798912,-2.625216158,0.224493241,-11.69396523,1.3684499734478E-31,8.9629196854664E-30,ENSMUSG00000021832,ENSMUSG00000021832,Psmc6,protein coding gene
ENSMUSG00000021877.11,1441.44670027104,-2.577436492,0.19876054,-12.96754626,1.86918674719879E-38,1.97860025426966E-36,ENSMUSG00000021877,ENSMUSG00000021877,Arf4,protein coding gene
ENSMUSG00000021880.6,31.42010042,-2.588782124,0.584899106,-4.426031941,9.59823182097056E-06,4.26386902788728E-05,ENSMUSG00000021880,ENSMUSG00000021880,Rnase6,protein coding gene
ENSMUSG00000021963.16,363.44346860408,-2.270932062,0.265633791,-8.549108364,1.2404301634915E-17,2.38296753406219E-16,ENSMUSG00000021963,ENSMUSG00000021963,Sap18,protein coding gene
ENSMUSG00000021973.8,246.87430580025,-2.144808647,0.257344376,-8.334390997,7.78981013463124E-17,1.39305998815475E-15,ENSMUSG00000021973,ENSMUSG00000021973,Micu2,protein coding gene
ENSMUSG00000021996.16,454.6972077,-2.281559781,0.210971601,-10.81453507,2.93778491812126E-27,1.37439808256481E-25,ENSMUSG00000021996,ENSMUSG00000021996,Esd,protein coding gene
ENSMUSG00000022033.9,14.93085998,-4.241550133,1.032740212,-4.107083355,4.00686660431101E-05,0.000157413,ENSMUSG00000022033,ENSMUSG00000022033,Pbk,protein coding gene
ENSMUSG00000022051.15,457.1587594,-2.65496526,0.20197497,-13.14502118,1.81754627573108E-39,2.05287625335463E-37,ENSMUSG00000022051,ENSMUSG00000022051,Bnip3l,protein coding gene
ENSMUSG00000022110.13,255.1408293,-2.551290861,0.232178917,-10.98846913,4.34228598110352E-28,2.18773970860453E-26,ENSMUSG00000022110,ENSMUSG00000022110,Sucla2,protein coding gene
ENSMUSG00000022132.15,146.5841749,-2.601952526,0.295357549,-8.809500662,1.257045458434E-18,2.63200956676506E-17,ENSMUSG00000022132,ENSMUSG00000022132,Cldn10,protein coding gene
ENSMUSG00000022186.14,414.0076949,-2.447638543,0.220146485,-11.11822675,1.02284729731005E-28,5.3863961066134E-27,ENSMUSG00000022186,ENSMUSG00000022186,Oxct1,protein coding gene
ENSMUSG00000022193.6,318.7062515,-2.048248866,0.243182072,-8.422696836,3.67915607633834E-17,6.77604852407515E-16,ENSMUSG00000022193,ENSMUSG00000022193,Psmb5,protein coding gene
ENSMUSG00000022205.15,319.8685031,-2.193367654,0.255688011,-8.578296819,9.62882167752777E-18,1.87382055282548E-16,ENSMUSG00000022205,ENSMUSG00000022205,Sub1,protein coding gene
ENSMUSG00000022235.14,52.66911836,-2.101208328,0.448763416,-4.68221841,2.8378687447162E-06,1.39001848610673E-05,ENSMUSG00000022235,ENSMUSG00000022235,Cmbl,protein coding gene
ENSMUSG00000022247.12,171.0220323,-2.250526905,0.267283606,-8.419996058,3.76496975181138E-17,6.92800711397847E-16,ENSMUSG00000022247,ENSMUSG00000022247,Brix1,protein coding gene
ENSMUSG00000022270.15,781.7174523,-2.622827217,0.262594493,-9.988127264,1.7179665511524E-23,5.80755821703276E-22,ENSMUSG00000022270,ENSMUSG00000022270,Retreg1,protein coding gene
ENSMUSG00000022300.9,127.0534889,-2.534494136,0.336383227,-7.534543742,4.90045220294325E-14,6.50054289376503E-13,ENSMUSG00000022300,ENSMUSG00000022300,Dcaf13,protein coding gene
ENSMUSG00000022323.11,136.3214055,-3.584411334,0.353897357,-10.12839248,4.13389447954209E-24,1.48106486148244E-22,ENSMUSG00000022323,ENSMUSG00000022323,Rida,protein coding gene
ENSMUSG00000022336.2,596.34688266297,-2.822752624,0.242075648,-11.66062199,2.02557259921086E-31,1.31030790453273E-29,ENSMUSG00000022336,ENSMUSG00000022336,Eif3e,protein coding gene
ENSMUSG00000022337.6,120.6551354,-2.139980952,0.341674827,-6.263209301,3.77133873513755E-10,3.2662598574276E-09,ENSMUSG00000022337,ENSMUSG00000022337,Emc2,protein coding gene
ENSMUSG00000022338.6,234.7881723,-2.878788576,0.24413691,-11.79169744,4.30770237474482E-32,2.9030589733851E-30,ENSMUSG00000022338,ENSMUSG00000022338,Eny2,protein coding gene
ENSMUSG00000022339.8,89.79370115,-2.100227083,0.462104241,-4.544920595,5.495596736411E-06,2.56245187983177E-05,ENSMUSG00000022339,ENSMUSG00000022339,Ebag9,protein coding gene
ENSMUSG00000022370.13,241.5882893,-2.220575386,0.228843885,-9.703450847,2.91470209854815E-22,8.81518633239116E-21,ENSMUSG00000022370,ENSMUSG00000022370,Mrpl13,protein coding gene
ENSMUSG00000022400.8,285.1912199,-2.20935722,0.231173238,-9.557149619,1.21044500704669E-21,3.43763101662487E-20,ENSMUSG00000022400,ENSMUSG00000022400,Rbx1,protein coding gene
ENSMUSG00000022404.7,241.4220126,-2.740510225,0.247979349,-11.05136471,2.15907461622139E-28,1.11733444151566E-26,ENSMUSG00000022404,ENSMUSG00000022404,Slc25a17,protein coding gene
ENSMUSG00000022427.3,249.4002938,-2.510952695,0.26845392,-9.35338437,8.4887090136749E-21,2.22115920371551E-19,ENSMUSG00000022427,ENSMUSG00000022427,Tomm22,protein coding gene
ENSMUSG00000022512.2,15.89081622,-2.527433954,0.789092439,-3.202963089,0.001360214,0.003797619,ENSMUSG00000022512,ENSMUSG00000022512,Cldn1,protein coding gene
ENSMUSG00000022674.14,41.58189315,-2.448718368,0.552723369,-4.43027834,9.41115384165791E-06,4.185197822349E-05,ENSMUSG00000022674,ENSMUSG00000022674,Ube2v2,protein coding gene
ENSMUSG00000022679.13,48.69107779,-2.336375057,0.479585614,-4.871653752,1.10667990949485E-06,5.83519603096917E-06,ENSMUSG00000022679,ENSMUSG00000022679,Mpv17l,protein coding gene
ENSMUSG00000022698.17,559.8140185,-2.088237739,0.236631591,-8.824847662,1.09608910927563E-18,2.31581972190604E-17,ENSMUSG00000022698,ENSMUSG00000022698,Naa50,protein coding gene
ENSMUSG00000022722.18,43.29904797,-2.140115627,0.473003116,-4.524527545,6.05305695024309E-06,2.79748667299107E-05,ENSMUSG00000022722,ENSMUSG00000022722,Arl6,protein coding gene
ENSMUSG00000022744.12,165.8412857127,-2.117375187,0.273330498,-7.74657494,9.44043078725523E-15,1.3561479703227E-13,ENSMUSG00000022744,ENSMUSG00000022744,Cldnd1,protein coding gene
ENSMUSG00000022774.12,216.1780805,-2.806002835,0.249826219,-11.23181883,2.84559716046792E-29,1.56949660226966E-27,ENSMUSG00000022774,ENSMUSG00000022774,Ncbp2,protein coding gene
ENSMUSG00000022797.15,216.906147,-2.042279,0.279666888,-7.302541305,2.82382579051592E-13,3.46716840910505E-12,ENSMUSG00000022797,ENSMUSG00000022797,Tfrc,protein coding gene
ENSMUSG00000022800.13,274.3093396,-2.539052418,0.25921055,-9.795328244,1.1791380607723E-22,3.69963392450998E-21,ENSMUSG00000022800,ENSMUSG00000022800,Fyttd1,protein coding gene
ENSMUSG00000022820.3,161.4627682,-2.100643854,0.267302143,-7.858686922,3.88181118174362E-15,5.82800003998313E-14,ENSMUSG00000022820,ENSMUSG00000022820,Ndufb4,protein coding gene
ENSMUSG00000022858.15,458.1791688,-2.104916239,0.262555998,-8.017018291,1.08342992931246E-15,1.7176707933782E-14,ENSMUSG00000022858,ENSMUSG00000022858,Tra2b,protein coding gene
ENSMUSG00000022863.14,133.67284,-2.19199174,0.332736261,-6.58777536,4.46465453951748E-11,4.36042378815223E-10,ENSMUSG00000022863,ENSMUSG00000022863,Btg3,protein coding gene
ENSMUSG00000022881.14,24.81564095,-3.042660431,0.719289604,-4.230090931,2.33596867339051E-05,9.64530485137739E-05,ENSMUSG00000022881,ENSMUSG00000022881,Rfc4,protein coding gene
ENSMUSG00000022884.14,1628.25117497607,-2.594258196,0.153642261,-16.8850561,5.79611907163914E-64,2.82513627029034E-61,ENSMUSG00000022884,ENSMUSG00000022884,Eif4a2,protein coding gene
ENSMUSG00000022912.8,255.0960245,-2.437421156,0.316950645,-7.69022306,1.46878727655308E-14,2.0632917244823E-13,ENSMUSG00000022912,ENSMUSG00000022912,Pros1,protein coding gene
ENSMUSG00000022940.16,114.4176443,-2.642617329,0.3385456,-7.80579435,5.91279289910732E-15,8.70268443626336E-14,ENSMUSG00000022940,ENSMUSG00000022940,Pigp,protein coding gene
ENSMUSG00000022951.15,1655.33261903792,-3.212093103,0.171793369,-18.69742189,5.19567872306491E-78,4.3558492142687E-75,ENSMUSG00000022951,ENSMUSG00000022951,Rcan1,protein coding gene
ENSMUSG00000022972.9,91.87683441,-2.066397042,0.370047605,-5.584138407,2.34861614055144E-08,1.60759783441599E-07,ENSMUSG00000022972,ENSMUSG00000022972,Cfap298,protein coding gene
ENSMUSG00000022993.6,30.95365827,-2.461533359,0.684751409,-3.594783926,0.000324661,0.001047501,ENSMUSG00000022993,ENSMUSG00000022993,Spmip11,protein coding gene
ENSMUSG00000023070.6,16.84479336,-3.968800866,0.922571766,-4.301888496,1.69348532509702E-05,7.20922524749842E-05,ENSMUSG00000023070,ENSMUSG00000023070,Rgn,protein coding gene
ENSMUSG00000023074.11,109.4620967,-3.40536097,0.379446582,-8.974546435,2.84521607261264E-19,6.43983624901603E-18,ENSMUSG00000023074,ENSMUSG00000023074,Mospd1,protein coding gene
ENSMUSG00000023089.12,194.0517274,-2.954833355,0.288703097,-10.23485159,1.3840722155355E-24,5.18940421563658E-23,ENSMUSG00000023089,ENSMUSG00000023089,Ndufa5,protein coding gene
ENSMUSG00000023122.6,88.48087854,-2.735244829,0.368976968,-7.413050309,1.23427037027548E-13,1.57930846706983E-12,ENSMUSG00000023122,ENSMUSG00000023122,Sult1c2,protein coding gene
ENSMUSG00000023156.4,165.2550393,-2.219560122,0.286510233,-7.746879063,9.41785736399513E-15,1.35476233693874E-13,ENSMUSG00000023156,ENSMUSG00000023156,Rpp14,protein coding gene
ENSMUSG00000023832.13,71.51874379,-2.693691742,0.472317873,-5.703133202,1.17624991477466E-08,8.40826124275651E-08,ENSMUSG00000023832,ENSMUSG00000023832,Acat2,protein coding gene
ENSMUSG00000023882.15,21.23632107,-2.337845969,0.720046427,-3.24679893,0.001167108,0.003314106,ENSMUSG00000023882,ENSMUSG00000023882,Zfp54,protein coding gene
ENSMUSG00000023905.14,423.6527061,-3.643099988,0.239454833,-15.21414268,2.8492757401862E-52,7.55923673905855E-50,ENSMUSG00000023905,ENSMUSG00000023905,Tnfrsf12a,protein coding gene
ENSMUSG00000023913.17,94.2020634,-2.197865852,0.358612247,-6.128808672,8.85395200366629E-10,7.32320363239312E-09,ENSMUSG00000023913,ENSMUSG00000023913,Pla2g7,protein coding gene
ENSMUSG00000023921.8,254.5483719,-2.061872151,0.239239342,-8.618449358,6.78668836334646E-18,1.33560752495191E-16,ENSMUSG00000023921,ENSMUSG00000023921,Mmut,protein coding gene
ENSMUSG00000023963.9,301.2248032,-2.676211543,0.250807531,-10.67037952,1.4005317114567E-26,6.17973560850969E-25,ENSMUSG00000023963,ENSMUSG00000023963,Cyp39a1,protein coding gene
ENSMUSG00000024056.9,6.935119933,-2.942270725,1.272754764,-2.311734207,0.020792335,0.041718031,ENSMUSG00000024056,ENSMUSG00000024056,Ndc80,protein coding gene
ENSMUSG00000024072.8,272.8116494,-3.152657258,0.258180205,-12.21107274,2.71288431847935E-34,2.16195218368855E-32,ENSMUSG00000024072,ENSMUSG00000024072,Yipf4,protein coding gene
ENSMUSG00000024084.7,70.25345103,-2.151667892,0.394437403,-5.45503007,4.89645587718196E-08,3.18611669450037E-07,ENSMUSG00000024084,ENSMUSG00000024084,Qpct,protein coding gene
ENSMUSG00000024097.10,380.93045511835,-2.211513317,0.221560724,-9.981522324,1.83627555753735E-23,6.1776082520747E-22,ENSMUSG00000024097,ENSMUSG00000024097,Srsf7,protein coding gene
ENSMUSG00000024099.14,414.0423096,-2.600308203,0.212579983,-12.23214043,2.09348437427298E-34,1.68758996155336E-32,ENSMUSG00000024099,ENSMUSG00000024099,Ndufv2,protein coding gene
ENSMUSG00000024145.6,26.39839537,-3.883099141,0.785240606,-4.945107413,7.61018909303166E-07,4.112995183106E-06,ENSMUSG00000024145,ENSMUSG00000024145,Pigf,protein coding gene
ENSMUSG00000024146.9,171.618357,-2.131860184,0.270245135,-7.888616313,3.05555364471448E-15,4.62392410394012E-14,ENSMUSG00000024146,ENSMUSG00000024146,Cript,protein coding gene
ENSMUSG00000024228.12,47.71230138,-2.26529477,0.49312182,-4.593783279,4.35281440368072E-06,2.06264158007561E-05,ENSMUSG00000024228,ENSMUSG00000024228,Nudt12,protein coding gene
ENSMUSG00000024248.13,925.6711445,-2.040839712,0.197001895,-10.3594928,3.78966203633962E-25,1.51002902318711E-23,ENSMUSG00000024248,ENSMUSG00000024248,Cox7a2l,protein coding gene
ENSMUSG00000024253.8,101.9155485,-2.010803204,0.363440594,-5.532687431,3.15361161913317E-08,2.11306093111932E-07,ENSMUSG00000024253,ENSMUSG00000024253,Dync2li1,protein coding gene
ENSMUSG00000024258.3,72.57253179,-2.189595575,0.507134013,-4.317587692,1.57743744703221E-05,6.76104528677873E-05,ENSMUSG00000024258,ENSMUSG00000024258,Polr2d,protein coding gene
ENSMUSG00000024309.14,182.06285106421,-3.031289132,0.269781415,-11.23609325,2.71116815239424E-29,1.49929744870794E-27,ENSMUSG00000024309,ENSMUSG00000024309,Pfdn6,protein coding gene
ENSMUSG00000024317.14,133.8404928,-2.262007077,0.30171373,-7.497196367,6.51972717841645E-14,8.55647851799814E-13,ENSMUSG00000024317,ENSMUSG00000024317,Rnf138,protein coding gene
ENSMUSG00000024359.8,3131.79214813592,-2.12640333,0.143811153,-14.78608079,1.8014224962129E-49,4.19511267756957E-47,ENSMUSG00000024359,ENSMUSG00000024359,Hspa9,protein coding gene
ENSMUSG00000024480.7,358.8373761,-2.784614498,0.210557424,-13.22496468,6.29668080738816E-40,7.37274486268428E-38,ENSMUSG00000024480,ENSMUSG00000024480,Ap3s1,protein coding gene
ENSMUSG00000024516.12,1193.07053057891,-2.025710185,0.164062658,-12.34717397,5.0452743607979E-35,4.17960100110527E-33,ENSMUSG00000024516,ENSMUSG00000024516,Sec11c,protein coding gene
ENSMUSG00000024521.7,57.66724727,-4.198727583,0.570392163,-7.36112425,1.82367717780689E-13,2.29702223375328E-12,ENSMUSG00000024521,ENSMUSG00000024521,Pmaip1,protein coding gene
ENSMUSG00000024539.17,99.16659923,-2.262354905,0.320274615,-7.063797124,1.62013234992527E-12,1.8354785903829E-11,ENSMUSG00000024539,ENSMUSG00000024539,Ptpn2,protein coding gene
ENSMUSG00000024614.6,197.2444488,-2.430871568,0.264401262,-9.193872777,3.78946737855731E-20,9.24603571445665E-19,ENSMUSG00000024614,ENSMUSG00000024614,Tmx3,protein coding gene
ENSMUSG00000024640.9,761.2920504,-2.154417629,0.214472898,-10.04517424,9.64770287574663E-24,3.33742248750193E-22,ENSMUSG00000024640,ENSMUSG00000024640,Psat1,protein coding gene
ENSMUSG00000024645.4,83.2191649,-2.895848846,0.372367704,-7.776852866,7.43509958499497E-15,1.07842389067065E-13,ENSMUSG00000024645,ENSMUSG00000024645,Timm21,protein coding gene
ENSMUSG00000024646.13,429.68582520711,-2.03685423,0.187493137,-10.86362021,1.71800495278113E-27,8.14653072518997E-26,ENSMUSG00000024646,ENSMUSG00000024646,Cyb5a,protein coding gene
ENSMUSG00000024659.14,332.9023978,-2.642615819,0.279002343,-9.471661739,2.75426669494089E-21,7.59561521832449E-20,ENSMUSG00000024659,ENSMUSG00000024659,Anxa1,protein coding gene
ENSMUSG00000024675.19,25.61154181,-2.232243049,0.911148016,-2.449923622,0.014288652,0.030092028,ENSMUSG00000024675,ENSMUSG00000024675,Ms4a4c,protein coding gene
ENSMUSG00000024682.3,3.851537642,-5.206932096,1.926017526,-2.703470776,0.006861948,0.015854875,ENSMUSG00000024682,ENSMUSG00000024682,Cblif,protein coding gene
ENSMUSG00000024747.3,53.85296799,-2.47127156,0.45801992,-5.395554756,6.8312155223577E-08,4.33077574510269E-07,ENSMUSG00000024747,ENSMUSG00000024747,Aldh1a7,protein coding gene
ENSMUSG00000024774.15,22.50529503,-3.296131143,0.77436445,-4.256563097,2.07593468581937E-05,8.6655078829094E-05,ENSMUSG00000024774,ENSMUSG00000024774,Ankrd22,protein coding gene
ENSMUSG00000024803.8,111.3667072,-2.745737039,0.491016378,-5.591945934,2.24538745680575E-08,1.54399854682388E-07,ENSMUSG00000024803,ENSMUSG00000024803,Ankrd1,protein coding gene
ENSMUSG00000024878.8,38.56872253,-2.670698563,0.558782606,-4.779494804,1.75736214035343E-06,8.94428195718009E-06,ENSMUSG00000024878,ENSMUSG00000024878,Zng1,protein coding gene
ENSMUSG00000024997.7,370.5488418,-2.296784058,0.214414241,-10.71190072,8.95050112172907E-27,4.00840925235726E-25,ENSMUSG00000024997,ENSMUSG00000024997,Prdx3,protein coding gene
ENSMUSG00000025016.10,1475.85274554304,-2.368990062,0.181776728,-13.03241668,8.00320178579674E-39,8.7364117827351E-37,ENSMUSG00000025016,ENSMUSG00000025016,Tm9sf3,protein coding gene
ENSMUSG00000025037.6,107.0206328,-2.214907293,0.338145359,-6.550163219,5.74742313664201E-11,5.51557882421612E-10,ENSMUSG00000025037,ENSMUSG00000025037,Maoa,protein coding gene
ENSMUSG00000025040.13,194.7013535,-2.053325908,0.273265527,-7.514031978,5.73335701790601E-14,7.55282399360729E-13,ENSMUSG00000025040,ENSMUSG00000025040,Fundc1,protein coding gene
ENSMUSG00000025059.16,16.69798426,-2.618977784,0.777539895,-3.368287339,0.000756367,0.002245107,ENSMUSG00000025059,ENSMUSG00000025059,Gk,protein coding gene
ENSMUSG00000025068.7,296.1025564,-2.468547284,0.230965688,-10.68793942,1.15917701045245E-26,5.15821464162904E-25,ENSMUSG00000025068,ENSMUSG00000025068,Gsto1,protein coding gene
ENSMUSG00000025193.14,43.49701205,-2.097564062,0.490549407,-4.275948629,1.90325110842509E-05,7.99884499327882E-05,ENSMUSG00000025193,ENSMUSG00000025193,Cutc,protein coding gene
ENSMUSG00000025240.8,331.0640978,-2.43602357,0.276582159,-8.807594737,1.2785973441232E-18,2.67446324705371E-17,ENSMUSG00000025240,ENSMUSG00000025240,Sacm1l,protein coding gene
ENSMUSG00000025270.13,364.540202,-2.78231345,0.28826522,-9.651922098,4.82428788358104E-22,1.42612482019711E-20,ENSMUSG00000025270,ENSMUSG00000025270,Alas2,protein coding gene
ENSMUSG00000025283.15,739.0540939,-2.593071923,0.20762724,-12.48907377,8.56448867912626E-36,7.6384305628003E-34,ENSMUSG00000025283,ENSMUSG00000025283,Sat1,protein coding gene
ENSMUSG00000025290.16,3521.98721094611,-2.081875972,0.545863559,-3.813912725,0.000136784,0.00048029,ENSMUSG00000025290,ENSMUSG00000025290,Rps24,protein coding gene
ENSMUSG00000025351.13,1785.65747923173,-3.222739323,0.15500797,-20.79079761,5.24321184974879E-96,9.99022519626226E-93,ENSMUSG00000025351,ENSMUSG00000025351,Cd63,protein coding gene
ENSMUSG00000025381.2,754.3853524,-2.270096989,0.170851957,-13.28692411,2.75679695400035E-40,3.35928531156357E-38,ENSMUSG00000025381,ENSMUSG00000025381,Cnpy2,protein coding gene
ENSMUSG00000025451.15,268.5437394,-2.156083883,0.222057231,-9.709586463,2.74448321054234E-22,8.31237335401112E-21,ENSMUSG00000025451,ENSMUSG00000025451,Paip1,protein coding gene
ENSMUSG00000025544.13,978.2897312,-2.51876609,0.177401492,-14.19811105,9.41152238436597E-46,1.64380081378272E-43,ENSMUSG00000025544,ENSMUSG00000025544,Tm9sf2,protein coding gene
ENSMUSG00000025607.15,185.38226997022,-2.240854516,0.250841272,-8.93335655,4.13275084758469E-19,9.09856355194616E-18,ENSMUSG00000025607,ENSMUSG00000025607,Copg2,protein coding gene
ENSMUSG00000025613.13,638.12092186429,-2.029558704,0.172214369,-11.78507178,4.66022963538374E-32,3.12056718619833E-30,ENSMUSG00000025613,ENSMUSG00000025613,Cct8,protein coding gene
ENSMUSG00000025630.8,212.6672924,-3.570823007,0.365574816,-9.767694189,1.54938096646935E-22,4.77551112885751E-21,ENSMUSG00000025630,ENSMUSG00000025630,Hprt1,protein coding gene
ENSMUSG00000025666.16,40.13344494,-3.216276587,0.554736702,-5.797843508,6.71730893204637E-09,4.93819985642792E-08,ENSMUSG00000025666,ENSMUSG00000025666,Tmem47,protein coding gene
ENSMUSG00000025724.12,357.123089,-2.169440448,0.266395578,-8.14368041,3.83440485187119E-16,6.42408403600067E-15,ENSMUSG00000025724,ENSMUSG00000025724,Sec11a,protein coding gene
ENSMUSG00000025742.5,180.1944383,-2.180984079,0.294804202,-7.398076635,1.38171108763571E-13,1.75937318868511E-12,ENSMUSG00000025742,ENSMUSG00000025742,Prps2,protein coding gene
ENSMUSG00000025794.8,3292.5024662874,-2.075134431,0.18293044,-11.34384432,7.95705233004453E-30,4.59426610979073E-28,ENSMUSG00000025794,ENSMUSG00000025794,Rpl14,protein coding gene
ENSMUSG00000025804.4,44.51125027,-2.946295711,0.501501934,-5.87494387,4.22986644777332E-09,3.20628466108069E-08,ENSMUSG00000025804,ENSMUSG00000025804,Ccr1,protein coding gene
ENSMUSG00000025869.11,251.0903102,-2.090091677,0.265095821,-7.884287541,3.16335116760599E-15,4.78014975644225E-14,ENSMUSG00000025869,ENSMUSG00000025869,Nop16,protein coding gene
ENSMUSG00000025887.10,116.4101772,-2.554641858,0.37036838,-6.897570087,5.28995467843729E-12,5.66541441519505E-11,ENSMUSG00000025887,ENSMUSG00000025887,Casp12,protein coding gene
ENSMUSG00000025888.5,43.71000815,-3.723486899,0.585979499,-6.354295514,2.09383972093953E-10,1.87141947595615E-09,ENSMUSG00000025888,ENSMUSG00000025888,Casp1,protein coding gene
ENSMUSG00000025889.13,82.62593776,-2.292574245,0.421186053,-5.443139032,5.23497555147059E-08,3.39164922977657E-07,ENSMUSG00000025889,ENSMUSG00000025889,Snca,protein coding gene
ENSMUSG00000025894.10,129.69975083096,-2.592297409,0.328377981,-7.894248582,2.92069524314982E-15,4.4358588116795E-14,ENSMUSG00000025894,ENSMUSG00000025894,Aasdhppt,protein coding gene
ENSMUSG00000025903.14,201.9880914,-2.456627068,0.244693484,-10.03960966,1.02077290558531E-23,3.51881238950041E-22,ENSMUSG00000025903,ENSMUSG00000025903,Lypla1,protein coding gene
ENSMUSG00000025933.15,19.80834614,-3.39265532,0.966647376,-3.509713475,0.00044859,0.001401818,ENSMUSG00000025933,ENSMUSG00000025933,Tmem14a,protein coding gene
ENSMUSG00000025934.15,408.2752501,-2.454873081,0.307986481,-7.970717014,1.57756375726769E-15,2.46379722716644E-14,ENSMUSG00000025934,ENSMUSG00000025934,Gsta3,protein coding gene
ENSMUSG00000025939.17,178.2174994,-2.584734737,0.2673451,-9.668158257,4.11720550634127E-22,1.22400723698449E-20,ENSMUSG00000025939,ENSMUSG00000025939,Ube2w,protein coding gene
ENSMUSG00000025940.6,192.4602856,-2.13902955,0.286955858,-7.454211126,9.04071272484881E-14,1.16965616049448E-12,ENSMUSG00000025940,ENSMUSG00000025940,Tmem70,protein coding gene
ENSMUSG00000025950.16,358.14808140609,-2.235085124,0.203215277,-10.99860774,3.88077208969009E-28,1.96466430501968E-26,ENSMUSG00000025950,ENSMUSG00000025950,Idh1,protein coding gene
ENSMUSG00000025955.13,78.20312477,-2.097696764,0.373170875,-5.62127675,1.89551336418583E-08,1.31811760451131E-07,ENSMUSG00000025955,ENSMUSG00000025955,Akr1cl,protein coding gene
ENSMUSG00000025967.16,2523.85805281219,-2.700464584,0.19706969,-13.70309451,9.72879438705657E-43,1.32406364648259E-40,ENSMUSG00000025967,ENSMUSG00000025967,Eef1b2,protein coding gene
ENSMUSG00000025980.14,940.6284461,-3.049908862,0.275633846,-11.06507386,1.85310149996677E-28,9.63750727985201E-27,ENSMUSG00000025980,ENSMUSG00000025980,Hspd1,protein coding gene
ENSMUSG00000025981.13,74.65343462,-2.584643091,0.39619751,-6.523622753,6.862919494392E-11,6.51744130869786E-10,ENSMUSG00000025981,ENSMUSG00000025981,Coq10b,protein coding gene
ENSMUSG00000026003.5,312.4136216,-2.432236351,0.250126594,-9.724021404,2.38184562812462E-22,7.2559742034686E-21,ENSMUSG00000026003,ENSMUSG00000026003,Acadl,protein coding gene
ENSMUSG00000026005.15,134.223303,-2.19792652,0.348440085,-6.307903758,2.82839992915572E-10,2.48555279308909E-09,ENSMUSG00000026005,ENSMUSG00000026005,Rpe,protein coding gene
ENSMUSG00000026021.15,262.3382689,-2.728540968,0.277366572,-9.837310038,7.77621608972393E-23,2.49971952491601E-21,ENSMUSG00000026021,ENSMUSG00000026021,Sumo1,protein coding gene
ENSMUSG00000026032.8,159.2496653,-2.552573362,0.318236399,-8.020997507,1.04889857113664E-15,1.66670698653926E-14,ENSMUSG00000026032,ENSMUSG00000026032,Ndufb3,protein coding gene
ENSMUSG00000026049.11,78.40085675,-2.711692805,0.408280494,-6.64173979,3.10001900788133E-11,3.06912132197378E-10,ENSMUSG00000026049,ENSMUSG00000026049,Tex30,protein coding gene
ENSMUSG00000026064.15,421.68161356752,-2.272834762,0.262674958,-8.652651104,5.03166705766542E-18,1.00532611879513E-16,ENSMUSG00000026064,ENSMUSG00000026064,Ptp4a1,protein coding gene
ENSMUSG00000026078.10,164.3719748,-2.854762763,0.288413114,-9.898172539,4.23950804646886E-23,1.39491128957521E-21,ENSMUSG00000026078,ENSMUSG00000026078,Pdcl3,protein coding gene
ENSMUSG00000026097.9,88.87186866,-2.958190201,0.371032441,-7.972861331,1.55042109965323E-15,2.42321221682565E-14,ENSMUSG00000026097,ENSMUSG00000026097,Ormdl1,protein coding gene
ENSMUSG00000026111.15,234.8724307,-2.603125212,0.329358044,-7.903633318,2.70889134028229E-15,4.12314114749285E-14,ENSMUSG00000026111,ENSMUSG00000026111,Unc50,protein coding gene
ENSMUSG00000026154.4,25.8690661,-2.30152994,0.623685979,-3.690206321,0.000224072,0.000751052,ENSMUSG00000026154,ENSMUSG00000026154,Sdhaf4,protein coding gene
ENSMUSG00000026234.12,2049.25131832181,-2.255533536,0.548287143,-4.113781554,3.89229785603787E-05,0.000153228,ENSMUSG00000026234,ENSMUSG00000026234,Nucleolin,protein coding gene
ENSMUSG00000026248.9,109.46013105894,-2.292156196,0.332199614,-6.899936353,5.20258434537595E-12,5.57469147723592E-11,ENSMUSG00000026248,ENSMUSG00000026248,Mrpl44,protein coding gene
ENSMUSG00000026249.10,355.5512196,-2.233284509,0.243170025,-9.184045238,4.15194073438169E-20,1.00834908287261E-18,ENSMUSG00000026249,ENSMUSG00000026249,Serpine2,protein coding gene
ENSMUSG00000026341.16,875.3155384,-2.442271736,0.280841942,-8.696249981,3.43032292814996E-18,6.93308951312391E-17,ENSMUSG00000026341,ENSMUSG00000026341,Actr3,protein coding gene
ENSMUSG00000026342.10,745.1291237,-2.015177427,0.213966625,-9.418185789,4.58949057189296E-21,1.23798111835656E-19,ENSMUSG00000026342,ENSMUSG00000026342,Slc35f5,protein coding gene
ENSMUSG00000026365.15,733.8635982,-2.154133306,0.176646891,-12.19457245,3.32243209131728E-34,2.61785166172627E-32,ENSMUSG00000026365,ENSMUSG00000026365,Cfh,protein coding gene
ENSMUSG00000026377.12,216.04639448837,-2.535894729,0.268829341,-9.433102491,3.98134903342238E-21,1.08229694411803E-19,ENSMUSG00000026377,ENSMUSG00000026377,Nifk,protein coding gene
ENSMUSG00000026385.16,1007.27269106442,-2.17040883,0.26088435,-8.319429019,8.83880698186796E-17,1.5712684947665E-15,ENSMUSG00000026385,ENSMUSG00000026385,Dbi,protein coding gene
ENSMUSG00000026405.14,16.99232785,-2.402336819,0.800770739,-3.000030724,0.002699524,0.006983079,ENSMUSG00000026405,ENSMUSG00000026405,C4bp,protein coding gene
ENSMUSG00000026492.11,128.2189016,-2.054389489,0.298534264,-6.881586929,5.91894374635085E-12,6.30041350836808E-11,ENSMUSG00000026492,ENSMUSG00000026492,Tfb2m,protein coding gene
ENSMUSG00000026511.7,721.0139012,-2.532086621,0.178692845,-14.17005038,1.40399744817215E-45,2.43193243935868E-43,ENSMUSG00000026511,ENSMUSG00000026511,Srp9,protein coding gene
ENSMUSG00000026568.6,324.5981987,-2.022602882,0.214293186,-9.438484329,3.78210444043681E-21,1.03080789294038E-19,ENSMUSG00000026568,ENSMUSG00000026568,Mpc2,protein coding gene
ENSMUSG00000026628.13,231.3246121,-3.733065885,0.306672913,-12.17279298,4.33974488778761E-34,3.38129044993087E-32,ENSMUSG00000026628,ENSMUSG00000026628,Atf3,protein coding gene
ENSMUSG00000026734.9,71.29383824,-2.958774621,0.439715362,-6.728840689,1.71020172250656E-11,1.72992847017447E-10,ENSMUSG00000026734,ENSMUSG00000026734,4921504E06Rik,protein coding gene
ENSMUSG00000026750.6,190.8504826,-2.73080579,0.25445427,-10.73201009,7.20124181258493E-27,3.25984507883299E-25,ENSMUSG00000026750,ENSMUSG00000026750,Psmb7,protein coding gene
ENSMUSG00000026753.5,266.1829278,-2.439552818,0.275882378,-8.842727972,9.34094537489121E-19,1.98355495554554E-17,ENSMUSG00000026753,ENSMUSG00000026753,Ppp6c,protein coding gene
ENSMUSG00000026766.16,276.3439179,-2.144338174,0.277603442,-7.724465356,1.12323783357647E-14,1.60040392616786E-13,ENSMUSG00000026766,ENSMUSG00000026766,Mmadhc,protein coding gene
ENSMUSG00000026914.15,201.9501656,-2.173302768,0.330120388,-6.583364283,4.59920416537718E-11,4.48556166133738E-10,ENSMUSG00000026914,ENSMUSG00000026914,Psmd14,protein coding gene
ENSMUSG00000026986.14,29.48561133,-2.883216656,0.613823142,-4.697145576,2.63822424857565E-06,1.2995192015487E-05,ENSMUSG00000026986,ENSMUSG00000026986,Hnmt,protein coding gene
ENSMUSG00000027018.11,57.08522818,-2.408905758,0.468524635,-5.141470859,2.7259593738492E-07,1.5843977403357E-06,ENSMUSG00000027018,ENSMUSG00000027018,Hat1,protein coding gene
ENSMUSG00000027108.15,227.6436289,-2.265232448,0.238864856,-9.483322432,2.46312959897342E-21,6.81964772323434E-20,ENSMUSG00000027108,ENSMUSG00000027108,Ola1,protein coding gene
ENSMUSG00000027132.3,71.76767353,-3.018104097,0.434198112,-6.950983918,3.62747225621297E-12,3.96393071000874E-11,ENSMUSG00000027132,ENSMUSG00000027132,Katnbl1,protein coding gene
ENSMUSG00000027162.7,291.9869326,-2.170243047,0.226346672,-9.588137653,8.96892379288865E-22,2.58925170489192E-20,ENSMUSG00000027162,ENSMUSG00000027162,Lin7c,protein coding gene
ENSMUSG00000027170.12,609.4326427,-2.432240948,0.211683653,-11.48998005,1.48146132558355E-30,9.10555657563212E-29,ENSMUSG00000027170,ENSMUSG00000027170,Eif3m,protein coding gene
ENSMUSG00000027173.7,35.35054508,-2.246952895,0.781047003,-2.876847215,0.0040167,0.009908901,ENSMUSG00000027173,ENSMUSG00000027173,Depdc7,protein coding gene
ENSMUSG00000027193.12,403.348852,-2.097186475,0.248856072,-8.427306828,3.53711514468398E-17,6.5201755776105E-16,ENSMUSG00000027193,ENSMUSG00000027193,Api5,protein coding gene
ENSMUSG00000027195.10,221.7685775,-3.334826287,0.322354002,-10.34522998,4.39858939279715E-25,1.72640515137894E-23,ENSMUSG00000027195,ENSMUSG00000027195,Hsd17b12,protein coding gene
ENSMUSG00000027206.13,326.205482,-2.5781102,0.221654896,-11.63118998,2.86081387844664E-31,1.82804262434034E-29,ENSMUSG00000027206,ENSMUSG00000027206,Cops2,protein coding gene
ENSMUSG00000027208.14,18.33729054,-2.284128433,0.735841425,-3.104104167,0.001908561,0.005133667,ENSMUSG00000027208,ENSMUSG00000027208,Fgf7,protein coding gene
ENSMUSG00000027219.13,65.47944721,-2.134456079,0.516445142,-4.132977359,3.58094013045426E-05,0.000142119,ENSMUSG00000027219,ENSMUSG00000027219,Slc28a2,protein coding gene
ENSMUSG00000027248.13,2910.35733459692,-2.11983341,0.202534026,-10.46655442,1.23040268021187E-25,5.08639246046561E-24,ENSMUSG00000027248,ENSMUSG00000027248,Pdia3,protein coding gene
ENSMUSG00000027305.9,67.20716905,-2.41716479,0.396986003,-6.088790972,1.13766537246295E-09,9.27073426961542E-09,ENSMUSG00000027305,ENSMUSG00000027305,Ndufaf1,protein coding gene
ENSMUSG00000027341.10,129.85332114622,-2.014148639,0.295568758,-6.814484222,9.46025562489347E-12,9.84496016098025E-11,ENSMUSG00000027341,ENSMUSG00000027341,Tmem230,protein coding gene
ENSMUSG00000027342.14,261.0917094,-2.66054456,0.292356989,-9.100328222,9.00592480728236E-20,2.11135545901377E-18,ENSMUSG00000027342,ENSMUSG00000027342,Pcna,protein coding gene
ENSMUSG00000027349.5,108.3321552,-2.204499569,0.330940665,-6.661313645,2.71390765825074E-11,2.69832972529778E-10,ENSMUSG00000027349,ENSMUSG00000027349,Fam98b,protein coding gene
ENSMUSG00000027375.14,53.09073771,-2.447847698,0.448031233,-5.463564855,4.6666666285719E-08,3.04699893670525E-07,ENSMUSG00000027375,ENSMUSG00000027375,Mal,protein coding gene
ENSMUSG00000027499.12,103.5570828,-2.188924119,0.449050007,-4.874566501,1.09047647390785E-06,5.75845210799565E-06,ENSMUSG00000027499,ENSMUSG00000027499,Pkia,protein coding gene
ENSMUSG00000027533.10,288.5563494,-3.281637606,0.275685669,-11.90354806,1.13420257421034E-32,8.00395681914965E-31,ENSMUSG00000027533,ENSMUSG00000027533,Fabp5,protein coding gene
ENSMUSG00000027599.9,167.3349558,-2.335901089,0.270231903,-8.64406114,5.42495022852206E-18,1.07773963828999E-16,ENSMUSG00000027599,ENSMUSG00000027599,Armc1,protein coding gene
ENSMUSG00000027611.12,194.8017735,-2.076752426,0.327118115,-6.348631684,2.17238439881758E-10,1.93831437270403E-09,ENSMUSG00000027611,ENSMUSG00000027611,Procr,protein coding gene
ENSMUSG00000027637.3,160.7978958,-2.684860479,0.317866825,-8.446494773,3.00179431542875E-17,5.58248509823168E-16,ENSMUSG00000027637,ENSMUSG00000027637,Rab5if,protein coding gene
ENSMUSG00000027656.7,69.40963815,-2.349525703,0.426135251,-5.51356804,3.51631006604291E-08,2.33740382728175E-07,ENSMUSG00000027656,ENSMUSG00000027656,Ccn5,protein coding gene
ENSMUSG00000027679.13,143.0949149,-2.936631828,0.318167796,-9.229821064,2.7108437567734E-20,6.74781167437217E-19,ENSMUSG00000027679,ENSMUSG00000027679,Dnajc19,protein coding gene
ENSMUSG00000027706.8,973.6895659,-2.050850115,0.214312571,-9.56943452,1.07491980114661E-21,3.06520328057575E-20,ENSMUSG00000027706,ENSMUSG00000027706,Sec62,protein coding gene
ENSMUSG00000027712.13,1433.21046010671,-2.413463552,0.18402298,-13.11501181,2.70140145013716E-39,2.99569698377909E-37,ENSMUSG00000027712,ENSMUSG00000027712,Anxa5,protein coding gene
ENSMUSG00000027714.11,73.26500439,-2.14906663,0.445980933,-4.818741056,1.44466906021505E-06,7.46519201998207E-06,ENSMUSG00000027714,ENSMUSG00000027714,Exosc9,protein coding gene
ENSMUSG00000027746.13,713.0612997,-2.459504826,0.189230145,-12.99742612,1.26530550755942E-38,1.36698650169783E-36,ENSMUSG00000027746,ENSMUSG00000027746,Ufm1,protein coding gene
ENSMUSG00000027750.16,147.515262,-2.587097445,0.310664707,-8.327619411,8.24841879179654E-17,1.46888044379802E-15,ENSMUSG00000027750,ENSMUSG00000027750,Postn,protein coding gene
ENSMUSG00000027801.7,558.8665151,-2.065473812,0.216453166,-9.54235896,1.39619655186877E-21,3.94378484240128E-20,ENSMUSG00000027801,ENSMUSG00000027801,Tm4sf4,protein coding gene
ENSMUSG00000027808.8,4115.66167747066,-2.210645663,0.160329095,-13.78817531,3.00258766420127E-43,4.37022464263851E-41,ENSMUSG00000027808,ENSMUSG00000027808,Serp1,protein coding gene
ENSMUSG00000027811.9,6.307141365,-3.269294713,1.452883313,-2.250211483,0.024435524,0.048057065,ENSMUSG00000027811,ENSMUSG00000027811,4930579G24Rik,protein coding gene
ENSMUSG00000027822.16,271.9352002,-2.978054584,0.234863479,-12.67993899,7.63913082419358E-37,7.41243254371635E-35,ENSMUSG00000027822,ENSMUSG00000027822,Slc33a1,protein coding gene
ENSMUSG00000027823.9,290.97288,-2.378017703,0.233580715,-10.18071076,2.41788806679062E-24,8.8286613226245E-23,ENSMUSG00000027823,ENSMUSG00000027823,Gmps,protein coding gene
ENSMUSG00000027828.12,2160.56801940017,-2.541044405,0.193675354,-13.12012265,2.52525916674523E-39,2.81526100403262E-37,ENSMUSG00000027828,ENSMUSG00000027828,Ssr3,protein coding gene
ENSMUSG00000027834.15,113.4946814,-2.451073203,0.317719148,-7.714590753,1.21371046961811E-14,1.7211202796161E-13,ENSMUSG00000027834,ENSMUSG00000027834,Serpini1,protein coding gene
ENSMUSG00000027835.11,156.52086021216,-2.344902227,0.374145732,-6.267349936,3.67244246651155E-10,3.18455612973172E-09,ENSMUSG00000027835,ENSMUSG00000027835,Pdcd10,protein coding gene
ENSMUSG00000027900.15,310.4846493,-2.449279783,0.295698274,-8.283037144,1.20072950039373E-16,2.11124912741209E-15,ENSMUSG00000027900,ENSMUSG00000027900,Dram2,protein coding gene
ENSMUSG00000027935.14,57.53420664,-2.496309036,0.461087251,-5.413962394,6.16451184786102E-08,3.94509935326165E-07,ENSMUSG00000027935,ENSMUSG00000027935,Rab13,protein coding gene
ENSMUSG00000027937.15,496.3390355,-2.279244597,0.188126272,-12.11550396,8.74251005602388E-34,6.68738205343812E-32,ENSMUSG00000027937,ENSMUSG00000027937,Jtb,protein coding gene
ENSMUSG00000027944.13,376.5132205,-2.857819988,0.217020603,-13.16842711,1.33346796522282E-39,1.52722158924072E-37,ENSMUSG00000027944,ENSMUSG00000027944,Hax1,protein coding gene
ENSMUSG00000028010.16,131.8770904,-2.200303785,0.315989251,-6.963223516,3.32573520177034E-12,3.65516959066096E-11,ENSMUSG00000028010,ENSMUSG00000028010,Gar1,protein coding gene
ENSMUSG00000028029.10,277.9758023,-2.181481907,0.258055154,-8.453549066,2.8257910786716E-17,5.27388737469974E-16,ENSMUSG00000028029,ENSMUSG00000028029,Aimp1,protein coding gene
ENSMUSG00000028044.6,72.28975347,-2.370657322,0.380124665,-6.236525908,4.47395247336885E-10,3.84301515939909E-09,ENSMUSG00000028044,ENSMUSG00000028044,Cks1b,protein coding gene
ENSMUSG00000028062.15,303.6039415,-3.257643916,0.243959844,-13.35319726,1.13472034466578E-40,1.40725465703255E-38,ENSMUSG00000028062,ENSMUSG00000028062,Lamtor2,protein coding gene
ENSMUSG00000028111.4,82.06228846,-2.801914414,0.376775307,-7.436565944,1.03336392506461E-13,1.33199720205592E-12,ENSMUSG00000028111,ENSMUSG00000028111,Ctsk,protein coding gene
ENSMUSG00000028140.13,157.5044892,-2.403075822,0.371814979,-6.463095772,1.02582320967674E-10,9.56841506524917E-10,ENSMUSG00000028140,ENSMUSG00000028140,Mrpl9,protein coding gene
ENSMUSG00000028156.12,324.7487554,-2.434031277,0.218114503,-11.15941966,6.44106524163094E-29,3.43507090074664E-27,ENSMUSG00000028156,ENSMUSG00000028156,Eif4e,protein coding gene
ENSMUSG00000028179.12,535.00689376927,-2.388252543,0.20560539,-11.61570979,3.42928625722658E-31,2.17801244440036E-29,ENSMUSG00000028179,ENSMUSG00000028179,Cth,protein coding gene
ENSMUSG00000028223.8,235.1404889,-2.316793807,0.248000233,-9.341901727,9.46191074251214E-21,2.46350543170574E-19,ENSMUSG00000028223,ENSMUSG00000028223,Decr1,protein coding gene
ENSMUSG00000028232.13,94.46709024,-2.884975179,0.393806265,-7.32587426,2.37346255724748E-13,2.95224936126706E-12,ENSMUSG00000028232,ENSMUSG00000028232,Tmem68,protein coding gene
ENSMUSG00000028247.2,95.42265775,-2.300262682,0.372178602,-6.180534472,6.38849439834316E-10,5.37952808737944E-09,ENSMUSG00000028247,ENSMUSG00000028247,Coq3,protein coding gene
ENSMUSG00000028249.15,916.4952193,-2.226171363,0.210047465,-10.59842052,3.03055149960574E-26,1.30425726653463E-24,ENSMUSG00000028249,ENSMUSG00000028249,Sdcbp,protein coding gene
ENSMUSG00000028252.20,83.95263591,-2.072036744,0.379223775,-5.463889348,4.65813960647855E-08,3.04237918392595E-07,ENSMUSG00000028252,ENSMUSG00000028252,Ccnc,protein coding gene
ENSMUSG00000028293.14,116.1993594,-2.230303473,0.323891503,-6.885958574,5.73996938057172E-12,6.12857963562927E-11,ENSMUSG00000028293,ENSMUSG00000028293,Slc35a1,protein coding gene
ENSMUSG00000028295.14,40.03842473,-2.727970338,0.543647316,-5.017904541,5.22381201459241E-07,2.89875234349596E-06,ENSMUSG00000028295,ENSMUSG00000028295,Smim8,protein coding gene
ENSMUSG00000028333.10,589.3495513,-2.037157987,0.252843518,-8.056991158,7.81953039643287E-16,1.26068875060643E-14,ENSMUSG00000028333,ENSMUSG00000028333,Anp32b,protein coding gene
ENSMUSG00000028343.10,644.8768212,-2.129051472,0.203163664,-10.47948946,1.0732152457518E-25,4.4718724325471E-24,ENSMUSG00000028343,ENSMUSG00000028343,Erp44,protein coding gene
ENSMUSG00000028367.5,545.8228936,-3.873215224,0.241714174,-16.02394747,8.69506834072971E-58,3.25428459559561E-55,ENSMUSG00000028367,ENSMUSG00000028367,Txn1,protein coding gene
ENSMUSG00000028378.6,79.2108332,-3.038304629,0.433368058,-7.010910416,2.36772308690842E-12,2.64949856799325E-11,ENSMUSG00000028378,ENSMUSG00000028378,Ptgr1,protein coding gene
ENSMUSG00000028383.17,121.6062768,-2.056577648,0.310422328,-6.625095747,3.47023169769962E-11,3.41627929319335E-10,ENSMUSG00000028383,ENSMUSG00000028383,Hsdl2,protein coding gene
ENSMUSG00000028394.9,178.4519051,-2.439756473,0.319280487,-7.641420552,2.14838077906755E-14,2.96626566195499E-13,ENSMUSG00000028394,ENSMUSG00000028394,Pole3,protein coding gene
ENSMUSG00000028398.8,103.2666127,-2.058898806,0.353331162,-5.827107902,5.63961512402778E-09,4.19300082953169E-08,ENSMUSG00000028398,ENSMUSG00000028398,Dmac1,protein coding gene
ENSMUSG00000028410.13,652.4629091256,-2.715240014,0.195897652,-13.86050307,1.09901293816463E-43,1.66914580949221E-41,ENSMUSG00000028410,ENSMUSG00000028410,Dnaja1,protein coding gene
ENSMUSG00000028419.5,250.3090985,-2.141743854,0.221049463,-9.688980108,3.35865721773427E-22,1.00995834471295E-20,ENSMUSG00000028419,ENSMUSG00000028419,Chmp5,protein coding gene
ENSMUSG00000028420.13,105.4882731,-2.035553669,0.383740392,-5.304507195,1.1297778744896E-07,6.94602947240464E-07,ENSMUSG00000028420,ENSMUSG00000028420,Tmem38b,protein coding gene
ENSMUSG00000028558.14,5.414654345,-4.001578876,1.689955715,-2.367860199,0.017891295,0.036462821,ENSMUSG00000028558,ENSMUSG00000028558,Calr4,protein coding gene
ENSMUSG00000028568.16,185.1676375,-2.26109923,0.254036809,-8.900675617,5.5507763321843E-19,1.21186167860678E-17,ENSMUSG00000028568,ENSMUSG00000028568,Btf3l4,protein coding gene
ENSMUSG00000028603.15,581.9845201,-2.969680425,0.212137047,-13.998877,1.58353185857994E-44,2.51433668363462E-42,ENSMUSG00000028603,ENSMUSG00000028603,Scp2,protein coding gene
ENSMUSG00000028609.6,124.1833885,-2.958194539,0.317896228,-9.305535196,1.33319193291922E-20,3.40760606366512E-19,ENSMUSG00000028609,ENSMUSG00000028609,Magoh,protein coding gene
ENSMUSG00000028618.11,903.1708922,-3.354824325,0.227790724,-14.72765995,4.28280698009356E-49,9.75688603215011E-47,ENSMUSG00000028618,ENSMUSG00000028618,Tmem59,protein coding gene
ENSMUSG00000028633.7,188.2444041,-2.060390266,0.335916634,-6.13363572,8.58930748347803E-10,7.11273392122545E-09,ENSMUSG00000028633,ENSMUSG00000028633,Ctps1,protein coding gene
ENSMUSG00000028648.13,185.373904,-3.410111914,0.38445914,-8.869894239,7.32154050789157E-19,1.57872600313682E-17,ENSMUSG00000028648,ENSMUSG00000028648,Ndufs5,protein coding gene
ENSMUSG00000028675.12,428.1815351,-2.549011018,0.204120797,-12.48775754,8.70733802986186E-36,7.73292787152011E-34,ENSMUSG00000028675,ENSMUSG00000028675,Pnrc2,protein coding gene
ENSMUSG00000028676.17,399.2208781,-2.15474447,0.219261233,-9.827293394,8.5896260974224E-23,2.74018224316402E-21,ENSMUSG00000028676,ENSMUSG00000028676,Srsf10,protein coding gene
ENSMUSG00000028691.12,1171.12141756634,-2.358158064,0.163810781,-14.39562187,5.51267906958999E-47,1.00469774451771E-44,ENSMUSG00000028691,ENSMUSG00000028691,Prdx1,protein coding gene
ENSMUSG00000028696.12,34.93847971,-2.577465042,0.630201777,-4.089904432,4.31550965681459E-05,0.000168214,ENSMUSG00000028696,ENSMUSG00000028696,Ipp,protein coding gene
ENSMUSG00000028699.9,172.7315306,-3.153558865,0.291666302,-10.81221533,3.01304464473453E-27,1.40646776634724E-25,ENSMUSG00000028699,ENSMUSG00000028699,Tspan1,protein coding gene
ENSMUSG00000028719.8,350.3457725,-2.817995196,0.226006789,-12.46863074,1.10712079953859E-35,9.74964068803753E-34,ENSMUSG00000028719,ENSMUSG00000028719,Cmpk1,protein coding gene
ENSMUSG00000028832.11,117.9928801,-3.241517572,0.365125351,-8.877821162,6.81827459763132E-19,1.47475972437311E-17,ENSMUSG00000028832,ENSMUSG00000028832,Stmn1,protein coding gene
ENSMUSG00000028889.17,247.7536373,-2.029560111,0.298075352,-6.80888272,9.8359620020015E-12,1.02055409702945E-10,ENSMUSG00000028889,ENSMUSG00000028889,Yrdc,protein coding gene
ENSMUSG00000028945.9,378.0584038,-2.611402606,0.239297533,-10.91278533,1.00140248517455E-27,4.85842469601237E-26,ENSMUSG00000028945,ENSMUSG00000028945,Rheb,protein coding gene
ENSMUSG00000028955.3,263.780409,-2.23178193,0.292216957,-7.637414186,2.2162765643095E-14,3.05397373513233E-13,ENSMUSG00000028955,ENSMUSG00000028955,Vamp3,protein coding gene
ENSMUSG00000028998.6,208.6375961,-2.387808177,0.241949838,-9.869021604,5.67150913687668E-23,1.85395583937377E-21,ENSMUSG00000028998,ENSMUSG00000028998,Tomm7,protein coding gene
ENSMUSG00000029048.3,594.4823305,-2.208411664,0.210154661,-10.50850671,7.89334590669019E-26,3.32202082044819E-24,ENSMUSG00000029048,ENSMUSG00000029048,Rer1,protein coding gene
ENSMUSG00000029066.12,208.7423074,-2.378544252,0.260307905,-9.137426109,6.3956353325248E-20,1.51464543428686E-18,ENSMUSG00000029066,ENSMUSG00000029066,Mrpl20,protein coding gene
ENSMUSG00000029152.13,624.9409662,-2.672625623,0.206578835,-12.93755785,2.76272720596948E-38,2.86653462920368E-36,ENSMUSG00000029152,ENSMUSG00000029152,Ociad1,protein coding gene
ENSMUSG00000029260.15,81.02028597,-2.533234018,0.388818029,-6.515217478,7.25844176241166E-11,6.8774720116811E-10,ENSMUSG00000029260,ENSMUSG00000029260,Ugt2b34,protein coding gene
ENSMUSG00000029270.10,67.49202968,-2.326176491,0.404089042,-5.756593845,8.58280770869854E-09,6.22016136814014E-08,ENSMUSG00000029270,ENSMUSG00000029270,Dipk1a,protein coding gene
ENSMUSG00000029304.14,3494.63060658306,-2.734500048,0.187961526,-14.54819027,5.99686153800684E-48,1.2085405862989E-45,ENSMUSG00000029304,ENSMUSG00000029304,Spp1,protein coding gene
ENSMUSG00000029366.10,52.89701927,-2.478198985,0.478625387,-5.177742455,2.24586973113715E-07,1.32291914252619E-06,ENSMUSG00000029366,ENSMUSG00000029366,Dck,protein coding gene
ENSMUSG00000029390.13,1277.69286608565,-2.689394284,0.168611961,-15.9501987,2.83991939903056E-57,9.92031178071359E-55,ENSMUSG00000029390,ENSMUSG00000029390,Tmed2,protein coding gene
ENSMUSG00000029397.15,255.7189933,-2.198791277,0.252987264,-8.691312117,3.58277260008098E-18,7.20646170106499E-17,ENSMUSG00000029397,ENSMUSG00000029397,Rchy1,protein coding gene
ENSMUSG00000029430.13,710.2670707,-2.65546069,0.277006099,-9.586289603,9.13097167674793E-22,2.62518567041097E-20,ENSMUSG00000029430,ENSMUSG00000029430,Ran,protein coding gene
ENSMUSG00000029446.14,191.0731321,-2.141394929,0.250457952,-8.549917896,1.23176101435976E-17,2.36848432109781E-16,ENSMUSG00000029446,ENSMUSG00000029446,Psph,protein coding gene
ENSMUSG00000029447.11,576.8096524,-2.894860962,0.226464596,-12.78284117,2.0446163053527E-37,2.02137326150412E-35,ENSMUSG00000029447,ENSMUSG00000029447,Cct6a,protein coding gene
ENSMUSG00000029535.4,151.2536257,-2.616866575,0.307429483,-8.512087238,1.70829970397632E-17,3.23727427627845E-16,ENSMUSG00000029535,ENSMUSG00000029535,Triap1,protein coding gene
ENSMUSG00000029569.9,156.9798545,-2.144770505,0.275499643,-7.78502098,6.97016402322145E-15,1.01803252796305E-13,ENSMUSG00000029569,ENSMUSG00000029569,Tmem168,protein coding gene
ENSMUSG00000029642.11,552.906005,-2.599961454,0.221508067,-11.7375475,8.18249228920613E-32,5.42711569270479E-30,ENSMUSG00000029642,ENSMUSG00000029642,Polr1d,protein coding gene
ENSMUSG00000029649.10,307.35689722769,-2.560058221,0.277455989,-9.226898394,2.7858166396978E-20,6.91800129756234E-19,ENSMUSG00000029649,ENSMUSG00000029649,Pomp,protein coding gene
ENSMUSG00000029669.14,82.21406447,-2.445530274,0.442883112,-5.521841331,3.35465364087574E-08,2.23989122838849E-07,ENSMUSG00000029669,ENSMUSG00000029669,Tspan12,protein coding gene
ENSMUSG00000029910.14,32.05157724,-2.480220858,0.773742514,-3.205486081,0.001348346,0.00377004,ENSMUSG00000029910,ENSMUSG00000029910,Mad2l1,protein coding gene
ENSMUSG00000029918.9,75.48915714,-2.525131916,0.451969306,-5.586954435,2.31086324278695E-08,1.58434356249826E-07,ENSMUSG00000029918,ENSMUSG00000029918,Mrps33,protein coding gene
ENSMUSG00000030031.14,59.39741248,-2.272377164,0.574653598,-3.954342535,7.67453956236187E-05,0.000284389,ENSMUSG00000030031,ENSMUSG00000030031,Kbtbd8,protein coding gene
ENSMUSG00000030057.15,1620.0590800204,-3.013844971,0.170915752,-17.63351201,1.36235573207267E-69,8.15817536814603E-67,ENSMUSG00000030057,ENSMUSG00000030057,Cnbp,protein coding gene
ENSMUSG00000030142.10,15.25335988,-3.722496935,0.974653107,-3.819304434,0.000133829,0.000470939,ENSMUSG00000030142,ENSMUSG00000030142,Clec4e,protein coding gene
ENSMUSG00000030148.15,40.54881945,-2.026232178,0.507650079,-3.991395376,6.5685665765186E-05,0.000246854,ENSMUSG00000030148,ENSMUSG00000030148,Clec4a2,protein coding gene
ENSMUSG00000030161.8,634.2282492,-2.118098551,0.209583661,-10.10621982,5.18462877901255E-24,1.84803800304973E-22,ENSMUSG00000030161,ENSMUSG00000030161,Gabarapl1,protein coding gene
ENSMUSG00000030188.12,26.56141329,-5.146193974,0.917603033,-5.608300962,2.04322495987734E-08,1.41333174699898E-07,ENSMUSG00000030188,ENSMUSG00000030188,Magohb,protein coding gene
ENSMUSG00000030303.15,10.85853186,-2.161438037,0.900113642,-2.40129461,0.016337177,0.03378166,ENSMUSG00000030303,ENSMUSG00000030303,Far2,protein coding gene
ENSMUSG00000030335.6,283.7319458,-2.218046544,0.217277367,-10.20836443,1.81905180738586E-24,6.71223711813385E-23,ENSMUSG00000030335,ENSMUSG00000030335,Mrpl51,protein coding gene
ENSMUSG00000030342.8,525.40191153597,-3.009443038,0.18605397,-16.17510791,7.55652434828295E-59,2.98824893991816E-56,ENSMUSG00000030342,ENSMUSG00000030342,Cd9,protein coding gene
ENSMUSG00000030423.7,73.28451983,-2.423871154,0.3852792,-6.291206882,3.1500717708424E-10,2.74978568284406E-09,ENSMUSG00000030423,ENSMUSG00000030423,Pop4,protein coding gene
ENSMUSG00000030641.10,8.717688292,-4.423781444,1.421066637,-3.113000705,0.001851956,0.004995447,ENSMUSG00000030641,ENSMUSG00000030641,Ddias,protein coding gene
ENSMUSG00000030647.8,245.3227973,-2.172400894,0.267399674,-8.124171804,4.50427371049162E-16,7.4746692555973E-15,ENSMUSG00000030647,ENSMUSG00000030647,Ndufc2,protein coding gene
ENSMUSG00000030654.9,443.3728868,-2.07421351,0.239327814,-8.666830115,4.44317165331157E-18,8.89440636884023E-17,ENSMUSG00000030654,ENSMUSG00000030654,Arl6ip1,protein coding gene
ENSMUSG00000030659.14,2287.35319677153,-2.199117602,0.175148449,-12.55573555,3.69729372924004E-36,3.38391175856515E-34,ENSMUSG00000030659,ENSMUSG00000030659,Nucb2,protein coding gene
ENSMUSG00000030663.12,281.5441122,-2.062810506,0.234669717,-8.790271426,1.49199066504957E-18,3.10224527269583E-17,ENSMUSG00000030663,ENSMUSG00000030663,1110004F10Rik,protein coding gene
ENSMUSG00000030704.14,370.81958771827,-2.315587715,0.292851694,-7.907032004,2.63597877128051E-15,4.02092278509957E-14,ENSMUSG00000030704,ENSMUSG00000030704,Rab6a,protein coding gene
ENSMUSG00000030751.18,284.0483169,-3.064315989,0.255663058,-11.98575975,4.21957892545743E-33,3.0922431712819E-31,ENSMUSG00000030751,ENSMUSG00000030751,Psma1,protein coding gene
ENSMUSG00000030762.11,651.6725019,-2.031610403,0.239574877,-8.480064486,2.25069162441799E-17,4.22690374159289E-16,ENSMUSG00000030762,ENSMUSG00000030762,Aqp8,protein coding gene
ENSMUSG00000030786.18,97.29935168,-2.0556436,0.338227441,-6.077696097,1.21921538751248E-09,9.87385444624192E-09,ENSMUSG00000030786,ENSMUSG00000030786,Itgam,protein coding gene
ENSMUSG00000030884.12,427.6410659,-2.155521954,0.208158458,-10.35519757,3.96367379576756E-25,1.57338331601311E-23,ENSMUSG00000030884,ENSMUSG00000030884,Uqcrc2,protein coding gene
ENSMUSG00000030942.8,181.70626000595,-2.178595399,0.254857175,-8.548299255,1.24915494040358E-17,2.39753098863724E-16,ENSMUSG00000030942,ENSMUSG00000030942,Thumpd1,protein coding gene
ENSMUSG00000030960.16,42.75058569,-2.366645628,0.502113216,-4.713370519,2.43652570759142E-06,1.20754651939959E-05,ENSMUSG00000030960,ENSMUSG00000030960,Eef1akmt2,protein coding gene
ENSMUSG00000031007.2,479.0026163,-3.020125525,0.232762381,-12.97514446,1.69276884408638E-38,1.80095138087342E-36,ENSMUSG00000031007,ENSMUSG00000031007,Atp6ap2,protein coding gene
ENSMUSG00000031059.9,553.2709038,-2.051359507,0.18083032,-11.34411256,7.93269236162701E-30,4.59285356926355E-28,ENSMUSG00000031059,ENSMUSG00000031059,Ndufb11,protein coding gene
ENSMUSG00000031167.16,539.2516914,-2.0602301,0.223030584,-9.237433098,2.52481340302392E-20,6.32985216674381E-19,ENSMUSG00000031167,ENSMUSG00000031167,Rbm3,protein coding gene
ENSMUSG00000031176.8,285.0955705,-2.784965715,0.232106317,-11.99866401,3.61077723704298E-33,2.6836269542973E-31,ENSMUSG00000031176,ENSMUSG00000031176,Dynlt3,protein coding gene
ENSMUSG00000031197.11,145.337956,-2.673013501,0.297204617,-8.993849176,2.38719983594165E-19,5.4520782505144E-18,ENSMUSG00000031197,ENSMUSG00000031197,Vbp1,protein coding gene
ENSMUSG00000031198.4,153.2284213,-2.452010953,0.309033223,-7.934457423,2.11417532157257E-15,3.25099050365661E-14,ENSMUSG00000031198,ENSMUSG00000031198,Fundc2,protein coding gene
ENSMUSG00000031226.13,136.9244305,-2.140018442,0.298856265,-7.1606946,8.02692942126685E-13,9.42500917312784E-12,ENSMUSG00000031226,ENSMUSG00000031226,Pbdc1,protein coding gene
ENSMUSG00000031231.4,541.0340231,-2.182775255,0.247669981,-8.813241082,1.21578706812399E-18,2.55071883491599E-17,ENSMUSG00000031231,ENSMUSG00000031231,Cox7b,protein coding gene
ENSMUSG00000031239.5,78.52981188,-2.193425946,0.359412818,-6.102803889,1.04223692992867E-09,8.52957587441427E-09,ENSMUSG00000031239,ENSMUSG00000031239,Itm2a,protein coding gene
ENSMUSG00000031246.14,535.3995886,-2.808076018,0.218733464,-12.83788942,1.00579239260132E-37,1.0233205221617E-35,ENSMUSG00000031246,ENSMUSG00000031246,Sh3bgrl,protein coding gene
ENSMUSG00000031353.13,470.733374,-2.207885711,0.219796105,-10.04515396,9.64968761594622E-24,3.33742248750193E-22,ENSMUSG00000031353,ENSMUSG00000031353,Rbbp7,protein coding gene
ENSMUSG00000031357.3,243.9881228,-2.114256191,0.247252123,-8.551013304,1.22012557882923E-17,2.34826556535186E-16,ENSMUSG00000031357,ENSMUSG00000031357,Syap1,protein coding gene
ENSMUSG00000031360.14,187.6248677,-2.044482299,0.244608875,-8.358168919,6.3699195234116E-17,1.14696858497581E-15,ENSMUSG00000031360,ENSMUSG00000031360,Ctps2,protein coding gene
ENSMUSG00000031422.16,1357.38026894205,-2.671793907,0.169710488,-15.74324572,7.64211716559024E-56,2.39061393542695E-53,ENSMUSG00000031422,ENSMUSG00000031422,Morf4l2,protein coding gene
ENSMUSG00000031429.14,72.69890010511,-2.652838156,0.468702181,-5.659965462,1.51403462173046E-08,1.06843944905215E-07,ENSMUSG00000031429,ENSMUSG00000031429,Psmd10,protein coding gene
ENSMUSG00000031432.3,150.6771908,-2.08824476,0.275635368,-7.576113238,3.56061058049655E-14,4.77764642488011E-13,ENSMUSG00000031432,ENSMUSG00000031432,Prps1,protein coding gene
ENSMUSG00000031517.8,195.053999,-2.485956855,0.278193781,-8.936061924,4.03286030484401E-19,8.90671434449164E-18,ENSMUSG00000031517,ENSMUSG00000031517,Gpm6a,protein coding gene
ENSMUSG00000031585.13,93.8099915,-2.509225247,0.378478775,-6.629764772,3.36222232238588E-11,3.31774094420366E-10,ENSMUSG00000031585,ENSMUSG00000031585,Gtf2e2,protein coding gene
ENSMUSG00000031590.8,120.5009952,-2.298253881,0.393109071,-5.846351686,5.0247115601212E-09,3.7665568522382E-08,ENSMUSG00000031590,ENSMUSG00000031590,Frg1,protein coding gene
ENSMUSG00000031591.14,545.2428021557,-2.038607526,0.181133104,-11.25474849,2.19451241473383E-29,1.22002084085958E-27,ENSMUSG00000031591,ENSMUSG00000031591,Asah1,protein coding gene
ENSMUSG00000031604.10,217.1869139,-2.55742942,0.331605959,-7.712254102,1.23614697494573E-14,1.75056786810051E-13,ENSMUSG00000031604,ENSMUSG00000031604,Msmo1,protein coding gene
ENSMUSG00000031609.3,54.75159732,-2.20458632,0.451624677,-4.881456733,1.05305029793241E-06,5.57064139181357E-06,ENSMUSG00000031609,ENSMUSG00000031609,Sap30,protein coding gene
ENSMUSG00000031613.9,98.98718333,-2.892409317,0.373788522,-7.73809024,1.0092121055738E-14,1.44580153935211E-13,ENSMUSG00000031613,ENSMUSG00000031613,Hpgd,protein coding gene
ENSMUSG00000031635.14,559.5726771,-2.686899823,0.253568169,-10.59636085,3.09801876516536E-26,1.33056096924387E-24,ENSMUSG00000031635,ENSMUSG00000031635,Anxa10,protein coding gene
ENSMUSG00000031683.16,147.2592107,-2.046233175,0.312354947,-6.550986921,5.71580655853262E-11,5.49530227799474E-10,ENSMUSG00000031683,ENSMUSG00000031683,Lsm6,protein coding gene
ENSMUSG00000031701.6,503.9125501,-2.409125537,0.212276257,-11.34901083,7.50064218801962E-30,4.35473572350979E-28,ENSMUSG00000031701,ENSMUSG00000031701,Dnaja2,protein coding gene
ENSMUSG00000031725.8,25.82005197,-2.108489713,0.740820207,-2.846155779,0.004425054,0.010790655,ENSMUSG00000031725,ENSMUSG00000031725,Ces1f,protein coding gene
ENSMUSG00000031754.9,131.6655605,-2.130737638,0.337223721,-6.318469035,2.64167211900816E-10,2.3292724418297E-09,ENSMUSG00000031754,ENSMUSG00000031754,Nudt21,protein coding gene
ENSMUSG00000031839.6,407.9358124,-2.162475337,0.200315843,-10.79532855,3.62164868172886E-27,1.68306285410987E-25,ENSMUSG00000031839,ENSMUSG00000031839,Hsbp1,protein coding gene
ENSMUSG00000031843.1,46.31524181,-2.847644896,0.482264832,-5.904732647,3.53219092154396E-09,2.70581833057894E-08,ENSMUSG00000031843,ENSMUSG00000031843,Mphosph6,protein coding gene
ENSMUSG00000031919.5,1730.68113420837,-2.454965542,0.16890047,-14.53498348,7.27310755521412E-48,1.45178153571174E-45,ENSMUSG00000031919,ENSMUSG00000031919,Tmed6,protein coding gene
ENSMUSG00000031950.7,253.5187724,-2.915916344,0.278164796,-10.48269367,1.03745965717427E-25,4.34014310473363E-24,ENSMUSG00000031950,ENSMUSG00000031950,Gabarapl2,protein coding gene
ENSMUSG00000032002.9,245.8164502,-2.655348964,0.241269137,-11.00575478,3.58501190894348E-28,1.82374428639676E-26,ENSMUSG00000032002,ENSMUSG00000032002,Dcun1d5,protein coding gene
ENSMUSG00000032051.8,227.7706859,-2.172792597,0.238306967,-9.11762094,7.67914752795807E-20,1.81043029289621E-18,ENSMUSG00000032051,ENSMUSG00000032051,Fdx1,protein coding gene
ENSMUSG00000032116.17,1125.99909624782,-2.309024706,0.183421782,-12.58860689,2.43940556831628E-36,2.25231283287845E-34,ENSMUSG00000032116,ENSMUSG00000032116,Stt3a,protein coding gene
ENSMUSG00000032121.8,42.89021999,-2.161391542,0.475657564,-4.544007509,5.51946902049833E-06,2.57301048044094E-05,ENSMUSG00000032121,ENSMUSG00000032121,Tmem218,protein coding gene
ENSMUSG00000032199.12,509.2932784,-2.143923356,0.18188198,-11.78744235,4.53092548776035E-32,3.04370728519132E-30,ENSMUSG00000032199,ENSMUSG00000032199,Polr2m,protein coding gene
ENSMUSG00000032215.15,114.7195787,-2.059822226,0.385491622,-5.343364444,9.12370650692384E-08,5.69118347257788E-07,ENSMUSG00000032215,ENSMUSG00000032215,Rsl24d1,protein coding gene
ENSMUSG00000032301.13,424.4910333,-2.108027524,0.341454122,-6.17367718,6.67197022927339E-10,5.59351296141364E-09,ENSMUSG00000032301,ENSMUSG00000032301,Psma4,protein coding gene
ENSMUSG00000032314.14,436.3626313,-2.575833819,0.201454995,-12.78615014,1.9594246492222E-37,1.94633086365157E-35,ENSMUSG00000032314,ENSMUSG00000032314,Etfa,protein coding gene
ENSMUSG00000032330.6,419.5779394,-2.000755543,0.208615418,-9.590640818,8.75396043040651E-22,2.53067940221917E-20,ENSMUSG00000032330,ENSMUSG00000032330,Cox7a2,protein coding gene
ENSMUSG00000032357.12,75.57275649,-2.088454084,0.377892311,-5.526585285,3.2652356818702E-08,2.18296888855877E-07,ENSMUSG00000032357,ENSMUSG00000032357,Tinag,protein coding gene
ENSMUSG00000032369.13,79.44347472,-2.034401135,0.518368882,-3.924620489,8.68665734155724E-05,0.000318237,ENSMUSG00000032369,ENSMUSG00000032369,Plscr1,protein coding gene
ENSMUSG00000032370.7,60.50219688,-2.104323029,0.441923066,-4.761740654,1.91930239896003E-06,9.702522667584E-06,ENSMUSG00000032370,ENSMUSG00000032370,Lactb,protein coding gene
ENSMUSG00000032372.14,101.0970243,-2.71614089,0.358647884,-7.573280116,3.63916434374233E-14,4.87680597701377E-13,ENSMUSG00000032372,ENSMUSG00000032372,Plscr2,protein coding gene
ENSMUSG00000032375.15,44.48988236,-2.003376613,0.490679764,-4.082859658,4.44848897120515E-05,0.000172979,ENSMUSG00000032375,ENSMUSG00000032375,Aph1b,protein coding gene
ENSMUSG00000032381.5,169.3924943,-2.794111971,0.283549824,-9.854042345,6.58413456699036E-23,2.13617455711379E-21,ENSMUSG00000032381,ENSMUSG00000032381,Ciao2a,protein coding gene
ENSMUSG00000032383.6,641.90570585792,-2.785136071,0.210055136,-13.25907154,3.9981504821837E-40,4.8159331009246E-38,ENSMUSG00000032383,ENSMUSG00000032383,Ppib,protein coding gene
ENSMUSG00000032415.14,14.98050034,-2.073078163,0.767441855,-2.701283684,0.00690724,0.015943704,ENSMUSG00000032415,ENSMUSG00000032415,Ube3d,protein coding gene
ENSMUSG00000032418.15,472.1096001,-3.153069421,0.241058967,-13.08007519,4.28016591567074E-39,4.72147354876543E-37,ENSMUSG00000032418,ENSMUSG00000032418,Me1,protein coding gene
ENSMUSG00000032475.15,194.0206115,-2.076957826,0.293013972,-7.088255246,1.35813311883817E-12,1.55207808275514E-11,ENSMUSG00000032475,ENSMUSG00000032475,Nck1,protein coding gene
ENSMUSG00000032575.16,1424.81547472835,-2.498630362,0.223129836,-11.19810065,4.1656883168852E-29,2.25603776314204E-27,ENSMUSG00000032575,ENSMUSG00000032575,Manf,protein coding gene
ENSMUSG00000032757.6,332.0430339,-2.921894687,0.225008252,-12.98572235,1.47440500613506E-38,1.57663543487677E-36,ENSMUSG00000032757,ENSMUSG00000032757,Bet1,protein coding gene
ENSMUSG00000032902.1,206.9697485,-2.37334676,0.274378014,-8.64991596,5.15373694332752E-18,1.02873497709716E-16,ENSMUSG00000032902,ENSMUSG00000032902,Slc16a1,protein coding gene
ENSMUSG00000032932.14,354.0933216,-2.311396502,0.215039338,-10.74871474,6.00931058146934E-27,2.74998123312262E-25,ENSMUSG00000032932,ENSMUSG00000032932,Hspa13,protein coding gene
ENSMUSG00000032959.12,1072.38028722131,-2.098507274,0.158506327,-13.23926504,5.20557379997098E-40,6.16404639963795E-38,ENSMUSG00000032959,ENSMUSG00000032959,Pebp1,protein coding gene
ENSMUSG00000033022.7,389.356708,-2.547511347,0.326133622,-7.811250277,5.6623448369742E-15,8.35165977749066E-14,ENSMUSG00000033022,ENSMUSG00000033022,Cdo1,protein coding gene
ENSMUSG00000033096.7,221.3592431,-2.987639595,0.263613822,-11.33339509,8.96605927688687E-30,5.16262737319428E-28,ENSMUSG00000033096,ENSMUSG00000033096,Apmap,protein coding gene
ENSMUSG00000033186.8,168.3923833,-2.711216663,0.280653194,-9.660380559,4.44210709881136E-22,1.31686170698709E-20,ENSMUSG00000033186,ENSMUSG00000033186,Mzt1,protein coding gene
ENSMUSG00000033429.10,81.78129309,-2.882799537,0.447226563,-6.445948818,1.14879428299174E-10,1.06255866624995E-09,ENSMUSG00000033429,ENSMUSG00000033429,Mcee,protein coding gene
ENSMUSG00000033460.14,56.35414027,-2.604494428,0.485913775,-5.359992993,8.32251800408058E-08,5.21625762103842E-07,ENSMUSG00000033460,ENSMUSG00000033460,Armcx1,protein coding gene
ENSMUSG00000033543.17,163.8759147,-2.019297543,0.314111003,-6.428611298,1.28774949719678E-10,1.18325040384688E-09,ENSMUSG00000033543,ENSMUSG00000033543,Gtf2a2,protein coding gene
ENSMUSG00000033578.7,10.94375269,-2.89370668,1.016566921,-2.846548141,0.004419605,0.010784782,ENSMUSG00000033578,ENSMUSG00000033578,Tmem35a,protein coding gene
ENSMUSG00000033715.14,46.66443845,-2.540058912,0.472039412,-5.381031432,7.40602602187765E-08,4.66555152968241E-07,ENSMUSG00000033715,ENSMUSG00000033715,Akr1c14,protein coding gene
ENSMUSG00000033793.12,333.3855372,-2.040739286,0.210775917,-9.682032528,3.59496719791742E-22,1.07638453573073E-20,ENSMUSG00000033793,ENSMUSG00000033793,Atp6v1h,protein coding gene
ENSMUSG00000033813.15,341.6546921,-2.304051715,0.22072477,-10.4385734,1.65275736803203E-25,6.73932717443256E-24,ENSMUSG00000033813,ENSMUSG00000033813,Tcea1,protein coding gene
ENSMUSG00000033953.10,361.3948045,-2.131329479,0.312881603,-6.811936077,9.62938962303594E-12,1.00060672835503E-10,ENSMUSG00000033953,ENSMUSG00000033953,Ppp3r1,protein coding gene
ENSMUSG00000034127.14,37.17166393,-2.468978262,0.561129204,-4.400017399,1.08242198885854E-05,4.77107938264694E-05,ENSMUSG00000034127,ENSMUSG00000034127,Tspan8,protein coding gene
ENSMUSG00000034139.4,1455.40540526549,-3.107639687,0.169158011,-18.37122384,2.23319014565143E-75,1.61398042285201E-72,ENSMUSG00000034139,ENSMUSG00000034139,Serpini2,protein coding gene
ENSMUSG00000034192.5,33.20353582,-2.009120966,0.555104609,-3.619355585,0.000295338,0.00096231,ENSMUSG00000034192,ENSMUSG00000034192,Lsm3,protein coding gene
ENSMUSG00000034528.15,1997.45779579957,-2.630438046,0.154496431,-17.02588227,5.27907593371049E-65,2.63438458320567E-62,ENSMUSG00000034528,ENSMUSG00000034528,Hsd17b13,protein coding gene
ENSMUSG00000034674.18,139.1524385,-2.177158178,0.333045718,-6.537115053,6.27168030471613E-11,5.99125558370763E-10,ENSMUSG00000034674,ENSMUSG00000034674,Tdg,protein coding gene
ENSMUSG00000034795.14,24.52410134,-2.147214995,0.662600439,-3.240587945,0.001192835,0.00337755,ENSMUSG00000034795,ENSMUSG00000034795,Ccdc122,protein coding gene
ENSMUSG00000034875.5,226.5931641,-2.052525847,0.248854193,-8.247905431,1.61194848948465E-16,2.79213457777759E-15,ENSMUSG00000034875,ENSMUSG00000034875,Nudt19,protein coding gene
ENSMUSG00000035062.13,17.64603652,-2.3779243,0.728821993,-3.262695584,0.00110358,0.003152505,ENSMUSG00000035062,ENSMUSG00000035062,Zc4h2,protein coding gene
ENSMUSG00000035227.7,1019.62186633359,-2.451948893,0.238577238,-10.27737981,8.91174046142682E-25,3.40841548049352E-23,ENSMUSG00000035227,ENSMUSG00000035227,Spcs2,protein coding gene
ENSMUSG00000035232.8,54.27914858,-2.092597304,0.537077224,-3.896268936,9.76859149350805E-05,0.000353732,ENSMUSG00000035232,ENSMUSG00000035232,Pdk3,protein coding gene
ENSMUSG00000035443.9,20.15882033,-2.161723937,0.787733302,-2.744233273,0.006065242,0.014243295,ENSMUSG00000035443,ENSMUSG00000035443,Thyn1,protein coding gene
ENSMUSG00000035530.13,2116.92886940276,-2.645536016,0.166947687,-15.84649693,1.48638869398773E-56,4.85714729798053E-54,ENSMUSG00000035530,ENSMUSG00000035530,Eif1,protein coding gene
ENSMUSG00000035561.5,35.62934376,-2.240635006,0.515958325,-4.342666644,1.40763638894255E-05,6.07636780939441E-05,ENSMUSG00000035561,ENSMUSG00000035561,Aldh1b1,protein coding gene
ENSMUSG00000035686.8,588.3346265,-2.251374774,0.259563298,-8.673702291,4.18293038879466E-18,8.38947732236816E-17,ENSMUSG00000035686,ENSMUSG00000035686,Thrsp,protein coding gene
ENSMUSG00000035692.6,50.45726452,-2.554852011,0.674556739,-3.787453095,0.000152199,0.00052875,ENSMUSG00000035692,ENSMUSG00000035692,Isg15,protein coding gene
ENSMUSG00000035811.10,10.67853413,-2.781495492,1.142056811,-2.435514123,0.014870644,0.031151807,ENSMUSG00000035811,ENSMUSG00000035811,Ugt2b35,protein coding gene
ENSMUSG00000036257.14,357.2968546,-2.542085517,0.203571791,-12.48741542,8.74485471159415E-36,7.7334772109832E-34,ENSMUSG00000036257,ENSMUSG00000036257,Pnpla8,protein coding gene
ENSMUSG00000036292.13,35.41956419,-2.074472491,0.783583063,-2.647418749,0.008110885,0.018340278,ENSMUSG00000036292,ENSMUSG00000036292,Gramd1c,protein coding gene
ENSMUSG00000036299.4,314.6288547,-2.008232145,0.229900045,-8.73524034,2.431386118776E-18,4.96680523035343E-17,ENSMUSG00000036299,ENSMUSG00000036299,BC031181,protein coding gene
ENSMUSG00000036309.14,499.3505316,-2.541150452,0.205605137,-12.35937239,4.33528203089816E-35,3.6056815906982E-33,ENSMUSG00000036309,ENSMUSG00000036309,Skp1,protein coding gene
ENSMUSG00000036438.12,751.5052503,-2.282572137,0.232180873,-9.831008505,8.27855389563882E-23,2.64497273016302E-21,ENSMUSG00000036438,ENSMUSG00000036438,Calm2,protein coding gene
ENSMUSG00000036446.4,493.7537248,-2.694089133,0.24705441,-10.90484128,1.09283824455352E-27,5.2654705212867E-26,ENSMUSG00000036446,ENSMUSG00000036446,Lum,protein coding gene
ENSMUSG00000036632.9,331.44085210055,-2.181690217,0.201326891,-10.83655644,2.31003247375105E-27,1.08799933971569E-25,ENSMUSG00000036632,ENSMUSG00000036632,Alg5,protein coding gene
ENSMUSG00000036781.13,1054.12551459061,-2.288505063,0.179588199,-12.74307043,3.4071678487536E-37,3.33695471691714E-35,ENSMUSG00000036781,ENSMUSG00000036781,Rps27l,protein coding gene
ENSMUSG00000036810.16,106.8353458,-2.09654134,0.339862351,-6.168795491,6.88121581387927E-10,5.75972053686484E-09,ENSMUSG00000036810,ENSMUSG00000036810,Cnep1r1,protein coding gene
ENSMUSG00000036850.4,91.04264447,-2.552003333,0.344819607,-7.400980911,1.35182165815302E-13,1.72236049442123E-12,ENSMUSG00000036850,ENSMUSG00000036850,Mrpl41,protein coding gene
ENSMUSG00000036894.3,55.24335233,-2.715174472,0.475085551,-5.715127444,1.09621836937423E-08,7.85223540796807E-08,ENSMUSG00000036894,ENSMUSG00000036894,Rap2b,protein coding gene
ENSMUSG00000036932.14,165.449569,-2.477169331,0.271516453,-9.123459392,7.2763772218115E-20,1.71740529495436E-18,ENSMUSG00000036932,ENSMUSG00000036932,Aifm1,protein coding gene
ENSMUSG00000036934.9,46.56592933,-2.900775559,0.701220962,-4.136749638,3.5226008921022E-05,0.000140069,ENSMUSG00000036934,ENSMUSG00000036934,4921524J17Rik,protein coding gene
ENSMUSG00000037070.9,104.8669395476,-2.602835653,0.323010425,-8.058054649,7.75181645374725E-16,1.25073380334171E-14,ENSMUSG00000037070,ENSMUSG00000037070,Rbmxl1,protein coding gene
ENSMUSG00000037072.15,1651.44506271965,-2.124464085,0.143242095,-14.83128325,9.19580727403481E-50,2.19016959836927E-47,ENSMUSG00000037072,ENSMUSG00000037072,Selenof,protein coding gene
ENSMUSG00000037361.7,141.5530834,-3.022028895,0.316808188,-9.538986076,1.44235547320719E-21,4.06868484023547E-20,ENSMUSG00000037361,ENSMUSG00000037361,Sf3b6,protein coding gene
ENSMUSG00000037563.15,2330.00299494088,-2.404522455,0.163237931,-14.73016992,4.12666933202708E-49,9.5044903879072E-47,ENSMUSG00000037563,ENSMUSG00000037563,Rps16,protein coding gene
ENSMUSG00000037722.7,345.3103715,-3.270438566,0.289897209,-11.28137306,1.62194441463446E-29,9.18765756387127E-28,ENSMUSG00000037722,ENSMUSG00000037722,Gnpnat1,protein coding gene
ENSMUSG00000037894.13,417.2443672,-3.227384026,0.25833194,-12.49316682,8.13498664740015E-36,7.28637543345554E-34,ENSMUSG00000037894,ENSMUSG00000037894,H2az1,protein coding gene
ENSMUSG00000038155.10,17.32175966,-3.812366098,0.874050744,-4.361721701,1.29042945884689E-05,5.61122635435101E-05,ENSMUSG00000038155,ENSMUSG00000038155,Gstp2,protein coding gene
ENSMUSG00000038268.4,38.84176568,-2.224733158,0.510783884,-4.355527311,1.32746963792149E-05,5.75557222614737E-05,ENSMUSG00000038268,ENSMUSG00000038268,Ovca2,protein coding gene
ENSMUSG00000038374.10,219.9690677,-2.265269855,0.27853103,-8.132917374,4.19080290195978E-16,6.98211748983903E-15,ENSMUSG00000038374,ENSMUSG00000038374,Rbm8a,protein coding gene
ENSMUSG00000038412.7,142.2012738,-3.498899445,0.34659386,-10.09509934,5.807224592474E-24,2.04905084568456E-22,ENSMUSG00000038412,ENSMUSG00000038412,Higd1a,protein coding gene
ENSMUSG00000038462.3,467.2298135,-2.253387983,0.244147423,-9.229620189,2.7159321593488E-20,6.75245814090053E-19,ENSMUSG00000038462,ENSMUSG00000038462,Uqcrfs1,protein coding gene
ENSMUSG00000038489.8,187.43912651607,-2.160891497,0.251925837,-8.577490597,9.6965304097702E-18,1.88524657568065E-16,ENSMUSG00000038489,ENSMUSG00000038489,Polr2l,protein coding gene
ENSMUSG00000038510.12,64.7500369,-2.042150954,0.485817031,-4.203539244,2.6277356811219E-05,0.000106962,ENSMUSG00000038510,ENSMUSG00000038510,Rpf2,protein coding gene
ENSMUSG00000038612.16,1264.53508772292,-2.195796352,0.150523055,-14.58777425,3.35981286235997E-48,6.83672988176724E-46,ENSMUSG00000038612,ENSMUSG00000038612,Mcl1,protein coding gene
ENSMUSG00000038622.7,64.3132336,-2.254167396,0.493313531,-4.569441651,4.89025288463592E-06,2.29912091092607E-05,ENSMUSG00000038622,ENSMUSG00000038622,Med30,protein coding gene
ENSMUSG00000038628.8,225.6822117,-2.600651266,0.280160088,-9.282732905,1.65186209898226E-20,4.19145008868876E-19,ENSMUSG00000038628,ENSMUSG00000038628,Polr3k,protein coding gene
ENSMUSG00000038646.13,190.9348194,-3.38230543,0.296828724,-11.394805,4.43822559477067E-30,2.62770537403385E-28,ENSMUSG00000038646,ENSMUSG00000038646,Ramac,protein coding gene
ENSMUSG00000038717.7,326.7883295,-2.544685264,0.215501849,-11.80818295,3.54131800331695E-32,2.41767048962606E-30,ENSMUSG00000038717,ENSMUSG00000038717,Atp5mg,protein coding gene
ENSMUSG00000038722.17,175.0926256,-2.805826288,0.280355182,-10.00811283,1.40405223030551E-23,4.78496434064604E-22,ENSMUSG00000038722,ENSMUSG00000038722,Bud31,protein coding gene
ENSMUSG00000038871.5,363.35624140916,-2.299867701,0.265977915,-8.646837085,5.29464755648247E-18,1.05285121571457E-16,ENSMUSG00000038871,ENSMUSG00000038871,Bpgm,protein coding gene
ENSMUSG00000038975.14,275.9773044,-2.361974921,0.236536574,-9.985664731,1.76116632352613E-23,5.9440072423163E-22,ENSMUSG00000038975,ENSMUSG00000038975,Rabggtb,protein coding gene
ENSMUSG00000039105.6,349.7417024,-2.831175507,0.213780961,-13.24334727,4.93015778996821E-40,5.87108960908771E-38,ENSMUSG00000039105,ENSMUSG00000039105,Atp6v1g1,protein coding gene
ENSMUSG00000039131.15,13.32685031,-2.734646784,0.930375438,-2.939293828,0.00328961,0.008290879,ENSMUSG00000039131,ENSMUSG00000039131,Gipc2,protein coding gene
ENSMUSG00000039221.10,251.1468785,-3.20606937,0.301843851,-10.62161564,2.364331049658E-26,1.02809158651E-24,ENSMUSG00000039221,ENSMUSG00000039221,Rpl22l1,protein coding gene
ENSMUSG00000039405.7,443.3679242,-2.433864352,0.21901658,-11.11269451,1.08825284994829E-28,5.71646403059304E-27,ENSMUSG00000039405,ENSMUSG00000039405,Prss23,protein coding gene
ENSMUSG00000040158.12,100.5133605,-2.224153561,0.3525821,-6.308186268,2.82324320101769E-10,2.48206183935108E-09,ENSMUSG00000040158,ENSMUSG00000040158,Tax1bp3,protein coding gene
ENSMUSG00000040205.8,8742.02821099064,-2.07984599,0.19830127,-10.48831399,9.7757177914282E-26,4.10599737856801E-24,ENSMUSG00000040205,ENSMUSG00000040205,Cuzd1,protein coding gene
ENSMUSG00000040229.11,28.10340331,-3.363037218,0.645466595,-5.210242087,1.88594384652148E-07,1.12549820840671E-06,ENSMUSG00000040229,ENSMUSG00000040229,Gpr34,protein coding gene
ENSMUSG00000040322.10,130.63141114135,-2.247835102,0.415392594,-5.411350931,6.25510528172294E-08,3.99819309544468E-07,ENSMUSG00000040322,ENSMUSG00000040322,Slc25a24,protein coding gene
ENSMUSG00000040374.13,215.1850998,-2.297396398,0.318664961,-7.209441514,5.61818215865278E-13,6.68662577303825E-12,ENSMUSG00000040374,ENSMUSG00000040374,Pex2,protein coding gene
ENSMUSG00000040652.15,376.157243,-3.059837165,0.210770985,-14.51735478,9.40708853661675E-48,1.86002989282029E-45,ENSMUSG00000040652,ENSMUSG00000040652,Oaz2,protein coding gene
ENSMUSG00000040666.17,19.05965974,-3.484679739,0.889749469,-3.916472962,8.98538878550482E-05,0.000327863,ENSMUSG00000040666,ENSMUSG00000040666,Sh3bgr,protein coding gene
ENSMUSG00000040681.14,588.3469706,-2.409269383,0.197436399,-12.202762,3.00456519651488E-34,2.37632762089643E-32,ENSMUSG00000040681,ENSMUSG00000040681,Hmgn1,protein coding gene
ENSMUSG00000041028.15,1524.58520807754,-2.816567429,0.159590286,-17.64873981,1.04052161745232E-69,6.41420370005385E-67,ENSMUSG00000041028,ENSMUSG00000041028,Ghitm,protein coding gene
ENSMUSG00000041079.11,28.65022569,-2.326636941,0.609027148,-3.820251606,0.000133316,0.000469292,ENSMUSG00000041079,ENSMUSG00000041079,Rwdd2b,protein coding gene
ENSMUSG00000041084.8,749.7903791581,-2.009218892,0.16545953,-12.14326484,6.2290035766505E-34,4.79976786628742E-32,ENSMUSG00000041084,ENSMUSG00000041084,Ostc,protein coding gene
ENSMUSG00000041124.10,132.3988457,-2.301574752,0.37198579,-6.187265245,6.12169127242101E-10,5.16523862232979E-09,ENSMUSG00000041124,ENSMUSG00000041124,Msantd4,protein coding gene
ENSMUSG00000041153.9,73.39887510126,-2.443672445,0.386465508,-6.323132061,2.56314062869512E-10,2.26288392741453E-09,ENSMUSG00000041153,ENSMUSG00000041153,Osgin2,protein coding gene
ENSMUSG00000041231.15,132.8904576,-2.161844181,0.363265073,-5.951147906,2.6626831896805E-09,2.06616723334001E-08,ENSMUSG00000041231,ENSMUSG00000041231,Ublcp1,protein coding gene
ENSMUSG00000041396.13,17.25160106,-2.564760267,0.93811883,-2.733939651,0.006258151,0.014630741,ENSMUSG00000041396,ENSMUSG00000041396,Mettl18,protein coding gene
ENSMUSG00000041431.16,17.15199082,-2.531167767,0.952549735,-2.657255231,0.007877977,0.017902475,ENSMUSG00000041431,ENSMUSG00000041431,Ccnb1,protein coding gene
ENSMUSG00000041886.6,49.46457515,-2.34126775,0.453818297,-5.15904221,2.48216352175291E-07,1.45317500705082E-06,ENSMUSG00000041886,ENSMUSG00000041886,Macc1,protein coding gene
ENSMUSG00000042032.13,306.3283242,-2.360659512,0.254336247,-9.281647987,1.66877183851475E-20,4.22923687586828E-19,ENSMUSG00000042032,ENSMUSG00000042032,Mat2b,protein coding gene
ENSMUSG00000042043.5,234.6917137,-2.288030067,0.321362217,-7.119785539,1.0809512620176E-12,1.25100262289492E-11,ENSMUSG00000042043,ENSMUSG00000042043,Tbca,protein coding gene
ENSMUSG00000042079.13,509.5355936,-4.24975688,0.318499973,-13.34303685,1.30051643569731E-40,1.60338376328117E-38,ENSMUSG00000042079,ENSMUSG00000042079,Hnrnpf,protein coding gene
ENSMUSG00000042271.13,78.06784592,-2.249811763,0.375069722,-5.998382784,1.99292296674674E-09,1.57206143997158E-08,ENSMUSG00000042271,ENSMUSG00000042271,Nxt2,protein coding gene
ENSMUSG00000042396.9,222.2642221,-2.733575172,0.248330297,-11.00781984,3.50379796739915E-28,1.78676646225593E-26,ENSMUSG00000042396,ENSMUSG00000042396,Rbm7,protein coding gene
ENSMUSG00000042569.13,120.0495259,-2.030570654,0.301934765,-6.725196591,1.75355524676657E-11,1.77292640699376E-10,ENSMUSG00000042569,ENSMUSG00000042569,Dhrs7b,protein coding gene
ENSMUSG00000042670.5,118.0661551,-3.017235638,0.336606753,-8.963681255,3.14015779639467E-19,7.07683518867053E-18,ENSMUSG00000042670,ENSMUSG00000042670,Immp1l,protein coding gene
ENSMUSG00000042682.8,545.1558247,-2.849259781,0.241092261,-11.81813043,3.14608060269424E-32,2.16192470006127E-30,ENSMUSG00000042682,ENSMUSG00000042682,Selenok,protein coding gene
ENSMUSG00000042705.8,66.15928619,-2.096675373,0.399992797,-5.241782821,1.59032486774362E-07,9.58080451366441E-07,ENSMUSG00000042705,ENSMUSG00000042705,Commd10,protein coding gene
ENSMUSG00000042712.10,1241.59075050493,-2.870137768,0.172764785,-16.61297917,5.61347838828002E-62,2.4010794599992E-59,ENSMUSG00000042712,ENSMUSG00000042712,Tceal9,protein coding gene
ENSMUSG00000042759.12,56.30847108,-2.093268786,0.418267508,-5.004617249,5.59731346476398E-07,3.08477762050981E-06,ENSMUSG00000042759,ENSMUSG00000042759,Apobr,protein coding gene
ENSMUSG00000042834.14,76.09734277,-2.68345468,0.43834103,-6.121842347,9.24995228090604E-10,7.63266731714605E-09,ENSMUSG00000042834,ENSMUSG00000042834,Nrep,protein coding gene
ENSMUSG00000043091.8,678.0122805,-2.154116955,0.263495462,-8.175157707,2.95479129816842E-16,4.99834308460952E-15,ENSMUSG00000043091,ENSMUSG00000043091,Tuba1c,protein coding gene
ENSMUSG00000043153.5,17.80742707,-2.58021398,0.841066525,-3.067788222,0.002156494,0.005726334,ENSMUSG00000043153,ENSMUSG00000043153,Crppa,protein coding gene
ENSMUSG00000043263.13,84.76675192,-2.484319349,0.620862573,-4.001399755,6.2968871508518E-05,0.000237624,ENSMUSG00000043263,ENSMUSG00000043263,Ifi209,protein coding gene
ENSMUSG00000043631.7,96.7121132,-2.229420405,0.348934487,-6.389223447,1.66730277459935E-10,1.51277051310943E-09,ENSMUSG00000043631,ENSMUSG00000043631,Ecm2,protein coding gene
ENSMUSG00000043716.13,3702.45096016272,-2.450663446,0.169465999,-14.46109229,2.13384431862902E-47,4.06574937037688E-45,ENSMUSG00000043716,ENSMUSG00000043716,Rpl7,protein coding gene
ENSMUSG00000043832.13,37.1032879,-2.758427003,0.584020729,-4.723166259,2.32200868278577E-06,1.15543637185439E-05,ENSMUSG00000043832,ENSMUSG00000043832,Clec4a3,protein coding gene
ENSMUSG00000043943.14,55.11863511,-2.026587893,0.480446739,-4.218132267,2.46334312143382E-05,0.000101036,ENSMUSG00000043943,ENSMUSG00000043943,Naalad2,protein coding gene
ENSMUSG00000044018.3,209.7621278,-2.794650479,0.263104896,-10.621811,2.35938716126008E-26,1.0280747507869E-24,ENSMUSG00000044018,ENSMUSG00000044018,Mrpl50,protein coding gene
ENSMUSG00000044026.2,223.6610805,-2.058942755,0.227498597,-9.050353651,1.42506046820206E-19,3.2966713413959E-18,ENSMUSG00000044026,ENSMUSG00000044026,Slc35g1,protein coding gene
ENSMUSG00000044155.11,59.86896503,-2.494342311,0.42400607,-5.882798596,4.03386683443636E-09,3.06547552512515E-08,ENSMUSG00000044155,ENSMUSG00000044155,Lsm8,protein coding gene
ENSMUSG00000044221.14,448.3110087,-2.078764689,0.221204021,-9.397499574,5.58750819243951E-21,1.48803791874638E-19,ENSMUSG00000044221,ENSMUSG00000044221,Grsf1,protein coding gene
ENSMUSG00000044408.6,252.4632093,-2.316040741,0.242924205,-9.534005661,1.51328771337218E-21,4.24149399377021E-20,ENSMUSG00000044408,ENSMUSG00000044408,Sptssa,protein coding gene
ENSMUSG00000044501.17,53.03282662,-2.406333473,0.432345259,-5.565768152,2.61000078007841E-08,1.77319307454339E-07,ENSMUSG00000044501,ENSMUSG00000044501,Zfp758,protein coding gene
ENSMUSG00000044573.14,237.93482305146,-2.07139987,0.264199427,-7.840289036,4.49510537896584E-15,6.69601376245523E-14,ENSMUSG00000044573,ENSMUSG00000044573,Acp1,protein coding gene
ENSMUSG00000044627.11,551.3600152,-2.644518647,0.200088989,-13.21671254,7.02686040900452E-40,8.1819981840181E-38,ENSMUSG00000044627,ENSMUSG00000044627,Swi5,protein coding gene
ENSMUSG00000044734.15,270.6178846,-2.433287999,0.236298172,-10.29753204,7.22921736594769E-25,2.78013150042014E-23,ENSMUSG00000044734,ENSMUSG00000044734,Serpinb1a,protein coding gene
ENSMUSG00000044792.6,419.0433531,-2.048474891,0.206616542,-9.914379886,3.60487994759432E-23,1.19171417699731E-21,ENSMUSG00000044792,ENSMUSG00000044792,Isca1,protein coding gene
ENSMUSG00000045140.8,33.64119863,-2.315610406,0.533869862,-4.337406118,1.44174083477517E-05,6.21630243901517E-05,ENSMUSG00000045140,ENSMUSG00000045140,Pigw,protein coding gene
ENSMUSG00000045237.5,47.83906359,-2.023679961,0.493159426,-4.103500517,4.06945542591803E-05,0.000159633,ENSMUSG00000045237,ENSMUSG00000045237,Eola1,protein coding gene
ENSMUSG00000045427.13,289.373536,-3.255112414,0.236158672,-13.783582,3.19992428016633E-43,4.6253250336556E-41,ENSMUSG00000045427,ENSMUSG00000045427,Hnrnph2,protein coding gene
ENSMUSG00000045435.9,70.06226109,-2.179632797,0.41268501,-5.281589462,1.28067919684249E-07,7.80737501065205E-07,ENSMUSG00000045435,ENSMUSG00000045435,Tmem60,protein coding gene
ENSMUSG00000045827.10,189.6839498,-2.021129491,0.251887195,-8.023946936,1.02400550720806E-15,1.62962273542702E-14,ENSMUSG00000045827,ENSMUSG00000045827,Serpinb9,protein coding gene
ENSMUSG00000045896.14,617.1321274,-2.224846844,0.19490391,-11.415096,3.51515642419349E-30,2.0989790169422E-28,ENSMUSG00000045896,ENSMUSG00000045896,Paip2b,protein coding gene
ENSMUSG00000045932.12,72.6020596,-3.034779323,0.439306441,-6.908114784,4.91136532323978E-12,5.27883619537346E-11,ENSMUSG00000045932,ENSMUSG00000045932,Ifit2,protein coding gene
ENSMUSG00000045996.12,55.33803108,-2.656483132,0.498202776,-5.332132337,9.70661565263484E-08,6.03145441635262E-07,ENSMUSG00000045996,ENSMUSG00000045996,Polr2k,protein coding gene
ENSMUSG00000046434.15,793.95932401467,-3.407310634,0.182932305,-18.62607388,1.97490911430123E-77,1.59200462025536E-74,ENSMUSG00000046434,ENSMUSG00000046434,Hnrnpa1,protein coding gene
ENSMUSG00000047115.15,12.68447922,-2.681635929,0.927941562,-2.889875871,0.00385394,0.009551226,ENSMUSG00000047115,ENSMUSG00000047115,Fam221a,protein coding gene
ENSMUSG00000047139.8,2247.50890761419,-2.050707057,0.173759785,-11.80196587,3.81298107038053E-32,2.59468409915927E-30,ENSMUSG00000047139,ENSMUSG00000047139,Cd24a,protein coding gene
ENSMUSG00000047187.9,965.0588989,-2.972235834,0.180554412,-16.46171808,6.91106577886098E-61,2.84017701292446E-58,ENSMUSG00000047187,ENSMUSG00000047187,Rab2a,protein coding gene
ENSMUSG00000047330.8,19.02208341,-2.727077308,0.886967703,-3.074607225,0.002107799,0.005609824,ENSMUSG00000047330,ENSMUSG00000047330,Kcne4,protein coding gene
ENSMUSG00000047446.18,342.203128,-2.319498502,0.253608131,-9.145994225,5.90838475918558E-20,1.40720268372467E-18,ENSMUSG00000047446,ENSMUSG00000047446,Arl4a,protein coding gene
ENSMUSG00000047462.8,7.017043987,-3.438492184,1.438441807,-2.390428426,0.016828729,0.034657888,ENSMUSG00000047462,ENSMUSG00000047462,Gpr141b,protein coding gene
ENSMUSG00000047554.14,153.7342832,-2.366328213,0.325625268,-7.267028848,3.67480352030735E-13,4.46752940731565E-12,ENSMUSG00000047554,ENSMUSG00000047554,Tmem41b,protein coding gene
ENSMUSG00000047844.3,30.68127155038,-3.092444713,0.653567373,-4.731638755,2.22714499820361E-06,1.11272305166506E-05,ENSMUSG00000047844,ENSMUSG00000047844,Bex4,protein coding gene
ENSMUSG00000048007.4,57.47729791,-3.552829603,0.476103862,-7.462299479,8.50253548621312E-14,1.10343431117982E-12,ENSMUSG00000048007,ENSMUSG00000048007,Timm8a1,protein coding gene
ENSMUSG00000048087.5,12.59744207,-2.672998454,0.955187208,-2.79840269,0.005135604,0.01229998,ENSMUSG00000048087,ENSMUSG00000048087,Ahcyl,protein coding gene
ENSMUSG00000048100.13,100.5617715,-3.561883848,0.379101719,-9.395588756,5.68987052018178E-21,1.51145749344094E-19,ENSMUSG00000048100,ENSMUSG00000048100,Taf13,protein coding gene
ENSMUSG00000048222.3,95.88691182,-2.509486435,0.367091975,-6.836124469,8.13642573243221E-12,8.52656734630233E-11,ENSMUSG00000048222,ENSMUSG00000048222,Mfap1b,protein coding gene
ENSMUSG00000048368.8,7.699778501,-4.226513005,1.458768345,-2.897316094,0.003763703,0.009357468,ENSMUSG00000048368,ENSMUSG00000048368,Omd,protein coding gene
ENSMUSG00000049047.11,257.4162117,-2.932425749,0.314675184,-9.318897381,1.17555559261603E-20,3.02683902526282E-19,ENSMUSG00000049047,ENSMUSG00000049047,Armcx3,protein coding gene
ENSMUSG00000049103.13,170.2461354,-2.249962352,0.385595355,-5.835034896,5.377931057039E-09,4.01124758094236E-08,ENSMUSG00000049103,ENSMUSG00000049103,Ccr2,protein coding gene
ENSMUSG00000049751.6,865.7525225,-3.077591885,0.191947768,-16.03348621,7.45788476624615E-58,2.84199648755915E-55,ENSMUSG00000049751,ENSMUSG00000049751,Rpl36al,protein coding gene
ENSMUSG00000050029.7,165.48126180185,-2.805152095,0.343844754,-8.158193657,3.40071964984213E-16,5.72495446915993E-15,ENSMUSG00000050029,ENSMUSG00000050029,Rap2c,protein coding gene
ENSMUSG00000050043.16,178.1654524,-2.262018572,0.350550393,-6.452762898,1.09829123370002E-10,1.01989747306685E-09,ENSMUSG00000050043,ENSMUSG00000050043,Tmx2,protein coding gene
ENSMUSG00000050520.4,97.52980549,-2.59102203,0.385871969,-6.714719491,1.88428346635172E-11,1.89868736400316E-10,ENSMUSG00000050520,ENSMUSG00000050520,Cldn8,protein coding gene
ENSMUSG00000050621.6,77.29732018,-2.826439608,0.531022266,-5.322638595,1.02272807908573E-07,6.33432559384098E-07,ENSMUSG00000050621,ENSMUSG00000050621,Rps27rt,protein coding gene
ENSMUSG00000051147.9,28.05729806,-3.17322835,0.639207774,-4.964314386,6.8944186120887E-07,3.74643815635901E-06,ENSMUSG00000051147,ENSMUSG00000051147,Nat2,protein coding gene
ENSMUSG00000051154.11,354.8439986,-2.13090804,0.208530177,-10.21870345,1.63513212641012E-24,6.08716416295377E-23,ENSMUSG00000051154,ENSMUSG00000051154,Commd3,protein coding gene
ENSMUSG00000051223.14,732.1452177,-2.845859341,0.18116518,-15.70864416,1.31971348188789E-55,4.00867751694033E-53,ENSMUSG00000051223,ENSMUSG00000051223,Bzw1,protein coding gene
ENSMUSG00000051234.6,345.8100774,-2.233689508,0.207006334,-10.79044041,3.81954735293707E-27,1.77110382677451E-25,ENSMUSG00000051234,ENSMUSG00000051234,Rnf7,protein coding gene
ENSMUSG00000051579.10,290.8604741,-2.992371265,0.240054773,-12.46536874,1.15337050907334E-35,1.00722885415284E-33,ENSMUSG00000051579,ENSMUSG00000051579,Tceal8,protein coding gene
ENSMUSG00000051671.6,58.49674198,-2.165123852,0.448560191,-4.826830142,1.38723341352183E-06,7.19678839455545E-06,ENSMUSG00000051671,ENSMUSG00000051671,Coa6,protein coding gene
ENSMUSG00000051839.7,11.83029643,-3.65608002,1.139581743,-3.208264825,0.001335385,0.003738257,ENSMUSG00000051839,ENSMUSG00000051839,Gypa,protein coding gene
ENSMUSG00000052033.13,42.98772665,-2.747660805,0.508510935,-5.403346545,6.54089154179623E-08,4.1630897608414E-07,ENSMUSG00000052033,ENSMUSG00000052033,Pfdn4,protein coding gene
ENSMUSG00000052144.8,297.7179497,-2.394886892,0.267493752,-8.953057296,3.45770286218762E-19,7.73425766153578E-18,ENSMUSG00000052144,ENSMUSG00000052144,Ppp4r2,protein coding gene
ENSMUSG00000052419.7,114.6355392,-2.568686497,0.453247575,-5.66729231,1.45071734975277E-08,1.02582945119664E-07,ENSMUSG00000052419,ENSMUSG00000052419,Smim30,protein coding gene
ENSMUSG00000052833.9,278.0801284,-2.039936755,0.26895065,-7.584799506,3.33001591433538E-14,4.48546295299199E-13,ENSMUSG00000052833,ENSMUSG00000052833,Sae1,protein coding gene
ENSMUSG00000052914.4,148.8604158,-2.723475461,0.411022458,-6.626098905,3.44674277035788E-11,3.39475008101179E-10,ENSMUSG00000052914,ENSMUSG00000052914,Cyp2j6,protein coding gene
ENSMUSG00000053063.11,59.02209203,-2.458014496,0.447760162,-5.489578358,4.02894353236006E-08,2.65748412564672E-07,ENSMUSG00000053063,ENSMUSG00000053063,Clec12a,protein coding gene
ENSMUSG00000053219.15,31.55051658,-2.528361162,0.563827389,-4.484282269,7.31597647164661E-06,3.33120901301849E-05,ENSMUSG00000053219,ENSMUSG00000053219,Raet1e,protein coding gene
ENSMUSG00000053279.6,476.0032457,-2.433304272,0.221619919,-10.979628,4.78891750957176E-28,2.38410741290058E-26,ENSMUSG00000053279,ENSMUSG00000053279,Aldh1a1,protein coding gene
ENSMUSG00000053522.11,27.73240881,-2.362668856,0.582410413,-4.056707783,4.97692865517746E-05,0.000191749,ENSMUSG00000053522,ENSMUSG00000053522,Lgals7,protein coding gene
ENSMUSG00000053600.7,23.50772347,-2.171823757,0.721499922,-3.010151063,0.002611178,0.006772949,ENSMUSG00000053600,ENSMUSG00000053600,Zfp472,protein coding gene
ENSMUSG00000054162.15,40.58491946,-2.23625479,0.492898801,-4.53694508,5.7074961954997E-06,2.65416935348299E-05,ENSMUSG00000054162,ENSMUSG00000054162,Spock3,protein coding gene
ENSMUSG00000054408.9,1173.30234285265,-2.315016213,0.192219104,-12.0436323,2.09522701588849E-33,1.57397358516154E-31,ENSMUSG00000054408,ENSMUSG00000054408,Spcs3,protein coding gene
ENSMUSG00000054717.7,97.86010962,-2.047819865,0.442926788,-4.623382285,3.77533024083507E-06,1.80820718733232E-05,ENSMUSG00000054717,ENSMUSG00000054717,Hmgb2,protein coding gene
ENSMUSG00000055114.7,26.01429554954,-2.768720006,0.833287812,-3.322645507,0.000891682,0.002606157,ENSMUSG00000055114,ENSMUSG00000055114,Anxa13,protein coding gene
ENSMUSG00000055302.5,932.1349403,-2.066171699,0.251527434,-8.214498366,2.13052998708432E-16,3.65116745701555E-15,ENSMUSG00000055302,ENSMUSG00000055302,Mrfap1,protein coding gene
ENSMUSG00000055723.6,316.5328398,-2.275081838,0.234017741,-9.721834894,2.43356022626558E-22,7.40275599162558E-21,ENSMUSG00000055723,ENSMUSG00000055723,Rras2,protein coding gene
ENSMUSG00000055760.12,40.42156403,-3.036094519,0.541378967,-5.60807623,2.04587918337124E-08,1.41470081835295E-07,ENSMUSG00000055760,ENSMUSG00000055760,Gemin6,protein coding gene
ENSMUSG00000055900.14,61.3082734,-2.038635817,0.42036599,-4.849668774,1.23667806920415E-06,6.4766455903173E-06,ENSMUSG00000055900,ENSMUSG00000055900,Tmem69,protein coding gene
ENSMUSG00000055963.12,33.64286949,-3.200518277,0.59472478,-5.381511561,7.3862959013401E-08,4.65452122057087E-07,ENSMUSG00000055963,ENSMUSG00000055963,Triqk,protein coding gene
ENSMUSG00000056313.5,350.2090126,-2.32453162,0.261508867,-8.888920837,6.170527058655E-19,1.34436670085603E-17,ENSMUSG00000056313,ENSMUSG00000056313,Tcim,protein coding gene
ENSMUSG00000056612.6,461.154392,-2.202192617,0.287176191,-7.668437318,1.74104407480325E-14,2.43270285092008E-13,ENSMUSG00000056612,ENSMUSG00000056612,Ppp1r14b,protein coding gene
ENSMUSG00000056671.6,43.67902901,-2.233869223,0.478503887,-4.668445299,3.03487556116248E-06,1.47685063585801E-05,ENSMUSG00000056671,ENSMUSG00000056671,Prelid2,protein coding gene
ENSMUSG00000056973.6,661.2188908,-2.025047941,0.19245269,-10.5223156,6.81770915070731E-26,2.8808944776144E-24,ENSMUSG00000056973,ENSMUSG00000056973,Ces1d,protein coding gene
ENSMUSG00000057092.12,93.69724185,-2.312445063,0.332587409,-6.952894179,3.57867137116382E-12,3.9187760328225E-11,ENSMUSG00000057092,ENSMUSG00000057092,Fxyd3,protein coding gene
ENSMUSG00000057113.13,1459.02083601214,-2.65513726,0.249566546,-10.63899511,1.96234226500885E-26,8.6223755832957E-25,ENSMUSG00000057113,ENSMUSG00000057113,Npm1,protein coding gene
ENSMUSG00000057561.9,462.7777975,-2.52291204,0.232450382,-10.85355083,1.91825349913355E-27,9.07554742400454E-26,ENSMUSG00000057561,ENSMUSG00000057561,Eif1a,protein coding gene
ENSMUSG00000057572.15,91.02289866,-2.324965879,0.365848736,-6.354992249,2.08437130328755E-10,1.86375162737217E-09,ENSMUSG00000057572,ENSMUSG00000057572,Zbtb8os,protein coding gene
ENSMUSG00000057836.12,55.34292048,-2.554896146,0.565630386,-4.516900454,6.27513864541714E-06,2.89438008075039E-05,ENSMUSG00000057836,ENSMUSG00000057836,Xlr3a,protein coding gene
ENSMUSG00000057858.7,55.23861298,-2.029953917,0.407229248,-4.984794018,6.20278569465307E-07,3.3934791274924E-06,ENSMUSG00000057858,ENSMUSG00000057858,Fam204a,protein coding gene
ENSMUSG00000058207.6,3.92236389,-5.2356495,1.975506289,-2.650282376,0.008042452,0.018201248,ENSMUSG00000058207,ENSMUSG00000058207,Serpina3k,protein coding gene
ENSMUSG00000058258.14,57.12284404395,-2.949377434,0.522062529,-5.64947161,1.60941761361274E-08,1.13004300715944E-07,ENSMUSG00000058258,ENSMUSG00000058258,Idi1,protein coding gene
ENSMUSG00000058267.13,190.63198497017,-2.743233807,0.295483941,-9.283867674,1.63435666194077E-20,4.1520583366808E-19,ENSMUSG00000058267,ENSMUSG00000058267,Mrps14,protein coding gene
ENSMUSG00000058546.8,392.32729984478,-2.136054759,0.307910702,-6.93725404,3.99794535489208E-12,4.34836204946462E-11,ENSMUSG00000058546,ENSMUSG00000058546,Rpl23a,protein coding gene
ENSMUSG00000058704.7,124.0654091,-2.311808173,0.316470217,-7.304978641,2.77310790191848E-13,3.40888964905041E-12,ENSMUSG00000058704,ENSMUSG00000058704,Memo1,protein coding gene
ENSMUSG00000058900.4,21.52296385,-2.071635474,0.749885602,-2.762602012,0.005734264,0.013569618,ENSMUSG00000058900,ENSMUSG00000058900,Rsl1,protein coding gene
ENSMUSG00000058952.12,18.01702853,-2.00956652,0.756542013,-2.656252377,0.007901446,0.017946077,ENSMUSG00000058952,ENSMUSG00000058952,Cfi,protein coding gene
ENSMUSG00000059005.13,909.6510754,-3.150870682,0.166901666,-18.87860533,1.71043156026701E-79,1.79244675358181E-76,ENSMUSG00000059005,ENSMUSG00000059005,Hnrnpa3,protein coding gene
ENSMUSG00000059042.3,14.58062205,-2.449255355,0.953484213,-2.56874243,0.010206829,0.022421647,ENSMUSG00000059042,ENSMUSG00000059042,Klk1b9,protein coding gene
ENSMUSG00000059447.13,363.6608853,-2.059709649,0.225462452,-9.135488537,6.51121188564165E-20,1.54027640983254E-18,ENSMUSG00000059447,ENSMUSG00000059447,Hadhb,protein coding gene
ENSMUSG00000059796.16,2205.07840910698,-2.664965993,0.174923134,-15.23506886,2.06909026164475E-52,5.55975164023236E-50,ENSMUSG00000059796,ENSMUSG00000059796,Eif4a1,protein coding gene
ENSMUSG00000059811.12,236.2615464,-2.181207809,0.273830149,-7.965550252,1.64490170793209E-15,2.56323382130474E-14,ENSMUSG00000059811,ENSMUSG00000059811,Atl2,protein coding gene
ENSMUSG00000059897.4,23.99831546,-3.175776248,0.707711844,-4.487386039,7.21023573982194E-06,3.28806202939356E-05,ENSMUSG00000059897,ENSMUSG00000059897,Zfp930,protein coding gene
ENSMUSG00000059920.9,186.0441983,-2.17409137,0.284088291,-7.652872146,1.96539301644685E-14,2.72618611725411E-13,ENSMUSG00000059920,ENSMUSG00000059920,4930453N24Rik,protein coding gene
ENSMUSG00000060002.14,310.6445721,-2.13146071,0.246589072,-8.643776035,5.43851093936202E-18,1.07838931672742E-16,ENSMUSG00000060002,ENSMUSG00000060002,Chpt1,protein coding gene
ENSMUSG00000060073.9,438.1467723,-2.529598978,0.212615956,-11.89750299,1.21941391927588E-32,8.54772452645592E-31,ENSMUSG00000060073,ENSMUSG00000060073,Psma3,protein coding gene
ENSMUSG00000060126.14,8207.90849327498,-2.48835669,0.142543234,-17.45685591,3.05291979896717E-68,1.77739294629314E-65,ENSMUSG00000060126,ENSMUSG00000060126,Tpt1,protein coding gene
ENSMUSG00000060147.15,595.6200357,-2.484586551,0.208660601,-11.90731043,1.08418172592518E-32,7.67681243029253E-31,ENSMUSG00000060147,ENSMUSG00000060147,Serpinb6a,protein coding gene
ENSMUSG00000060373.14,604.4309893,-2.132143711,0.259460474,-8.217605077,2.07607313014183E-16,3.5695173695359E-15,ENSMUSG00000060373,ENSMUSG00000060373,Hnrnpc,protein coding gene
ENSMUSG00000060739.7,481.1013508,-2.10977289,0.215477281,-9.791161665,1.2287594164391E-22,3.84381621032046E-21,ENSMUSG00000060739,ENSMUSG00000060739,Nsa2,protein coding gene
ENSMUSG00000060743.12,313.8974904,-2.248790194,0.256395003,-8.77080353,1.77395745019527E-18,3.66309105405345E-17,ENSMUSG00000060743,ENSMUSG00000060743,H3f3a,protein coding gene
ENSMUSG00000060791.15,110.7230682049,-2.139299177,0.356516353,-6.000563953,1.96633384596306E-09,1.55342597352205E-08,ENSMUSG00000060791,ENSMUSG00000060791,Gmfg,protein coding gene
ENSMUSG00000060803.5,1061.38062425016,-3.470482407,0.184337604,-18.82677398,4.55688828736402E-79,4.34126461885739E-76,ENSMUSG00000060803,ENSMUSG00000060803,Gstp1,protein coding gene
ENSMUSG00000060860.8,169.2733779,-2.058097711,0.295128601,-6.973562383,3.09014316087414E-12,3.41054821004534E-11,ENSMUSG00000060860,ENSMUSG00000060860,Ube2s,protein coding gene
ENSMUSG00000060904.14,844.6160028,-2.713005332,0.170516369,-15.91052728,5.35605040315022E-57,1.81060419999396E-54,ENSMUSG00000060904,ENSMUSG00000060904,Arl1,protein coding gene
ENSMUSG00000060935.5,287.8634096,-2.435506397,0.246617596,-9.875639186,5.30933757140035E-23,1.74144610577433E-21,ENSMUSG00000060935,ENSMUSG00000060935,Tmem263,protein coding gene
ENSMUSG00000060938.14,2492.1034478208,-2.37805018,0.170177713,-13.97392255,2.24891291769406E-44,3.5175347643246E-42,ENSMUSG00000060938,ENSMUSG00000060938,Rpl26,protein coding gene
ENSMUSG00000061273.3,176.8108058,-2.170590264,0.255420267,-8.498112892,1.92697660428525E-17,3.6449284261225E-16,ENSMUSG00000061273,ENSMUSG00000061273,Mmgt1,protein coding gene
ENSMUSG00000061474.11,33.40825289,-2.264017437,0.556531847,-4.068082444,4.74016112566479E-05,0.000183267,ENSMUSG00000061474,ENSMUSG00000061474,Kdg4,protein coding gene
ENSMUSG00000061666.6,91.05408729,-2.179968888,0.379280236,-5.747646942,9.04939471827203E-09,6.53464911023507E-08,ENSMUSG00000061666,ENSMUSG00000061666,Gdpd1,protein coding gene
ENSMUSG00000061838.7,371.6434221,-2.34702348,0.232441523,-10.09726424,5.68047669368821E-24,2.01450272458564E-22,ENSMUSG00000061838,ENSMUSG00000061838,Suclg2,protein coding gene
ENSMUSG00000062070.12,460.32541173725,-3.041960729,0.220798287,-13.77710296,3.5003949191431E-43,5.02498473358358E-41,ENSMUSG00000062070,ENSMUSG00000062070,Pgk1,protein coding gene
ENSMUSG00000062101.12,21.62564239,-2.201331938,0.676995998,-3.251617359,0.001147504,0.003263724,ENSMUSG00000062101,ENSMUSG00000062101,Zfp119b,protein coding gene
ENSMUSG00000062170.12,4.387365961,-5.392804937,1.992737006,-2.706230136,0.006805187,0.015737604,ENSMUSG00000062170,ENSMUSG00000062170,Fmr1nb,protein coding gene
ENSMUSG00000062248.5,34.05885951,-3.284234366,0.620004845,-5.297110807,1.17649308340651E-07,7.21208497663558E-07,ENSMUSG00000062248,ENSMUSG00000062248,Cks2,protein coding gene
ENSMUSG00000062345.10,53.13488265,-4.739359435,0.596472459,-7.945646715,1.93180260002522E-15,2.98368833411412E-14,ENSMUSG00000062345,ENSMUSG00000062345,Serpinb2,protein coding gene
ENSMUSG00000062397.7,1449.668073793,-2.215326089,0.16095432,-13.76369453,4.21428091158539E-43,5.92799420308176E-41,ENSMUSG00000062397,ENSMUSG00000062397,Zfp706,protein coding gene
ENSMUSG00000062488.9,32.8244438,-2.169672747,0.675063455,-3.214027851,0.00130887,0.003671878,ENSMUSG00000062488,ENSMUSG00000062488,Ifit3b,protein coding gene
ENSMUSG00000062762.15,392.3214859,-2.538404565,0.211804998,-11.98463014,4.27749226027855E-33,3.1237616823407E-31,ENSMUSG00000062762,ENSMUSG00000062762,Ei24,protein coding gene
ENSMUSG00000062797.12,55.85178161,-2.182309866,0.497587849,-4.385778055,1.15571918283096E-05,5.07600971352769E-05,ENSMUSG00000062797,ENSMUSG00000062797,Hikeshi,protein coding gene
ENSMUSG00000062929.7,200.4527563,-2.227643478,0.250178388,-8.904220274,5.37626003445225E-19,1.17621121150402E-17,ENSMUSG00000062929,ENSMUSG00000062929,Cfl2,protein coding gene
ENSMUSG00000062963.10,581.6908278,-2.390955635,0.184737256,-12.9424659,2.59174982569257E-38,2.70251167147714E-36,ENSMUSG00000062963,ENSMUSG00000062963,Ufc1,protein coding gene
ENSMUSG00000063172.13,20.70766505,-2.053014753,0.686242925,-2.991673471,0.002774529,0.007154447,ENSMUSG00000063172,ENSMUSG00000063172,Ift25,protein coding gene
ENSMUSG00000063253.10,86.62520317,-2.253429711,0.343990225,-6.550853908,5.72090051969828E-11,5.49767785384486E-10,ENSMUSG00000063253,ENSMUSG00000063253,Scoc,protein coding gene
ENSMUSG00000063275.15,75.06559043,-2.257986313,0.409445894,-5.514736736,3.49302432802255E-08,2.32413640923888E-07,ENSMUSG00000063275,ENSMUSG00000063275,Hacd1,protein coding gene
ENSMUSG00000063316.13,1440.27095236989,-2.091738296,0.167063017,-12.52065441,5.75586097473106E-36,5.19987457626674E-34,ENSMUSG00000063316,ENSMUSG00000063316,Rpl27,protein coding gene
ENSMUSG00000063383.5,10.54602252,-3.465696051,1.262277062,-2.745590611,0.006040208,0.014189277,ENSMUSG00000063383,ENSMUSG00000063383,Zfp947,protein coding gene
ENSMUSG00000063406.11,389.1399141,-2.454993511,0.346776807,-7.079462814,1.44714324476962E-12,1.64661646401338E-11,ENSMUSG00000063406,ENSMUSG00000063406,Tmed5,protein coding gene
ENSMUSG00000063480.7,310.6505578,-2.749484622,0.279203513,-9.847600379,7.01999622016098E-23,2.27055711077707E-21,ENSMUSG00000063480,ENSMUSG00000063480,Snu13,protein coding gene
ENSMUSG00000063694.5,224.0242636,-4.342985071,0.310350811,-13.9937932,1.70092439908424E-44,2.68042665266215E-42,ENSMUSG00000063694,ENSMUSG00000063694,Cycs,protein coding gene
ENSMUSG00000063800.5,114.35428227678,-2.04060012,0.300625573,-6.787846086,1.13819980277678E-11,1.16881576023511E-10,ENSMUSG00000063800,ENSMUSG00000063800,Prpf38a,protein coding gene
ENSMUSG00000063889.16,97.44154257984,-2.119773961,0.342430409,-6.190378854,6.00197817919582E-10,5.07444375384288E-09,ENSMUSG00000063889,ENSMUSG00000063889,Crem,protein coding gene
ENSMUSG00000063975.13,8.216099133,-3.182355707,1.394571786,-2.28195905,0.022491758,0.044661749,ENSMUSG00000063975,ENSMUSG00000063975,Slco1a5,protein coding gene
ENSMUSG00000064354.1,107.3917542,-10.00904909,1.22107026,-8.196947728,2.46567599346801E-16,4.20831458852574E-15,ENSMUSG00000064354,ENSMUSG00000064354,mt-Co2,protein coding gene
ENSMUSG00000064357.1,84.18429376,-5.598662843,0.597100298,-9.376419445,6.8251145615217E-21,1.79932377399654E-19,ENSMUSG00000064357,ENSMUSG00000064357,mt-Atp6,protein coding gene
ENSMUSG00000064358.1,89.96613303,-5.37163492,0.545654194,-9.844394084,7.24746030988835E-23,2.3333259698149E-21,ENSMUSG00000064358,ENSMUSG00000064358,mt-Co3,protein coding gene
ENSMUSG00000064360.1,22.24032416,-3.860981095,0.770233538,-5.012740818,5.36601538174531E-07,2.9697997461315E-06,ENSMUSG00000064360,ENSMUSG00000064360,mt-Nd3,protein coding gene
ENSMUSG00000065947.3,3.401877977,-5.027512882,2.010260461,-2.500926113,0.012386902,0.026551143,ENSMUSG00000065947,ENSMUSG00000065947,mt-Nd4l,protein coding gene
ENSMUSG00000066000.12,11.60999613,-2.556229541,1.050374382,-2.433636601,0.014947994,0.031295076,ENSMUSG00000066000,ENSMUSG00000066000,Zfp979,protein coding gene
ENSMUSG00000066150.12,375.8734982,-2.140574703,0.22787315,-9.39371183,5.79222240687456E-21,1.53669860032511E-19,ENSMUSG00000066150,ENSMUSG00000066150,Slc31a1,protein coding gene
ENSMUSG00000066364.2,7.879676013,-4.041993957,1.485381327,-2.721182691,0.00650488,0.015114832,ENSMUSG00000066364,ENSMUSG00000066364,Serpina3b,protein coding gene
ENSMUSG00000066516.5,11.02399792,-3.881460147,1.108068576,-3.502906075,0.000460212,0.001433434,ENSMUSG00000066516,ENSMUSG00000066516,Klk1b21,protein coding gene
ENSMUSG00000066551.12,593.9352122,-2.263596625,0.329726881,-6.865065464,6.64607686431106E-12,7.04222067740624E-11,ENSMUSG00000066551,ENSMUSG00000066551,Hmgb1,protein coding gene
ENSMUSG00000066613.14,71.91628732,-3.239832225,0.439133741,-7.377780213,1.60950373429706E-13,2.03336882261193E-12,ENSMUSG00000066613,ENSMUSG00000066613,Zfp932,protein coding gene
ENSMUSG00000066735.8,212.8404697,-2.039843296,0.292237925,-6.980077263,2.95017771924621E-12,3.26466604106026E-11,ENSMUSG00000066735,ENSMUSG00000066735,Vkorc1l1,protein coding gene
ENSMUSG00000066880.15,65.08821278,-2.231729789,0.515338618,-4.330608478,1.48697869337063E-05,6.39950440130495E-05,ENSMUSG00000066880,ENSMUSG00000066880,Zfp617,protein coding gene
ENSMUSG00000067194.6,414.7733805,-2.250538303,0.218490743,-10.30038287,7.01814161053715E-25,2.70391966939794E-23,ENSMUSG00000067194,ENSMUSG00000067194,Eif1ax,protein coding gene
ENSMUSG00000067377.12,18.80391998,-2.746763457,0.756500716,-3.630880181,0.000282456,0.000925289,ENSMUSG00000067377,ENSMUSG00000067377,Tspan6,protein coding gene
ENSMUSG00000068039.12,619.3779855,-2.423854089,0.175358979,-13.82224115,1.87151107872074E-43,2.78191494318497E-41,ENSMUSG00000068039,ENSMUSG00000068039,Tcp1,protein coding gene
ENSMUSG00000068134.13,64.54656705,-2.179003963,0.425380361,-5.122483698,3.01537172702048E-07,1.7400654192352E-06,ENSMUSG00000068134,ENSMUSG00000068134,Zfp120,protein coding gene
ENSMUSG00000068749.9,247.0657212,-2.173801167,0.257434403,-8.44409738,3.06403699342501E-17,5.68875819537468E-16,ENSMUSG00000068749,ENSMUSG00000068749,Psma5,protein coding gene
ENSMUSG00000068798.10,414.3462685,-2.830589435,0.24769565,-11.42769134,3.04086244408457E-30,1.82617295030282E-28,ENSMUSG00000068798,ENSMUSG00000068798,Rap1a,protein coding gene
ENSMUSG00000068882.13,308.4429683,-2.152324256,0.315352799,-6.825131289,8.78449409235364E-12,9.16903444629681E-11,ENSMUSG00000068882,ENSMUSG00000068882,Ssb,protein coding gene
ENSMUSG00000069208.8,40.5780048,-3.103728767,0.603378177,-5.143919496,2.69064870044741E-07,1.56517641167575E-06,ENSMUSG00000069208,ENSMUSG00000069208,Zfp825,protein coding gene
ENSMUSG00000069515.5,226.1036546,-2.319829705,0.258819902,-8.963104013,3.15664572921761E-19,7.10635207719353E-18,ENSMUSG00000069515,ENSMUSG00000069515,Lyz1,protein coding gene
ENSMUSG00000069899.3,7.018762161,-4.366348804,1.491157018,-2.928161656,0.003409727,0.008557594,ENSMUSG00000069899,ENSMUSG00000069899,Sft2d1rt,protein coding gene
ENSMUSG00000070372.11,264.248367,-2.404760109,0.287821121,-8.355050866,6.54045228392366E-17,1.17565471199619E-15,ENSMUSG00000070372,ENSMUSG00000070372,Capza1,protein coding gene
ENSMUSG00000070493.3,905.6497858,-2.238477135,0.191898781,-11.66488458,1.92664188564999E-31,1.25016988487115E-29,ENSMUSG00000070493,ENSMUSG00000070493,Chchd2,protein coding gene
ENSMUSG00000070713.4,31.60335642,-5.311810659,0.8981806,-5.913967257,3.33964301990612E-09,2.56488010458821E-08,ENSMUSG00000070713,ENSMUSG00000070713,Hmgn2-ps,protein coding gene
ENSMUSG00000071014.10,119.7428326,-2.342846429,0.324262587,-7.225151841,5.00542247373624E-13,5.9845208001733E-12,ENSMUSG00000071014,ENSMUSG00000071014,Ndufb6,protein coding gene
ENSMUSG00000071072.12,449.39881415863,-2.315766132,0.252525954,-9.170408405,4.71230307208161E-20,1.13784746644883E-18,ENSMUSG00000071072,ENSMUSG00000071072,Ptges3,protein coding gene
ENSMUSG00000071302.10,50.62629375,-2.074741633,0.447522099,-4.636065204,3.55103991366158E-06,1.7113415854319E-05,ENSMUSG00000071302,ENSMUSG00000071302,Zfp1006,protein coding gene
ENSMUSG00000071415.6,2560.40379918113,-2.657481428,0.190686234,-13.9364094,3.80612064891338E-44,5.82280895478653E-42,ENSMUSG00000071415,ENSMUSG00000071415,Rpl23,protein coding gene
ENSMUSG00000071528.3,252.3939201,-2.233894888,0.24241961,-9.214992506,3.11300050620331E-20,7.66690688713456E-19,ENSMUSG00000071528,ENSMUSG00000071528,Atp5mk,protein coding gene
ENSMUSG00000071533.11,252.85430667641,-2.395512341,0.241186505,-9.932198919,3.01531443140177E-23,1.00314246298015E-21,ENSMUSG00000071533,ENSMUSG00000071533,Pcnp,protein coding gene
ENSMUSG00000071866.11,1609.35205302514,-2.754485076,0.190948718,-14.42526093,3.58909975645494E-47,6.7769316932918E-45,ENSMUSG00000071866,ENSMUSG00000071866,Ppia,protein coding gene
ENSMUSG00000072568.4,446.08232496199,-2.486203374,0.209143111,-11.88757001,1.37344551010811E-32,9.59534814878528E-31,ENSMUSG00000072568,ENSMUSG00000072568,Lratd2,protein coding gene
ENSMUSG00000072582.9,143.7864099,-2.275125263,0.320159535,-7.106223657,1.19261093465716E-12,1.37189531171676E-11,ENSMUSG00000072582,ENSMUSG00000072582,Ptrh2,protein coding gene
ENSMUSG00000072596.4,28.89813327,-2.013092356,0.567445206,-3.547641841,0.000388696,0.001233039,ENSMUSG00000072596,ENSMUSG00000072596,Ear2,protein coding gene
ENSMUSG00000072762.9,13.90276293,-2.698881201,0.969888506,-2.782671601,0.005391335,0.012847866,ENSMUSG00000072762,ENSMUSG00000072762,4930522L14Rik,protein coding gene
ENSMUSG00000072944.11,24.91570447,-3.770052379,0.773600341,-4.873385106,1.09702078719835E-06,5.7900928428331E-06,ENSMUSG00000072944,ENSMUSG00000072944,Nup62cl,protein coding gene
ENSMUSG00000072946.12,215.8914898,-2.29153344,0.238805986,-9.595795656,8.32721011784476E-22,2.41731297589901E-20,ENSMUSG00000072946,ENSMUSG00000072946,Ptgr2,protein coding gene
ENSMUSG00000073062.3,35.48543402,-2.082215143,0.600286589,-3.468701752,0.00052298,0.001612168,ENSMUSG00000073062,ENSMUSG00000073062,Zxdb,protein coding gene
ENSMUSG00000073125.10,22.23819037,-3.715793788,0.931476622,-3.989143367,6.63123357147643E-05,0.000248808,ENSMUSG00000073125,ENSMUSG00000073125,Xlr3b,protein coding gene
ENSMUSG00000073131.12,144.5271031,-2.502390534,0.34354883,-7.283944286,3.24198945458499E-13,3.95972360015424E-12,ENSMUSG00000073131,ENSMUSG00000073131,Vma21,protein coding gene
ENSMUSG00000073468.11,130.809449798,-2.000571173,0.305447691,-6.549635927,5.76775220778173E-11,5.53129641847561E-10,ENSMUSG00000073468,ENSMUSG00000073468,Sft2d1,protein coding gene
ENSMUSG00000073639.5,549.0225045,-2.488531708,0.247471612,-10.05582695,8.65913483009013E-24,3.00973145777544E-22,ENSMUSG00000073639,ENSMUSG00000073639,Rab18,protein coding gene
ENSMUSG00000073676.4,497.1853835,-2.70068921,0.19248274,-14.03081238,1.00988069687428E-44,1.61573202486931E-42,ENSMUSG00000073676,ENSMUSG00000073676,Hspe1,protein coding gene
ENSMUSG00000073987.4,840.8259937,-2.536496039,0.211427822,-11.99698324,3.6848393158815E-33,2.72899460146856E-31,ENSMUSG00000073987,ENSMUSG00000073987,Ggh,protein coding gene
ENSMUSG00000074264.12,769.4038855,-2.446360373,0.169742039,-14.41222446,4.33519503136972E-47,8.11262077343552E-45,ENSMUSG00000074264,ENSMUSG00000074264,Amy1,protein coding gene
ENSMUSG00000074781.4,261.5933109,-2.186927245,0.262426643,-8.333480252,7.84999516213747E-17,1.40143141910766E-15,ENSMUSG00000074781,ENSMUSG00000074781,Ube2n,protein coding gene
ENSMUSG00000074896.3,90.30663265,-2.357415971,0.510822794,-4.614938881,3.93211013823297E-06,1.87943207268472E-05,ENSMUSG00000074896,ENSMUSG00000074896,Ifit3,protein coding gene
ENSMUSG00000075232.4,334.2956334,-2.75571442,0.266177593,-10.35291658,4.05927834954892E-25,1.60223003631254E-23,ENSMUSG00000075232,ENSMUSG00000075232,Amd1,protein coding gene
ENSMUSG00000075266.4,9.790213427,-4.608707903,1.385020342,-3.327538061,0.00087617,0.002563324,ENSMUSG00000075266,ENSMUSG00000075266,Cenpw,protein coding gene
ENSMUSG00000075700.9,720.9620115,-2.6086236,0.22538058,-11.5743051,5.56200933540472E-31,3.50072533515758E-29,ENSMUSG00000075700,ENSMUSG00000075700,Selenot,protein coding gene
ENSMUSG00000075701.9,829.51530219482,-2.032773996,0.176258423,-11.53291831,9.00389092776922E-31,5.59977893041885E-29,ENSMUSG00000075701,ENSMUSG00000075701,Selenos,protein coding gene
ENSMUSG00000076432.12,691.8790406,-2.112370777,0.205797711,-10.26430646,1.02051622334388E-24,3.88185109347811E-23,ENSMUSG00000076432,ENSMUSG00000076432,Ywhaq,protein coding gene
ENSMUSG00000076437.10,96.62142148,-2.328357476,0.33814299,-6.885718595,5.74965499759595E-12,6.13267272746125E-11,ENSMUSG00000076437,ENSMUSG00000076437,Selenoh,protein coding gene
ENSMUSG00000078193.2,101.1694057,-2.35617883,0.409694715,-5.751059854,8.86857080590495E-09,6.41174113559716E-08,ENSMUSG00000078193,ENSMUSG00000078193,Rpl35rt,protein coding gene
ENSMUSG00000078427.2,136.0098809,-2.607263697,0.3817823,-6.829189552,8.53956799585132E-12,8.91782788365959E-11,ENSMUSG00000078427,ENSMUSG00000078427,Sarnp,protein coding gene
ENSMUSG00000078453.2,93.72344053,-3.914232163,0.495061473,-7.906557827,2.64603413756969E-15,4.03332578104168E-14,ENSMUSG00000078453,ENSMUSG00000078453,Abracl,protein coding gene
ENSMUSG00000078495.10,43.23859246,-3.868875945,0.699751266,-5.528930252,3.22189400501983E-08,2.15743375243484E-07,ENSMUSG00000078495,ENSMUSG00000078495,Zfp984,protein coding gene
ENSMUSG00000078566.8,82.8441105,-3.558729573,0.41275119,-8.621972888,6.58102888510123E-18,1.29635135716952E-16,ENSMUSG00000078566,ENSMUSG00000078566,Bnip3,protein coding gene
ENSMUSG00000078622.8,434.7060971272,-2.05913672,0.206609448,-9.966324074,2.14003064112701E-23,7.17646435318096E-22,ENSMUSG00000078622,ENSMUSG00000078622,Ccdc47,protein coding gene
ENSMUSG00000078713.8,182.5274977,-3.021599244,0.390045256,-7.746791418,9.4243573567665E-15,1.35476752977002E-13,ENSMUSG00000078713,ENSMUSG00000078713,Tomm5,protein coding gene
ENSMUSG00000078771.10,53.00609053,-2.458288188,0.503086781,-4.886409825,1.02691328195726E-06,5.44336759649525E-06,ENSMUSG00000078771,ENSMUSG00000078771,Evi2a,protein coding gene
ENSMUSG00000078784.8,200.57034892104,-2.128093899,0.291674903,-7.2961159,2.96193784919329E-13,3.62824403163309E-12,ENSMUSG00000078784,ENSMUSG00000078784,Rbis,protein coding gene
ENSMUSG00000078862.10,21.63300528,-3.116854437,0.872557358,-3.572091173,0.000354142,0.001133201,ENSMUSG00000078862,ENSMUSG00000078862,Gm14326,protein coding gene
ENSMUSG00000078920.2,101.27725814145,-2.064643246,0.585848767,-3.524191505,0.000424777,0.00133597,ENSMUSG00000078920,ENSMUSG00000078920,Ifi47,protein coding gene
ENSMUSG00000078921.3,51.95398093,-2.662748359,0.505015893,-5.272603096,1.34502235186437E-07,8.17347737684124E-07,ENSMUSG00000078921,ENSMUSG00000078921,Tgtp2,protein coding gene
ENSMUSG00000078922.9,32.39245394,-2.154226812,0.659641204,-3.265755382,0.001091725,0.003126311,ENSMUSG00000078922,ENSMUSG00000078922,Tgtp1,protein coding gene
ENSMUSG00000078974.10,619.4016739,-3.774843471,0.19390549,-19.46743984,2.07380404493583E-84,2.89765726518734E-81,ENSMUSG00000078974,ENSMUSG00000078974,Sec61g,protein coding gene
ENSMUSG00000079108.5,155.3827724,-3.010886283,0.326441463,-9.223357406,2.87940141447382E-20,7.14193778058661E-19,ENSMUSG00000079108,ENSMUSG00000079108,Srp54c,protein coding gene
ENSMUSG00000079293.11,52.41817268,-2.762779136,0.526109844,-5.251335187,1.51000609841106E-07,9.1126454985884E-07,ENSMUSG00000079293,ENSMUSG00000079293,Clec7a,protein coding gene
ENSMUSG00000079316.10,114.5969408,-2.162109822,0.501922295,-4.307658461,1.64991888846249E-05,7.04003460571772E-05,ENSMUSG00000079316,ENSMUSG00000079316,Rab9,protein coding gene
ENSMUSG00000079317.10,39.4772651,-2.004430699,0.530723298,-3.776790476,0.000158862,0.000548895,ENSMUSG00000079317,ENSMUSG00000079317,Trappc2,protein coding gene
ENSMUSG00000079418.3,69.28911229,-2.138983823,0.415261027,-5.150938042,2.59186810683614E-07,1.5135960894728E-06,ENSMUSG00000079418,ENSMUSG00000079418,Atg4a,protein coding gene
ENSMUSG00000079435.9,1269.30362853256,-2.585282148,0.260182109,-9.936433199,2.88989867245316E-23,9.62947317582603E-22,ENSMUSG00000079435,ENSMUSG00000079435,Rpl36a,protein coding gene
ENSMUSG00000079480.3,63.04225545,-3.620492296,0.462979862,-7.819977909,5.28326077554904E-15,7.81452805890843E-14,ENSMUSG00000079480,ENSMUSG00000079480,Pin4,protein coding gene
ENSMUSG00000079508.8,69.35786798,-3.966848002,0.471648563,-8.410601272,4.07914190000139E-17,7.46678909014229E-16,ENSMUSG00000079508,ENSMUSG00000079508,Apoo,protein coding gene
ENSMUSG00000079539.2,13.76551238,-2.150435754,0.819335075,-2.624610883,0.008674804,0.019501793,ENSMUSG00000079539,ENSMUSG00000079539,Obp2b,protein coding gene
ENSMUSG00000079658.9,205.7236219,-2.127883018,0.244689438,-8.696260183,3.43001466349076E-18,6.93308951312391E-17,ENSMUSG00000079658,ENSMUSG00000079658,Eloc,protein coding gene
ENSMUSG00000082029.1,3.770483124,-5.177599995,1.947449369,-2.658657051,0.007845278,0.017843643,ENSMUSG00000082029,ENSMUSG00000082029,H3f3c,protein coding gene
ENSMUSG00000084786.9,363.7712632,-2.176791443,0.217823343,-9.993380001,1.62929406139858E-23,5.52562689851987E-22,ENSMUSG00000084786,ENSMUSG00000084786,Ubl5,protein coding gene
ENSMUSG00000087260.5,162.8439088,-2.509061874,0.327093945,-7.670768335,1.70969094290186E-14,2.39048782336759E-13,ENSMUSG00000087260,ENSMUSG00000087260,Lamtor5,protein coding gene
ENSMUSG00000089862.8,68.61314922,-2.296821997,0.379637374,-6.050041843,1.44808218002638E-09,1.16062540769304E-08,ENSMUSG00000089862,ENSMUSG00000089862,Umad1,protein coding gene
ENSMUSG00000090000.1,149.2670351,-2.160102976,0.310817296,-6.949751534,3.65930126611306E-12,3.99662820408878E-11,ENSMUSG00000090000,ENSMUSG00000090000,Ier3ip1,protein coding gene
ENSMUSG00000090553.8,167.3340494,-2.461028907,0.278019491,-8.852001354,8.59636579969398E-19,1.84412723434786E-17,ENSMUSG00000090553,ENSMUSG00000090553,Snrpe,protein coding gene
ENSMUSG00000091337.3,240.2207855392,-2.4848746,0.251666497,-9.873680571,5.41407586692089E-23,1.77302525148117E-21,ENSMUSG00000091337,ENSMUSG00000091337,Eid1,protein coding gene
ENSMUSG00000091537.2,276.8906031,-2.830989512,0.240054221,-11.79312534,4.23526901245993E-32,2.86345171716605E-30,ENSMUSG00000091537,ENSMUSG00000091537,Tma7,protein coding gene
ENSMUSG00000091625.8,36.48214309,-4.17639717,0.714980091,-5.841277574,5.18020085219771E-09,3.87341525726763E-08,ENSMUSG00000091625,ENSMUSG00000091625,Lsm5,protein coding gene
ENSMUSG00000091931.5,22.11441661,-2.310683659,0.701178241,-3.295429781,0.000982713,0.00284681,ENSMUSG00000091931,ENSMUSG00000091931,Gon7,protein coding gene
ENSMUSG00000093904.1,429.8144079,-2.040040519,0.247023374,-8.258491838,1.47524551515964E-16,2.56382012870903E-15,ENSMUSG00000093904,ENSMUSG00000093904,Tomm20,protein coding gene
ENSMUSG00000093930.1,339.0171219,-2.143685449,0.261720853,-8.190732311,2.59641489468146E-16,4.41706654039195E-15,ENSMUSG00000093930,ENSMUSG00000093930,Hmgcs1,protein coding gene
ENSMUSG00000094808.2,26230.3005560517,-2.427794301,0.178743644,-13.582549,5.08263133089462E-42,6.65792937901378E-40,ENSMUSG00000094808,ENSMUSG00000094808,1810009J06Rik,protein coding gene
ENSMUSG00000095362.7,29.19567238,-2.139111388,0.550269321,-3.887389875,0.000101328,0.000365971,ENSMUSG00000095362,ENSMUSG00000095362,Gm14325,protein coding gene
ENSMUSG00000095677.1,27.21675687,-2.104267675,0.617670722,-3.406779049,0.000657343,0.001978638,ENSMUSG00000095677,ENSMUSG00000095677,Dynlt1f,protein coding gene
ENSMUSG00000095990.1,13.71011922,-2.377845046,0.897816068,-2.648476821,0.008085539,0.018286913,ENSMUSG00000095990,ENSMUSG00000095990,Zfp97,protein coding gene
ENSMUSG00000096255.1,28.61101404,-2.785248343,0.606989337,-4.588628121,4.46168438552291E-06,2.11041397057492E-05,ENSMUSG00000096255,ENSMUSG00000096255,Dynlt1b,protein coding gene
ENSMUSG00000096525.2,23459.6069980302,-2.619504775,0.156037065,-16.78770861,3.00213888128712E-63,1.39826286250882E-60,ENSMUSG00000096525,ENSMUSG00000096525,Gm2663,protein coding gene
ENSMUSG00000096795.4,5.540955024,-4.748731652,1.650826649,-2.876578019,0.004020128,0.009913856,ENSMUSG00000096795,ENSMUSG00000096795,Zfp433,protein coding gene
ENSMUSG00000099974.1,14.92511713,-3.657611897,1.005844917,-3.63635769,0.00027652,0.000907973,ENSMUSG00000099974,ENSMUSG00000099974,Bcl2a1d,protein coding gene
ENSMUSG00000104713.4,28.27153495,-2.678236673,0.627865564,-4.265621218,1.9934674313722E-05,8.35120605519288E-05,ENSMUSG00000104713,ENSMUSG00000104713,Gbp6,protein coding gene
ENSMUSG00000110344.1,8.215544994,-3.585529137,1.302577519,-2.752641656,0.005911656,0.013918491,ENSMUSG00000110344,ENSMUSG00000110344,Smim36,protein coding gene