gene,baseMean,log2FoldChange,lfcSE,stat,pvalue,padj,gene,Input,Symbol,Feature Type
ENSMUSG00000007880.16,2160.955691,2.181931734,0.21124948,10.32869635,5.22661E-25,2.03614E-23,ENSMUSG00000007880,ENSMUSG00000007880,Arid1a,protein coding gene
ENSMUSG00000019947.9,526.4866261,3.617630167,0.304818868,11.86813071,1.73296E-32,1.20668E-30,ENSMUSG00000019947,ENSMUSG00000019947,Arid5b,protein coding gene
ENSMUSG00000035277.15,18.41005371,3.587373314,0.875131134,4.099240874,4.14507E-05,0.000162265,ENSMUSG00000035277,ENSMUSG00000035277,Arx,protein coding gene
ENSMUSG00000048251.15,79.90910246,2.615346418,0.582655233,4.488668891,7.16696E-06,3.26975E-05,ENSMUSG00000048251,ENSMUSG00000048251,Bcl11b,protein coding gene
ENSMUSG00000042589.18,142.4572308,2.698951757,0.377332113,7.152722137,8.50737E-13,9.9668E-12,ENSMUSG00000042589,ENSMUSG00000042589,Cux2,protein coding gene
ENSMUSG00000055639.16,89.45958664,3.31804684,0.456228005,7.272782031,3.52158E-13,4.28374E-12,ENSMUSG00000055639,ENSMUSG00000055639,Dach1,protein coding gene
ENSMUSG00000033730.3,21.53123384,2.342623789,0.697172579,3.36017775,0.000778923,0.002306181,ENSMUSG00000033730,ENSMUSG00000033730,Egr3,protein coding gene
ENSMUSG00000026610.13,8.497093673,2.829895948,1.256038563,2.253032694,0.024257088,0.04772405,ENSMUSG00000026610,ENSMUSG00000026610,Esrrg,protein coding gene
ENSMUSG00000003545.3,19.98049187,2.033554315,0.767194952,2.650635681,0.008034045,0.018190078,ENSMUSG00000003545,ENSMUSG00000003545,Fosb,protein coding gene
ENSMUSG00000046714.7,19.00968788,2.10820509,0.720124258,2.927557386,0.00341636,0.00857195,ENSMUSG00000046714,ENSMUSG00000046714,Foxc2,protein coding gene
ENSMUSG00000039521.12,18.35182725,2.638134344,0.834628312,3.160849334,0.001573098,0.004324576,ENSMUSG00000039521,ENSMUSG00000039521,Foxp3,protein coding gene
ENSMUSG00000048402.14,101.6545314,2.272207085,0.408225014,5.566065295,2.60556E-08,1.77075E-07,ENSMUSG00000048402,ENSMUSG00000048402,Gli2,protein coding gene
ENSMUSG00000052942.13,612.4859787,2.350849261,0.258320822,9.100502406,8.99149E-20,2.11033E-18,ENSMUSG00000052942,ENSMUSG00000052942,Glis3,protein coding gene
ENSMUSG00000015501.10,626.7776522,2.329545951,0.194932042,11.9505543,6.44936E-33,4.66111E-31,ENSMUSG00000015501,ENSMUSG00000015501,Hivep2,protein coding gene
ENSMUSG00000028634.16,294.2298361,3.002866334,0.252335601,11.90028806,1.17939E-32,8.29494E-31,ENSMUSG00000028634,ENSMUSG00000028634,Hivep3,protein coding gene
ENSMUSG00000029556.12,299.603546,2.111229137,0.291980147,7.230728397,4.8041E-13,5.76355E-12,ENSMUSG00000029556,ENSMUSG00000029556,Hnf1a,protein coding gene
ENSMUSG00000048763.11,29.03621761,2.740868904,0.579826249,4.727052127,2.27803E-06,1.13652E-05,ENSMUSG00000048763,ENSMUSG00000048763,Hoxb3,protein coding gene
ENSMUSG00000068154.5,148.7160616,3.24880766,0.320111238,10.14899594,3.3479E-24,1.21189E-22,ENSMUSG00000068154,ENSMUSG00000068154,Insm1,protein coding gene
ENSMUSG00000072294.4,22.06090881,4.160797754,0.82092032,5.068455062,4.01058E-07,2.26754E-06,ENSMUSG00000072294,ENSMUSG00000072294,Klf12,protein coding gene
ENSMUSG00000005148.7,72.90867046,3.203283862,0.40369626,7.934886154,2.10688E-15,3.24216E-14,ENSMUSG00000005148,ENSMUSG00000005148,Klf5,protein coding gene
ENSMUSG00000025959.13,174.773668,2.061224042,0.327295624,6.297743963,3.02009E-10,2.64403E-09,ENSMUSG00000025959,ENSMUSG00000025959,Klf7,protein coding gene
ENSMUSG00000038056.15,1530.081679,2.636982814,0.1769612,14.90147453,3.22385E-50,7.85683E-48,ENSMUSG00000038056,ENSMUSG00000038056,Kmt2c,protein coding gene
ENSMUSG00000027985.14,36.2604228,2.411494031,0.862313771,2.79653893,0.005165319,0.012361217,ENSMUSG00000027985,ENSMUSG00000027985,Lef1,protein coding gene
ENSMUSG00000026934.15,32.5355525,2.840121427,0.570746762,4.976149873,6.48614E-07,3.53834E-06,ENSMUSG00000026934,ENSMUSG00000026934,Lhx3,protein coding gene
ENSMUSG00000028176.11,166.2282075,3.43471066,0.373101034,9.205846,3.3899E-20,8.30982E-19,ENSMUSG00000028176,ENSMUSG00000028176,Lrrc7,protein coding gene
ENSMUSG00000104597.1,21.25793513,2.98267696,0.722797831,4.126571543,3.68211E-05,0.000145858,ENSMUSG00000104597,ENSMUSG00000104597,Lrrc7,protein coding gene
ENSMUSG00000047591.4,190.7094627,2.727128813,0.302657034,9.010624272,2.04887E-19,4.70342E-18,ENSMUSG00000047591,ENSMUSG00000047591,Mafa,protein coding gene
ENSMUSG00000005373.13,709.9275795,2.656088525,0.249794171,10.6331085,2.09027E-26,9.16527E-25,ENSMUSG00000005373,ENSMUSG00000005373,Mlxipl,protein coding gene
ENSMUSG00000022346.14,1146.063335,2.031874329,0.196169911,10.35772671,3.86028E-25,1.53525E-23,ENSMUSG00000022346,ENSMUSG00000022346,Myc,protein coding gene
ENSMUSG00000061911.14,60.55572378,4.496348753,0.632916373,7.104175121,1.21043E-12,1.39087E-11,ENSMUSG00000061911,ENSMUSG00000061911,Myt1l,protein coding gene
ENSMUSG00000030380.17,32.21814171,3.763953774,0.610958173,6.16073889,7.24063E-10,6.04848E-09,ENSMUSG00000030380,ENSMUSG00000030380,Mzf1,protein coding gene
ENSMUSG00000029478.16,3506.706661,2.948882415,0.219858496,13.41263801,5.09922E-41,6.39967E-39,ENSMUSG00000029478,ENSMUSG00000029478,Ncor2,protein coding gene
ENSMUSG00000034701.9,122.9703501,3.538187923,0.37390325,9.462843455,2.99681E-21,8.23199E-20,ENSMUSG00000034701,ENSMUSG00000034701,Neurod1,protein coding gene
ENSMUSG00000033016.15,1289.474924,2.079389158,0.250796487,8.291141496,1.12167E-16,1.97555E-15,ENSMUSG00000033016,ENSMUSG00000033016,Nfatc1,protein coding gene
ENSMUSG00000027544.16,605.7151362,2.429514106,0.24229339,10.027158,1.15802E-23,3.96583E-22,ENSMUSG00000027544,ENSMUSG00000027544,Nfatc2,protein coding gene
ENSMUSG00000027434.11,136.3142587,2.284147401,0.290922,7.851408291,4.11391E-15,6.15004E-14,ENSMUSG00000027434,ENSMUSG00000027434,Nkx2-2,protein coding gene
ENSMUSG00000035187.10,316.3257001,3.098753372,0.259478374,11.94224138,7.12762E-33,5.11602E-31,ENSMUSG00000035187,ENSMUSG00000035187,Nkx6-1,protein coding gene
ENSMUSG00000021010.7,10.85466162,2.837299804,0.920197696,3.083358952,0.002046781,0.005461992,ENSMUSG00000021010,ENSMUSG00000021010,Npas3,protein coding gene
ENSMUSG00000045903.8,10.4633926,7.360109676,1.729464631,4.255715638,2.08381E-05,8.69667E-05,ENSMUSG00000045903,ENSMUSG00000045903,Npas4,protein coding gene
ENSMUSG00000005893.14,286.4818785,2.279440724,0.241777959,9.427826802,4.18673E-21,1.13518E-19,ENSMUSG00000005893,ENSMUSG00000005893,Nr2c2,protein coding gene
ENSMUSG00000028341.9,110.8083939,2.45610685,0.597105162,4.113357254,3.89946E-05,0.000153478,ENSMUSG00000028341,ENSMUSG00000028341,Nr4a3,protein coding gene
ENSMUSG00000043013.10,236.8529718,3.895004845,0.34434291,11.31141292,1.15219E-29,6.58004E-28,ENSMUSG00000043013,ENSMUSG00000043013,Onecut1,protein coding gene
ENSMUSG00000045991.18,15.05749093,7.877575628,1.638021686,4.809201061,1.51535E-06,7.79965E-06,ENSMUSG00000045991,ENSMUSG00000045991,Onecut2,protein coding gene
ENSMUSG00000027168.21,175.6530172,2.871176446,0.364613339,7.874578732,3.41893E-15,5.1515E-14,ENSMUSG00000027168,ENSMUSG00000027168,Pax6,protein coding gene
ENSMUSG00000028736.13,3.911163377,5.878036096,2.497657008,2.353420056,0.018601607,0.037723376,ENSMUSG00000028736,ENSMUSG00000028736,Pax7,protein coding gene
ENSMUSG00000002265.16,1430.899737,3.456000431,0.303192599,11.39869655,4.24426E-30,2.51998E-28,ENSMUSG00000002265,ENSMUSG00000002265,Peg3,protein coding gene
ENSMUSG00000021506.7,3.754269728,5.858918328,2.049325903,2.858949043,0.004250471,0.010412063,ENSMUSG00000021506,ENSMUSG00000021506,Pitx1,protein coding gene
ENSMUSG00000035456.9,23.81127045,2.948012997,0.824577981,3.575177927,0.00034999,0.001120941,ENSMUSG00000035456,ENSMUSG00000035456,Prdm8,protein coding gene
ENSMUSG00000043991.4,524.01642,2.392694124,0.18119488,13.20508686,8.20051E-40,9.49582E-38,ENSMUSG00000043991,ENSMUSG00000043991,Pura,protein coding gene
ENSMUSG00000037992.16,563.6749432,2.092330233,0.191105727,10.94854807,6.75212E-28,3.32983E-26,ENSMUSG00000037992,ENSMUSG00000037992,Rara,protein coding gene
ENSMUSG00000039852.16,1954.865846,2.092751151,0.144414853,14.49124591,1.37624E-47,2.67079E-45,ENSMUSG00000039852,ENSMUSG00000039852,Rere,protein coding gene
ENSMUSG00000031706.7,537.641329,2.267403086,0.247095953,9.176204863,4.46552E-20,1.08075E-18,ENSMUSG00000031706,ENSMUSG00000031706,Rfx1,protein coding gene
ENSMUSG00000024206.14,176.5700897,2.444363068,0.328776645,7.434722337,1.04788E-13,1.34905E-12,ENSMUSG00000024206,ENSMUSG00000024206,Rfx2,protein coding gene
ENSMUSG00000019900.17,74.97277351,2.44866151,0.379828218,6.446760383,1.14266E-10,1.05735E-09,ENSMUSG00000019900,ENSMUSG00000019900,Rfx6,protein coding gene
ENSMUSG00000022952.16,221.23835,2.249983835,0.240581512,9.352272413,8.57845E-21,2.24184E-19,ENSMUSG00000022952,ENSMUSG00000022952,Runx1,protein coding gene
ENSMUSG00000039153.16,41.74015127,2.379906602,0.527038791,4.515619422,6.3132E-06,2.90951E-05,ENSMUSG00000039153,ENSMUSG00000039153,Runx2,protein coding gene
ENSMUSG00000070691.10,138.22729,2.484036078,0.400979971,6.194913113,5.83172E-10,4.93448E-09,ENSMUSG00000070691,ENSMUSG00000070691,Runx3,protein coding gene
ENSMUSG00000031665.7,268.8649449,2.009977307,0.247773648,8.112151247,4.97313E-16,8.19433E-15,ENSMUSG00000031665,ENSMUSG00000031665,Sall1,protein coding gene
ENSMUSG00000027547.17,18.63811464,3.665925106,0.844808481,4.33935642,1.42901E-05,6.16393E-05,ENSMUSG00000027547,ENSMUSG00000027547,Sall4,protein coding gene
ENSMUSG00000038331.15,34.32686844,2.610161792,0.586827008,4.447923757,8.67043E-06,3.88298E-05,ENSMUSG00000038331,ENSMUSG00000038331,Satb2,protein coding gene
ENSMUSG00000024548.11,374.937125,2.82802417,0.205062562,13.79103109,2.88605E-43,4.22998E-41,ENSMUSG00000024548,ENSMUSG00000024548,Setbp1,protein coding gene
ENSMUSG00000009097.9,14.87897159,2.973103929,0.851827627,3.490264739,0.000482542,0.001495874,ENSMUSG00000009097,ENSMUSG00000009097,Tbx1,protein coding gene
ENSMUSG00000030699.16,53.48201137,2.083146498,0.49620098,4.19819102,2.69056E-05,0.000109307,ENSMUSG00000030699,ENSMUSG00000030699,Tbx6,protein coding gene
ENSMUSG00000024985.18,340.7483685,2.252617344,0.193507066,11.64100818,2.54984E-31,1.64437E-29,ENSMUSG00000024985,ENSMUSG00000024985,Tcf7l2,protein coding gene
ENSMUSG00000040943.12,372.9513409,2.295323399,0.192688712,11.91208024,1.0239E-32,7.29933E-31,ENSMUSG00000040943,ENSMUSG00000040943,Tet2,protein coding gene
ENSMUSG00000043668.13,136.1608154,2.282903648,0.3124034,7.307550575,2.72056E-13,3.34822E-12,ENSMUSG00000043668,ENSMUSG00000043668,Tox3,protein coding gene
ENSMUSG00000021217.7,132.2109179,2.554232219,0.303481994,8.416420969,3.88161E-17,7.12387E-16,ENSMUSG00000021217,ENSMUSG00000021217,Tshz3,protein coding gene
ENSMUSG00000022479.15,141.3745926,3.05771459,0.333185824,9.177204951,4.42426E-20,1.07324E-18,ENSMUSG00000022479,ENSMUSG00000022479,Vdr,protein coding gene
ENSMUSG00000066687.4,300.6872214,3.535558965,0.236649776,14.94004778,1.80846E-50,4.51231E-48,ENSMUSG00000066687,ENSMUSG00000066687,Zbtb16,protein coding gene
ENSMUSG00000022708.16,2396.6125,3.564599202,0.215397267,16.54895278,1.62912E-61,6.82894E-59,ENSMUSG00000022708,ENSMUSG00000022708,Zbtb20,protein coding gene
ENSMUSG00000022335.16,118.6416389,2.22795975,0.298736408,7.45794517,8.78822E-14,1.1391E-12,ENSMUSG00000022335,ENSMUSG00000022335,Zfat,protein coding gene
ENSMUSG00000049577.14,1590.725331,2.041459536,0.169992139,12.00914085,3.18133E-33,2.37286E-31,ENSMUSG00000049577,ENSMUSG00000049577,Zfpm1,protein coding gene
ENSMUSG00000022306.8,60.97165343,2.070002318,0.504745944,4.101077668,4.1123E-05,0.000161133,ENSMUSG00000022306,ENSMUSG00000022306,Zfpm2,protein coding gene
ENSMUSG00000007817.14,2433.823646,2.479467067,0.170833658,14.51392602,9.88945E-48,1.93713E-45,ENSMUSG00000007817,ENSMUSG00000007817,Zmiz1,protein coding gene
ENSMUSG00000056508.5,8.542329386,3.1624534,1.097532492,2.881421209,0.003958862,0.009791573,ENSMUSG00000056508,ENSMUSG00000056508,1700001K19Rik,protein coding gene
ENSMUSG00000035085.5,23.09553442,2.244439846,0.725728451,3.092671703,0.001983634,0.005312419,ENSMUSG00000035085,ENSMUSG00000035085,1700020L24Rik,protein coding gene
ENSMUSG00000031452.15,3.911163377,5.878036096,2.497657008,2.353420056,0.018601607,0.037723376,ENSMUSG00000031452,ENSMUSG00000031452,1700029H14Rik,protein coding gene
ENSMUSG00000040163.14,8.835524307,7.121169375,1.717694859,4.145770907,3.38672E-05,0.00013505,ENSMUSG00000040163,ENSMUSG00000040163,1700034J05Rik,protein coding gene
ENSMUSG00000082766.1,5.035917614,6.3020622,1.892897671,3.329320067,0.000870583,0.002548045,ENSMUSG00000082766,ENSMUSG00000082766,1700064H15Rik,protein coding gene
ENSMUSG00000020548.10,10.6097007,3.877001122,1.062535608,3.648819946,0.000263448,0.000869543,ENSMUSG00000020548,ENSMUSG00000020548,1700086D15Rik,protein coding gene
ENSMUSG00000033029.12,36.04534797,2.087188159,0.629065354,3.317919425,0.000906906,0.002646964,ENSMUSG00000033029,ENSMUSG00000033029,1700088E04Rik,protein coding gene
ENSMUSG00000008307.11,24.07018589,3.240767992,0.74491009,4.350549196,1.35797E-05,5.8793E-05,ENSMUSG00000008307,ENSMUSG00000008307,1700109H08Rik,protein coding gene
ENSMUSG00000071540.3,38.38646683,2.973090351,0.540843028,5.497140942,3.85998E-08,2.55209E-07,ENSMUSG00000071540,ENSMUSG00000071540,3425401B19Rik,protein coding gene
ENSMUSG00000022518.15,17.86963017,5.076605798,1.161953293,4.369027419,1.24801E-05,5.44145E-05,ENSMUSG00000022518,ENSMUSG00000022518,4930562C15Rik,protein coding gene
ENSMUSG00000021961.5,15.86311183,3.91487136,1.032000996,3.793476341,0.000148553,0.000517024,ENSMUSG00000021961,ENSMUSG00000021961,4930578I06Rik,protein coding gene
ENSMUSG00000104443.1,19.15052247,2.222156971,0.736010566,3.019191671,0.002534501,0.006603756,ENSMUSG00000104443,ENSMUSG00000104443,4932442E05Rik,protein coding gene
ENSMUSG00000090369.3,41.71300426,5.087149215,0.790421115,6.435998628,1.22664E-10,1.13107E-09,ENSMUSG00000090369,ENSMUSG00000090369,4933411K16Rik,protein coding gene
ENSMUSG00000107877.1,10.02768524,3.126393679,1.122510845,2.785179041,0.005349817,0.012753278,ENSMUSG00000107877,ENSMUSG00000107877,4933427D14Rik,protein coding gene
ENSMUSG00000020703.3,3.708932763,5.820930531,2.397190956,2.428229807,0.015172726,0.031714886,ENSMUSG00000020703,ENSMUSG00000020703,5530401A14Rik,protein coding gene
ENSMUSG00000090564.8,42.0302535,2.359980822,0.510317704,4.624532528,3.75444E-06,1.79919E-05,ENSMUSG00000090564,ENSMUSG00000090564,A430057M04Rik,protein coding gene
ENSMUSG00000048636.7,32.57128209,4.533480992,0.785720107,5.769842148,7.93458E-09,5.77835E-08,ENSMUSG00000048636,ENSMUSG00000048636,A730049H05Rik,protein coding gene
ENSMUSG00000057715.13,26.84518393,2.387268051,0.592330853,4.030294956,5.57069E-05,0.000211899,ENSMUSG00000057715,ENSMUSG00000057715,A830018L16Rik,protein coding gene
ENSMUSG00000090622.1,32.66301593,3.962140787,0.808623235,4.899860175,9.59049E-07,5.10041E-06,ENSMUSG00000090622,ENSMUSG00000090622,A930033H14Rik,protein coding gene
ENSMUSG00000020804.12,23.50145786,8.522415335,1.553773228,5.484980166,4.13516E-08,2.72286E-07,ENSMUSG00000020804,ENSMUSG00000020804,Aanat,protein coding gene
ENSMUSG00000025375.15,471.3187784,2.782428624,0.298428297,9.323608553,1.12449E-20,2.90249E-19,ENSMUSG00000025375,ENSMUSG00000025375,Aatk,protein coding gene
ENSMUSG00000026198.15,14.1296784,2.40833894,0.858748242,2.804476124,0.005039842,0.012095505,ENSMUSG00000026198,ENSMUSG00000026198,Abcb6,protein coding gene
ENSMUSG00000040136.10,2230.713511,4.623073563,0.246071463,18.7875242,9.55335E-79,8.34286E-76,ENSMUSG00000040136,ENSMUSG00000040136,Abcc8,protein coding gene
ENSMUSG00000032131.15,33.18951466,2.187313504,0.573532494,3.813756898,0.00013687,0.000480352,ENSMUSG00000032131,ENSMUSG00000032131,Abcg4,protein coding gene
ENSMUSG00000024254.15,11.74957381,4.039063885,1.148317114,3.517376723,0.000435835,0.001367874,ENSMUSG00000024254,ENSMUSG00000024254,Abcg8,protein coding gene
ENSMUSG00000055882.8,30.56580454,3.226060171,0.685338784,4.707248804,2.51082E-06,1.24026E-05,ENSMUSG00000055882,ENSMUSG00000055882,Abhd16b,protein coding gene
ENSMUSG00000023328.14,37.04647589,2.891225013,0.68092768,4.246008933,2.17612E-05,9.0491E-05,ENSMUSG00000023328,ENSMUSG00000023328,Ache,protein coding gene
ENSMUSG00000012777.14,30.87710331,6.475293792,1.144966703,5.655442884,1.55445E-08,1.09429E-07,ENSMUSG00000012777,ENSMUSG00000012777,Acp4,protein coding gene
ENSMUSG00000031972.4,25.76669871,3.859925045,0.760349088,5.076516967,3.84416E-07,2.18287E-06,ENSMUSG00000031972,ENSMUSG00000031972,Acta1,protein coding gene
ENSMUSG00000078129.1,7.898569857,6.955818055,1.754128123,3.965399086,7.32732E-05,0.000272632,ENSMUSG00000078129,ENSMUSG00000078129,Actl10,protein coding gene
ENSMUSG00000029712.14,16.56039651,3.957588586,1.004374127,3.940352982,8.13618E-05,0.000299958,ENSMUSG00000029712,ENSMUSG00000029712,Actl6b,protein coding gene
ENSMUSG00000061393.13,103.7294443,2.734158042,0.348124184,7.853973292,4.0306E-15,6.03841E-14,ENSMUSG00000061393,ENSMUSG00000061393,Acvr2b,protein coding gene
ENSMUSG00000062438.4,27.24104695,2.683647,0.61012114,4.398547804,1.08978E-05,4.80047E-05,ENSMUSG00000062438,ENSMUSG00000062438,Adam1b,protein coding gene
ENSMUSG00000037437.18,5.980087478,6.509046174,1.851308052,3.51591739,0.000438237,0.001373608,ENSMUSG00000037437,ENSMUSG00000037437,Adam32,protein coding gene
ENSMUSG00000014852.16,12.75433789,3.575627831,1.148548542,3.113170842,0.001850888,0.004993277,ENSMUSG00000014852,ENSMUSG00000014852,Adamts13,protein coding gene
ENSMUSG00000059901.12,34.16717351,2.347556746,0.515156466,4.556978126,5.18948E-06,2.43053E-05,ENSMUSG00000059901,ENSMUSG00000059901,Adamts14,protein coding gene
ENSMUSG00000058145.16,41.42618646,2.590204245,0.514787212,5.031601769,4.86399E-07,2.7149E-06,ENSMUSG00000058145,ENSMUSG00000058145,Adamts17,protein coding gene
ENSMUSG00000053399.8,16.64585713,2.63805758,0.770667763,3.423080227,0.000619158,0.00187555,ENSMUSG00000053399,ENSMUSG00000053399,Adamts18,protein coding gene
ENSMUSG00000020709.15,193.0510128,2.188140059,0.302677466,7.229279698,4.85562E-13,5.81537E-12,ENSMUSG00000020709,ENSMUSG00000020709,Adap2,protein coding gene
ENSMUSG00000022840.8,313.9540328,2.251616109,0.231721874,9.71689065,2.55463E-22,7.75979E-21,ENSMUSG00000022840,ENSMUSG00000022840,Adcy5,protein coding gene
ENSMUSG00000005580.11,501.674851,3.117814722,0.208842406,14.92903082,2.13344E-50,5.26057E-48,ENSMUSG00000005580,ENSMUSG00000005580,Adcy9,protein coding gene
ENSMUSG00000050994.20,36.80793802,2.110383124,0.70837632,2.979183613,0.002890175,0.007412529,ENSMUSG00000050994,ENSMUSG00000050994,Adgb,protein coding gene
ENSMUSG00000034730.16,10.39834856,3.165050118,1.072782747,2.950317877,0.003174471,0.008030627,ENSMUSG00000034730,ENSMUSG00000034730,Adgrb1,protein coding gene
ENSMUSG00000033569.17,12.74821466,7.609419578,1.677511804,4.536134745,5.72946E-06,2.66202E-05,ENSMUSG00000033569,ENSMUSG00000033569,Adgrb3,protein coding gene
ENSMUSG00000067642.11,9.210720946,3.629647725,1.169597381,3.103330927,0.001913555,0.00514512,ENSMUSG00000067642,ENSMUSG00000067642,Adgrf3,protein coding gene
ENSMUSG00000037605.16,24.53295087,3.073708913,0.757299586,4.058775379,4.93307E-05,0.000190234,ENSMUSG00000037605,ENSMUSG00000037605,Adgrl3,protein coding gene
ENSMUSG00000069170.13,12.05548346,3.679353567,1.054638432,3.48873458,0.000485313,0.001503573,ENSMUSG00000069170,ENSMUSG00000069170,Adgrv1,protein coding gene
ENSMUSG00000051149.15,72.8108488,4.40097735,0.472793455,9.308456587,1.29703E-20,3.32329E-19,ENSMUSG00000051149,ENSMUSG00000051149,Adnp,protein coding gene
ENSMUSG00000033717.5,152.6732129,2.288953013,0.288142714,7.943817069,1.96053E-15,3.02582E-14,ENSMUSG00000033717,ENSMUSG00000033717,Adra2a,protein coding gene
ENSMUSG00000031189.12,47.63288993,3.771128874,0.526409288,7.16387222,7.84295E-13,9.21932E-12,ENSMUSG00000031189,ENSMUSG00000031189,Aff2,protein coding gene
ENSMUSG00000055013.14,1741.659948,2.451621051,0.142148304,17.2469244,1.18017E-66,6.18378E-64,ENSMUSG00000055013,ENSMUSG00000055013,Agap1,protein coding gene
ENSMUSG00000061298.14,9.02134255,4.649440938,1.521193329,3.056443156,0.002239799,0.005929513,ENSMUSG00000061298,ENSMUSG00000061298,Agbl4,protein coding gene
ENSMUSG00000054988.9,38.30023835,2.383139048,0.532199077,4.477909026,7.53777E-06,3.42253E-05,ENSMUSG00000054988,ENSMUSG00000054988,Agtr1b,protein coding gene
ENSMUSG00000037692.14,949.8261303,2.785403625,0.247122713,11.271338,1.81786E-29,1.01602E-27,ENSMUSG00000037692,ENSMUSG00000037692,Ahdc1,protein coding gene
ENSMUSG00000069833.12,5794.328513,2.059734382,0.267412371,7.702464834,1.33466E-14,1.88245E-13,ENSMUSG00000069833,ENSMUSG00000069833,Ahnak,protein coding gene
ENSMUSG00000078307.2,5.090812089,3.723071214,1.617793145,2.301327104,0.021373149,0.042732026,ENSMUSG00000078307,ENSMUSG00000078307,AI593442,protein coding gene
ENSMUSG00000061603.7,30.95227479,3.233843145,0.654905936,4.937874228,7.89787E-07,4.25969E-06,ENSMUSG00000061603,ENSMUSG00000061603,Akap6,protein coding gene
ENSMUSG00000063810.6,85.32106142,2.175986999,0.361903895,6.012610054,1.8256E-09,1.45154E-08,ENSMUSG00000063810,ENSMUSG00000063810,Alms1,protein coding gene
ENSMUSG00000020892.10,13.63434177,2.088175026,0.773108389,2.701011986,0.006912885,0.015951464,ENSMUSG00000020892,ENSMUSG00000020892,Aloxe3,protein coding gene
ENSMUSG00000021986.7,8.589143707,2.898153594,1.08740659,2.665197748,0.007694306,0.017561251,ENSMUSG00000021986,ENSMUSG00000021986,Amer2,protein coding gene
ENSMUSG00000045174.10,7.082740906,4.332536821,1.668108416,2.597275321,0.009396657,0.020880464,ENSMUSG00000045174,ENSMUSG00000045174,Amer3,protein coding gene
ENSMUSG00000035262.4,21.92570762,2.192611166,0.621733242,3.526610798,0.000420915,0.001324817,ENSMUSG00000035262,ENSMUSG00000035262,Amh,protein coding gene
ENSMUSG00000028553.12,13.2526819,2.487649547,0.841080896,2.957681666,0.00309962,0.007864053,ENSMUSG00000028553,ENSMUSG00000028553,Angptl3,protein coding gene
ENSMUSG00000002289.15,291.411397,2.686963285,0.265963829,10.10273953,5.37201E-24,1.91158E-22,ENSMUSG00000002289,ENSMUSG00000002289,Angptl4,protein coding gene
ENSMUSG00000032826.16,229.8008963,3.009672915,0.310898671,9.680558953,3.64716E-22,1.09046E-20,ENSMUSG00000032826,ENSMUSG00000032826,Ank2,protein coding gene
ENSMUSG00000035569.16,2436.768073,2.173429537,0.175079594,12.41395121,2.19545E-35,1.86293E-33,ENSMUSG00000035569,ENSMUSG00000035569,Ankrd11,protein coding gene
ENSMUSG00000067653.12,23.73672982,2.692999562,0.639399293,4.211764998,2.53383E-05,0.000103562,ENSMUSG00000067653,ENSMUSG00000067653,Ankrd23,protein coding gene
ENSMUSG00000049097.9,15.47740748,2.12335097,0.738247623,2.876204277,0.004024891,0.009924435,ENSMUSG00000049097,ENSMUSG00000049097,Ankrd34a,protein coding gene
ENSMUSG00000066191.11,213.9197228,2.136876006,0.287714171,7.427079439,1.11022E-13,1.42667E-12,ENSMUSG00000066191,ENSMUSG00000066191,Anks6,protein coding gene
ENSMUSG00000062444.14,94.19470651,3.553580349,0.438765104,8.099049614,5.53902E-16,9.06263E-15,ENSMUSG00000062444,ENSMUSG00000062444,Ap3b2,protein coding gene
ENSMUSG00000049562.5,292.215929,2.384750941,0.318082014,7.497283209,6.51541E-14,8.55617E-13,ENSMUSG00000049562,ENSMUSG00000049562,Ap5b1,protein coding gene
ENSMUSG00000020135.13,104.5283236,3.794455739,0.41039174,9.24593593,2.33191E-20,5.86728E-19,ENSMUSG00000020135,ENSMUSG00000020135,Apc2,protein coding gene
ENSMUSG00000019852.6,1493.994515,4.417987563,0.227429963,19.42570587,4.67908E-84,5.76876E-81,ENSMUSG00000019852,ENSMUSG00000019852,Arfgef3,protein coding gene
ENSMUSG00000036882.7,61.51806954,2.146910133,0.505367693,4.248214048,2.15481E-05,8.96798E-05,ENSMUSG00000036882,ENSMUSG00000036882,Arhgap33,protein coding gene
ENSMUSG00000033697.15,422.0835283,2.593302116,0.236154715,10.98136921,4.69749E-28,2.34611E-26,ENSMUSG00000033697,ENSMUSG00000033697,Arhgap39,protein coding gene
ENSMUSG00000031355.16,139.2025222,2.022114394,0.296035101,6.830657534,8.45263E-12,8.84025E-11,ENSMUSG00000031355,ENSMUSG00000031355,Arhgap6,protein coding gene
ENSMUSG00000032875.8,866.6794286,2.359131528,0.230081689,10.25345187,1.14191E-24,4.32009E-23,ENSMUSG00000032875,ENSMUSG00000032875,Arhgef17,protein coding gene
ENSMUSG00000069729.13,1212.128811,2.187237152,0.175575045,12.4575628,1.27199E-35,1.09261E-33,ENSMUSG00000069729,ENSMUSG00000069729,Arid1b,protein coding gene
ENSMUSG00000025427.14,21.1078334,3.835888098,0.812441439,4.721433342,2.34188E-06,1.16394E-05,ENSMUSG00000025427,ENSMUSG00000025427,Ark2c,protein coding gene
ENSMUSG00000031519.3,17.26592658,2.620934663,0.85150751,3.077993597,0.002083994,0.005551402,ENSMUSG00000031519,ENSMUSG00000031519,Asb5,protein coding gene
ENSMUSG00000038276.12,20.08795545,3.328597623,0.775001808,4.294954653,1.74729E-05,7.40875E-05,ENSMUSG00000038276,ENSMUSG00000038276,Asic3,protein coding gene
ENSMUSG00000046378.11,16.78539121,3.670274171,0.876581017,4.1870336,2.82624E-05,0.000114442,ENSMUSG00000046378,ENSMUSG00000046378,Asphd1,protein coding gene
ENSMUSG00000026587.15,11.86587763,2.616162775,0.887137417,2.948993838,0.003188103,0.008062193,ENSMUSG00000026587,ENSMUSG00000026587,Astn1,protein coding gene
ENSMUSG00000052812.4,160.8769418,2.149167717,0.29764392,7.220600104,5.17587E-13,6.17773E-12,ENSMUSG00000052812,ENSMUSG00000052812,Atad2b,protein coding gene
ENSMUSG00000030730.12,15.03437658,3.070619652,1.011211797,3.036574199,0.002392832,0.006279911,ENSMUSG00000030730,ENSMUSG00000030730,Atp2a1,protein coding gene
ENSMUSG00000030302.16,78.0141234,4.222455784,0.649894648,6.497138875,8.18619E-11,7.70428E-10,ENSMUSG00000030302,ENSMUSG00000030302,Atp2b2,protein coding gene
ENSMUSG00000020566.18,11.84374496,5.051573409,1.338130608,3.775097421,0.000159945,0.000552272,ENSMUSG00000020566,ENSMUSG00000020566,Atp6v1c2,protein coding gene
ENSMUSG00000046876.15,464.6351672,2.793449913,0.203758322,13.70962369,8.89178E-43,1.21806E-40,ENSMUSG00000046876,ENSMUSG00000046876,Atxn1,protein coding gene
ENSMUSG00000029673.17,218.1959692,2.822765221,0.273237468,10.33081311,5.11253E-25,1.99913E-23,ENSMUSG00000029673,ENSMUSG00000029673,Auts2,protein coding gene
ENSMUSG00000025432.11,18.87067161,2.55720592,0.847152306,3.01859052,0.002539535,0.006614857,ENSMUSG00000025432,ENSMUSG00000025432,Avil,protein coding gene
ENSMUSG00000074892.9,17.00319447,2.518079935,1.076431076,2.339285804,0.019320647,0.039022978,ENSMUSG00000074892,ENSMUSG00000074892,B3galt5,protein coding gene
ENSMUSG00000045994.16,8.641272594,7.070883517,1.718021162,4.115713865,3.85983E-05,0.000152093,ENSMUSG00000045994,ENSMUSG00000045994,B3gat1,protein coding gene
ENSMUSG00000039741.15,453.4813244,2.649834092,0.253739121,10.44314366,1.57507E-25,6.43505E-24,ENSMUSG00000039741,ENSMUSG00000039741,Bahcc1,protein coding gene
ENSMUSG00000047507.12,327.751845,2.919129361,0.276297147,10.56518099,4.32134E-26,1.84839E-24,ENSMUSG00000047507,ENSMUSG00000047507,Baiap3,protein coding gene
ENSMUSG00000025316.16,339.5354158,2.088996208,0.272775996,7.658284584,1.88433E-14,2.61721E-13,ENSMUSG00000025316,ENSMUSG00000025316,Banp,protein coding gene
ENSMUSG00000026805.14,23.25870616,6.09040246,1.206653628,5.047349394,4.47982E-07,2.51385E-06,ENSMUSG00000026805,ENSMUSG00000026805,Barhl1,protein coding gene
ENSMUSG00000004892.13,7.291486385,3.379605732,1.366033668,2.474028138,0.013359917,0.028329675,ENSMUSG00000004892,ENSMUSG00000004892,Bcan,protein coding gene
ENSMUSG00000063382.5,1337.435892,2.903333851,0.154204991,18.82775543,4.47323E-79,4.34126E-76,ENSMUSG00000063382,ENSMUSG00000063382,Bcl9l,protein coding gene
ENSMUSG00000041347.5,7.264077461,4.272663042,1.450042043,2.946578731,0.003213106,0.008120522,ENSMUSG00000041347,ENSMUSG00000041347,Bdkrb1,protein coding gene
ENSMUSG00000031872.13,5.938771433,5.04540617,1.785239827,2.826178362,0.004710703,0.011408784,ENSMUSG00000031872,ENSMUSG00000031872,Bean1,protein coding gene
ENSMUSG00000020169.4,44.00850481,5.406597241,0.837478262,6.455806062,1.07644E-10,1.00183E-09,ENSMUSG00000020169,ENSMUSG00000020169,Best3,protein coding gene
ENSMUSG00000070808.4,639.9743298,3.260270228,0.205751638,15.84565866,1.50634E-56,4.85715E-54,ENSMUSG00000070808,ENSMUSG00000070808,Bicra,protein coding gene
ENSMUSG00000024073.14,1599.199601,2.132078876,0.18913254,11.27293523,1.78518E-29,1.00041E-27,ENSMUSG00000024073,ENSMUSG00000024073,Birc6,protein coding gene
ENSMUSG00000038840.7,5.134570446,6.320735372,2.004294307,3.153596431,0.001612719,0.004417083,ENSMUSG00000038840,ENSMUSG00000038840,Birc7,protein coding gene
ENSMUSG00000090247.7,15.78128921,3.103233867,0.802801452,3.865506046,0.000110859,0.000397791,ENSMUSG00000090247,ENSMUSG00000090247,Bloc1s1,protein coding gene
ENSMUSG00000032726.12,18.19493256,3.180928256,0.800631507,3.97302408,7.09659E-05,0.000264987,ENSMUSG00000032726,ENSMUSG00000032726,Bmp8a,protein coding gene
ENSMUSG00000002384.2,13.07612976,2.379620515,0.903851881,2.632754953,0.008469543,0.019079229,ENSMUSG00000002384,ENSMUSG00000002384,Bmp8b,protein coding gene
ENSMUSG00000028487.18,72.34886956,3.206007411,0.393820034,8.140793089,3.92697E-16,6.56343E-15,ENSMUSG00000028487,ENSMUSG00000028487,Bnc2,protein coding gene
ENSMUSG00000048905.4,18.96463927,2.857318003,1.00647766,2.83892839,0.004526531,0.011016207,ENSMUSG00000048905,ENSMUSG00000048905,Bnip5,protein coding gene
ENSMUSG00000025977.15,3.754269728,5.858918328,2.049325903,2.858949043,0.004250471,0.010412063,ENSMUSG00000025977,ENSMUSG00000025977,Boll,protein coding gene
ENSMUSG00000040481.17,1241.442327,2.009072648,0.161193439,12.46373714,1.17722E-35,1.01976E-33,ENSMUSG00000040481,ENSMUSG00000040481,Bptf,protein coding gene
ENSMUSG00000032589.14,145.5244903,5.686583232,0.492765898,11.54013145,8.27986E-31,5.16481E-29,ENSMUSG00000032589,ENSMUSG00000032589,Bsn,protein coding gene
ENSMUSG00000040298.6,3.110219822,5.605909968,2.104073174,2.664313217,0.00771457,0.017582608,ENSMUSG00000040298,ENSMUSG00000040298,Btbd16,protein coding gene
ENSMUSG00000000202.9,25.2332837,2.595426694,0.674127382,3.850053806,0.000118092,0.000420504,ENSMUSG00000000202,ENSMUSG00000000202,Btbd17,protein coding gene
ENSMUSG00000044092.8,69.24925388,3.574053104,0.498977375,7.162755837,7.90711E-13,9.28953E-12,ENSMUSG00000044092,ENSMUSG00000044092,C130050O18Rik,protein coding gene
ENSMUSG00000040794.5,33.60402628,2.232225796,0.587133593,3.801904411,0.000143588,0.000501577,ENSMUSG00000040794,ENSMUSG00000040794,C1qtnf4,protein coding gene
ENSMUSG00000106205.1,35.35584934,2.534845032,0.527644239,4.804079806,1.55465E-06,7.98429E-06,ENSMUSG00000106205,ENSMUSG00000106205,C230096K16Rik,protein coding gene
ENSMUSG00000047990.5,21.08360327,4.346653882,1.092045401,3.980286788,6.88322E-05,0.000257709,ENSMUSG00000047990,ENSMUSG00000047990,C2cd4a,protein coding gene
ENSMUSG00000045912.8,18.33230624,3.659529497,0.855663836,4.276830857,1.89573E-05,7.96882E-05,ENSMUSG00000045912,ENSMUSG00000045912,C2cd4c,protein coding gene
ENSMUSG00000056158.14,55.55179973,3.108423531,0.480592335,6.467900765,9.93737E-11,9.2898E-10,ENSMUSG00000056158,ENSMUSG00000056158,Ca10,protein coding gene
ENSMUSG00000009075.2,44.54082671,2.707267456,0.50052729,5.408830863,6.34375E-08,4.04745E-07,ENSMUSG00000009075,ENSMUSG00000009075,Cabp7,protein coding gene
ENSMUSG00000034656.16,429.5199645,3.650179995,0.263901614,13.83159405,1.64338E-43,2.46026E-41,ENSMUSG00000034656,ENSMUSG00000034656,Cacna1a,protein coding gene
ENSMUSG00000004113.18,33.30557516,4.541653992,0.743707196,6.10677699,1.01663E-09,8.33304E-09,ENSMUSG00000004113,ENSMUSG00000004113,Cacna1b,protein coding gene
ENSMUSG00000051331.14,175.5890881,3.354914207,0.295095369,11.36891513,5.97253E-30,3.48686E-28,ENSMUSG00000051331,ENSMUSG00000051331,Cacna1c,protein coding gene
ENSMUSG00000015968.16,304.7169731,2.237899261,0.259006052,8.640335796,5.6048E-18,1.10926E-16,ENSMUSG00000015968,ENSMUSG00000015968,Cacna1d,protein coding gene
ENSMUSG00000004110.14,121.2874543,2.669444164,0.581303669,4.592168101,4.38665E-06,2.0768E-05,ENSMUSG00000004110,ENSMUSG00000004110,Cacna1e,protein coding gene
ENSMUSG00000024112.16,133.0538128,3.051326466,0.311289974,9.802199629,1.1016E-22,3.46154E-21,ENSMUSG00000024112,ENSMUSG00000024112,Cacna1h,protein coding gene
ENSMUSG00000010066.15,15.97769301,3.425595877,0.978898205,3.499440349,0.000466236,0.001450674,ENSMUSG00000010066,ENSMUSG00000010066,Cacna2d2,protein coding gene
ENSMUSG00000057914.15,33.02826551,2.703386135,0.551715824,4.899961208,9.58556E-07,5.09908E-06,ENSMUSG00000057914,ENSMUSG00000057914,Cacnb2,protein coding gene
ENSMUSG00000020723.3,20.55276424,5.826264372,1.255703147,4.639842137,3.48675E-06,1.68191E-05,ENSMUSG00000020723,ENSMUSG00000020723,Cacng4,protein coding gene
ENSMUSG00000054423.13,106.4344926,2.990868091,0.395678439,7.558835143,4.06695E-14,5.42234E-13,ENSMUSG00000054423,ENSMUSG00000054423,Cadps,protein coding gene
ENSMUSG00000017978.18,2.862652243,5.500236591,2.178519766,2.524758635,0.011577778,0.025021514,ENSMUSG00000017978,ENSMUSG00000017978,Cadps2,protein coding gene
ENSMUSG00000025468.15,7.171824922,6.759750738,1.954122239,3.459226143,0.00054173,0.001664338,ENSMUSG00000025468,ENSMUSG00000025468,Caly,protein coding gene
ENSMUSG00000016179.11,19.25576576,2.551100998,0.808476973,3.155440518,0.001602559,0.0043929,ENSMUSG00000016179,ENSMUSG00000016179,Camk1g,protein coding gene
ENSMUSG00000057897.14,704.5193398,2.324561838,0.222130459,10.46484958,1.25275E-25,5.15844E-24,ENSMUSG00000057897,ENSMUSG00000057897,Camk2b,protein coding gene
ENSMUSG00000040712.16,821.1024394,2.013363308,0.194145473,10.37038503,3.38159E-25,1.35257E-23,ENSMUSG00000040712,ENSMUSG00000040712,Camta2,protein coding gene
ENSMUSG00000054083.8,27.25849317,4.22617843,0.723754993,5.839239065,5.24398E-09,3.91552E-08,ENSMUSG00000054083,ENSMUSG00000054083,Capn12,protein coding gene
ENSMUSG00000037326.9,282.5753881,2.125503786,0.243660202,8.723229186,2.70378E-18,5.50715E-17,ENSMUSG00000037326,ENSMUSG00000037326,Capn15,protein coding gene
ENSMUSG00000055357.8,9.675352901,7.247185444,1.688328267,4.292521535,1.76655E-05,7.47531E-05,ENSMUSG00000055357,ENSMUSG00000055357,Capza1b,protein coding gene
ENSMUSG00000022211.8,184.0855592,2.864008139,0.280518333,10.20970042,1.79418E-24,6.64086E-23,ENSMUSG00000022211,ENSMUSG00000022211,Carmil3,protein coding gene
ENSMUSG00000033597.8,47.00626052,3.372896312,0.620194883,5.438445888,5.37473E-08,3.47575E-07,ENSMUSG00000033597,ENSMUSG00000033597,Caskin1,protein coding gene
ENSMUSG00000051980.13,113.5133281,4.635766925,0.461768224,10.03916399,1.02539E-23,3.52894E-22,ENSMUSG00000051980,ENSMUSG00000051980,Casr,protein coding gene
ENSMUSG00000028977.16,765.0567507,3.161353993,0.263603576,11.99283426,3.87418E-33,2.85912E-31,ENSMUSG00000028977,ENSMUSG00000028977,Casz1,protein coding gene
ENSMUSG00000047733.10,5.932319507,5.085046073,1.843164156,2.758867708,0.005800201,0.013691453,ENSMUSG00000047733,ENSMUSG00000047733,Catsperh,protein coding gene
ENSMUSG00000035640.18,290.7601955,2.086921978,0.298933369,6.981227904,2.92611E-12,3.24146E-11,ENSMUSG00000035640,ENSMUSG00000035640,Cbarp,protein coding gene
ENSMUSG00000006362.15,1112.829794,2.127697197,0.190073898,11.19405252,4.36039E-29,2.3554E-27,ENSMUSG00000006362,ENSMUSG00000006362,Cbfa2t3,protein coding gene
ENSMUSG00000072722.2,10.3791706,7.304174207,1.709254957,4.273308776,1.92593E-05,8.08625E-05,ENSMUSG00000072722,ENSMUSG00000072722,Ccdc121rt2,protein coding gene
ENSMUSG00000051503.2,7.50208753,6.885849309,1.759653663,3.913184426,9.10869E-05,0.0003319,ENSMUSG00000051503,ENSMUSG00000051503,Ccdc121rt3,protein coding gene
ENSMUSG00000034303.6,31.76416632,2.613488259,0.63215822,4.134231236,3.56145E-05,0.000141426,ENSMUSG00000034303,ENSMUSG00000034303,Ccdc15,protein coding gene
ENSMUSG00000059562.14,7.523765241,5.37582448,1.7711907,3.035147192,0.002404183,0.006305754,ENSMUSG00000059562,ENSMUSG00000059562,Ccdc154,protein coding gene
ENSMUSG00000075225.12,175.5049544,2.346069616,0.288155558,8.141677485,3.89839E-16,6.52085E-15,ENSMUSG00000075225,ENSMUSG00000075225,Ccdc162,protein coding gene
ENSMUSG00000026940.3,6.572209965,3.164496749,1.230386481,2.571953445,0.010112649,0.0222404,ENSMUSG00000026940,ENSMUSG00000026940,Ccdc183,protein coding gene
ENSMUSG00000048038.6,9.644509703,4.802218072,1.347281302,3.564376694,0.000364722,0.001164565,ENSMUSG00000048038,ENSMUSG00000048038,Ccdc187,protein coding gene
ENSMUSG00000090777.1,5.110179173,3.812545075,1.600793373,2.381659707,0.017234816,0.035365555,ENSMUSG00000090777,ENSMUSG00000090777,Ccdc188,protein coding gene
ENSMUSG00000085486.2,4.953285524,3.839771019,1.598384012,2.402283175,0.01629309,0.033710452,ENSMUSG00000085486,ENSMUSG00000085486,Ccdc200,protein coding gene
ENSMUSG00000078588.10,32.05262645,3.103347977,0.621659766,4.992036074,5.97461E-07,3.27634E-06,ENSMUSG00000078588,ENSMUSG00000078588,Ccdc24,protein coding gene
ENSMUSG00000039963.18,27.15931122,2.801725733,0.624982787,4.482884633,7.36407E-06,3.35093E-05,ENSMUSG00000039963,ENSMUSG00000039963,Ccdc40,protein coding gene
ENSMUSG00000071202.4,14.96342103,4.796604374,1.114746292,4.302866409,1.68603E-05,7.18386E-05,ENSMUSG00000071202,ENSMUSG00000071202,Ccdc78,protein coding gene
ENSMUSG00000032878.16,131.3396016,2.661273963,0.286463491,9.29009819,1.54146E-20,3.92557E-19,ENSMUSG00000032878,ENSMUSG00000032878,Ccdc85a,protein coding gene
ENSMUSG00000021182.14,434.1177181,2.128627978,0.199374715,10.6765192,1.31095E-26,5.79668E-25,ENSMUSG00000021182,ENSMUSG00000021182,Ccdc88c,protein coding gene
ENSMUSG00000034563.16,23.12559938,4.404573475,0.817726738,5.386363528,7.18975E-08,4.54022E-07,ENSMUSG00000034563,ENSMUSG00000034563,Ccpg1,protein coding gene
ENSMUSG00000042262.4,9.584678971,7.20290439,1.704673207,4.225387223,2.3853E-05,9.82612E-05,ENSMUSG00000042262,ENSMUSG00000042262,Ccr8,protein coding gene
ENSMUSG00000029530.15,16.29792062,2.021732403,0.749049891,2.699062411,0.006953513,0.016036387,ENSMUSG00000029530,ENSMUSG00000029530,Ccr9,protein coding gene
ENSMUSG00000022753.15,18.00331913,5.67479217,1.237040085,4.587395541,4.4881E-06,2.12195E-05,ENSMUSG00000022753,ENSMUSG00000022753,Cdc50c,protein coding gene
ENSMUSG00000006204.5,99.96441999,4.544321915,0.479174844,9.48364041,2.45563E-21,6.80788E-20,ENSMUSG00000006204,ENSMUSG00000006204,Cdcp3,protein coding gene
ENSMUSG00000053166.14,26.84388238,3.126243033,0.652534818,4.790921416,1.66017E-06,8.48258E-06,ENSMUSG00000053166,ENSMUSG00000053166,Cdh22,protein coding gene
ENSMUSG00000012819.15,48.2784709,3.046211692,0.640086727,4.759060868,1.94496E-06,9.80855E-06,ENSMUSG00000012819,ENSMUSG00000012819,Cdh23,protein coding gene
ENSMUSG00000059674.6,30.5309856,2.325438374,0.62856242,3.69961407,0.000215928,0.000726891,ENSMUSG00000059674,ENSMUSG00000059674,Cdh24,protein coding gene
ENSMUSG00000000305.12,29.37265992,2.548186373,0.667656663,3.816611913,0.000135297,0.000475547,ENSMUSG00000000305,ENSMUSG00000000305,Cdh4,protein coding gene
ENSMUSG00000036510.17,31.22298598,2.653287915,0.575385087,4.611325483,4.00109E-06,1.90892E-05,ENSMUSG00000036510,ENSMUSG00000036510,Cdh8,protein coding gene
ENSMUSG00000034918.8,4.940370366,3.705446618,1.572547503,2.356333662,0.018456331,0.037475901,ENSMUSG00000034918,ENSMUSG00000034918,Cdhr2,protein coding gene
ENSMUSG00000003119.14,720.0048954,2.307482989,0.164279881,14.04604735,8.14552E-45,1.32343E-42,ENSMUSG00000003119,ENSMUSG00000003119,Cdk12,protein coding gene
ENSMUSG00000048895.13,30.19316175,2.430292833,0.581947397,4.176138332,2.965E-05,0.000119598,ENSMUSG00000048895,ENSMUSG00000048895,Cdk5r1,protein coding gene
ENSMUSG00000090071.4,54.74480652,3.913330271,0.537104742,7.2859723,3.19359E-13,3.90288E-12,ENSMUSG00000090071,ENSMUSG00000090071,Cdk5r2,protein coding gene
ENSMUSG00000090546.1,5.987302892,6.488306266,2.031000282,3.194635827,0.001400074,0.003898303,ENSMUSG00000090546,ENSMUSG00000090546,Cdr1,protein coding gene
ENSMUSG00000028137.9,333.4586894,3.24156133,0.347140329,9.337899004,9.82646E-21,2.55208E-19,ENSMUSG00000028137,ENSMUSG00000028137,Celf3,protein coding gene
ENSMUSG00000024268.15,60.93678104,2.36079968,0.405533551,5.821465753,5.83338E-09,4.32479E-08,ENSMUSG00000024268,ENSMUSG00000024268,Celf4,protein coding gene
ENSMUSG00000016028.9,3739.661753,2.928002846,0.190457168,15.37355024,2.46295E-53,6.9758E-51,ENSMUSG00000016028,ENSMUSG00000016028,Celsr1,protein coding gene
ENSMUSG00000068740.13,1140.862709,2.857107888,0.258709511,11.04369096,2.3517E-28,1.21104E-26,ENSMUSG00000068740,ENSMUSG00000068740,Celsr2,protein coding gene
ENSMUSG00000023473.11,259.167102,4.841003777,0.330799261,14.63426418,1.69803E-48,3.5589E-46,ENSMUSG00000023473,ENSMUSG00000023473,Celsr3,protein coding gene
ENSMUSG00000076433.4,54.18695221,4.472242393,0.747292698,5.984592658,2.16932E-09,1.70033E-08,ENSMUSG00000076433,ENSMUSG00000076433,Cep295nl,protein coding gene
ENSMUSG00000038594.8,53.17107608,2.999567435,0.52389158,5.725550002,1.03099E-08,7.40273E-08,ENSMUSG00000038594,ENSMUSG00000038594,Cep85l,protein coding gene
ENSMUSG00000075256.9,40.54413731,4.85047747,0.673047886,7.206734577,5.73096E-13,6.81698E-12,ENSMUSG00000075256,ENSMUSG00000075256,Cerkl,protein coding gene
ENSMUSG00000048794.14,22.3136482,2.729986584,0.74989408,3.640496245,0.000272113,0.000894763,ENSMUSG00000048794,ENSMUSG00000048794,Cfap100,protein coding gene
ENSMUSG00000049154.11,39.52630768,2.516749975,0.539852979,4.661917363,3.13277E-06,1.52131E-05,ENSMUSG00000049154,ENSMUSG00000049154,Cfap144,protein coding gene
ENSMUSG00000071550.13,16.78640135,2.25218701,0.781391572,2.88227707,0.003948124,0.009767712,ENSMUSG00000071550,ENSMUSG00000071550,Cfap44,protein coding gene
ENSMUSG00000049571.17,13.03935349,3.289998564,0.949663628,3.464383036,0.000531449,0.001636592,ENSMUSG00000049571,ENSMUSG00000049571,Cfap46,protein coding gene
ENSMUSG00000073077.6,20.38185882,2.254216454,0.760734738,2.963209569,0.003044492,0.007742933,ENSMUSG00000073077,ENSMUSG00000073077,Cfap47,protein coding gene
ENSMUSG00000037143.17,5.702440188,3.9796435,1.548893625,2.56934591,0.010189069,0.022394369,ENSMUSG00000037143,ENSMUSG00000037143,Cfap61,protein coding gene
ENSMUSG00000047021.14,14.58912301,2.500255599,0.857108719,2.917081046,0.00353324,0.008832677,ENSMUSG00000047021,ENSMUSG00000047021,Cfap65,protein coding gene
ENSMUSG00000005045.16,111.3562303,2.788322861,0.406293215,6.862833933,6.75077E-12,7.14232E-11,ENSMUSG00000005045,ENSMUSG00000005045,Chd5,protein coding gene
ENSMUSG00000041235.11,658.7720586,2.665297477,0.181704965,14.66826993,1.02936E-48,2.22417E-46,ENSMUSG00000041235,ENSMUSG00000041235,Chd7,protein coding gene
ENSMUSG00000022041.10,5.265595466,4.818840316,1.866696677,2.581480095,0.009837766,0.02171104,ENSMUSG00000022041,ENSMUSG00000022041,Chrna2,protein coding gene
ENSMUSG00000030525.8,5.702440188,3.9796435,1.548893625,2.56934591,0.010189069,0.022394369,ENSMUSG00000030525,ENSMUSG00000030525,Chrna7,protein coding gene
ENSMUSG00000034612.7,170.6311865,2.088953007,0.333028529,6.272594771,3.5508E-10,3.08035E-09,ENSMUSG00000034612,ENSMUSG00000034612,Chst11,protein coding gene
ENSMUSG00000058152.7,15.78981867,2.116233982,0.719556166,2.94102682,0.003271262,0.00825158,ENSMUSG00000058152,ENSMUSG00000058152,Chsy3,protein coding gene
ENSMUSG00000042269.15,16.56503109,2.988969355,0.886004856,3.373536086,0.000742093,0.002206801,ENSMUSG00000042269,ENSMUSG00000042269,Cibar2,protein coding gene
ENSMUSG00000005442.13,2169.644932,2.200030757,0.20714766,10.62059191,2.39041E-26,1.03728E-24,ENSMUSG00000005442,ENSMUSG00000005442,Cic,protein coding gene
ENSMUSG00000025482.11,5.141022372,6.282380305,1.939454831,3.239250641,0.001198442,0.003390221,ENSMUSG00000025482,ENSMUSG00000025482,Cimap1a,protein coding gene
ENSMUSG00000042788.12,9.032541608,2.522813676,0.987948184,2.553589063,0.010661901,0.023287076,ENSMUSG00000042788,ENSMUSG00000042788,Cimip2b,protein coding gene
ENSMUSG00000070577.5,58.56455145,3.823076083,0.497034639,7.691769913,1.45113E-14,2.04123E-13,ENSMUSG00000070577,ENSMUSG00000070577,Ciroz,protein coding gene
ENSMUSG00000024019.17,51.270399,2.123053982,0.457069034,4.644930681,3.40191E-06,1.6436E-05,ENSMUSG00000024019,ENSMUSG00000024019,Cmtr1,protein coding gene
ENSMUSG00000024873.6,31.64010425,2.985787979,0.559848113,5.333210758,9.64912E-08,5.99751E-07,ENSMUSG00000024873,ENSMUSG00000024873,Cnih2,protein coding gene
ENSMUSG00000053024.14,3.155556787,5.656166775,2.400170682,2.356568563,0.018444662,0.037455836,ENSMUSG00000053024,ENSMUSG00000053024,Cntn2,protein coding gene
ENSMUSG00000017167.6,76.3424784,2.287111142,0.350090458,6.53291483,6.45018E-11,6.15056E-10,ENSMUSG00000017167,ENSMUSG00000017167,Cntnap1,protein coding gene
ENSMUSG00000039419.17,70.96352725,3.722789596,0.524429453,7.098742407,1.25897E-12,1.44506E-11,ENSMUSG00000039419,ENSMUSG00000039419,Cntnap2,protein coding gene
ENSMUSG00000020953.16,10.34010774,3.181170249,1.26938475,2.506072528,0.012208058,0.026210682,ENSMUSG00000020953,ENSMUSG00000020953,Coch,protein coding gene
ENSMUSG00000039462.4,30.15081294,8.895932474,1.548710859,5.744088655,9.24174E-09,6.66314E-08,ENSMUSG00000039462,ENSMUSG00000039462,Col10a1,protein coding gene
ENSMUSG00000025064.14,7.232614956,6.819778082,1.784945206,3.820721251,0.000133062,0.000468477,ENSMUSG00000025064,ENSMUSG00000025064,Col17a1,protein coding gene
ENSMUSG00000026141.13,4.158730956,5.967231194,2.484461685,2.401820576,0.016313708,0.033743117,ENSMUSG00000026141,ENSMUSG00000026141,Col19a1,protein coding gene
ENSMUSG00000028626.5,5.005074416,3.841689858,1.643129905,2.338031732,0.019385602,0.039139084,ENSMUSG00000028626,ENSMUSG00000028626,Col9a2,protein coding gene
ENSMUSG00000005220.10,8.551848582,2.487332574,1.074697934,2.314448085,0.020643156,0.041442519,ENSMUSG00000005220,ENSMUSG00000005220,Corin,protein coding gene
ENSMUSG00000030785.8,49.32699239,2.439741635,0.464439577,5.253087286,1.49571E-07,9.02895E-07,ENSMUSG00000030785,ENSMUSG00000030785,Cox6a2,protein coding gene
ENSMUSG00000073733.4,11.04541612,2.530270046,0.952818915,2.65556236,0.007917629,0.017966543,ENSMUSG00000073733,ENSMUSG00000073733,Cplane2,protein coding gene
ENSMUSG00000030270.11,9.224532466,7.120564626,1.819080685,3.914375369,9.06385E-05,0.000330554,ENSMUSG00000030270,ENSMUSG00000030270,Cpne9,protein coding gene
ENSMUSG00000036377.18,17.20602503,3.544719559,0.863616125,4.104508309,4.05176E-05,0.000159028,ENSMUSG00000036377,ENSMUSG00000036377,Cracd,protein coding gene
ENSMUSG00000061414.7,41.02051363,2.996050445,0.510410655,5.869882255,4.36105E-09,3.29618E-08,ENSMUSG00000061414,ENSMUSG00000061414,Cracr2a,protein coding gene
ENSMUSG00000022521.10,1615.052948,3.285678975,0.17139827,19.16984909,6.61003E-82,7.69664E-79,ENSMUSG00000022521,ENSMUSG00000022521,Crebbp,protein coding gene
ENSMUSG00000018634.10,6.069997921,6.588171028,1.855505733,3.550606669,0.000384344,0.001220341,ENSMUSG00000018634,ENSMUSG00000018634,Crhr1,protein coding gene
ENSMUSG00000029121.15,27.22742938,3.245790772,0.675837652,4.802619034,1.56604E-06,8.03883E-06,ENSMUSG00000029121,ENSMUSG00000029121,Crmp1,protein coding gene
ENSMUSG00000040860.16,226.2847471,2.271221644,0.285193515,7.963791323,1.66847E-15,2.59417E-14,ENSMUSG00000040860,ENSMUSG00000040860,Crocc,protein coding gene
ENSMUSG00000006546.3,18.25250268,2.240973974,0.875983899,2.558236488,0.010520452,0.023004502,ENSMUSG00000006546,ENSMUSG00000006546,Cryba2,protein coding gene
ENSMUSG00000012123.15,18.86436029,2.12051128,0.733199708,2.892133284,0.003826356,0.009497465,ENSMUSG00000012123,ENSMUSG00000012123,Crybg2,protein coding gene
ENSMUSG00000070870.6,3.064882857,5.536168008,2.162965089,2.559527214,0.010481465,0.022931213,ENSMUSG00000070870,ENSMUSG00000070870,Cryge,protein coding gene
ENSMUSG00000060924.15,40.35722453,2.647446123,0.567196658,4.667598241,3.04741E-06,1.48192E-05,ENSMUSG00000060924,ENSMUSG00000060924,Csmd1,protein coding gene
ENSMUSG00000028804.19,78.71023871,5.13100055,0.602001793,8.523231341,1.55162E-17,2.95372E-16,ENSMUSG00000028804,ENSMUSG00000028804,Csmd2,protein coding gene
ENSMUSG00000032911.5,176.514945,2.213241587,0.364686086,6.06889506,1.28793E-09,1.04022E-08,ENSMUSG00000032911,ENSMUSG00000032911,Cspg4,protein coding gene
ENSMUSG00000022240.9,185.7734236,3.47540461,0.337864315,10.28639146,8.11612E-25,3.10979E-23,ENSMUSG00000022240,ENSMUSG00000022240,Ctnnd2,protein coding gene
ENSMUSG00000000416.16,190.6709697,2.798912441,0.343896708,8.1388172,3.99158E-16,6.66079E-15,ENSMUSG00000000416,ENSMUSG00000000416,Cttnbp2,protein coding gene
ENSMUSG00000044365.15,56.22093249,2.002517041,0.410144648,4.882465377,1.04768E-06,5.54361E-06,ENSMUSG00000044365,ENSMUSG00000044365,Cxxc4,protein coding gene
ENSMUSG00000024987.5,24.13372795,5.062619691,0.970600002,5.215969175,1.82859E-07,1.09345E-06,ENSMUSG00000024987,ENSMUSG00000024987,Cyp26a1,protein coding gene
ENSMUSG00000063415.12,50.40189445,2.191288274,0.600826417,3.647123713,0.000265192,0.000874613,ENSMUSG00000063415,ENSMUSG00000063415,Cyp26b1,protein coding gene
ENSMUSG00000078787.8,29.33862883,3.695037696,0.732516197,5.04430852,4.55164E-07,2.55075E-06,ENSMUSG00000078787,ENSMUSG00000078787,Cyp2t4,protein coding gene
ENSMUSG00000027983.13,33.52800823,2.445123301,0.536757896,4.555355998,5.22969E-06,2.44663E-05,ENSMUSG00000027983,ENSMUSG00000027983,Cyp2u1,protein coding gene
ENSMUSG00000006711.15,10.99959941,3.210554453,1.154813916,2.780148738,0.005433401,0.012934875,ENSMUSG00000006711,ENSMUSG00000006711,D130043K22Rik,protein coding gene
ENSMUSG00000063455.16,233.3716467,2.570568134,0.278706248,9.223216741,2.88318E-20,7.14286E-19,ENSMUSG00000063455,ENSMUSG00000063455,D630045J12Rik,protein coding gene
ENSMUSG00000035735.10,778.2184593,2.465121034,0.194662935,12.66353577,9.41609E-37,9.0115E-35,ENSMUSG00000035735,ENSMUSG00000035735,Dagla,protein coding gene
ENSMUSG00000031970.16,25.58525087,2.205073302,0.571933785,3.855469565,0.000115508,0.000412143,ENSMUSG00000031970,ENSMUSG00000031970,Dbndd1,protein coding gene
ENSMUSG00000078552.10,53.90247374,2.881995074,0.468403596,6.152803052,7.61253E-10,6.33894E-09,ENSMUSG00000078552,ENSMUSG00000078552,Dcdc2b,protein coding gene
ENSMUSG00000036862.15,282.1861784,2.144784142,0.264262972,8.116097873,4.81412E-16,7.94482E-15,ENSMUSG00000036862,ENSMUSG00000036862,Dchs1,protein coding gene
ENSMUSG00000102692.1,28.91281109,3.750008838,0.710280332,5.279618014,1.29453E-07,7.88267E-07,ENSMUSG00000102692,ENSMUSG00000102692,Dchs2,protein coding gene
ENSMUSG00000042672.15,15.65879365,2.218565567,0.77438066,2.864954771,0.004170688,0.010258591,ENSMUSG00000042672,ENSMUSG00000042672,Dcst1,protein coding gene
ENSMUSG00000047619.4,30.2479388,8.902353561,1.549746008,5.744395219,9.22501E-09,6.65337E-08,ENSMUSG00000047619,ENSMUSG00000047619,Ddi1,protein coding gene
ENSMUSG00000022861.16,28.08679731,2.224647239,0.57398929,3.875764367,0.000106291,0.000382314,ENSMUSG00000022861,ENSMUSG00000022861,Dgkg,protein coding gene
ENSMUSG00000034731.9,80.60930203,3.618894031,0.393986155,9.185333009,4.10256E-20,9.97512E-19,ENSMUSG00000034731,ENSMUSG00000034731,Dgkh,protein coding gene
ENSMUSG00000023026.15,590.7697348,2.113416917,0.184076767,11.4811714,1.64043E-30,1.00238E-28,ENSMUSG00000023026,ENSMUSG00000023026,Dip2b,protein coding gene
ENSMUSG00000043670.4,3.256672094,5.686850068,2.142821408,2.653907623,0.007956561,0.018030225,ENSMUSG00000043670,ENSMUSG00000043670,Diras1,protein coding gene
ENSMUSG00000043051.17,31.06196554,2.490576852,0.588990284,4.22855337,2.35199E-05,9.70762E-05,ENSMUSG00000043051,ENSMUSG00000043051,Disc1,protein coding gene
ENSMUSG00000040035.14,381.9688534,3.48137204,0.344851818,10.09526951,5.79716E-24,2.04905E-22,ENSMUSG00000040035,ENSMUSG00000040035,Disp2,protein coding gene
ENSMUSG00000038060.15,60.57187185,2.70503975,0.58318539,4.638387377,3.51138E-06,1.69301E-05,ENSMUSG00000038060,ENSMUSG00000038060,Dlec1,protein coding gene
ENSMUSG00000020886.16,191.7305377,2.006858558,0.247127416,8.120744321,4.63333E-16,7.66456E-15,ENSMUSG00000020886,ENSMUSG00000020886,Dlg4,protein coding gene
ENSMUSG00000003279.16,45.62136006,3.960721493,0.633159399,6.25548874,3.96273E-10,3.42212E-09,ENSMUSG00000003279,ENSMUSG00000003279,Dlgap1,protein coding gene
ENSMUSG00000047495.15,3.064882857,5.536168008,2.162965089,2.559527214,0.010481465,0.022931213,ENSMUSG00000047495,ENSMUSG00000047495,Dlgap2,protein coding gene
ENSMUSG00000047428.14,4.84324451,3.654614376,1.588381053,2.300842338,0.021400544,0.042782717,ENSMUSG00000047428,ENSMUSG00000047428,Dlk2,protein coding gene
ENSMUSG00000038011.15,23.523282,3.078419537,0.72640602,4.237877239,2.25643E-05,9.34081E-05,ENSMUSG00000038011,ENSMUSG00000038011,Dnah10,protein coding gene
ENSMUSG00000033987.15,52.49096043,2.276175979,0.444322005,5.122807232,3.0102E-07,1.73756E-06,ENSMUSG00000033987,ENSMUSG00000033987,Dnah17,protein coding gene
ENSMUSG00000005237.14,61.48889338,2.99092673,0.41410423,7.222642307,5.0987E-13,6.0891E-12,ENSMUSG00000005237,ENSMUSG00000005237,Dnah2,protein coding gene
ENSMUSG00000052273.3,6.708973042,3.100741719,1.332324934,2.327316437,0.01994843,0.040170939,ENSMUSG00000052273,ENSMUSG00000052273,Dnah3,protein coding gene
ENSMUSG00000033826.9,32.49779297,2.602677934,0.666928139,3.902486314,9.52096E-05,0.000345541,ENSMUSG00000033826,ENSMUSG00000033826,Dnah8,protein coding gene
ENSMUSG00000061322.15,11.5778464,2.921367826,1.013520554,2.882396231,0.003946631,0.009765932,ENSMUSG00000061322,ENSMUSG00000061322,Dnai1,protein coding gene
ENSMUSG00000030708.14,44.28356452,2.107718835,0.500888214,4.207962528,2.57684E-05,0.000105053,ENSMUSG00000030708,ENSMUSG00000030708,Dnajb13,protein coding gene
ENSMUSG00000024136.14,47.65359736,2.020042982,0.493299405,4.094963346,4.22235E-05,0.000165043,ENSMUSG00000024136,ENSMUSG00000024136,Dnase1l2,protein coding gene
ENSMUSG00000030882.18,85.18535362,2.404800246,0.430132598,5.590834684,2.25981E-08,1.55257E-07,ENSMUSG00000030882,ENSMUSG00000030882,Dnhd1,protein coding gene
ENSMUSG00000033335.17,4249.774719,3.090357288,0.228206624,13.54192631,8.84389E-42,1.1513E-39,ENSMUSG00000033335,ENSMUSG00000033335,Dnm2,protein coding gene
ENSMUSG00000040265.16,80.45851173,2.170235307,0.356713332,6.08397587,1.17238E-09,9.52328E-09,ENSMUSG00000040265,ENSMUSG00000040265,Dnm3,protein coding gene
ENSMUSG00000025195.8,400.6654024,2.029214014,0.24860435,8.162423616,3.28368E-16,5.53682E-15,ENSMUSG00000025195,ENSMUSG00000025195,Dnmbp,protein coding gene
ENSMUSG00000039716.12,22.73278667,3.182133611,0.809425106,3.931350271,8.44701E-05,0.000310598,ENSMUSG00000039716,ENSMUSG00000039716,Dock3,protein coding gene
ENSMUSG00000032198.8,943.726712,2.533831159,0.244741412,10.35309527,4.05171E-25,1.60223E-23,ENSMUSG00000032198,ENSMUSG00000032198,Dock6,protein coding gene
ENSMUSG00000022946.8,666.8775874,2.482523179,0.191055027,12.99376009,1.32742E-38,1.42673E-36,ENSMUSG00000022946,ENSMUSG00000022946,Dop1b,protein coding gene
ENSMUSG00000021221.15,10.79297522,2.211273159,0.88185249,2.507531798,0.012157764,0.026110727,ENSMUSG00000021221,ENSMUSG00000021221,Dpf3,protein coding gene
ENSMUSG00000061576.15,18.29165347,2.995197313,0.876954407,3.415453859,0.000636758,0.001923305,ENSMUSG00000061576,ENSMUSG00000061576,Dpp6,protein coding gene
ENSMUSG00000022048.8,866.9838681,3.335986377,0.19885963,16.77558379,3.68222E-63,1.64204E-60,ENSMUSG00000022048,ENSMUSG00000022048,Dpysl2,protein coding gene
ENSMUSG00000050272.9,18.49508414,4.081887895,0.899557916,4.537659911,5.68819E-06,2.64637E-05,ENSMUSG00000050272,ENSMUSG00000050272,Dscam,protein coding gene
ENSMUSG00000032087.9,7.115162713,4.235227231,1.659580931,2.551985957,0.010711084,0.023377445,ENSMUSG00000032087,ENSMUSG00000032087,Dscaml1,protein coding gene
ENSMUSG00000026131.17,2158.730471,3.492518116,0.28021472,12.46372107,1.17746E-35,1.01976E-33,ENSMUSG00000026131,ENSMUSG00000026131,Dst,protein coding gene
ENSMUSG00000029603.15,1088.405964,2.056483707,0.163046828,12.61284097,1.79407E-36,1.6712E-34,ENSMUSG00000029603,ENSMUSG00000029603,Dtx1,protein coding gene
ENSMUSG00000042662.16,5.749355762,2.920120495,1.241350969,2.352372994,0.018654059,0.037822426,ENSMUSG00000042662,ENSMUSG00000042662,Dusp15,protein coding gene
ENSMUSG00000003233.11,870.5228539,2.999492128,0.219006079,13.69593092,1.07375E-42,1.45192E-40,ENSMUSG00000003233,ENSMUSG00000003233,Dvl3,protein coding gene
ENSMUSG00000018707.13,5523.188926,2.400697123,0.163906031,14.64678945,1.41233E-48,2.99001E-46,ENSMUSG00000018707,ENSMUSG00000018707,Dync1h1,protein coding gene
ENSMUSG00000002409.18,327.1529655,2.435357266,0.265923459,9.158113673,5.28124E-20,1.26358E-18,ENSMUSG00000002409,ENSMUSG00000002409,Dyrk1b,protein coding gene
ENSMUSG00000095061.1,14.19883912,4.281145909,1.000217787,4.280213733,1.86714E-05,7.86388E-05,ENSMUSG00000095061,ENSMUSG00000095061,E030018B13Rik,protein coding gene
ENSMUSG00000016349.10,23.24607635,2.501559957,0.764238421,3.273271652,0.001063103,0.003049763,ENSMUSG00000016349,ENSMUSG00000016349,Eef1a2,protein coding gene
ENSMUSG00000020940.13,24.27360556,2.055640929,0.711063231,2.890939707,0.003840918,0.009524586,ENSMUSG00000020940,ENSMUSG00000020940,Efcab15,protein coding gene
ENSMUSG00000068263.11,56.35142738,4.207030012,1.593808613,2.63960803,0.008300196,0.018723907,ENSMUSG00000068263,ENSMUSG00000068263,Efcc1,protein coding gene
ENSMUSG00000109864.1,16.71027056,4.568118365,1.031007536,4.430732275,9.39136E-06,4.17817E-05,ENSMUSG00000109864,ENSMUSG00000109864,Eid3,protein coding gene
ENSMUSG00000028546.17,27.95710886,3.229685573,0.636194331,5.076570811,3.84308E-07,2.18285E-06,ENSMUSG00000028546,ENSMUSG00000028546,Elavl4,protein coding gene
ENSMUSG00000048988.8,8.857996975,4.659511786,1.371560872,3.397232948,0.00068071,0.002042812,ENSMUSG00000048988,ENSMUSG00000048988,Elfn1,protein coding gene
ENSMUSG00000078517.11,427.5312642,2.222352066,0.231841377,9.585657626,9.18705E-22,2.63769E-20,ENSMUSG00000078517,ENSMUSG00000078517,Emc1,protein coding gene
ENSMUSG00000039055.4,23.6691227,2.665666002,0.757220889,3.520328139,0.000431013,0.001353755,ENSMUSG00000039055,ENSMUSG00000039055,Eme1,protein coding gene
ENSMUSG00000050700.11,44.51046159,4.280859666,0.66654999,6.422413516,1.3413E-10,1.22815E-09,ENSMUSG00000050700,ENSMUSG00000050700,Emilin3,protein coding gene
ENSMUSG00000044072.14,154.9681061,2.548204562,0.338734917,7.522710047,5.36523E-14,7.08569E-13,ENSMUSG00000044072,ENSMUSG00000044072,Eml6,protein coding gene
ENSMUSG00000048029.10,20.040397,2.24349532,0.787685949,2.848210412,0.004396585,0.010732357,ENSMUSG00000048029,ENSMUSG00000048029,Eno4,protein coding gene
ENSMUSG00000055024.12,1232.617415,2.214885016,0.178989886,12.37435846,3.59757E-35,3.02817E-33,ENSMUSG00000055024,ENSMUSG00000055024,Ep300,protein coding gene
ENSMUSG00000029505.17,1210.285101,2.217760233,0.193342683,11.47061887,1.85329E-30,1.12916E-28,ENSMUSG00000029505,ENSMUSG00000029505,Ep400,protein coding gene
ENSMUSG00000028661.8,4.984128723,6.299547665,1.919030899,3.282671305,0.001028285,0.002962857,ENSMUSG00000028661,ENSMUSG00000028661,Epha8,protein coding gene
ENSMUSG00000030172.15,245.3745602,2.077922685,0.265235384,7.834258962,4.71616E-15,7.01035E-14,ENSMUSG00000030172,ENSMUSG00000030172,Erc1,protein coding gene
ENSMUSG00000095562.7,107.9809141,8.288368851,1.077809195,7.690014978,1.47118E-14,2.06527E-13,ENSMUSG00000095562,ENSMUSG00000095562,Erdr1x,protein coding gene
ENSMUSG00000047443.14,32.31895518,2.820869872,0.577499892,4.884624068,1.03626E-06,5.48877E-06,ENSMUSG00000047443,ENSMUSG00000047443,Erfe,protein coding gene
ENSMUSG00000108367.2,4.189637094,6.071769967,2.260314959,2.686249517,0.00722591,0.016604304,ENSMUSG00000108367,ENSMUSG00000108367,Erfl,protein coding gene
ENSMUSG00000078161.8,28.46467039,2.21961305,0.614308428,3.613189969,0.000302453,0.000983418,ENSMUSG00000078161,ENSMUSG00000078161,Erich3,protein coding gene
ENSMUSG00000070471.3,2.862652243,5.500236591,2.178519766,2.524758635,0.011577778,0.025021514,ENSMUSG00000070471,ENSMUSG00000070471,Erich6,protein coding gene
ENSMUSG00000049515.12,46.11207043,2.222102885,0.749113703,2.966309219,0.003013973,0.007673695,ENSMUSG00000049515,ENSMUSG00000049515,Espnl,protein coding gene
ENSMUSG00000034584.3,97.98080808,2.708878965,0.358209592,7.562273676,3.96084E-14,5.29096E-13,ENSMUSG00000034584,ENSMUSG00000034584,Exph5,protein coding gene
ENSMUSG00000025932.14,17.46885655,2.690201103,0.789506802,3.407445126,0.000655741,0.001974099,ENSMUSG00000025932,ENSMUSG00000025932,Eya1,protein coding gene
ENSMUSG00000021675.4,17.61839061,2.292169994,0.693367902,3.305849591,0.000946889,0.002752163,ENSMUSG00000021675,ENSMUSG00000021675,F2rl2,protein coding gene
ENSMUSG00000090942.1,14.94491425,2.027224524,0.787047365,2.57573383,0.010002761,0.022026463,ENSMUSG00000090942,ENSMUSG00000090942,F830016B08Rik,protein coding gene
ENSMUSG00000103159.1,22.302505,8.46621317,1.585192343,5.340811294,9.25315E-08,5.76678E-07,ENSMUSG00000103159,ENSMUSG00000103159,F830112A20Rik,protein coding gene
ENSMUSG00000036800.7,10.13964486,4.866037446,1.336736021,3.640238141,0.000272386,0.00089552,ENSMUSG00000036800,ENSMUSG00000036800,Fam135b,protein coding gene
ENSMUSG00000034871.2,27.72685227,2.322638187,0.56678163,4.097941893,4.1684E-05,0.000163087,ENSMUSG00000034871,ENSMUSG00000034871,Fam151a,protein coding gene
ENSMUSG00000037210.16,692.1186311,2.261117337,0.176642967,12.80049454,1.6291E-37,1.62592E-35,ENSMUSG00000037210,ENSMUSG00000037210,Fam193a,protein coding gene
ENSMUSG00000041930.7,59.99949644,3.077753883,0.420730375,7.315264274,2.56875E-13,3.17819E-12,ENSMUSG00000041930,ENSMUSG00000041930,Fam222a,protein coding gene
ENSMUSG00000037750.16,316.2786609,2.225185038,0.254249667,8.751968333,2.09663E-18,4.30817E-17,ENSMUSG00000037750,ENSMUSG00000037750,Fam222b,protein coding gene
ENSMUSG00000038246.6,8.759281204,7.04666606,1.95150494,3.610888149,0.00030515,0.000990567,ENSMUSG00000038246,ENSMUSG00000038246,Fam50b,protein coding gene
ENSMUSG00000070047.13,1971.435005,2.616971534,0.207173244,12.63180268,1.4101E-36,1.31939E-34,ENSMUSG00000070047,ENSMUSG00000070047,Fat1,protein coding gene
ENSMUSG00000055333.14,29.23038829,2.373080223,0.653850548,3.629392421,0.000284089,0.000930202,ENSMUSG00000055333,ENSMUSG00000055333,Fat2,protein coding gene
ENSMUSG00000074505.4,20.53527947,5.861293392,1.209458493,4.846212932,1.2584E-06,6.58714E-06,ENSMUSG00000074505,ENSMUSG00000074505,Fat3,protein coding gene
ENSMUSG00000046743.6,170.6241008,2.289130588,0.305818836,7.485250469,7.14108E-14,9.31362E-13,ENSMUSG00000046743,ENSMUSG00000046743,Fat4,protein coding gene
ENSMUSG00000086962.3,16.96358185,5.023012307,1.103836505,4.550503888,5.35176E-06,2.49983E-05,ENSMUSG00000086962,ENSMUSG00000086962,Faxdc2,protein coding gene
ENSMUSG00000043323.16,1061.551222,2.199694989,0.228373018,9.632026621,5.85629E-22,1.71884E-20,ENSMUSG00000043323,ENSMUSG00000043323,Fbrsl1,protein coding gene
ENSMUSG00000025738.7,478.8910608,3.001825114,0.292847372,10.25047655,1.17761E-24,4.44714E-23,ENSMUSG00000025738,ENSMUSG00000025738,Fbxl16,protein coding gene
ENSMUSG00000032507.15,68.84750635,2.818284283,0.470216411,5.993589801,2.05259E-09,1.61608E-08,ENSMUSG00000032507,ENSMUSG00000032507,Fbxl2,protein coding gene
ENSMUSG00000043556.9,14.71026183,2.039248909,0.810952156,2.514635289,0.011915558,0.025664184,ENSMUSG00000043556,ENSMUSG00000043556,Fbxl7,protein coding gene
ENSMUSG00000041679.9,72.70898038,2.790668674,0.418138188,6.674034457,2.48865E-11,2.48853E-10,ENSMUSG00000041679,ENSMUSG00000041679,Fbxl9,protein coding gene
ENSMUSG00000047013.15,12.34533204,5.096603368,1.277176031,3.990525382,6.59271E-05,0.000247584,ENSMUSG00000047013,ENSMUSG00000047013,Fbxo41,protein coding gene
ENSMUSG00000070524.1,4.409555968,4.591450741,1.944245386,2.361559284,0.018198262,0.037027218,ENSMUSG00000070524,ENSMUSG00000070524,Fcrlb,protein coding gene
ENSMUSG00000078157.1,23.7228148,5.057283659,0.954643891,5.297560385,1.1736E-07,7.19646E-07,ENSMUSG00000078157,ENSMUSG00000078157,Fem1al,protein coding gene
ENSMUSG00000037106.8,17.21043216,2.103701837,0.688136186,3.057101024,0.002234889,0.00591801,ENSMUSG00000037106,ENSMUSG00000037106,Fer1l6,protein coding gene
ENSMUSG00000044453.5,159.6124027,2.84430097,0.321484023,8.847410042,8.95738E-19,1.91179E-17,ENSMUSG00000044453,ENSMUSG00000044453,Ffar1,protein coding gene
ENSMUSG00000020327.3,2.517958807,5.302234694,2.237415556,2.369803266,0.017797553,0.036314146,ENSMUSG00000020327,ENSMUSG00000020327,Fgf22,protein coding gene
ENSMUSG00000068699.12,510.6918101,2.668023306,0.236108306,11.29999765,1.31222E-29,7.47356E-28,ENSMUSG00000068699,ENSMUSG00000068699,Flnc,protein coding gene
ENSMUSG00000047787.7,346.7755907,4.08943926,0.245587256,16.65167537,2.94248E-62,1.28482E-59,ENSMUSG00000047787,ENSMUSG00000047787,Flrt1,protein coding gene
ENSMUSG00000028354.13,86.40178376,3.347100534,0.409285744,8.177906478,2.88818E-16,4.90546E-15,ENSMUSG00000028354,ENSMUSG00000028354,Fmn2,protein coding gene
ENSMUSG00000048721.2,50.16612577,4.421594014,0.60945881,7.254951345,4.01806E-13,4.85666E-12,ENSMUSG00000048721,ENSMUSG00000048721,Fndc9,protein coding gene
ENSMUSG00000033713.11,279.1877189,3.711489361,0.265861446,13.9602391,2.72518E-44,4.23089E-42,ENSMUSG00000033713,ENSMUSG00000033713,Foxn3,protein coding gene
ENSMUSG00000034687.8,266.2145363,2.586216412,0.282023081,9.170229628,4.72012E-20,1.13842E-18,ENSMUSG00000034687,ENSMUSG00000034687,Fras1,protein coding gene
ENSMUSG00000056602.11,886.4949311,2.760475788,0.202775983,13.61342573,3.33249E-42,4.39281E-40,ENSMUSG00000056602,ENSMUSG00000056602,Fry,protein coding gene
ENSMUSG00000070733.13,1231.728708,2.421891681,0.194706263,12.43869431,1.61116E-35,1.3783E-33,ENSMUSG00000070733,ENSMUSG00000070733,Fryl,protein coding gene
ENSMUSG00000027004.3,113.7248333,2.125458847,0.426632833,4.981939226,6.29502E-07,3.43945E-06,ENSMUSG00000027004,ENSMUSG00000027004,Frzb,protein coding gene
ENSMUSG00000025380.2,20.71890003,3.108293409,0.779023659,3.989985891,6.60772E-05,0.000248076,ENSMUSG00000025380,ENSMUSG00000025380,Fscn2,protein coding gene
ENSMUSG00000011589.8,8.146137436,6.995642648,1.729202031,4.045590118,5.21915E-05,0.000200069,ENSMUSG00000011589,ENSMUSG00000011589,Fsd1,protein coding gene
ENSMUSG00000036264.9,24.95329535,2.287831821,0.5938626,3.85245985,0.000116937,0.000416888,ENSMUSG00000036264,ENSMUSG00000036264,Fstl4,protein coding gene
ENSMUSG00000004988.9,5.18961677,4.915149999,1.845864553,2.662790177,0.007749572,0.017650867,ENSMUSG00000004988,ENSMUSG00000004988,Fxyd4,protein coding gene
ENSMUSG00000036578.7,13.43214844,2.67647786,0.934708497,2.863435893,0.004190736,0.010303066,ENSMUSG00000036578,ENSMUSG00000036578,Fxyd7,protein coding gene
ENSMUSG00000081683.5,24.45534505,2.344454844,0.755208551,3.104380694,0.001906778,0.005130188,ENSMUSG00000081683,ENSMUSG00000081683,Fzd10,protein coding gene
ENSMUSG00000039809.10,73.62643693,4.716744961,0.563231651,8.374431644,5.5491E-17,1.00435E-15,ENSMUSG00000039809,ENSMUSG00000039809,Gabbr2,protein coding gene
ENSMUSG00000033676.13,29.3630911,2.659293349,0.565583341,4.7018594,2.57803E-06,1.27196E-05,ENSMUSG00000033676,ENSMUSG00000033676,Gabrb3,protein coding gene
ENSMUSG00000031340.8,72.11682061,2.746087085,0.426659581,6.436248488,1.22462E-10,1.12971E-09,ENSMUSG00000031340,ENSMUSG00000031340,Gabre,protein coding gene
ENSMUSG00000070880.10,58.61362362,2.348494864,0.506883962,4.633200177,3.60056E-06,1.73282E-05,ENSMUSG00000070880,ENSMUSG00000070880,Gad1,protein coding gene
ENSMUSG00000021453.2,241.9972574,2.581819661,0.486176759,5.310454712,1.09352E-07,6.73695E-07,ENSMUSG00000021453,ENSMUSG00000021453,Gadd45g,protein coding gene
ENSMUSG00000024064.13,31.70182108,3.645480709,0.621808188,5.862709399,4.55375E-09,3.43193E-08,ENSMUSG00000024064,ENSMUSG00000024064,Galnt14,protein coding gene
ENSMUSG00000089704.9,22.0391446,2.449697552,0.642272899,3.814106986,0.000136676,0.000479993,ENSMUSG00000089704,ENSMUSG00000089704,Galnt2,protein coding gene
ENSMUSG00000024553.7,18.34837862,3.04291316,0.76306831,3.987733628,6.67075E-05,0.000250111,ENSMUSG00000024553,ENSMUSG00000024553,Galr1,protein coding gene
ENSMUSG00000061099.12,53.04239605,2.474576724,0.472351593,5.238844874,1.61585E-07,9.72339E-07,ENSMUSG00000061099,ENSMUSG00000061099,Gapdhs,protein coding gene
ENSMUSG00000044576.6,9.74157262,7.203722355,1.777626912,4.052437722,5.06867E-05,0.000194854,ENSMUSG00000044576,ENSMUSG00000044576,Garem2,protein coding gene
ENSMUSG00000067724.5,13.3626227,2.13458909,0.853936918,2.499703484,0.012429729,0.026618443,ENSMUSG00000067724,ENSMUSG00000067724,Gbx1,protein coding gene
ENSMUSG00000025127.15,27.53484786,2.981548184,0.643989706,4.629807207,3.66006E-06,1.75943E-05,ENSMUSG00000025127,ENSMUSG00000025127,Gcgr,protein coding gene
ENSMUSG00000074569.4,14.07924059,5.277732588,1.25680936,4.199310376,2.67729E-05,0.00010881,ENSMUSG00000074569,ENSMUSG00000074569,Gcnt7,protein coding gene
ENSMUSG00000025777.8,20.5533858,2.062859765,0.689348165,2.992478793,0.002767219,0.007140869,ENSMUSG00000025777,ENSMUSG00000025777,Gdap1,protein coding gene
ENSMUSG00000017943.15,65.55909242,3.88581951,0.556434122,6.98343138,2.88056E-12,3.19273E-11,ENSMUSG00000017943,ENSMUSG00000017943,Gdap1l1,protein coding gene
ENSMUSG00000024366.7,32.86313882,2.995042361,0.614386768,4.874848416,1.08892E-06,5.75168E-06,ENSMUSG00000024366,ENSMUSG00000024366,Gfra3,protein coding gene
ENSMUSG00000031493.10,23.69105286,2.228800308,0.65096402,3.423845618,0.000617417,0.001870817,ENSMUSG00000031493,ENSMUSG00000031493,Ggn,protein coding gene
ENSMUSG00000048731.14,513.2219451,2.264912745,0.293721654,7.711085356,1.24752E-14,1.76548E-13,ENSMUSG00000048731,ENSMUSG00000048731,Ggnbp1,protein coding gene
ENSMUSG00000051136.1,4.600550248,6.127666887,2.32001462,2.641219083,0.008260828,0.018643125,ENSMUSG00000051136,ENSMUSG00000051136,Ghsr,protein coding gene
ENSMUSG00000034872.5,11.39966706,2.235861123,0.936462826,2.387559934,0.016960637,0.034908965,ENSMUSG00000034872,ENSMUSG00000034872,Gipc3,protein coding gene
ENSMUSG00000030406.7,100.2537221,2.686668127,0.449800348,5.973023679,2.32896E-09,1.81865E-08,ENSMUSG00000030406,ENSMUSG00000030406,Gipr,protein coding gene
ENSMUSG00000046623.8,7.142623271,2.702357823,1.194926531,2.261526339,0.023726684,0.046852041,ENSMUSG00000046623,ENSMUSG00000046623,Gjb4,protein coding gene
ENSMUSG00000029638.17,34.05196738,2.682028538,0.568081685,4.721202262,2.34455E-06,1.16499E-05,ENSMUSG00000029638,ENSMUSG00000029638,Glcci1,protein coding gene
ENSMUSG00000034762.9,13.52793546,3.607536161,0.942709395,3.82677438,0.000129833,0.00045788,ENSMUSG00000034762,ENSMUSG00000034762,Glis1,protein coding gene
ENSMUSG00000024027.7,398.7969893,2.860679017,0.254214718,11.25300312,2.23839E-29,1.24112E-27,ENSMUSG00000024027,ENSMUSG00000024027,Glp1r,protein coding gene
ENSMUSG00000000263.15,3.702480837,5.85647556,2.033862886,2.879483961,0.003983266,0.00983858,ENSMUSG00000000263,ENSMUSG00000000263,Glra1,protein coding gene
ENSMUSG00000018595.6,7.722006404,5.412733995,1.75997512,3.075460518,0.002101778,0.00559664,ENSMUSG00000018595,ENSMUSG00000018595,Glra4,protein coding gene
ENSMUSG00000108080.1,5.749355762,2.920120495,1.241350969,2.352372994,0.018654059,0.037822426,ENSMUSG00000108080,ENSMUSG00000108080,Gm10209,protein coding gene
ENSMUSG00000069804.2,109.6868222,10.74032825,1.476551634,7.27392663,3.49186E-13,4.25499E-12,ENSMUSG00000069804,ENSMUSG00000069804,Gm10277,protein coding gene
ENSMUSG00000071036.2,12.26580553,3.448663938,1.095683932,3.147498871,0.001646737,0.004496348,ENSMUSG00000071036,ENSMUSG00000071036,Gm10309,protein coding gene
ENSMUSG00000103580.1,163.9635859,3.524070704,0.360518637,9.775002842,1.44153E-22,4.44964E-21,ENSMUSG00000103580,ENSMUSG00000103580,Gm10417,protein coding gene
ENSMUSG00000097141.2,98.89098295,3.117268009,0.376572255,8.278007645,1.25253E-16,2.19864E-15,ENSMUSG00000097141,ENSMUSG00000097141,Gm10524,protein coding gene
ENSMUSG00000073682.3,6.755925892,5.170002121,1.940336563,2.664487295,0.007710578,0.017582608,ENSMUSG00000073682,ENSMUSG00000073682,Gm10563,protein coding gene
ENSMUSG00000056411.2,25.07299513,2.119231415,0.601337888,3.524194063,0.000424773,0.00133597,ENSMUSG00000056411,ENSMUSG00000056411,Gm12500,protein coding gene
ENSMUSG00000070891.2,14.35796781,2.775924838,0.789492155,3.516089197,0.000437954,0.00137315,ENSMUSG00000070891,ENSMUSG00000070891,Gm12689,protein coding gene
ENSMUSG00000068860.5,5.435505525,3.834708793,1.556194708,2.464157456,0.013733577,0.029030966,ENSMUSG00000068860,ENSMUSG00000068860,Gm128,protein coding gene
ENSMUSG00000056718.2,11.07889744,3.66483483,1.119233254,3.274415602,0.001058808,0.003039106,ENSMUSG00000056718,ENSMUSG00000056718,Gm13199,protein coding gene
ENSMUSG00000074753.5,3.409576292,5.706435785,2.09499685,2.723839793,0.00645278,0.015013745,ENSMUSG00000074753,ENSMUSG00000074753,Gm14092,protein coding gene
ENSMUSG00000091191.1,9.916028343,2.443766951,0.981821717,2.489012931,0.012809831,0.027281906,ENSMUSG00000091191,ENSMUSG00000091191,Gm17334,protein coding gene
ENSMUSG00000109739.1,8.808745995,4.603842297,1.462618197,3.147671967,0.001645763,0.004494858,ENSMUSG00000109739,ENSMUSG00000109739,Gm17949,protein coding gene
ENSMUSG00000100622.1,3.950048416,5.94003598,2.054425374,2.891336943,0.003836066,0.009515932,ENSMUSG00000100622,ENSMUSG00000100622,Gm20379,protein coding gene
ENSMUSG00000030068.4,26.31232121,8.689588024,1.541127099,5.638462935,1.71575E-08,1.20068E-07,ENSMUSG00000030068,ENSMUSG00000030068,Gm20696,protein coding gene
ENSMUSG00000096370.8,13.29895236,2.965780038,0.859111785,3.452146844,0.000556145,0.001702635,ENSMUSG00000096370,ENSMUSG00000096370,Gm21992,protein coding gene
ENSMUSG00000101678.3,10.17855006,4.244299537,1.174721434,3.613026385,0.000302644,0.000983886,ENSMUSG00000101678,ENSMUSG00000101678,Gm29609,protein coding gene
ENSMUSG00000095026.1,13.02940435,2.927732819,0.87489147,3.346395434,0.000818696,0.002415065,ENSMUSG00000095026,ENSMUSG00000095026,Gm3336,protein coding gene
ENSMUSG00000103238.1,7.599213386,6.913822535,1.76484752,3.917518344,8.94652E-05,0.000326559,ENSMUSG00000103238,ENSMUSG00000103238,Gm36527,protein coding gene
ENSMUSG00000105340.4,18.64696515,2.046065596,0.872157164,2.345982675,0.01897699,0.038406598,ENSMUSG00000105340,ENSMUSG00000105340,Gm42878,protein coding gene
ENSMUSG00000031876.16,3.611806906,5.750284583,2.191948698,2.623366409,0.008706558,0.019541738,ENSMUSG00000031876,ENSMUSG00000031876,Gm45711,protein coding gene
ENSMUSG00000072974.4,11.88874192,2.993350889,0.897676743,3.334553237,0.000854365,0.002508636,ENSMUSG00000072974,ENSMUSG00000072974,Gm4787,protein coding gene
ENSMUSG00000103753.1,4.204067921,5.978255682,2.090895493,2.859184355,0.004247319,0.010412063,ENSMUSG00000103753,ENSMUSG00000103753,Gm6934,protein coding gene
ENSMUSG00000103034.1,12.82082306,2.758238143,0.996554228,2.767775267,0.005644036,0.013375548,ENSMUSG00000103034,ENSMUSG00000103034,Gm8797,protein coding gene
ENSMUSG00000097271.1,8.586139376,3.208887174,1.145160497,2.802128769,0.005076661,0.012174111,ENSMUSG00000097271,ENSMUSG00000097271,Gm9903,protein coding gene
ENSMUSG00000103469.1,22.19991273,3.935032891,0.761060305,5.170461349,2.33517E-07,1.37287E-06,ENSMUSG00000103469,ENSMUSG00000103469,Gm9910,protein coding gene
ENSMUSG00000031748.15,253.0696708,3.377006127,0.425217266,7.941836783,1.99209E-15,3.07002E-14,ENSMUSG00000031748,ENSMUSG00000031748,Gnao1,protein coding gene
ENSMUSG00000040009.5,152.5397516,2.64131984,0.347958963,7.590894668,3.17704E-14,4.28808E-13,ENSMUSG00000040009,ENSMUSG00000040009,Gnaz,protein coding gene
ENSMUSG00000095845.2,6.454852284,3.562295264,1.439907153,2.473975671,0.01336188,0.02833097,ENSMUSG00000095845,ENSMUSG00000095845,Gng14,protein coding gene
ENSMUSG00000103421.1,3.754269728,5.858918328,2.049325903,2.858949043,0.004250471,0.010412063,ENSMUSG00000103421,ENSMUSG00000103421,Golt1a,protein coding gene
ENSMUSG00000050761.3,14.18628898,2.954964336,1.000613374,2.953152948,0.003145461,0.007965891,ENSMUSG00000050761,ENSMUSG00000050761,Gp1bb,protein coding gene
ENSMUSG00000047953.6,15.09384031,2.115897741,0.830770974,2.546908602,0.010868189,0.023671036,ENSMUSG00000047953,ENSMUSG00000047953,Gp5,protein coding gene
ENSMUSG00000046338.4,41.53621352,4.711333196,0.654031447,7.203527017,5.86746E-13,6.97539E-12,ENSMUSG00000046338,ENSMUSG00000046338,Gpat2,protein coding gene
ENSMUSG00000064272.3,9.396879184,7.148573075,1.803243626,3.964285786,7.3616E-05,0.000273713,ENSMUSG00000064272,ENSMUSG00000064272,Gpbar1,protein coding gene
ENSMUSG00000053647.4,89.33815743,2.500332826,0.435938064,5.73552307,9.72119E-09,6.99198E-08,ENSMUSG00000053647,ENSMUSG00000053647,Gper1,protein coding gene
ENSMUSG00000024784.13,3.702480837,5.85647556,2.033862886,2.879483961,0.003983266,0.00983858,ENSMUSG00000024784,ENSMUSG00000024784,Gpha2,protein coding gene
ENSMUSG00000051209.3,10.81434884,3.203641799,1.345065579,2.381773684,0.017229483,0.035365555,ENSMUSG00000051209,ENSMUSG00000051209,Gpr119,protein coding gene
ENSMUSG00000043398.4,13.18492189,2.916452023,0.901914147,3.233624878,0.001222299,0.003450722,ENSMUSG00000043398,ENSMUSG00000043398,Gpr135,protein coding gene
ENSMUSG00000034677.9,18.87923029,3.69744279,0.860147769,4.298613477,1.7187E-05,7.30081E-05,ENSMUSG00000034677,ENSMUSG00000034677,Gpr142,protein coding gene
ENSMUSG00000042816.3,10.89621075,7.379971702,1.685704516,4.377974689,1.19787E-05,5.24138E-05,ENSMUSG00000042816,ENSMUSG00000042816,Gpr151,protein coding gene
ENSMUSG00000045967.11,53.26419981,3.368947443,0.47022852,7.164489811,7.80768E-13,9.183E-12,ENSMUSG00000045967,ENSMUSG00000045967,Gpr158,protein coding gene
ENSMUSG00000052229.5,40.30251546,4.856520006,0.851259296,5.705100702,1.16274E-08,8.31738E-08,ENSMUSG00000052229,ENSMUSG00000052229,Gpr17,protein coding gene
ENSMUSG00000070337.4,29.38205525,2.39305611,0.689934722,3.468525404,0.000523323,0.001612989,ENSMUSG00000070337,ENSMUSG00000070337,Gpr179,protein coding gene
ENSMUSG00000053164.6,18.20719129,4.093302439,0.874998423,4.678068361,2.8959E-06,1.41514E-05,ENSMUSG00000053164,ENSMUSG00000053164,Gpr21,protein coding gene
ENSMUSG00000044067.6,9.422912005,4.71505701,1.442139204,3.269488131,0.001077423,0.00308704,ENSMUSG00000044067,ENSMUSG00000044067,Gpr22,protein coding gene
ENSMUSG00000046793.8,9.83224655,7.235992873,1.697471481,4.262806742,2.01875E-05,8.447E-05,ENSMUSG00000046793,ENSMUSG00000046793,Gpr61,protein coding gene
ENSMUSG00000051431.7,3.552039114,5.82670219,2.1047701,2.768331891,0.005634405,0.013354233,ENSMUSG00000051431,ENSMUSG00000051431,Gpr87,protein coding gene
ENSMUSG00000069227.4,41.04437474,2.691042474,0.557086645,4.830563611,1.36147E-06,7.07715E-06,ENSMUSG00000069227,ENSMUSG00000069227,Gprin1,protein coding gene
ENSMUSG00000071531.2,9.446963281,3.069589642,1.124514481,2.72970219,0.006339156,0.014792405,ENSMUSG00000071531,ENSMUSG00000071531,Gprin2,protein coding gene
ENSMUSG00000033981.14,28.4363235,3.849522633,0.70097132,5.491697767,3.98088E-08,2.62788E-07,ENSMUSG00000033981,ENSMUSG00000033981,Gria2,protein coding gene
ENSMUSG00000010825.17,9.515000352,5.705390432,1.705262309,3.345755314,0.000820588,0.002419966,ENSMUSG00000010825,ENSMUSG00000010825,Grid2ip,protein coding gene
ENSMUSG00000001985.9,17.01632002,2.016584504,0.800072815,2.520501218,0.011718783,0.025292347,ENSMUSG00000001985,ENSMUSG00000001985,Grik3,protein coding gene
ENSMUSG00000026959.13,55.59640057,5.158189965,0.716445508,7.199696147,6.03469E-13,7.16606E-12,ENSMUSG00000026959,ENSMUSG00000026959,Grin1,protein coding gene
ENSMUSG00000020734.13,20.43905021,3.0412828,0.752918917,4.039323135,5.36057E-05,0.000204924,ENSMUSG00000020734,ENSMUSG00000020734,Grin2c,protein coding gene
ENSMUSG00000035745.8,10.31557794,2.114949105,0.934028409,2.264330597,0.023553789,0.046554495,ENSMUSG00000035745,ENSMUSG00000035745,Grin3b,protein coding gene
ENSMUSG00000034813.16,20.75964275,3.487207922,0.767028961,4.546383644,5.45755E-06,2.54698E-05,ENSMUSG00000034813,ENSMUSG00000034813,Grip1,protein coding gene
ENSMUSG00000030098.15,14.43394754,2.194185792,0.928341636,2.36355422,0.018100578,0.036842771,ENSMUSG00000030098,ENSMUSG00000030098,Grip2,protein coding gene
ENSMUSG00000042249.11,251.5916461,2.146679373,0.320550964,6.696842679,2.12971E-11,2.13572E-10,ENSMUSG00000042249,ENSMUSG00000042249,Grk3,protein coding gene
ENSMUSG00000031364.2,40.80246276,3.148415678,0.664466089,4.738263891,2.15557E-06,1.07954E-05,ENSMUSG00000031364,ENSMUSG00000031364,Grpr,protein coding gene
ENSMUSG00000031822.19,915.3559805,3.819628581,0.196502802,19.43803625,3.67984E-84,4.82036E-81,ENSMUSG00000031822,ENSMUSG00000031822,Gse1,protein coding gene
ENSMUSG00000030206.13,3.454913258,5.768834534,2.054730979,2.807586294,0.00499143,0.011993765,ENSMUSG00000030206,ENSMUSG00000030206,Gsg1,protein coding gene
ENSMUSG00000033434.15,213.3339718,2.188015489,0.248227631,8.814552498,1.20164E-18,2.52748E-17,ENSMUSG00000033434,ENSMUSG00000033434,Gtpbp6,protein coding gene
ENSMUSG00000023979.14,30.91929887,2.264659767,0.699588539,3.237131028,0.00120738,0.003413661,ENSMUSG00000023979,ENSMUSG00000023979,Guca1b,protein coding gene
ENSMUSG00000041624.9,53.08032309,4.910304856,0.638150809,7.69458377,1.41956E-14,1.99949E-13,ENSMUSG00000041624,ENSMUSG00000041624,Gucy1a2,protein coding gene
ENSMUSG00000049539.2,3.657143872,5.797535722,2.049541544,2.828698807,0.004673766,0.011325872,ENSMUSG00000049539,ENSMUSG00000049539,H1f1,protein coding gene
ENSMUSG00000052565.6,32.59596517,3.643079426,0.655681113,5.556175634,2.75749E-08,1.86554E-07,ENSMUSG00000052565,ENSMUSG00000052565,H1f3,protein coding gene
ENSMUSG00000051627.2,82.01388153,6.257758221,0.756495474,8.272036564,1.3169E-16,2.29625E-15,ENSMUSG00000051627,ENSMUSG00000051627,H1f4,protein coding gene
ENSMUSG00000058773.2,7.374118475,4.406423881,1.4306738,3.079964057,0.002070256,0.005516909,ENSMUSG00000058773,ENSMUSG00000058773,H1f5,protein coding gene
ENSMUSG00000023083.7,3.162008713,5.613104166,2.454957951,2.28643597,0.022228766,0.044198151,ENSMUSG00000023083,ENSMUSG00000023083,H2-M10.2,protein coding gene
ENSMUSG00000068855.3,8.536167837,7.082921193,1.73837112,4.074458619,4.61215E-05,0.000178746,ENSMUSG00000068855,ENSMUSG00000068855,H2ac20,protein coding gene
ENSMUSG00000061615.2,3.425029361,5.787914357,2.374427584,2.437604076,0.014784958,0.030987792,ENSMUSG00000061615,ENSMUSG00000061615,H2ac4,protein coding gene
ENSMUSG00000048994.2,3.956500342,5.892928462,2.090152229,2.819377642,0.004811687,0.011633193,ENSMUSG00000048994,ENSMUSG00000048994,H2al3,protein coding gene
ENSMUSG00000069265.2,4.249404886,6.020307871,1.990142476,3.025063754,0.002485807,0.006491407,ENSMUSG00000069265,ENSMUSG00000069265,H3c1,protein coding gene
ENSMUSG00000101972.1,5.556782873,3.388888898,1.500629147,2.258312059,0.023926211,0.047170488,ENSMUSG00000101972,ENSMUSG00000101972,H3c11,protein coding gene
ENSMUSG00000069310.3,3.278577089,5.728946474,2.20146309,2.602335919,0.009259111,0.020620732,ENSMUSG00000069310,ENSMUSG00000069310,H3c3,protein coding gene
ENSMUSG00000069273.2,37.2186707,3.203005758,0.578523623,5.536516795,3.08546E-08,2.07005E-07,ENSMUSG00000069273,ENSMUSG00000069273,H3c6,protein coding gene
ENSMUSG00000100210.1,20.53736162,4.31241859,0.949614585,4.541230365,5.59269E-06,2.60483E-05,ENSMUSG00000100210,ENSMUSG00000100210,H3c7,protein coding gene
ENSMUSG00000099517.1,9.636467862,7.208877508,1.766391433,4.081132513,4.48168E-05,0.000174108,ENSMUSG00000099517,ENSMUSG00000099517,H3c8,protein coding gene
ENSMUSG00000080152.4,6.098922515,4.087416782,1.602637517,2.550431236,0.010758975,0.023464865,ENSMUSG00000080152,ENSMUSG00000080152,H3f4,protein coding gene
ENSMUSG00000064288.4,8.650981953,5.627995679,1.728098356,3.256756573,0.00112693,0.003213515,ENSMUSG00000064288,ENSMUSG00000064288,H4c12,protein coding gene
ENSMUSG00000091405.2,46.58888615,3.176747584,0.49038307,6.478093923,9.28885E-11,8.69906E-10,ENSMUSG00000091405,ENSMUSG00000091405,H4c14,protein coding gene
ENSMUSG00000096010.2,11.45021734,4.007467956,1.143629513,3.504166263,0.000458039,0.001427941,ENSMUSG00000096010,ENSMUSG00000096010,H4c16,protein coding gene
ENSMUSG00000069305.3,20.85386248,5.340600784,1.099310729,4.85813578,1.18496E-06,6.22446E-06,ENSMUSG00000069305,ENSMUSG00000069305,H4c18,protein coding gene
ENSMUSG00000060678.4,58.58675691,6.394055671,0.826361891,7.737597466,1.01313E-14,1.45042E-13,ENSMUSG00000060678,ENSMUSG00000060678,H4c3,protein coding gene
ENSMUSG00000061482.6,143.7638983,8.094562296,0.88283727,9.16880446,4.78294E-20,1.15093E-18,ENSMUSG00000061482,ENSMUSG00000061482,H4c4,protein coding gene
ENSMUSG00000069274.3,11.27388117,3.994945976,1.121918719,3.560815868,0.000369704,0.001179217,ENSMUSG00000069274,ENSMUSG00000069274,H4c6,protein coding gene
ENSMUSG00000075297.10,11.23048863,6.002787273,1.64571757,3.64751971,0.000264784,0.000873679,ENSMUSG00000075297,ENSMUSG00000075297,H60b,protein coding gene
ENSMUSG00000006930.15,344.0547822,2.027052001,0.288491348,7.026387506,2.11949E-12,2.3819E-11,ENSMUSG00000006930,ENSMUSG00000006930,Hap1,protein coding gene
ENSMUSG00000003665.6,22.28077949,2.324508173,0.84964901,2.735845207,0.006222029,0.014559283,ENSMUSG00000003665,ENSMUSG00000003665,Has1,protein coding gene
ENSMUSG00000031910.14,46.95484314,2.112931674,0.445183629,4.746202543,2.07271E-06,1.04102E-05,ENSMUSG00000031910,ENSMUSG00000031910,Has3,protein coding gene
ENSMUSG00000031386.14,1512.359822,2.168732379,0.195584664,11.08845825,1.42726E-28,7.4413E-27,ENSMUSG00000031386,ENSMUSG00000031386,Hcfc1,protein coding gene
ENSMUSG00000028051.10,38.67577089,3.121403027,0.58729876,5.314846956,1.06747E-07,6.58445E-07,ENSMUSG00000028051,ENSMUSG00000028051,Hcn3,protein coding gene
ENSMUSG00000032338.8,31.47233242,3.811034346,0.765409034,4.979082003,6.38866E-07,3.48788E-06,ENSMUSG00000032338,ENSMUSG00000032338,Hcn4,protein coding gene
ENSMUSG00000045471.4,4.001837307,5.940569807,1.986213219,2.990902362,0.002781544,0.007158446,ENSMUSG00000045471,ENSMUSG00000045471,Hcrt,protein coding gene
ENSMUSG00000026313.15,569.425694,2.55702369,0.181451231,14.09207129,4.24913E-45,7.06806E-43,ENSMUSG00000026313,ENSMUSG00000026313,Hdac4,protein coding gene
ENSMUSG00000042744.16,1929.44538,3.123526164,0.232736223,13.42088532,4.5623E-41,5.76032E-39,ENSMUSG00000042744,ENSMUSG00000042744,Hectd4,protein coding gene
ENSMUSG00000075254.11,2315.179633,2.262764128,0.18208722,12.42681463,1.86936E-35,1.59268E-33,ENSMUSG00000075254,ENSMUSG00000075254,Heg1,protein coding gene
ENSMUSG00000020721.16,662.2013611,2.22627749,0.191302944,11.63744499,2.65861E-31,1.70926E-29,ENSMUSG00000020721,ENSMUSG00000020721,Helz,protein coding gene
ENSMUSG00000043372.12,41.13698285,2.05890902,0.492907104,4.177073128,2.95284E-05,0.000119131,ENSMUSG00000043372,ENSMUSG00000043372,Hexim2,protein coding gene
ENSMUSG00000032523.10,8.814238619,3.562003496,1.114785271,3.195237315,0.001397159,0.003892609,ENSMUSG00000032523,ENSMUSG00000032523,Hhatl,protein coding gene
ENSMUSG00000004328.15,56.48119238,2.339480592,0.459647875,5.089723496,3.58586E-07,2.04451E-06,ENSMUSG00000004328,ENSMUSG00000004328,Hif3a,protein coding gene
ENSMUSG00000061436.15,1670.910809,4.429919248,0.209599746,21.13513649,3.7809E-99,7.92447E-96,ENSMUSG00000061436,ENSMUSG00000061436,Hipk2,protein coding gene
ENSMUSG00000055632.17,1929.203851,3.130149709,0.574148177,5.451815111,4.98583E-08,3.24025E-07,ENSMUSG00000055632,ENSMUSG00000055632,Hmcn2,protein coding gene
ENSMUSG00000043219.9,9.234872437,3.364127901,1.179243591,2.852784554,0.004333799,0.010592665,ENSMUSG00000043219,ENSMUSG00000043219,Hoxa6,protein coding gene
ENSMUSG00000101174.6,8.924078165,2.974781327,1.197160788,2.484863652,0.012960106,0.027562747,ENSMUSG00000101174,ENSMUSG00000101174,Hoxd4,protein coding gene
ENSMUSG00000053465.5,48.77477381,9.576729155,1.503933334,6.367788343,1.91773E-10,1.72431E-09,ENSMUSG00000053465,ENSMUSG00000053465,Hs6st3,protein coding gene
ENSMUSG00000031891.5,16.0729632,2.605176132,0.852609384,3.055533027,0.002246609,0.005946037,ENSMUSG00000031891,ENSMUSG00000031891,Hsd11b2,protein coding gene
ENSMUSG00000019301.5,19.82872366,2.102194335,0.691672211,3.039292746,0.002371343,0.006228377,ENSMUSG00000019301,ENSMUSG00000019301,Hsd17b1,protein coding gene
ENSMUSG00000070345.3,83.18757461,7.82012851,2.267525447,3.448750054,0.000563188,0.001722687,ENSMUSG00000070345,ENSMUSG00000070345,Hsf5,protein coding gene
ENSMUSG00000051456.4,3.754269728,5.858918328,2.049325903,2.858949043,0.004250471,0.010412063,ENSMUSG00000051456,ENSMUSG00000051456,Hspb3,protein coding gene
ENSMUSG00000028763.17,8302.188689,3.338913831,0.206866374,16.14043771,1.32598E-58,5.14651E-56,ENSMUSG00000028763,ENSMUSG00000028763,Hspg2,protein coding gene
ENSMUSG00000026228.6,8.729927705,2.647070331,1.051064123,2.518467021,0.011786692,0.025425821,ENSMUSG00000026228,ENSMUSG00000026228,Htr2b,protein coding gene
ENSMUSG00000059854.7,10.86111354,2.811591594,0.930989069,3.020004948,0.002527706,0.006588507,ENSMUSG00000059854,ENSMUSG00000059854,Hydin,protein coding gene
ENSMUSG00000026018.12,14.95492633,2.085762222,0.825496439,2.526676219,0.011514761,0.024926448,ENSMUSG00000026018,ENSMUSG00000026018,Ica1l,protein coding gene
ENSMUSG00000025489.5,12.98279149,3.586415229,0.982543004,3.650135631,0.000262102,0.00086551,ENSMUSG00000025489,ENSMUSG00000025489,Ifitm5,protein coding gene
ENSMUSG00000042993.6,3.657143872,5.797535722,2.049541544,2.828698807,0.004673766,0.011325872,ENSMUSG00000042993,ENSMUSG00000042993,Ifnk,protein coding gene
ENSMUSG00000032816.14,1442.413055,2.064592657,0.214815624,9.610998557,7.18488E-22,2.0915E-20,ENSMUSG00000032816,ENSMUSG00000032816,Igdcc4,protein coding gene
ENSMUSG00000005533.10,587.0125878,2.612530366,0.226784338,11.51988882,1.04746E-30,6.47603E-29,ENSMUSG00000005533,ENSMUSG00000005533,Igf1r,protein coding gene
ENSMUSG00000029814.10,20.05115901,4.830529171,0.934077612,5.171443043,2.32293E-07,1.36668E-06,ENSMUSG00000029814,ENSMUSG00000029814,Igf2bp3,protein coding gene
ENSMUSG00000040972.8,8.962369715,4.104530121,1.25742869,3.264224965,0.00109764,0.003140297,ENSMUSG00000040972,ENSMUSG00000040972,Igsf21,protein coding gene
ENSMUSG00000034275.17,121.6536333,6.106676051,0.558682772,10.93048929,8.24029E-28,4.01647E-26,ENSMUSG00000034275,ENSMUSG00000034275,Igsf9b,protein coding gene
ENSMUSG00000046108.3,7.113635738,4.260103932,1.43301836,2.972818808,0.002950786,0.007541217,ENSMUSG00000046108,ENSMUSG00000046108,Il17c,protein coding gene
ENSMUSG00000027718.8,5.39016856,3.791328208,1.603018403,2.36511833,0.018024311,0.036705357,ENSMUSG00000027718,ENSMUSG00000027718,Il21,protein coding gene
ENSMUSG00000037157.8,465.4957809,3.203778303,0.243728903,13.14484358,1.82182E-39,2.05288E-37,ENSMUSG00000037157,ENSMUSG00000037157,Il22ra1,protein coding gene
ENSMUSG00000074141.13,5.642640926,4.968987552,1.803777801,2.754766995,0.005873395,0.013843958,ENSMUSG00000074141,ENSMUSG00000074141,Il4i1,protein coding gene
ENSMUSG00000034336.3,31.86255194,4.898437137,0.772296816,6.342687208,2.25792E-10,2.0095E-09,ENSMUSG00000034336,ENSMUSG00000034336,Ina,protein coding gene
ENSMUSG00000037679.8,530.4647191,2.104809238,0.190547147,11.04613357,2.28861E-28,1.18145E-26,ENSMUSG00000037679,ENSMUSG00000037679,Inf2,protein coding gene
ENSMUSG00000030330.15,21.66556384,3.067374084,0.723639931,4.238812637,2.24705E-05,9.31118E-05,ENSMUSG00000030330,ENSMUSG00000030330,Ing4,protein coding gene
ENSMUSG00000041324.13,14.38033922,2.653381451,0.938642195,2.826829505,0.004701135,0.011386928,ENSMUSG00000041324,ENSMUSG00000041324,Inhba,protein coding gene
ENSMUSG00000025405.8,7.781837136,3.873499551,1.29481606,2.99154426,0.002775703,0.007156595,ENSMUSG00000025405,ENSMUSG00000025405,Inhbc,protein coding gene
ENSMUSG00000047492.4,16.91608858,2.188626267,0.752231186,2.909512806,0.003619926,0.009035372,ENSMUSG00000047492,ENSMUSG00000047492,Inhbe,protein coding gene
ENSMUSG00000040865.15,797.1423158,2.34831076,0.184344934,12.73867803,3.60451E-37,3.51381E-35,ENSMUSG00000040865,ENSMUSG00000040865,Ino80d,protein coding gene
ENSMUSG00000035804.4,19091.53162,2.771219021,0.228307745,12.13808591,6.63602E-34,5.09467E-32,ENSMUSG00000035804,ENSMUSG00000035804,Ins1,protein coding gene
ENSMUSG00000000215.11,39553.63877,2.759063945,0.233633639,11.80936085,3.49206E-32,2.39183E-30,ENSMUSG00000000215,ENSMUSG00000000215,Ins2,protein coding gene
ENSMUSG00000045440.3,5.778620352,6.479762256,1.875546826,3.454865624,0.000550567,0.001686544,ENSMUSG00000045440,ENSMUSG00000045440,Insm2,protein coding gene
ENSMUSG00000005640.11,720.2442407,4.316774549,0.294201614,14.67284456,9.6225E-49,2.10081E-46,ENSMUSG00000005640,ENSMUSG00000005640,Insrr,protein coding gene
ENSMUSG00000073805.5,45.46232337,9.478710491,1.510148056,6.276676286,3.45887E-10,3.00682E-09,ENSMUSG00000073805,ENSMUSG00000073805,Insyn2a,protein coding gene
ENSMUSG00000069911.10,42.62407774,5.96352156,0.924543287,6.450235096,1.11677E-10,1.03614E-09,ENSMUSG00000069911,ENSMUSG00000069911,Insyn2b,protein coding gene
ENSMUSG00000029547.10,1410.237477,2.439167286,0.158821334,15.35793224,3.13412E-53,8.75841E-51,ENSMUSG00000029547,ENSMUSG00000029547,Ints1,protein coding gene
ENSMUSG00000034312.13,1735.706768,2.33488202,0.154121804,15.14958918,7.62417E-52,1.99744E-49,ENSMUSG00000034312,ENSMUSG00000034312,Iqsec1,protein coding gene
ENSMUSG00000055980.2,432.8973098,3.024584251,0.286868389,10.54345604,5.446E-26,2.31527E-24,ENSMUSG00000055980,ENSMUSG00000055980,Irs1,protein coding gene
ENSMUSG00000060969.8,36.40063253,3.472191194,0.681783961,5.092802692,3.52809E-07,2.01486E-06,ENSMUSG00000060969,ENSMUSG00000060969,Irx1,protein coding gene
ENSMUSG00000001504.10,27.60046183,2.093369543,0.563076343,3.717736626,0.000201016,0.000680848,ENSMUSG00000001504,ENSMUSG00000001504,Irx2,protein coding gene
ENSMUSG00000000157.15,66.13513086,3.568702434,0.476176786,7.494490571,6.65564E-14,8.70758E-13,ENSMUSG00000000157,ENSMUSG00000000157,Itgb2l,protein coding gene
ENSMUSG00000020758.15,1685.826695,2.204380303,0.184464853,11.95013723,6.48181E-33,4.66846E-31,ENSMUSG00000020758,ENSMUSG00000020758,Itgb4,protein coding gene
ENSMUSG00000021922.15,62.19124557,2.024080948,0.673052196,3.007316461,0.002635652,0.006830795,ENSMUSG00000021922,ENSMUSG00000021922,Itih4,protein coding gene
ENSMUSG00000030287.15,1002.484996,2.103137178,0.207257046,10.14748218,3.40023E-24,1.22871E-22,ENSMUSG00000030287,ENSMUSG00000030287,Itpr2,protein coding gene
ENSMUSG00000042644.8,1444.383369,2.099862745,0.150478155,13.95460185,2.94944E-44,4.54539E-42,ENSMUSG00000042644,ENSMUSG00000042644,Itpr3,protein coding gene
ENSMUSG00000031805.17,925.4025488,2.155380293,0.276911434,7.783644985,7.04643E-15,1.02631E-13,ENSMUSG00000031805,ENSMUSG00000031805,Jak3,protein coding gene
ENSMUSG00000063646.14,96.00342705,2.645190162,0.472966821,5.592760511,2.23487E-08,1.53727E-07,ENSMUSG00000063646,ENSMUSG00000063646,Jakmip1,protein coding gene
ENSMUSG00000025318.13,43.42964302,2.660782312,0.487126589,5.462198887,4.70273E-08,3.06577E-07,ENSMUSG00000025318,ENSMUSG00000025318,Jph3,protein coding gene
ENSMUSG00000022208.11,47.75487677,2.613689526,0.476273834,5.487787359,4.07E-08,2.68249E-07,ENSMUSG00000022208,ENSMUSG00000022208,Jph4,protein coding gene
ENSMUSG00000061751.15,479.0407099,3.298053757,0.241134701,13.67722582,1.38891E-42,1.86604E-40,ENSMUSG00000061751,ENSMUSG00000061751,Kalrn,protein coding gene
ENSMUSG00000031787.7,208.090917,2.161781251,0.276772816,7.810670436,5.68846E-15,8.38427E-14,ENSMUSG00000031787,ENSMUSG00000031787,Katnb1,protein coding gene
ENSMUSG00000047976.4,20.82103773,4.07414604,0.972748922,4.18828122,2.81075E-05,0.000113859,ENSMUSG00000047976,ENSMUSG00000047976,Kcna1,protein coding gene
ENSMUSG00000047959.4,51.22240272,3.348160958,0.562208168,5.955375867,2.59475E-09,2.01644E-08,ENSMUSG00000047959,ENSMUSG00000047959,Kcna3,protein coding gene
ENSMUSG00000050556.9,254.9366792,2.565445377,0.277235759,9.253659736,2.16935E-20,5.4714E-19,ENSMUSG00000050556,ENSMUSG00000050556,Kcnb1,protein coding gene
ENSMUSG00000092083.4,18.90283427,3.707767509,0.858090261,4.32095279,1.55357E-05,6.66692E-05,ENSMUSG00000092083,ENSMUSG00000092083,Kcnb2,protein coding gene
ENSMUSG00000058975.7,15.0409927,2.654468251,0.932024551,2.848066876,0.004398568,0.010735948,ENSMUSG00000058975,ENSMUSG00000058975,Kcnc1,protein coding gene
ENSMUSG00000062785.14,236.9631941,2.587586651,0.242170136,10.68499484,1.19656E-26,5.31327E-25,ENSMUSG00000062785,ENSMUSG00000062785,Kcnc3,protein coding gene
ENSMUSG00000027895.9,11.62974785,2.807063443,1.032149655,2.719628331,0.006535533,0.015179326,ENSMUSG00000027895,ENSMUSG00000027895,Kcnc4,protein coding gene
ENSMUSG00000009731.4,38.13751024,2.000228874,0.523903687,3.817932425,0.000134575,0.000473327,ENSMUSG00000009731,ENSMUSG00000009731,Kcnd1,protein coding gene
ENSMUSG00000051726.6,7.456750565,6.857369471,1.749547152,3.919511093,8.87288E-05,0.00032404,ENSMUSG00000051726,ENSMUSG00000051726,Kcnf1,protein coding gene
ENSMUSG00000059852.7,8.624923162,3.628779088,1.239968836,2.926508297,0.003427904,0.008592923,ENSMUSG00000059852,ENSMUSG00000059852,Kcng2,protein coding gene
ENSMUSG00000045053.1,20.14519743,8.295419879,1.567715668,5.291405863,1.2138E-07,7.4299E-07,ENSMUSG00000045053,ENSMUSG00000045053,Kcng3,protein coding gene
ENSMUSG00000058248.12,111.1837435,2.863592672,0.374607159,7.644255061,2.10158E-14,2.90548E-13,ENSMUSG00000058248,ENSMUSG00000058248,Kcnh1,protein coding gene
ENSMUSG00000034402.2,8.790187342,7.09731188,1.730748956,4.100717124,4.11872E-05,0.000161324,ENSMUSG00000034402,ENSMUSG00000034402,Kcnh5,protein coding gene
ENSMUSG00000001901.15,145.6689471,5.376460972,0.475906586,11.29730315,1.3531E-29,7.68551E-28,ENSMUSG00000001901,ENSMUSG00000001901,Kcnh6,protein coding gene
ENSMUSG00000035580.10,10.37405854,2.517857717,0.970951703,2.593185335,0.009509151,0.021096888,ENSMUSG00000035580,ENSMUSG00000035580,Kcnh8,protein coding gene
ENSMUSG00000096146.2,109.4863974,3.066705743,0.397908676,7.707059253,1.2875E-14,1.8196E-13,ENSMUSG00000096146,ENSMUSG00000096146,Kcnj11,protein coding gene
ENSMUSG00000042529.14,6.498510426,3.049689284,1.311201652,2.325873583,0.020025296,0.040314107,ENSMUSG00000042529,ENSMUSG00000042529,Kcnj12,protein coding gene
ENSMUSG00000079436.3,4.346530743,6.071458562,1.943900034,3.123338884,0.001788117,0.004835138,ENSMUSG00000079436,ENSMUSG00000079436,Kcnj13,protein coding gene
ENSMUSG00000043301.15,10.63478002,4.929915346,1.357597763,3.631351996,0.00028194,0.000924032,ENSMUSG00000043301,ENSMUSG00000043301,Kcnj6,protein coding gene
ENSMUSG00000050138.7,21.75308159,3.063648915,0.713365695,4.294640092,1.74977E-05,7.41626E-05,ENSMUSG00000050138,ENSMUSG00000050138,Kcnk12,protein coding gene
ENSMUSG00000024936.7,3.799606693,5.914563717,2.01967058,2.928479414,0.003406244,0.0085509,ENSMUSG00000024936,ENSMUSG00000024936,Kcnk7,protein coding gene
ENSMUSG00000063142.13,133.2980915,5.02343493,0.39646869,12.67044549,8.62233E-37,8.3279E-35,ENSMUSG00000063142,ENSMUSG00000063142,Kcnma1,protein coding gene
ENSMUSG00000020155.2,41.27368615,3.908936617,0.561808947,6.957768542,3.45705E-12,3.79352E-11,ENSMUSG00000020155,ENSMUSG00000020155,Kcnmb1,protein coding gene
ENSMUSG00000054477.15,81.60785951,2.491989064,0.374006499,6.66295659,2.68373E-11,2.67086E-10,ENSMUSG00000054477,ENSMUSG00000054477,Kcnn2,protein coding gene
ENSMUSG00000016346.17,21.30349752,4.835305708,1.096328179,4.410454642,1.03154E-05,4.56215E-05,ENSMUSG00000016346,ENSMUSG00000016346,Kcnq2,protein coding gene
ENSMUSG00000056258.8,5.095685407,6.254341345,2.053649062,3.045477175,0.002323114,0.006122237,ENSMUSG00000056258,ENSMUSG00000056258,Kcnq3,protein coding gene
ENSMUSG00000046523.4,5.144248335,6.269736511,1.998457092,3.137288529,0.001705182,0.004639008,ENSMUSG00000046523,ENSMUSG00000046523,Kctd4,protein coding gene
ENSMUSG00000037653.7,7.233234262,3.257613931,1.173202656,2.776684757,0.005491641,0.013061656,ENSMUSG00000037653,ENSMUSG00000037653,Kctd8,protein coding gene
ENSMUSG00000060012.7,532.721711,2.713342957,0.250234098,10.84321831,2.1478E-27,1.01387E-25,ENSMUSG00000060012,ENSMUSG00000060012,Kif13b,protein coding gene
ENSMUSG00000028758.12,18.41033183,2.241258969,0.712172532,3.14707303,0.001649138,0.004502316,ENSMUSG00000028758,ENSMUSG00000028758,Kif17,protein coding gene
ENSMUSG00000106350.2,7.62813798,4.420087649,1.433494288,3.083435829,0.002046252,0.005461972,ENSMUSG00000106350,ENSMUSG00000106350,Kif19b,protein coding gene
ENSMUSG00000014602.15,491.9321068,2.854110178,0.255701944,11.16186345,6.26641E-29,3.35045E-27,ENSMUSG00000014602,ENSMUSG00000014602,Kif1a,protein coding gene
ENSMUSG00000041642.18,653.3792051,2.683849002,0.275508583,9.741435177,2.007E-22,6.14082E-21,ENSMUSG00000041642,ENSMUSG00000041642,Kif21b,protein coding gene
ENSMUSG00000028438.16,34.40751674,3.984040599,0.627727691,6.346765731,2.19889E-10,1.96076E-09,ENSMUSG00000028438,ENSMUSG00000028438,Kif24,protein coding gene
ENSMUSG00000035773.5,37.00342392,2.417018196,0.628028886,3.848578064,0.000118805,0.000422686,ENSMUSG00000035773,ENSMUSG00000035773,Kiss1r,protein coding gene
ENSMUSG00000058488.7,15.45975649,2.782116983,0.855931982,3.25039494,0.001152448,0.00327603,ENSMUSG00000058488,ENSMUSG00000058488,Kl,protein coding gene
ENSMUSG00000048732.5,88.09885927,2.086334,0.392548785,5.314840033,1.06751E-07,6.58445E-07,ENSMUSG00000048732,ENSMUSG00000048732,Klhl11,protein coding gene
ENSMUSG00000020627.9,91.48772006,2.002851289,0.33329062,6.009323893,1.86299E-09,1.47679E-08,ENSMUSG00000020627,ENSMUSG00000020627,Klhl29,protein coding gene
ENSMUSG00000014164.14,76.30710827,2.717140665,0.589456084,4.609572686,4.03497E-06,1.9229E-05,ENSMUSG00000014164,ENSMUSG00000014164,Klhl3,protein coding gene
ENSMUSG00000026308.8,3.611806906,5.750284583,2.191948698,2.623366409,0.008706558,0.019541738,ENSMUSG00000026308,ENSMUSG00000026308,Klhl30,protein coding gene
ENSMUSG00000040387.16,51.12658037,2.99784117,0.569633427,5.262755008,1.41913E-07,8.60135E-07,ENSMUSG00000040387,ENSMUSG00000040387,Klhl32,protein coding gene
ENSMUSG00000035298.8,20.74018572,3.696880523,0.84112114,4.395182034,1.1068E-05,4.87136E-05,ENSMUSG00000035298,ENSMUSG00000035298,Klhl35,protein coding gene
ENSMUSG00000002028.12,2678.419315,3.118154392,0.204512093,15.24679715,1.72909E-52,4.76842E-50,ENSMUSG00000002028,ENSMUSG00000002028,Kmt2a,protein coding gene
ENSMUSG00000048154.16,7831.271801,4.332445576,0.237923047,18.20944051,4.34363E-74,2.84494E-71,ENSMUSG00000048154,ENSMUSG00000048154,Kmt2d,protein coding gene
ENSMUSG00000066129.15,17.18924669,2.034415482,0.723725404,2.811032292,0.004938283,0.011902193,ENSMUSG00000066129,ENSMUSG00000066129,Kndc1,protein coding gene
ENSMUSG00000061578.8,122.7188126,3.39241795,0.405510983,8.36578562,5.97157E-17,1.07709E-15,ENSMUSG00000061578,ENSMUSG00000061578,Ksr2,protein coding gene
ENSMUSG00000035606.8,116.0983715,2.906265088,0.326626302,8.897829319,5.69495E-19,1.24204E-17,ENSMUSG00000035606,ENSMUSG00000035606,Ky,protein coding gene
ENSMUSG00000015647.9,2681.052432,2.231117758,0.25456704,8.764362267,1.87837E-18,3.86347E-17,ENSMUSG00000015647,ENSMUSG00000015647,Lama5,protein coding gene
ENSMUSG00000035202.7,37500.66188,5.098925452,0.256406143,19.88612829,5.36616E-88,8.03352E-85,ENSMUSG00000035202,ENSMUSG00000035202,Lars2,protein coding gene
ENSMUSG00000045275.15,43.56662916,2.15022602,0.509280497,4.222085925,2.42052E-05,9.94933E-05,ENSMUSG00000045275,ENSMUSG00000045275,Lca5l,protein coding gene
ENSMUSG00000025019.15,130.3844266,2.777615598,0.394544654,7.040053821,1.92166E-12,2.16654E-11,ENSMUSG00000025019,ENSMUSG00000025019,Lcor,protein coding gene
ENSMUSG00000070877.4,4.595676931,3.583002493,1.601818505,2.236834249,0.025297175,0.049565625,ENSMUSG00000070877,ENSMUSG00000070877,Ldlrad1,protein coding gene
ENSMUSG00000036216.5,6.367485405,3.521743293,1.400368924,2.514868213,0.011907689,0.025652507,ENSMUSG00000036216,ENSMUSG00000036216,Leap2,protein coding gene
ENSMUSG00000067242.11,27.28754404,2.638235188,0.648938153,4.06546475,4.79368E-05,0.000185131,ENSMUSG00000067242,ENSMUSG00000067242,Lgi1,protein coding gene
ENSMUSG00000090077.9,5.875746208,6.516815521,1.828019346,3.564959821,0.000363912,0.001162156,ENSMUSG00000090077,ENSMUSG00000090077,Lime1,protein coding gene
ENSMUSG00000063804.7,6.474459149,6.625867054,1.841820043,3.597456266,0.000321345,0.0010376,ENSMUSG00000063804,ENSMUSG00000063804,Lin28b,protein coding gene
ENSMUSG00000049556.5,29.44427046,2.713644532,0.73023258,3.716137308,0.000202292,0.000684617,ENSMUSG00000049556,ENSMUSG00000049556,Lingo1,protein coding gene
ENSMUSG00000062044.15,155.6898968,3.897126935,0.41276828,9.44143996,3.67691E-21,1.00344E-19,ENSMUSG00000062044,ENSMUSG00000062044,Lmtk3,protein coding gene
ENSMUSG00000093445.7,20.38583456,3.491008268,0.75158089,4.644886951,3.40263E-06,1.6436E-05,ENSMUSG00000093445,ENSMUSG00000093445,Lrch4,protein coding gene
ENSMUSG00000037095.7,725.2536369,2.113872414,0.206945246,10.21464591,1.70501E-24,6.33603E-23,ENSMUSG00000037095,ENSMUSG00000037095,Lrg1,protein coding gene
ENSMUSG00000040249.15,11180.81501,3.380899441,0.211531406,15.98296681,1.67958E-57,5.9665E-55,ENSMUSG00000040249,ENSMUSG00000040249,Lrp1,protein coding gene
ENSMUSG00000027253.15,609.3251193,3.088477777,0.194888165,15.84743626,1.46434E-56,4.85715E-54,ENSMUSG00000027253,ENSMUSG00000027253,Lrp4,protein coding gene
ENSMUSG00000028613.14,69.79240201,3.538558171,0.496531784,7.12654917,1.02916E-12,1.19305E-11,ENSMUSG00000028613,ENSMUSG00000028613,Lrp8,protein coding gene
ENSMUSG00000090291.2,39.21066709,2.363208069,0.608498098,3.883673714,0.00010289,0.000370974,ENSMUSG00000090291,ENSMUSG00000090291,Lrrc10b,protein coding gene
ENSMUSG00000049939.6,226.8300915,4.861096589,0.330451227,14.71048126,5.52133E-49,1.24432E-46,ENSMUSG00000049939,ENSMUSG00000049939,Lrrc4,protein coding gene
ENSMUSG00000047085.14,5.937092609,3.924186561,1.674656264,2.343278824,0.019115092,0.038641321,ENSMUSG00000047085,ENSMUSG00000047085,Lrrc4b,protein coding gene
ENSMUSG00000040485.5,11.11267057,2.825385041,0.967978236,2.918851825,0.003513232,0.008785804,ENSMUSG00000040485,ENSMUSG00000040485,Lrrc52,protein coding gene
ENSMUSG00000023084.11,13.07340248,4.151955053,1.051919173,3.947028592,7.91271E-05,0.000292749,ENSMUSG00000023084,ENSMUSG00000023084,Lrrc71,protein coding gene
ENSMUSG00000036295.4,8.369224833,3.201035605,1.163492732,2.751229566,0.005937202,0.013970789,ENSMUSG00000036295,ENSMUSG00000036295,Lrrn3,protein coding gene
ENSMUSG00000071862.2,21.80156343,3.050241481,0.707033109,4.314142354,1.60224E-05,6.85612E-05,ENSMUSG00000071862,ENSMUSG00000071862,Lrrtm2,protein coding gene
ENSMUSG00000103409.1,12.65865212,2.454438244,0.896854111,2.736719621,0.006205516,0.014525509,ENSMUSG00000103409,ENSMUSG00000103409,Lsmem2,protein coding gene
ENSMUSG00000019726.10,355.9055444,2.141839333,0.258915895,8.272336211,1.31359E-16,2.29239E-15,ENSMUSG00000019726,ENSMUSG00000019726,Lyst,protein coding gene
ENSMUSG00000056947.5,17.51568194,8.114182327,1.63092391,4.975205941,6.51783E-07,3.5547E-06,ENSMUSG00000056947,ENSMUSG00000056947,Mab21l1,protein coding gene
ENSMUSG00000040003.18,40.70757188,3.093984964,0.536792188,5.763841266,8.22207E-09,5.97526E-08,ENSMUSG00000040003,ENSMUSG00000040003,Magi2,protein coding gene
ENSMUSG00000026941.16,110.0880182,2.547758482,0.307664297,8.280968918,1.22177E-16,2.14645E-15,ENSMUSG00000026941,ENSMUSG00000026941,Mamdc4,protein coding gene
ENSMUSG00000061143.15,632.5604914,3.378474369,0.221651244,15.24229824,1.85238E-52,5.04209E-50,ENSMUSG00000061143,ENSMUSG00000061143,Maml3,protein coding gene
ENSMUSG00000042763.9,25.16951275,3.823343674,0.822250008,4.649855441,3.32168E-06,1.60709E-05,ENSMUSG00000042763,ENSMUSG00000042763,Maneal,protein coding gene
ENSMUSG00000072662.2,5.187937946,3.772044478,1.546276005,2.439438021,0.014710126,0.030855637,ENSMUSG00000072662,ENSMUSG00000072662,Mansc4,protein coding gene
ENSMUSG00000027254.13,312.672601,2.311379638,0.286728617,8.06121015,7.55428E-16,1.22074E-14,ENSMUSG00000027254,ENSMUSG00000027254,Map1a,protein coding gene
ENSMUSG00000052727.5,827.156317,3.109168383,0.23682377,13.12861619,2.25744E-39,2.53014E-37,ENSMUSG00000052727,ENSMUSG00000052727,Map1b,protein coding gene
ENSMUSG00000033618.6,244.7646573,2.367878602,0.223829252,10.5789506,3.73114E-26,1.5992E-24,ENSMUSG00000033618,ENSMUSG00000033618,Map3k13,protein coding gene
ENSMUSG00000028862.6,235.3623673,2.004337751,0.272751814,7.348577168,2.00328E-13,2.50667E-12,ENSMUSG00000028862,ENSMUSG00000028862,Map3k6,protein coding gene
ENSMUSG00000041205.7,3.799606693,5.914563717,2.01967058,2.928479414,0.003406244,0.0085509,ENSMUSG00000041205,ENSMUSG00000041205,Map6d1,protein coding gene
ENSMUSG00000063704.12,113.4282591,2.029119209,0.395697838,5.127951216,2.92912E-07,1.69403E-06,ENSMUSG00000063704,ENSMUSG00000063704,Mapk15,protein coding gene
ENSMUSG00000024558.12,61.87584568,2.174407427,0.399212405,5.44674314,5.13005E-08,3.32778E-07,ENSMUSG00000024558,ENSMUSG00000024558,Mapk4,protein coding gene
ENSMUSG00000022619.5,105.7220002,3.594704011,0.400981684,8.96475863,3.10961E-19,7.01554E-18,ENSMUSG00000022619,ENSMUSG00000022619,Mapk8ip2,protein coding gene
ENSMUSG00000018411.17,61.7120951,2.295250106,0.497562118,4.612992068,3.96913E-06,1.89497E-05,ENSMUSG00000018411,ENSMUSG00000018411,Mapt,protein coding gene
ENSMUSG00000039372.5,33.78234168,4.240931177,0.645508619,6.569906354,5.03469E-11,4.88981E-10,ENSMUSG00000039372,ENSMUSG00000039372,Marchf4,protein coding gene
ENSMUSG00000068037.10,7.314250467,2.951506938,1.237931876,2.38422404,0.017115179,0.035182134,ENSMUSG00000068037,ENSMUSG00000068037,Mas1,protein coding gene
ENSMUSG00000028979.17,6.037475899,3.418648273,1.396515436,2.447984594,0.01436578,0.030233194,ENSMUSG00000028979,ENSMUSG00000028979,Masp2,protein coding gene
ENSMUSG00000053693.16,100.3458827,2.369536906,0.372079565,6.368360778,1.91059E-10,1.71937E-09,ENSMUSG00000053693,ENSMUSG00000053693,Mast1,protein coding gene
ENSMUSG00000031833.9,1816.116297,2.28489975,0.180832344,12.63545944,1.34606E-36,1.26511E-34,ENSMUSG00000031833,ENSMUSG00000031833,Mast3,protein coding gene
ENSMUSG00000034751.16,829.724043,2.997144215,0.21293483,14.07540617,5.37949E-45,8.87786E-43,ENSMUSG00000034751,ENSMUSG00000034751,Mast4,protein coding gene
ENSMUSG00000034912.16,4.594098322,6.143058797,1.9294808,3.183788508,0.001453612,0.004027796,ENSMUSG00000034912,ENSMUSG00000034912,Mdga2,protein coding gene
ENSMUSG00000058006.12,794.1487661,2.011820249,0.199473704,10.0856414,6.39462E-24,2.24874E-22,ENSMUSG00000058006,ENSMUSG00000058006,Mdn1,protein coding gene
ENSMUSG00000079487.11,673.865107,2.116865888,0.214999735,9.845899982,7.13973E-23,2.30573E-21,ENSMUSG00000079487,ENSMUSG00000079487,Med12,protein coding gene
ENSMUSG00000056476.13,108.8746328,2.90446385,0.361446149,8.035675188,9.3065E-16,1.48783E-14,ENSMUSG00000056476,ENSMUSG00000056476,Med12l,protein coding gene
ENSMUSG00000018076.12,1370.111769,2.914725004,0.198639729,14.67342418,9.54063E-49,2.10081E-46,ENSMUSG00000018076,ENSMUSG00000018076,Med13l,protein coding gene
ENSMUSG00000036466.17,36.55777348,3.04319014,0.543065313,5.60372771,2.0979E-08,1.44781E-07,ENSMUSG00000036466,ENSMUSG00000036466,Megf11,protein coding gene
ENSMUSG00000045039.9,1943.153619,2.130060925,0.212978922,10.00127571,1.50446E-23,5.11054E-22,ENSMUSG00000045039,ENSMUSG00000045039,Megf8,protein coding gene
ENSMUSG00000085601.7,12.21544438,3.015178398,0.946309994,3.186248076,0.00144131,0.003999524,ENSMUSG00000085601,ENSMUSG00000085601,Meiosin,protein coding gene
ENSMUSG00000030544.5,6.393405668,3.072684232,1.232700389,2.492644813,0.012679561,0.027091347,ENSMUSG00000030544,ENSMUSG00000030544,Mesp1,protein coding gene
ENSMUSG00000047343.4,5.425948015,6.439620442,1.90165007,3.386333029,0.000708334,0.002119641,ENSMUSG00000047343,ENSMUSG00000047343,Mettl21c,protein coding gene
ENSMUSG00000034739.17,13.1656054,3.341948775,0.931129404,3.589134614,0.000331777,0.001067505,ENSMUSG00000034739,ENSMUSG00000034739,Mfrp,protein coding gene
ENSMUSG00000043857.16,12.71861007,2.691496149,0.95888447,2.806903474,0.005002023,0.01201437,ENSMUSG00000043857,ENSMUSG00000043857,Mgat5b,protein coding gene
ENSMUSG00000051586.15,735.8907773,2.487844847,0.185927714,13.38071011,7.83948E-41,9.78022E-39,ENSMUSG00000051586,ENSMUSG00000051586,Mical3,protein coding gene
ENSMUSG00000042507.14,690.8654745,2.059363484,0.234183854,8.793789351,1.44599E-18,3.01257E-17,ENSMUSG00000042507,ENSMUSG00000042507,Mideas,protein coding gene
ENSMUSG00000030981.9,10.47629646,7.324464407,1.699826344,4.308948636,1.64032E-05,7.0048E-05,ENSMUSG00000030981,ENSMUSG00000030981,Mmp21,protein coding gene
ENSMUSG00000027612.7,36.51865309,3.957052052,0.620658145,6.375574194,1.82279E-10,1.64601E-09,ENSMUSG00000027612,ENSMUSG00000027612,Mmp24,protein coding gene
ENSMUSG00000070576.4,198.2014485,2.864271553,0.357860487,8.003877659,1.20561E-15,1.90131E-14,ENSMUSG00000070576,ENSMUSG00000070576,Mn1,protein coding gene
ENSMUSG00000056458.16,29.72585232,2.215010844,0.594131798,3.728147273,0.000192893,0.000655241,ENSMUSG00000056458,ENSMUSG00000056458,Mok,protein coding gene
ENSMUSG00000079550.9,7.731626853,3.061286229,1.108163158,2.76248692,0.005736286,0.013569618,ENSMUSG00000079550,ENSMUSG00000079550,Mpp4,protein coding gene
ENSMUSG00000019933.7,20.21924527,2.322055832,0.782193682,2.968645602,0.002991154,0.007625786,ENSMUSG00000019933,ENSMUSG00000019933,Mrln,protein coding gene
ENSMUSG00000072487.10,13.21097964,5.224794098,1.295007887,4.034565466,5.47034E-05,0.000208726,ENSMUSG00000072487,ENSMUSG00000072487,Mroh5,protein coding gene
ENSMUSG00000098678.1,21.98653268,6.969871857,1.586855726,4.392253023,1.12182E-05,4.93436E-05,ENSMUSG00000098678,ENSMUSG00000098678,Mroh6,protein coding gene
ENSMUSG00000047502.14,60.73130122,3.128855906,0.589045721,5.311736922,1.08585E-07,6.69168E-07,ENSMUSG00000047502,ENSMUSG00000047502,Mroh7,protein coding gene
ENSMUSG00000051246.2,30.13340625,2.559629453,0.622383326,4.112625362,3.91185E-05,0.000153875,ENSMUSG00000051246,ENSMUSG00000051246,Msantd1,protein coding gene
ENSMUSG00000051396.15,34.89370262,2.63197101,0.570287211,4.615167512,3.92778E-06,1.87779E-05,ENSMUSG00000051396,ENSMUSG00000051396,Msantd7,protein coding gene
ENSMUSG00000005493.15,6.833646351,4.286428233,1.483149187,2.890085685,0.003851368,0.009545983,ENSMUSG00000005493,ENSMUSG00000005493,Msh4,protein coding gene
ENSMUSG00000052105.16,455.4847307,2.504409469,0.259498791,9.65094851,4.87031E-22,1.4377E-20,ENSMUSG00000052105,ENSMUSG00000052105,Mtcl1,protein coding gene
ENSMUSG00000055485.6,435.141962,3.088775256,0.304651857,10.13870485,3.71999E-24,1.33506E-22,ENSMUSG00000055485,ENSMUSG00000055485,Mtcl2,protein coding gene
ENSMUSG00000038916.6,45.37793742,4.414137326,0.688822895,6.408232597,1.47216E-10,1.34203E-09,ENSMUSG00000038916,ENSMUSG00000038916,Mtcl3,protein coding gene
ENSMUSG00000033763.14,421.0064459,2.21834319,0.310715993,7.139456084,9.37009E-13,1.08983E-11,ENSMUSG00000033763,ENSMUSG00000033763,Mtss2,protein coding gene
ENSMUSG00000109564.1,431.7532967,3.250244614,0.25946813,12.52656583,5.34264E-36,4.84746E-34,ENSMUSG00000109564,ENSMUSG00000109564,Muc16,protein coding gene
ENSMUSG00000037974.16,7.42097111,4.267116941,1.627046193,2.622615731,0.008725763,0.019576457,ENSMUSG00000037974,ENSMUSG00000037974,Muc5ac,protein coding gene
ENSMUSG00000066108.7,8.520714768,7.040023441,1.721404482,4.089697404,4.31936E-05,0.000168333,ENSMUSG00000066108,ENSMUSG00000066108,Muc5b,protein coding gene
ENSMUSG00000059908.9,13.05621978,3.210307878,1.073050371,2.991758787,0.002773753,0.007153328,ENSMUSG00000059908,ENSMUSG00000059908,Mug1,protein coding gene
ENSMUSG00000002100.15,10.65394667,2.71657809,1.059659583,2.563632825,0.010358306,0.022725817,ENSMUSG00000002100,ENSMUSG00000002100,Mybpc3,protein coding gene
ENSMUSG00000042451.12,5.475274431,6.444665137,1.957353594,3.292540069,0.000992867,0.002873845,ENSMUSG00000042451,ENSMUSG00000042451,Mybph,protein coding gene
ENSMUSG00000074652.3,59.66357333,7.424788584,1.093335258,6.790953212,1.11395E-11,1.14729E-10,ENSMUSG00000074652,ENSMUSG00000074652,Myh7b,protein coding gene
ENSMUSG00000020469.8,19.22909976,4.444382138,0.923514215,4.812467491,1.49078E-06,7.67697E-06,ENSMUSG00000020469,ENSMUSG00000020469,Myl7,protein coding gene
ENSMUSG00000042678.16,15.13367334,2.285422203,0.751382165,3.041624235,0.002353054,0.00619102,ENSMUSG00000042678,ENSMUSG00000042678,Myo15a,protein coding gene
ENSMUSG00000034427.16,215.1416927,2.553216855,0.286100475,8.924196499,4.48946E-19,9.86317E-18,ENSMUSG00000034427,ENSMUSG00000034427,Myo15b,protein coding gene
ENSMUSG00000039057.10,375.8757644,2.481998091,0.239829499,10.34901087,4.22832E-25,1.66581E-23,ENSMUSG00000039057,ENSMUSG00000039057,Myo16,protein coding gene
ENSMUSG00000072720.9,26.85981293,6.264747682,1.162758871,5.387830475,7.13133E-08,4.50876E-07,ENSMUSG00000072720,ENSMUSG00000072720,Myo18b,protein coding gene
ENSMUSG00000066952.11,19.02447306,2.042138244,0.66395161,3.075733551,0.002099854,0.005592229,ENSMUSG00000066952,ENSMUSG00000066952,Myo1h,protein coding gene
ENSMUSG00000024388.10,17.16419108,8.026535729,1.723957846,4.655877027,3.22604E-06,1.56479E-05,ENSMUSG00000024388,ENSMUSG00000024388,Myo7b,protein coding gene
ENSMUSG00000039585.15,624.0312148,2.499689694,0.279671986,8.937933782,3.96515E-19,8.77566E-18,ENSMUSG00000039585,ENSMUSG00000039585,Myo9a,protein coding gene
ENSMUSG00000004677.15,1458.191112,2.035169672,0.163250655,12.466533,1.13665E-35,9.96778E-34,ENSMUSG00000004677,ENSMUSG00000004677,Myo9b,protein coding gene
ENSMUSG00000020542.18,29.99952502,4.842760939,0.944295237,5.128439443,2.92154E-07,1.69011E-06,ENSMUSG00000020542,ENSMUSG00000020542,Myocd,protein coding gene
ENSMUSG00000037139.15,69.34934998,2.374652169,0.431299496,5.505807891,3.67479E-08,2.43503E-07,ENSMUSG00000037139,ENSMUSG00000037139,Myom3,protein coding gene
ENSMUSG00000010505.15,65.34994468,3.247834759,0.437797871,7.418571391,1.1839E-13,1.51671E-12,ENSMUSG00000010505,ENSMUSG00000010505,Myt1,protein coding gene
ENSMUSG00000041073.10,42.4994805,2.913780399,0.495033581,5.886025733,3.95593E-09,3.00843E-08,ENSMUSG00000041073,ENSMUSG00000041073,Nacad,protein coding gene
ENSMUSG00000079157.4,26.27200989,2.353179928,0.685766966,3.431457104,0.000600348,0.001824108,ENSMUSG00000079157,ENSMUSG00000079157,Nalf1,protein coding gene
ENSMUSG00000072437.3,8.78339542,2.957035652,1.053155822,2.807785505,0.004988344,0.011993765,ENSMUSG00000072437,ENSMUSG00000072437,Nanos1,protein coding gene
ENSMUSG00000056155.6,8.66192791,2.66799116,1.099531894,2.426479098,0.015246129,0.031855608,ENSMUSG00000056155,ENSMUSG00000056155,Nanos3,protein coding gene
ENSMUSG00000009418.15,1313.167585,2.592289585,0.236968885,10.93936692,7.47198E-28,3.67618E-26,ENSMUSG00000009418,ENSMUSG00000009418,Nav1,protein coding gene
ENSMUSG00000052512.17,1539.929974,4.190299599,0.240180798,17.44643882,3.66375E-68,2.07537E-65,ENSMUSG00000052512,ENSMUSG00000052512,Nav2,protein coding gene
ENSMUSG00000020181.15,48.76357926,3.144807607,0.541272103,5.810030834,6.24613E-09,4.60312E-08,ENSMUSG00000020181,ENSMUSG00000020181,Nav3,protein coding gene
ENSMUSG00000027799.12,708.0365571,2.691920031,0.180149051,14.94273781,1.7369E-50,4.38599E-48,ENSMUSG00000027799,ENSMUSG00000027799,Nbea,protein coding gene
ENSMUSG00000056724.14,1003.630989,2.886214181,0.167263871,17.25545491,1.01817E-66,5.47173E-64,ENSMUSG00000056724,ENSMUSG00000056724,Nbeal2,protein coding gene
ENSMUSG00000039542.15,112.4613732,3.569364258,0.44808326,7.965850497,1.64091E-15,2.55892E-14,ENSMUSG00000039542,ENSMUSG00000039542,Ncam1,protein coding gene
ENSMUSG00000047586.3,145.0865585,2.099162259,0.325513268,6.448776341,1.12757E-10,1.04431E-09,ENSMUSG00000047586,ENSMUSG00000047586,Nccrp1,protein coding gene
ENSMUSG00000049690.15,126.3255852,2.55802806,0.365937146,6.990348167,2.74205E-12,3.05046E-11,ENSMUSG00000049690,ENSMUSG00000049690,Nckap5,protein coding gene
ENSMUSG00000005886.14,795.5335182,2.000774825,0.193019888,10.36564077,3.55369E-25,1.4187E-23,ENSMUSG00000005886,ENSMUSG00000005886,Ncoa2,protein coding gene
ENSMUSG00000027971.16,13.70159623,2.264716074,0.825387205,2.743822607,0.006072834,0.01425793,ENSMUSG00000027971,ENSMUSG00000027971,Ndst4,protein coding gene
ENSMUSG00000026950.17,24.44098975,3.359027411,0.795621263,4.221892462,2.4226E-05,9.95592E-05,ENSMUSG00000026950,ENSMUSG00000026950,Neb,protein coding gene
ENSMUSG00000031837.13,22.85170383,2.576185204,0.752032012,3.425632371,0.00061337,0.001859899,ENSMUSG00000031837,ENSMUSG00000031837,Necab2,protein coding gene
ENSMUSG00000022054.11,16.87405763,2.642093945,0.791861297,3.336561533,0.000848216,0.002492327,ENSMUSG00000022054,ENSMUSG00000022054,Nefm,protein coding gene
ENSMUSG00000026442.14,335.6104474,2.876407838,0.243013262,11.83642328,2.53015E-32,1.75014E-30,ENSMUSG00000026442,ENSMUSG00000026442,Nfasc,protein coding gene
ENSMUSG00000079481.11,235.9930893,2.236111072,0.302275265,7.397598582,1.38669E-13,1.76464E-12,ENSMUSG00000079481,ENSMUSG00000079481,Nhsl2,protein coding gene
ENSMUSG00000060621.5,4.856159668,3.79306216,1.615252182,2.348278617,0.018860407,0.038200162,ENSMUSG00000060621,ENSMUSG00000060621,Nkpd1,protein coding gene
ENSMUSG00000041309.17,19.96713267,3.809229321,0.894351507,4.259208253,2.05152E-05,8.57727E-05,ENSMUSG00000041309,ENSMUSG00000041309,Nkx6-2,protein coding gene
ENSMUSG00000074151.12,512.3505502,2.229884186,0.264504002,8.430436465,3.44378E-17,6.35932E-16,ENSMUSG00000074151,ENSMUSG00000074151,Nlrc5,protein coding gene
ENSMUSG00000046242.7,2.907989208,5.550058883,2.454570937,2.261111626,0.023752346,0.04686739,ENSMUSG00000046242,ENSMUSG00000046242,Nme9,protein coding gene
ENSMUSG00000067786.16,358.9044555,2.827211582,0.812123127,3.481259783,0.000499061,0.001542747,ENSMUSG00000067786,ENSMUSG00000067786,Nnat,protein coding gene
ENSMUSG00000037171.6,3.702480837,5.85647556,2.033862886,2.879483961,0.003983266,0.00983858,ENSMUSG00000037171,ENSMUSG00000037171,Nodal,protein coding gene
ENSMUSG00000041923.15,43.86747424,2.369316901,0.615463216,3.849648267,0.000118288,0.000421058,ENSMUSG00000041923,ENSMUSG00000041923,Nol4,protein coding gene
ENSMUSG00000029361.18,11.71227869,3.453701847,1.097598125,3.146599623,0.00165181,0.004509023,ENSMUSG00000029361,ENSMUSG00000029361,Nos1,protein coding gene
ENSMUSG00000038473.14,40.06164065,3.135665748,0.618134381,5.072789742,3.92026E-07,2.22007E-06,ENSMUSG00000038473,ENSMUSG00000038473,Nos1ap,protein coding gene
ENSMUSG00000026923.15,1336.344736,3.366448924,0.23373473,14.40286142,4.96448E-47,9.20801E-45,ENSMUSG00000026923,ENSMUSG00000026923,Notch1,protein coding gene
ENSMUSG00000027878.11,1785.926412,2.957102398,0.146814661,20.14173768,3.17982E-90,5.1266E-87,ENSMUSG00000027878,ENSMUSG00000027878,Notch2,protein coding gene
ENSMUSG00000038146.7,520.2181431,2.296124617,0.227506116,10.09258413,5.958E-24,2.09872E-22,ENSMUSG00000038146,ENSMUSG00000038146,Notch3,protein coding gene
ENSMUSG00000015468.14,411.2169889,2.274006578,0.269606678,8.43453358,3.32526E-17,6.14587E-16,ENSMUSG00000015468,ENSMUSG00000015468,Notch4,protein coding gene
ENSMUSG00000019320.13,18.42387879,2.03861365,0.71447225,2.853313967,0.004326585,0.010577499,ENSMUSG00000019320,ENSMUSG00000019320,Noxo1,protein coding gene
ENSMUSG00000044034.11,4.594098322,6.143058797,1.9294808,3.183788508,0.001453612,0.004027796,ENSMUSG00000044034,ENSMUSG00000044034,Npb,protein coding gene
ENSMUSG00000020447.5,2.765526386,5.421796518,2.177930596,2.489425755,0.012794964,0.027258554,ENSMUSG00000020447,ENSMUSG00000020447,Npc1l1,protein coding gene
ENSMUSG00000039577.17,42.4213184,3.194921099,0.506944468,6.302309824,2.93242E-10,2.5705E-09,ENSMUSG00000039577,ENSMUSG00000039577,Nphp4,protein coding gene
ENSMUSG00000025582.4,41.81802089,2.994247479,0.620632411,4.82451033,1.40348E-06,7.27206E-06,ENSMUSG00000025582,ENSMUSG00000025582,Nptx1,protein coding gene
ENSMUSG00000020598.15,12.19511799,2.633006638,0.94445362,2.787862297,0.005305709,0.012653887,ENSMUSG00000020598,ENSMUSG00000020598,Nrcam,protein coding gene
ENSMUSG00000024109.18,72.23261472,3.284367283,0.449826585,7.301407675,2.84772E-13,3.49242E-12,ENSMUSG00000024109,ENSMUSG00000024109,Nrxn1,protein coding gene
ENSMUSG00000100937.1,11.97945313,4.50770886,1.187984959,3.794415767,0.000147992,0.000515327,ENSMUSG00000100937,ENSMUSG00000100937,Nscme3l,protein coding gene
ENSMUSG00000029206.13,10.32256002,3.773868597,1.214472286,3.107414341,0.001887317,0.005083047,ENSMUSG00000029206,ENSMUSG00000029206,Nsun7,protein coding gene
ENSMUSG00000035513.19,231.9498524,2.483070266,0.266091733,9.331632501,1.04253E-20,2.7009E-19,ENSMUSG00000035513,ENSMUSG00000035513,Ntng2,protein coding gene
ENSMUSG00000059146.12,33.06070064,2.553711354,0.605148977,4.219971367,2.44333E-05,0.000100274,ENSMUSG00000059146,ENSMUSG00000059146,Ntrk3,protein coding gene
ENSMUSG00000001855.15,495.202359,2.057200456,0.22341869,9.207826161,3.32796E-20,8.16753E-19,ENSMUSG00000001855,ENSMUSG00000001855,Nup214,protein coding gene
ENSMUSG00000054976.14,6.129765714,6.539266477,1.868899427,3.498993249,0.000467018,0.001452692,ENSMUSG00000054976,ENSMUSG00000054976,Nyap2,protein coding gene
ENSMUSG00000061462.15,17.53292999,3.19732655,0.784042539,4.078001371,4.54245E-05,0.000176273,ENSMUSG00000061462,ENSMUSG00000061462,Obscn,protein coding gene
ENSMUSG00000015001.17,2.862652243,5.500236591,2.178519766,2.524758635,0.011577778,0.025021514,ENSMUSG00000015001,ENSMUSG00000015001,Oc90,protein coding gene
ENSMUSG00000021913.7,78.25589957,3.40006096,0.400758232,8.484070175,2.17451E-17,4.09115E-16,ENSMUSG00000021913,ENSMUSG00000021913,Ogdhl,protein coding gene
ENSMUSG00000049612.10,6.468007223,6.655619596,1.80839181,3.680407951,0.000232861,0.000778023,ENSMUSG00000049612,ENSMUSG00000049612,Omg,protein coding gene
ENSMUSG00000074006.3,25.91220418,3.830414107,0.694702275,5.513749193,3.51269E-08,2.33574E-07,ENSMUSG00000074006,ENSMUSG00000074006,Omp,protein coding gene
ENSMUSG00000058831.13,10.78688926,5.904237553,1.689034847,3.495628029,0.000472948,0.001468889,ENSMUSG00000058831,ENSMUSG00000058831,Opn1sw,protein coding gene
ENSMUSG00000018862.11,3.312450436,5.642131037,2.158643285,2.613739415,0.008955731,0.020006733,ENSMUSG00000018862,ENSMUSG00000018862,Otop3,protein coding gene
ENSMUSG00000033510.14,13.07134535,2.487124264,0.827509505,3.005553711,0.002650978,0.006867117,ENSMUSG00000033510,ENSMUSG00000033510,Otud7a,protein coding gene
ENSMUSG00000100512.1,7.213172436,6.790325525,1.772902904,3.830060581,0.000128112,0.000452493,ENSMUSG00000100512,ENSMUSG00000100512,Ovol3,protein coding gene
ENSMUSG00000040276.14,50.07494916,2.323135153,0.46721434,4.972311326,6.61593E-07,3.60165E-06,ENSMUSG00000040276,ENSMUSG00000040276,Pacsin1,protein coding gene
ENSMUSG00000038729.21,4.799586369,4.761195948,1.843650018,2.582483607,0.009809202,0.021661687,ENSMUSG00000038729,ENSMUSG00000038729,Pakap,protein coding gene
ENSMUSG00000058441.7,35.88575302,2.682856513,0.541695507,4.952702173,7.319E-07,3.96379E-06,ENSMUSG00000058441,ENSMUSG00000058441,Panx2,protein coding gene
ENSMUSG00000028370.7,49.24262223,2.283572282,0.634065405,3.601477489,0.000316414,0.001023255,ENSMUSG00000028370,ENSMUSG00000028370,Pappa,protein coding gene
ENSMUSG00000073530.11,356.8211918,3.252733795,0.247358325,13.14988606,1.70431E-39,1.94134E-37,ENSMUSG00000073530,ENSMUSG00000073530,Pappa2,protein coding gene
ENSMUSG00000052613.16,58.1353623,2.332350987,0.420674014,5.54431914,2.951E-08,1.98939E-07,ENSMUSG00000052613,ENSMUSG00000052613,Pcdh15,protein coding gene
ENSMUSG00000104148.5,4.563255123,3.67230906,1.607554548,2.284407123,0.022347615,0.044400765,ENSMUSG00000104148,ENSMUSG00000104148,Pcdha2,protein coding gene
ENSMUSG00000102312.1,10.52961232,7.323739308,1.77077402,4.135897197,3.5357E-05,0.000140483,ENSMUSG00000102312,ENSMUSG00000102312,Pcdha3,protein coding gene
ENSMUSG00000103092.1,5.739735313,6.427148607,2.028150873,3.168969672,0.001529804,0.004216617,ENSMUSG00000103092,ENSMUSG00000103092,Pcdha5,protein coding gene
ENSMUSG00000103707.5,3.155556787,5.656166775,2.400170682,2.356568563,0.018444662,0.037455836,ENSMUSG00000103707,ENSMUSG00000103707,Pcdha6,protein coding gene
ENSMUSG00000104318.1,5.192811263,6.290814951,1.995723913,3.152146902,0.001620747,0.004435205,ENSMUSG00000104318,ENSMUSG00000104318,Pcdha7,protein coding gene
ENSMUSG00000103800.1,5.186359337,6.321091381,1.896273612,3.333427909,0.000857829,0.002516357,ENSMUSG00000103800,ENSMUSG00000103800,Pcdha8,protein coding gene
ENSMUSG00000103770.1,3.304471535,5.718392804,2.476663086,2.308910257,0.020948562,0.041999321,ENSMUSG00000103770,ENSMUSG00000103770,Pcdha9,protein coding gene
ENSMUSG00000103255.1,6.909826515,6.768606646,1.780163483,3.802238789,0.000143394,0.000501068,ENSMUSG00000103255,ENSMUSG00000103255,Pcdhac1,protein coding gene
ENSMUSG00000102697.1,11.00007915,2.511706108,1.001526844,2.50787697,0.012145895,0.026090582,ENSMUSG00000102697,ENSMUSG00000102697,Pcdhac2,protein coding gene
ENSMUSG00000043313.6,16.59880407,2.032498814,0.695259068,2.923369012,0.003462659,0.008669677,ENSMUSG00000043313,ENSMUSG00000043313,Pcdhb19,protein coding gene
ENSMUSG00000051599.4,6.529353624,4.076017152,1.643387089,2.480253849,0.013128888,0.027890569,ENSMUSG00000051599,ENSMUSG00000051599,Pcdhb2,protein coding gene
ENSMUSG00000044022.5,10.0714436,3.812396586,1.286995323,2.962245875,0.003054038,0.00776156,ENSMUSG00000044022,ENSMUSG00000044022,Pcdhb21,protein coding gene
ENSMUSG00000051678.4,3.30599851,5.697105686,2.520365408,2.260428455,0.023794672,0.046933763,ENSMUSG00000051678,ENSMUSG00000051678,Pcdhb6,protein coding gene
ENSMUSG00000103144.1,30.9948978,3.875483354,0.705085642,5.496471808,3.87465E-08,2.56098E-07,ENSMUSG00000103144,ENSMUSG00000103144,Pcdhga1,protein coding gene
ENSMUSG00000102742.1,56.6093727,4.083151939,0.571649297,7.142756866,9.14774E-13,1.06515E-11,ENSMUSG00000102742,ENSMUSG00000102742,Pcdhga11,protein coding gene
ENSMUSG00000102428.1,81.74693085,4.62064673,0.511297612,9.037098202,1.60886E-19,3.7055E-18,ENSMUSG00000102428,ENSMUSG00000102428,Pcdhga12,protein coding gene
ENSMUSG00000103332.1,41.16236821,4.862393643,0.670612649,7.250673919,4.14703E-13,5.00389E-12,ENSMUSG00000103332,ENSMUSG00000103332,Pcdhga2,protein coding gene
ENSMUSG00000104346.1,59.38065873,3.313096055,0.440026331,7.529313185,5.10079E-14,6.75347E-13,ENSMUSG00000104346,ENSMUSG00000104346,Pcdhga3,protein coding gene
ENSMUSG00000103677.1,70.23279351,3.957453191,0.442506878,8.943258028,3.77862E-19,8.38942E-18,ENSMUSG00000103677,ENSMUSG00000103677,Pcdhga4,protein coding gene
ENSMUSG00000103567.1,108.5464618,3.795403387,0.354899936,10.69429154,1.08244E-26,4.82698E-25,ENSMUSG00000103567,ENSMUSG00000103567,Pcdhga5,protein coding gene
ENSMUSG00000103793.1,61.94380369,3.1285677,0.50462537,6.199782816,5.65411E-10,4.79E-09,ENSMUSG00000103793,ENSMUSG00000103793,Pcdhga6,protein coding gene
ENSMUSG00000103472.1,112.8692183,4.338155686,0.37962671,11.42742483,3.05021E-30,1.82655E-28,ENSMUSG00000103472,ENSMUSG00000103472,Pcdhga7,protein coding gene
ENSMUSG00000103897.1,94.12458384,4.189229254,0.437121212,9.583678705,9.36486E-22,2.68506E-20,ENSMUSG00000103897,ENSMUSG00000103897,Pcdhga8,protein coding gene
ENSMUSG00000102440.1,97.09567146,5.529307933,0.550573608,10.04281326,9.8815E-24,3.41197E-22,ENSMUSG00000102440,ENSMUSG00000102440,Pcdhga9,protein coding gene
ENSMUSG00000103037.1,76.70028729,4.605324049,0.536740342,8.580171252,9.4732E-18,1.84525E-16,ENSMUSG00000103037,ENSMUSG00000103037,Pcdhgb1,protein coding gene
ENSMUSG00000102748.1,59.38200887,3.113847051,0.454908394,6.844998014,7.64769E-12,8.03852E-11,ENSMUSG00000102748,ENSMUSG00000102748,Pcdhgb2,protein coding gene
ENSMUSG00000103585.1,106.8369532,5.434464662,0.55562743,9.78077101,1.36169E-22,4.22185E-21,ENSMUSG00000103585,ENSMUSG00000103585,Pcdhgb4,protein coding gene
ENSMUSG00000103749.1,94.16814138,4.45818082,0.428892676,10.39463033,2.62302E-25,1.0552E-23,ENSMUSG00000103749,ENSMUSG00000103749,Pcdhgb5,protein coding gene
ENSMUSG00000103088.1,120.8215994,3.425419569,0.320717047,10.68050357,1.25589E-26,5.56493E-25,ENSMUSG00000103088,ENSMUSG00000103088,Pcdhgb6,protein coding gene
ENSMUSG00000023036.14,57.53014325,4.149323559,0.492233084,8.429590971,3.46876E-17,6.39979E-16,ENSMUSG00000023036,ENSMUSG00000023036,Pcdhgc4,protein coding gene
ENSMUSG00000102543.5,61.24769659,5.656086944,0.671812307,8.419147557,3.79234E-17,6.96613E-16,ENSMUSG00000102543,ENSMUSG00000102543,Pcdhgc5,protein coding gene
ENSMUSG00000027513.11,187.9172082,2.106710234,0.880835389,2.39171843,0.016769702,0.034553302,ENSMUSG00000027513,ENSMUSG00000027513,Pck1,protein coding gene
ENSMUSG00000061601.15,615.5050079,4.300119673,0.28666893,15.00029903,7.30893E-51,1.86814E-48,ENSMUSG00000061601,ENSMUSG00000061601,Pclo,protein coding gene
ENSMUSG00000060212.13,16.58913198,2.597861655,0.958398564,2.710627657,0.006715599,0.015545863,ENSMUSG00000060212,ENSMUSG00000060212,Pcnx2,protein coding gene
ENSMUSG00000054874.12,2048.056764,2.442863691,0.189231242,12.90941002,3.98341E-38,4.11273E-36,ENSMUSG00000054874,ENSMUSG00000054874,Pcnx3,protein coding gene
ENSMUSG00000004630.18,5.534310205,5.01359829,1.835280921,2.731787942,0.006299167,0.014710747,ENSMUSG00000004630,ENSMUSG00000004630,Pcp2,protein coding gene
ENSMUSG00000039278.10,873.5633168,3.131421375,0.29144138,10.74460111,6.28329E-27,2.8691E-25,ENSMUSG00000039278,ENSMUSG00000039278,Pcsk1n,protein coding gene
ENSMUSG00000027419.9,1204.694883,2.137581993,0.197442549,10.82634927,2.58247E-27,1.21087E-25,ENSMUSG00000027419,ENSMUSG00000027419,Pcsk2,protein coding gene
ENSMUSG00000020131.14,246.7781885,2.156067117,0.318423466,6.771068548,1.27835E-11,1.3057E-10,ENSMUSG00000020131,ENSMUSG00000020131,Pcsk4,protein coding gene
ENSMUSG00000029491.7,12.63094574,5.194065119,1.282284128,4.050635116,5.10788E-05,0.000196253,ENSMUSG00000029491,ENSMUSG00000029491,Pde6b,protein coding gene
ENSMUSG00000024184.15,1029.395151,3.247092078,0.249335757,13.02296995,9.05781E-39,9.83641E-37,ENSMUSG00000024184,ENSMUSG00000024184,Pdia2,protein coding gene
ENSMUSG00000019577.6,98.6184915,2.03920287,0.611841738,3.332892714,0.000859481,0.002520126,ENSMUSG00000019577,ENSMUSG00000019577,Pdk4,protein coding gene
ENSMUSG00000022197.15,277.0074447,2.050789403,0.296301003,6.921304298,4.47504E-12,4.82968E-11,ENSMUSG00000022197,ENSMUSG00000022197,Pdzd2,protein coding gene
ENSMUSG00000074818.12,477.530534,2.061673839,0.338785675,6.085481156,1.16142E-09,9.44228E-09,ENSMUSG00000074818,ENSMUSG00000074818,Pdzd7,protein coding gene
ENSMUSG00000030887.4,5.077858618,3.231631681,1.39687123,2.313478589,0.020696341,0.041541333,ENSMUSG00000030887,ENSMUSG00000030887,Pdzd9,protein coding gene
ENSMUSG00000035357.16,1822.398176,2.12331077,0.247095899,8.593063565,8.46807E-18,1.65407E-16,ENSMUSG00000035357,ENSMUSG00000035357,Pdzrn3,protein coding gene
ENSMUSG00000074305.9,630.478908,2.260288599,0.259498694,8.710211835,3.03307E-18,6.1599E-17,ENSMUSG00000074305,ENSMUSG00000074305,Peak1,protein coding gene
ENSMUSG00000092035.8,34.49886386,2.290495521,0.673965769,3.398533909,0.000677481,0.002033703,ENSMUSG00000092035,ENSMUSG00000092035,Peg10,protein coding gene
ENSMUSG00000020893.17,1084.998411,2.990607965,0.248173307,12.05048199,1.92819E-33,1.4537E-31,ENSMUSG00000020893,ENSMUSG00000020893,Per1,protein coding gene
ENSMUSG00000055866.9,328.2185104,2.413139795,0.27619727,8.737015367,2.3935E-18,4.89418E-17,ENSMUSG00000055866,ENSMUSG00000055866,Per2,protein coding gene
ENSMUSG00000020899.15,470.7404544,2.032346145,0.201224102,10.09991409,5.52906E-24,1.96413E-22,ENSMUSG00000020899,ENSMUSG00000020899,Pfas,protein coding gene
ENSMUSG00000050751.14,119.9302277,2.0729494,0.345412058,6.001381113,1.95646E-09,1.54679E-08,ENSMUSG00000050751,ENSMUSG00000050751,Pgbd5,protein coding gene
ENSMUSG00000054728.16,276.9263394,2.698380119,0.347789867,7.758650778,8.58377E-15,1.23988E-13,ENSMUSG00000054728,ENSMUSG00000054728,Phactr1,protein coding gene
ENSMUSG00000016624.15,103.7164503,3.091758334,0.354882896,8.712052245,2.98422E-18,6.06656E-17,ENSMUSG00000016624,ENSMUSG00000016624,Phf21b,protein coding gene
ENSMUSG00000031802.8,20.90980516,8.350174062,1.565492209,5.333896915,9.61271E-08,5.98197E-07,ENSMUSG00000031802,ENSMUSG00000031802,Phxr4,protein coding gene
ENSMUSG00000014444.16,981.1146532,2.530483559,0.195328421,12.95501976,2.20079E-38,2.30632E-36,ENSMUSG00000014444,ENSMUSG00000014444,Piezo1,protein coding gene
ENSMUSG00000026447.16,385.4768025,2.285477335,0.226652264,10.08362899,6.527E-24,2.29145E-22,ENSMUSG00000026447,ENSMUSG00000026447,Pik3c2b,protein coding gene
ENSMUSG00000030228.15,311.3829405,2.751578554,0.256870366,10.71193456,8.94723E-27,4.00841E-25,ENSMUSG00000030228,ENSMUSG00000030228,Pik3c2g,protein coding gene
ENSMUSG00000029406.15,2011.409267,2.308398658,0.209638898,11.01130888,3.37071E-28,1.72309E-26,ENSMUSG00000029406,ENSMUSG00000029406,Pitpnm2,protein coding gene
ENSMUSG00000032855.5,2739.90083,2.899212601,0.225883197,12.83500784,1.04392E-37,1.05699E-35,ENSMUSG00000032855,ENSMUSG00000032855,Pkd1,protein coding gene
ENSMUSG00000046634.12,5.650651297,3.984792319,1.604198352,2.483977318,0.012992408,0.027628641,ENSMUSG00000046634,ENSMUSG00000046634,Pkd1l1,protein coding gene
ENSMUSG00000034416.18,6.267355218,4.103495087,1.52591304,2.689206383,0.007162212,0.016474189,ENSMUSG00000034416,ENSMUSG00000034416,Pkd1l2,protein coding gene
ENSMUSG00000048827.11,17.80466342,2.340921116,0.779650415,3.002526607,0.002677486,0.006929788,ENSMUSG00000048827,ENSMUSG00000048827,Pkd1l3,protein coding gene
ENSMUSG00000043760.16,2226.09101,2.605877377,0.1847711,14.10327362,3.62553E-45,6.12803E-43,ENSMUSG00000043760,ENSMUSG00000043760,Pkhd1,protein coding gene
ENSMUSG00000028751.13,3.754269728,5.858918328,2.049325903,2.858949043,0.004250471,0.010412063,ENSMUSG00000028751,ENSMUSG00000028751,Pla2g2e,protein coding gene
ENSMUSG00000064247.14,27.86606873,3.681273709,0.650871064,5.655918525,1.55015E-08,1.09172E-07,ENSMUSG00000064247,ENSMUSG00000064247,Plcxd1,protein coding gene
ENSMUSG00000049148.8,14.18298192,2.956753944,1.113461311,2.655461769,0.007919991,0.017966543,ENSMUSG00000049148,ENSMUSG00000049148,Plcxd3,protein coding gene
ENSMUSG00000055214.15,3.859374486,5.865072527,2.446403784,2.3974262,0.016510707,0.034066539,ENSMUSG00000055214,ENSMUSG00000055214,Pld5,protein coding gene
ENSMUSG00000043648.7,8.969553659,4.639917055,1.481377119,3.132164656,0.001735225,0.004713399,ENSMUSG00000043648,ENSMUSG00000043648,Pld6,protein coding gene
ENSMUSG00000022565.15,7631.911828,3.322373569,0.163232728,20.35359948,4.31404E-92,7.53482E-89,ENSMUSG00000022565,ENSMUSG00000022565,Plec,protein coding gene
ENSMUSG00000011305.11,34.4033259,2.348989228,0.61136488,3.842205049,0.000121934,0.000432362,ENSMUSG00000011305,ENSMUSG00000011305,Plin5,protein coding gene
ENSMUSG00000030084.11,1107.681253,2.257345689,0.202747968,11.13375249,8.59398E-29,4.54852E-27,ENSMUSG00000030084,ENSMUSG00000030084,Plxna1,protein coding gene
ENSMUSG00000026640.12,856.8091094,2.153778281,0.245117733,8.786709366,1.54005E-18,3.19474E-17,ENSMUSG00000026640,ENSMUSG00000026640,Plxna2,protein coding gene
ENSMUSG00000054383.2,16.5424312,2.800512603,0.846807677,3.307141254,0.000942534,0.002740731,ENSMUSG00000054383,ENSMUSG00000054383,Pnma1,protein coding gene
ENSMUSG00000012889.8,40.99308075,2.692408388,0.511803209,5.260632097,1.43561E-07,8.6887E-07,ENSMUSG00000012889,ENSMUSG00000012889,Podnl1,protein coding gene
ENSMUSG00000053293.9,638.7376267,2.108660338,0.253397072,8.321565521,8.6809E-17,1.54451E-15,ENSMUSG00000053293,ENSMUSG00000053293,Pom121,protein coding gene
ENSMUSG00000093668.3,29.87632867,8.859029072,1.529170274,5.793356844,6.89933E-09,5.06449E-08,ENSMUSG00000093668,ENSMUSG00000093668,Pou5f2,protein coding gene
ENSMUSG00000009734.17,6.624900872,6.64771668,1.883234547,3.529946226,0.000415644,0.001311721,ENSMUSG00000009734,ENSMUSG00000009734,Pou6f2,protein coding gene
ENSMUSG00000033871.14,130.95026,3.639058005,0.330946278,10.9959176,3.99826E-28,2.01927E-26,ENSMUSG00000033871,ENSMUSG00000033871,Ppargc1b,protein coding gene
ENSMUSG00000003863.18,24.31120133,2.923245186,0.67795025,4.311887469,1.61867E-05,6.91937E-05,ENSMUSG00000003863,ENSMUSG00000003863,Ppfia3,protein coding gene
ENSMUSG00000025129.2,3.810843027,4.4284356,1.941760214,2.280629487,0.022570381,0.044805135,ENSMUSG00000025129,ENSMUSG00000025129,Ppp1r27,protein coding gene
ENSMUSG00000039556.16,12.40725943,2.87144081,0.876802087,3.274901887,0.001056987,0.00303471,ENSMUSG00000039556,ENSMUSG00000039556,Ppp1r3f,protein coding gene
ENSMUSG00000093803.2,633.6967473,2.057197147,0.249683247,8.239227781,1.73326E-16,2.99237E-15,ENSMUSG00000093803,ENSMUSG00000093803,Ppp2r3d,protein coding gene
ENSMUSG00000017316.13,1001.06267,3.152398092,0.258930361,12.17469467,4.23978E-34,3.31573E-32,ENSMUSG00000017316,ENSMUSG00000017316,Ppy,protein coding gene
ENSMUSG00000032739.16,3.110219822,5.605909968,2.104073174,2.664313217,0.00771457,0.017582608,ENSMUSG00000032739,ENSMUSG00000032739,Pram1,protein coding gene
ENSMUSG00000042496.17,118.0869772,2.741884963,0.300150246,9.135041529,6.53817E-20,1.54491E-18,ENSMUSG00000042496,ENSMUSG00000042496,Prdm10,protein coding gene
ENSMUSG00000078816.9,33.24428973,2.062434388,0.567531491,3.63404396,0.000279013,0.000915585,ENSMUSG00000078816,ENSMUSG00000078816,Prkcg,protein coding gene
ENSMUSG00000042320.16,34.45388424,2.168594023,0.564415018,3.842197588,0.000121938,0.000432362,ENSMUSG00000042320,ENSMUSG00000042320,Prox2,protein coding gene
ENSMUSG00000031445.5,23.4580803,2.043559047,0.588990956,3.469593252,0.000521247,0.0016073,ENSMUSG00000031445,ENSMUSG00000031445,Proz,protein coding gene
ENSMUSG00000023978.5,3.357787401,5.703967624,2.100426802,2.715623139,0.006615117,0.015331885,ENSMUSG00000023978,ENSMUSG00000023978,Prph2,protein coding gene
ENSMUSG00000046574.8,771.8861546,2.383678971,0.157377592,15.14624123,8.02255E-52,2.07586E-49,ENSMUSG00000046574,ENSMUSG00000046574,Prr12,protein coding gene
ENSMUSG00000039262.16,3005.679624,2.317049125,0.183126398,12.6527314,1.08052E-36,1.02939E-34,ENSMUSG00000039262,ENSMUSG00000039262,Prrc2b,protein coding gene
ENSMUSG00000015476.6,56.93739392,2.193089598,0.404831203,5.417293885,6.05078E-08,3.87587E-07,ENSMUSG00000015476,ENSMUSG00000015476,Prrt1,protein coding gene
ENSMUSG00000079497.4,43.83216169,2.228801097,0.481953586,4.624513977,3.75478E-06,1.79919E-05,ENSMUSG00000079497,ENSMUSG00000079497,Prrt1b,protein coding gene
ENSMUSG00000045009.9,24.26471466,4.523158964,0.893782093,5.060695444,4.1773E-07,2.35608E-06,ENSMUSG00000045009,ENSMUSG00000045009,Prrt3,protein coding gene
ENSMUSG00000050762.5,4.357767077,4.586911488,1.909245844,2.402472946,0.016284639,0.033706276,ENSMUSG00000050762,ENSMUSG00000050762,Prss27,protein coding gene
ENSMUSG00000049013.3,13.68041617,7.729468686,1.622173771,4.764883285,1.88963E-06,9.56868E-06,ENSMUSG00000049013,ENSMUSG00000049013,Prss48,protein coding gene
ENSMUSG00000044139.12,65.69744825,3.39790959,0.422814659,8.036404411,9.25131E-16,1.48014E-14,ENSMUSG00000044139,ENSMUSG00000044139,Prss53,protein coding gene
ENSMUSG00000043430.5,2.862652243,5.500236591,2.178519766,2.524758635,0.011577778,0.025021514,ENSMUSG00000043430,ENSMUSG00000043430,Psapl1,protein coding gene
ENSMUSG00000033278.9,545.4930669,2.160884789,0.213026648,10.14372993,3.53345E-24,1.27466E-22,ENSMUSG00000033278,ENSMUSG00000033278,Ptprm,protein coding gene
ENSMUSG00000026204.15,519.3648097,3.402446486,0.25721842,13.22784925,6.05966E-40,7.13508E-38,ENSMUSG00000026204,ENSMUSG00000026204,Ptprn,protein coding gene
ENSMUSG00000056553.14,1730.703282,2.20109494,0.221706122,9.92798447,3.14549E-23,1.04479E-21,ENSMUSG00000056553,ENSMUSG00000056553,Ptprn2,protein coding gene
ENSMUSG00000053141.16,126.969658,2.752639618,0.426646853,6.451798722,1.1053E-10,1.02595E-09,ENSMUSG00000053141,ENSMUSG00000053141,Ptprt,protein coding gene
ENSMUSG00000028909.17,212.7530691,2.238429291,0.305069128,7.3374494,2.17703E-13,2.72083E-12,ENSMUSG00000028909,ENSMUSG00000028909,Ptpru,protein coding gene
ENSMUSG00000017311.15,1028.550652,2.749546106,0.251516472,10.93187291,8.11559E-28,3.96491E-26,ENSMUSG00000017311,ENSMUSG00000017311,Pyy,protein coding gene
ENSMUSG00000043102.2,14.3451539,2.590680596,0.897138425,2.887715566,0.003880506,0.009614792,ENSMUSG00000043102,ENSMUSG00000043102,Qrfp,protein coding gene
ENSMUSG00000037098.17,1182.048554,2.583729255,0.214224776,12.06083302,1.70054E-33,1.29136E-31,ENSMUSG00000037098,ENSMUSG00000037098,Rab11fip3,protein coding gene
ENSMUSG00000030055.16,36.37688623,2.631597909,0.529188394,4.972894225,6.59607E-07,3.5927E-06,ENSMUSG00000030055,ENSMUSG00000030055,Rab43,protein coding gene
ENSMUSG00000086022.1,5.628178629,6.462060372,1.83927935,3.513365368,0.000442469,0.001383994,ENSMUSG00000086022,ENSMUSG00000086022,Rad51ap2,protein coding gene
ENSMUSG00000062115.15,1254.627331,2.696825731,0.218969317,12.31599827,7.42902E-35,6.08222E-33,ENSMUSG00000062115,ENSMUSG00000062115,Rai1,protein coding gene
ENSMUSG00000089809.8,5.233274911,3.814188002,1.578741355,2.415967624,0.015693457,0.032676253,ENSMUSG00000089809,ENSMUSG00000089809,Rasgef1b,protein coding gene
ENSMUSG00000032356.12,88.86135657,2.514590351,0.363482065,6.918058945,4.57874E-12,4.93651E-11,ENSMUSG00000032356,ENSMUSG00000032356,Rasgrf1,protein coding gene
ENSMUSG00000030589.15,150.3575301,2.074752216,0.309530571,6.702899205,2.04324E-11,2.05196E-10,ENSMUSG00000030589,ENSMUSG00000030589,Rasgrp4,protein coding gene
ENSMUSG00000038980.1,27.34017952,2.453205455,0.605273414,4.053053378,5.05535E-05,0.000194484,ENSMUSG00000038980,ENSMUSG00000038980,Rbbp8nl,protein coding gene
ENSMUSG00000025576.17,5.733283387,6.445656715,1.908000559,3.378225801,0.000729551,0.002175988,ENSMUSG00000025576,ENSMUSG00000025576,Rbfox3,protein coding gene
ENSMUSG00000041534.8,2.765526386,5.421796518,2.177930596,2.489425755,0.012794964,0.027258554,ENSMUSG00000041534,ENSMUSG00000041534,Rbp3,protein coding gene
ENSMUSG00000042453.14,97.09084828,2.719194224,0.421609155,6.449561612,1.12174E-10,1.04029E-09,ENSMUSG00000042453,ENSMUSG00000042453,Reln,protein coding gene
ENSMUSG00000040121.5,11.72499341,2.265655904,0.900721945,2.515377711,0.011890492,0.025625586,ENSMUSG00000040121,ENSMUSG00000040121,Rep15,protein coding gene
ENSMUSG00000030110.13,168.9262861,2.225558869,0.325879807,6.829385623,8.52791E-12,8.91009E-11,ENSMUSG00000030110,ENSMUSG00000030110,Ret,protein coding gene
ENSMUSG00000047417.17,725.0242363,2.018765362,0.197099382,10.24237288,1.28056E-24,4.81856E-23,ENSMUSG00000047417,ENSMUSG00000047417,Rexo1,protein coding gene
ENSMUSG00000037962.7,73.76427791,4.105208798,0.488015314,8.412049133,4.02909E-17,7.38808E-16,ENSMUSG00000037962,ENSMUSG00000037962,Rflna,protein coding gene
ENSMUSG00000020599.13,138.3152668,4.480978015,0.485254158,9.234290815,2.60003E-20,6.51063E-19,ENSMUSG00000020599,ENSMUSG00000020599,Rgs9,protein coding gene
ENSMUSG00000029420.12,397.5378416,4.042323522,0.322929104,12.51768106,5.97556E-36,5.37518E-34,ENSMUSG00000029420,ENSMUSG00000029420,Rimbp2,protein coding gene
ENSMUSG00000071636.6,10.84105172,3.872455352,1.078021211,3.592188458,0.000327913,0.001056366,ENSMUSG00000071636,ENSMUSG00000071636,Rimbp3,protein coding gene
ENSMUSG00000048899.8,11.67177776,2.804962204,0.921265077,3.044685264,0.002329239,0.006137607,ENSMUSG00000048899,ENSMUSG00000048899,Rimkla,protein coding gene
ENSMUSG00000037386.15,43.82452212,2.872580164,0.558254559,5.145645692,2.66602E-07,1.55301E-06,ENSMUSG00000037386,ENSMUSG00000037386,Rims2,protein coding gene
ENSMUSG00000032890.17,120.809092,2.083418033,0.412248765,5.053788413,4.33131E-07,2.43639E-06,ENSMUSG00000032890,ENSMUSG00000032890,Rims3,protein coding gene
ENSMUSG00000070327.14,2023.864517,2.521733087,0.161151726,15.64819159,3.41795E-55,1.02338E-52,ENSMUSG00000070327,ENSMUSG00000070327,Rnf213,protein coding gene
ENSMUSG00000032850.16,37.40529945,2.666772747,0.553949657,4.814106683,1.4786E-06,7.61985E-06,ENSMUSG00000032850,ENSMUSG00000032850,Rnft2,protein coding gene
ENSMUSG00000022883.10,84.59683636,2.996513119,0.378387405,7.919167178,2.39107E-15,3.66066E-14,ENSMUSG00000022883,ENSMUSG00000022883,Robo1,protein coding gene
ENSMUSG00000052516.17,119.9145285,2.728817806,0.430657217,6.336403286,2.35191E-10,2.08783E-09,ENSMUSG00000052516,ENSMUSG00000052516,Robo2,protein coding gene
ENSMUSG00000039087.16,1186.001377,2.692659799,0.168918391,15.94059584,3.31181E-57,1.13791E-54,ENSMUSG00000039087,ENSMUSG00000039087,Rreb1,protein coding gene
ENSMUSG00000031293.13,3.911163377,5.878036096,2.497657008,2.353420056,0.018601607,0.037723376,ENSMUSG00000031293,ENSMUSG00000031293,Rs1,protein coding gene
ENSMUSG00000040866.13,4.001837307,5.940569807,1.986213219,2.990902362,0.002781544,0.007158446,ENSMUSG00000040866,ENSMUSG00000040866,Rsph6a,protein coding gene
ENSMUSG00000032852.3,21.06803892,2.113530826,0.715406975,2.954305591,0.003133735,0.007939074,ENSMUSG00000032852,ENSMUSG00000032852,Rspo4,protein coding gene
ENSMUSG00000085925.2,60.59400711,5.840578457,0.715579326,8.162027947,3.29446E-16,5.55053E-15,ENSMUSG00000085925,ENSMUSG00000085925,Rtl1,protein coding gene
ENSMUSG00000086965.1,29.25984097,3.499948238,0.643419293,5.439607227,5.33982E-08,3.4553E-07,ENSMUSG00000086965,ENSMUSG00000086965,Rtl10,protein coding gene
ENSMUSG00000043811.5,39.87442377,2.213816362,0.548068348,4.039307089,5.36093E-05,0.000204924,ENSMUSG00000043811,ENSMUSG00000043811,Rtn4r,protein coding gene
ENSMUSG00000050896.12,54.71127163,2.835433587,0.489672437,5.790470067,7.01897E-09,5.14373E-08,ENSMUSG00000050896,ENSMUSG00000050896,Rtn4rl2,protein coding gene
ENSMUSG00000006586.15,97.82618874,2.921508598,0.395095508,7.394436381,1.42009E-13,1.80386E-12,ENSMUSG00000006586,ENSMUSG00000006586,Runx1t1,protein coding gene
ENSMUSG00000049741.4,5.634630555,6.439692103,2.20235768,2.923999204,0.003455656,0.008654212,ENSMUSG00000049741,ENSMUSG00000049741,Rxfp4,protein coding gene
ENSMUSG00000001020.8,16.19175305,4.930467091,1.054254879,4.676731585,2.91483E-06,1.42306E-05,ENSMUSG00000001020,ENSMUSG00000001020,S100a4,protein coding gene
ENSMUSG00000054161.12,16.78512546,2.590758759,0.866154088,2.991106081,0.002779689,0.007158446,ENSMUSG00000054161,ENSMUSG00000054161,Sack1e,protein coding gene
ENSMUSG00000056055.13,15.09238996,2.184527218,0.828262251,2.637482533,0.008352393,0.018829493,ENSMUSG00000056055,ENSMUSG00000056055,Sag,protein coding gene
ENSMUSG00000096351.1,16.32416756,2.785250806,0.858698326,3.243573118,0.001180405,0.003348688,ENSMUSG00000096351,ENSMUSG00000096351,Samd11,protein coding gene
ENSMUSG00000050132.13,78.81891123,2.1284987,0.443067633,4.804004046,1.55524E-06,7.98535E-06,ENSMUSG00000050132,ENSMUSG00000050132,Sarm1,protein coding gene
ENSMUSG00000035673.9,1233.027623,2.318309801,0.665121948,3.485540972,0.000491143,0.001519166,ENSMUSG00000035673,ENSMUSG00000035673,Sbno2,protein coding gene
ENSMUSG00000027777.15,7.456750565,6.857369471,1.749547152,3.919511093,8.87288E-05,0.00032404,ENSMUSG00000027777,ENSMUSG00000027777,Schip1,protein coding gene
ENSMUSG00000057182.14,18.71712333,2.611139599,0.7430675,3.514000544,0.000441412,0.001381654,ENSMUSG00000057182,ENSMUSG00000057182,Scn3a,protein coding gene
ENSMUSG00000032511.17,7.323908192,3.326655534,1.232195078,2.699779923,0.006938536,0.016005368,ENSMUSG00000032511,ENSMUSG00000032511,Scn5a,protein coding gene
ENSMUSG00000023033.14,42.6377503,4.880924886,0.728735009,6.697804861,2.11574E-11,2.12272E-10,ENSMUSG00000023033,ENSMUSG00000023033,Scn8a,protein coding gene
ENSMUSG00000075316.11,34.28078629,3.044591313,0.581853838,5.23257065,1.67169E-07,1.00363E-06,ENSMUSG00000075316,ENSMUSG00000075316,Scn9a,protein coding gene
ENSMUSG00000048385.8,67.35627787,4.985023239,0.539989007,9.231712457,2.66339E-20,6.65696E-19,ENSMUSG00000048385,ENSMUSG00000048385,Scrt1,protein coding gene
ENSMUSG00000039683.16,61.76167221,2.647884429,0.441146346,6.002281222,1.94564E-09,1.5394E-08,ENSMUSG00000039683,ENSMUSG00000039683,Sdk1,protein coding gene
ENSMUSG00000041592.16,418.3560356,5.242064693,0.291269432,17.99730463,2.04534E-72,1.29904E-69,ENSMUSG00000041592,ENSMUSG00000041592,Sdk2,protein coding gene
ENSMUSG00000109392.1,5.095685407,6.254341345,2.053649062,3.045477175,0.002323114,0.006122237,ENSMUSG00000109392,ENSMUSG00000109392,Sdr42e2,protein coding gene
ENSMUSG00000029597.14,12.66170808,2.062108886,0.886904866,2.325062095,0.02006864,0.040393607,ENSMUSG00000029597,ENSMUSG00000029597,Sds,protein coding gene
ENSMUSG00000001103.7,3.597376079,5.858977888,2.353140398,2.489854789,0.01277953,0.027258554,ENSMUSG00000001103,ENSMUSG00000001103,Sebox,protein coding gene
ENSMUSG00000026715.12,14.63116423,2.56796682,0.879599621,2.919472406,0.003506244,0.008772517,ENSMUSG00000026715,ENSMUSG00000026715,Serpinc1,protein coding gene
ENSMUSG00000038384.16,1700.01677,3.020787595,0.213561864,14.1447894,2.01118E-45,3.45511E-43,ENSMUSG00000038384,ENSMUSG00000038384,Setd1b,protein coding gene
ENSMUSG00000058153.14,610.315142,3.652365222,0.255245105,14.30924689,1.91577E-46,3.40276E-44,ENSMUSG00000058153,ENSMUSG00000058153,Sez6l,protein coding gene
ENSMUSG00000030683.11,264.3230217,2.732569317,0.324921974,8.409924646,4.10274E-17,7.50344E-16,ENSMUSG00000030683,ENSMUSG00000030683,Sez6l2,protein coding gene
ENSMUSG00000018822.7,99.13539378,2.57576269,0.439976385,5.854320323,4.78965E-09,3.60065E-08,ENSMUSG00000018822,ENSMUSG00000018822,Sfrp5,protein coding gene
ENSMUSG00000056370.15,12.31435047,5.113483263,1.513450557,3.378691983,0.000728316,0.002172611,ENSMUSG00000056370,ENSMUSG00000056370,Sftpb,protein coding gene
ENSMUSG00000028524.21,17.81396679,2.5208512,0.866405044,2.909552773,0.003619463,0.009035372,ENSMUSG00000028524,ENSMUSG00000028524,Sgip1,protein coding gene
ENSMUSG00000042216.13,354.6685632,2.024665269,0.262597987,7.710132477,1.25687E-14,1.77752E-13,ENSMUSG00000042216,ENSMUSG00000042216,Sgsm1,protein coding gene
ENSMUSG00000037833.13,8.863489599,3.614495417,1.333396281,2.710743587,0.006713252,0.015542146,ENSMUSG00000037833,ENSMUSG00000037833,Sh2d4b,protein coding gene
ENSMUSG00000038738.15,210.8491684,3.545828717,0.275602289,12.86574478,7.01623E-38,7.20849E-36,ENSMUSG00000038738,ENSMUSG00000038738,Shank1,protein coding gene
ENSMUSG00000037541.20,1112.941844,2.639130786,0.238761296,11.05342794,2.11001E-28,1.09465E-26,ENSMUSG00000037541,ENSMUSG00000037541,Shank2,protein coding gene
ENSMUSG00000022623.15,718.8035183,3.004909152,0.24859718,12.08746276,1.23028E-33,9.3765E-32,ENSMUSG00000022623,ENSMUSG00000022623,Shank3,protein coding gene
ENSMUSG00000021448.6,3.60535498,5.798833173,2.159597719,2.685145071,0.007249833,0.016644676,ENSMUSG00000021448,ENSMUSG00000021448,Shc3,protein coding gene
ENSMUSG00000096883.1,20.93750776,2.537541351,0.81419572,3.116623299,0.001829352,0.00493899,ENSMUSG00000096883,ENSMUSG00000096883,Shisa8,protein coding gene
ENSMUSG00000029381.15,1682.652011,2.372958282,0.568288064,4.175625769,2.97168E-05,0.000119822,ENSMUSG00000029381,ENSMUSG00000029381,Shroom3,protein coding gene
ENSMUSG00000027322.11,398.9501963,2.341980469,0.292389869,8.009786648,1.14908E-15,1.81352E-14,ENSMUSG00000027322,ENSMUSG00000027322,Siglec1,protein coding gene
ENSMUSG00000030583.16,1372.298428,2.5557243,0.18735022,13.64142674,2.27074E-42,3.01218E-40,ENSMUSG00000030583,ENSMUSG00000030583,Sipa1l3,protein coding gene
ENSMUSG00000017740.17,57.52106715,2.647081032,0.467859582,5.657853622,1.53278E-08,1.08057E-07,ENSMUSG00000017740,ENSMUSG00000017740,Slc12a5,protein coding gene
ENSMUSG00000029843.4,7.157054098,2.608851713,1.156662926,2.255498689,0.024102044,0.047463819,ENSMUSG00000029843,ENSMUSG00000029843,Slc13a4,protein coding gene
ENSMUSG00000032988.3,30.57979516,2.539222849,0.55049531,4.61261486,3.97635E-06,1.89798E-05,ENSMUSG00000032988,ENSMUSG00000032988,Slc16a8,protein coding gene
ENSMUSG00000040918.12,479.7903062,2.012258298,0.223957783,8.984989354,2.58759E-19,5.87577E-18,ENSMUSG00000040918,ENSMUSG00000040918,Slc19a2,protein coding gene
ENSMUSG00000024354.11,20.8519336,3.293445797,0.815742927,4.037357469,5.40567E-05,0.000206483,ENSMUSG00000024354,ENSMUSG00000024354,Slc23a1,protein coding gene
ENSMUSG00000034452.7,5.028506386,3.848785349,1.598798499,2.407298575,0.016071025,0.033326666,ENSMUSG00000034452,ENSMUSG00000034452,Slc24a1,protein coding gene
ENSMUSG00000037996.17,70.52781633,2.627813932,0.42556517,6.174880173,6.62137E-10,5.55776E-09,ENSMUSG00000037996,ENSMUSG00000037996,Slc24a2,protein coding gene
ENSMUSG00000004902.7,27.07405103,4.690140582,0.852702104,5.500327207,3.79087E-08,2.50957E-07,ENSMUSG00000004902,ENSMUSG00000004902,Slc25a18,protein coding gene
ENSMUSG00000046959.16,93.38817854,7.480430988,0.897776376,8.332176236,7.93697E-17,1.41575E-15,ENSMUSG00000046959,ENSMUSG00000046959,Slc26a1,protein coding gene
ENSMUSG00000050822.11,87.83191523,3.698696006,0.457172389,8.090374873,5.94814E-16,9.69417E-15,ENSMUSG00000050822,ENSMUSG00000050822,Slc29a4,protein coding gene
ENSMUSG00000036067.12,78.35868691,2.419469349,0.414280042,5.840178385,5.2145E-09,3.89627E-08,ENSMUSG00000036067,ENSMUSG00000036067,Slc2a6,protein coding gene
ENSMUSG00000022315.3,313.4054992,2.191240428,0.268658816,8.156220071,3.45672E-16,5.81456E-15,ENSMUSG00000022315,ENSMUSG00000022315,Slc30a8,protein coding gene
ENSMUSG00000050473.4,19.05845912,2.39992047,0.793192519,3.025646881,0.002481019,0.006484558,ENSMUSG00000050473,ENSMUSG00000050473,Slc35d3,protein coding gene
ENSMUSG00000024131.7,8.089135231,2.372845146,1.011065422,2.346875973,0.018931555,0.038322047,ENSMUSG00000024131,ENSMUSG00000024131,Slc3a1,protein coding gene
ENSMUSG00000039838.11,6.377333293,6.59238973,1.858287569,3.547561658,0.000388815,0.001233041,ENSMUSG00000039838,ENSMUSG00000039838,Slc45a1,protein coding gene
ENSMUSG00000026904.17,10.07617942,2.298043789,0.951395248,2.41544594,0.015715955,0.032700358,ENSMUSG00000026904,ENSMUSG00000026904,Slc4a10,protein coding gene
ENSMUSG00000074796.10,18.15321924,2.555543282,0.703476896,3.632732355,0.000280436,0.000919965,ENSMUSG00000074796,ENSMUSG00000074796,Slc4a11,protein coding gene
ENSMUSG00000068323.12,5.76718255,4.938140354,2.196290945,2.248399906,0.024550701,0.04826094,ENSMUSG00000068323,ENSMUSG00000068323,Slc4a5,protein coding gene
ENSMUSG00000042371.12,6.222018253,4.074484329,1.479551374,2.753864718,0.005889611,0.013875939,ENSMUSG00000042371,ENSMUSG00000042371,Slc5a10,protein coding gene
ENSMUSG00000030781.13,16.74207307,8.020754427,1.589366483,5.046510362,4.49953E-07,2.52356E-06,ENSMUSG00000030781,ENSMUSG00000030781,Slc5a2,protein coding gene
ENSMUSG00000038528.14,3.657143872,5.797535722,2.049541544,2.828698807,0.004673766,0.011325872,ENSMUSG00000038528,ENSMUSG00000038528,Slc60a2c,protein coding gene
ENSMUSG00000027894.14,72.53674438,2.608653547,0.435825241,5.985549484,2.15661E-09,1.69163E-08,ENSMUSG00000027894,ENSMUSG00000027894,Slc6a17,protein coding gene
ENSMUSG00000025243.14,5.845862312,6.541738363,1.872300517,3.493957462,0.000475917,0.001477083,ENSMUSG00000025243,ENSMUSG00000025243,Slc6a20b,protein coding gene
ENSMUSG00000069072.9,222.241657,3.859523024,0.357706757,10.7896285,3.85344E-27,1.78288E-25,ENSMUSG00000069072,ENSMUSG00000069072,Slc7a14,protein coding gene
ENSMUSG00000020600.13,14.49016505,5.367924465,1.263468501,4.24856216,2.15147E-05,8.95584E-05,ENSMUSG00000020600,ENSMUSG00000020600,Slc7a15,protein coding gene
ENSMUSG00000054640.14,76.84314266,2.144535683,0.406970704,5.269508747,1.36789E-07,8.30524E-07,ENSMUSG00000054640,ENSMUSG00000054640,Slc8a1,protein coding gene
ENSMUSG00000038963.15,57.34656495,2.085955436,0.437803578,4.764592022,1.89236E-06,9.58019E-06,ENSMUSG00000038963,ENSMUSG00000038963,Slco4a1,protein coding gene
ENSMUSG00000047518.3,10.13160302,7.271890475,1.712655683,4.245973402,2.17646E-05,9.0491E-05,ENSMUSG00000047518,ENSMUSG00000047518,Slfnl1,protein coding gene
ENSMUSG00000025020.11,12.75581629,2.532505025,0.945068015,2.67970663,0.007368671,0.016893809,ENSMUSG00000025020,ENSMUSG00000025020,Slit1,protein coding gene
ENSMUSG00000056427.10,2117.040228,2.354500119,0.177404853,13.27190368,3.36912E-40,4.0817E-38,ENSMUSG00000056427,ENSMUSG00000056427,Slit3,protein coding gene
ENSMUSG00000022596.3,6.077976822,6.53580627,1.851642625,3.529734183,0.000415977,0.001312232,ENSMUSG00000022596,ENSMUSG00000022596,Slurp1,protein coding gene
ENSMUSG00000032187.16,1925.802392,2.034377626,0.140534811,14.47596938,1.71885E-47,3.30509E-45,ENSMUSG00000032187,ENSMUSG00000032187,Smarca4,protein coding gene
ENSMUSG00000110086.1,53.32752889,3.816408491,0.576469901,6.620308338,3.5845E-11,3.52381E-10,ENSMUSG00000110086,ENSMUSG00000110086,Smim32,protein coding gene
ENSMUSG00000027273.13,51.79024831,2.199524267,0.422329186,5.208080187,1.90804E-07,1.13739E-06,ENSMUSG00000027273,ENSMUSG00000027273,Snap25,protein coding gene
ENSMUSG00000033419.15,17.2512245,2.449162332,0.733252639,3.340134357,0.000837379,0.002465554,ENSMUSG00000033419,ENSMUSG00000033419,Snap91,protein coding gene
ENSMUSG00000034891.13,19.13640701,3.05281504,0.757331392,4.03101611,5.55362E-05,0.000211326,ENSMUSG00000034891,ENSMUSG00000034891,Sncb,protein coding gene
ENSMUSG00000047793.13,1004.694808,2.847262095,0.248908942,11.43897069,2.67035E-30,1.61291E-28,ENSMUSG00000047793,ENSMUSG00000047793,Sned1,protein coding gene
ENSMUSG00000044349.15,122.6039183,2.018936479,0.469340791,4.301642893,1.69536E-05,7.21338E-05,ENSMUSG00000044349,ENSMUSG00000044349,Snhg11,protein coding gene
ENSMUSG00000027457.15,122.5154094,3.226634013,0.356531934,9.050056121,1.42895E-19,3.29839E-18,ENSMUSG00000027457,ENSMUSG00000027457,Snph,protein coding gene
ENSMUSG00000020018.6,9.150662776,2.377535956,0.970697955,2.449305618,0.014313194,0.03013463,ENSMUSG00000020018,ENSMUSG00000020018,Snrpf,protein coding gene
ENSMUSG00000071669.14,125.6031659,2.720019256,0.338291168,8.040467831,8.94961E-16,1.43406E-14,ENSMUSG00000071669,ENSMUSG00000071669,Snx29,protein coding gene
ENSMUSG00000038248.8,95.13872121,2.556367361,0.401037838,6.37437947,1.83705E-10,1.65675E-09,ENSMUSG00000038248,ENSMUSG00000038248,Sobp,protein coding gene
ENSMUSG00000037708.16,10.25924339,3.863255913,1.188027699,3.251823097,0.001146674,0.003262712,ENSMUSG00000037708,ENSMUSG00000037708,Spag6,protein coding gene
ENSMUSG00000066196.11,10.2204596,3.450447188,1.017582703,3.390827279,0.00069682,0.002088766,ENSMUSG00000066196,ENSMUSG00000066196,Spag8,protein coding gene
ENSMUSG00000029155.16,4.563255123,3.67230906,1.607554548,2.284407123,0.022347615,0.044400765,ENSMUSG00000029155,ENSMUSG00000029155,Spata18,protein coding gene
ENSMUSG00000045004.3,8.353152458,5.57416042,1.737556139,3.208046229,0.0013364,0.0037401,ENSMUSG00000045004,ENSMUSG00000045004,Spata21,protein coding gene
ENSMUSG00000050141.13,10.61038875,3.895078,1.156584676,3.367741318,0.000757867,0.002248602,ENSMUSG00000050141,ENSMUSG00000050141,Spata31f3,protein coding gene
ENSMUSG00000028451.12,7.576349089,4.418555008,1.425895946,3.098792041,0.001943114,0.005215228,ENSMUSG00000028451,ENSMUSG00000028451,Spata31g1,protein coding gene
ENSMUSG00000026207.16,128.5801897,2.12771288,0.276710291,7.689316042,1.47924E-14,2.07519E-13,ENSMUSG00000026207,ENSMUSG00000026207,Speg,protein coding gene
ENSMUSG00000040761.16,1813.152522,3.334055131,0.208220058,16.01217081,1.05079E-57,3.79715E-55,ENSMUSG00000040761,ENSMUSG00000040761,Spen,protein coding gene
ENSMUSG00000026163.17,218.0958609,2.796935039,0.331066957,8.448245826,2.95712E-17,5.50429E-16,ENSMUSG00000026163,ENSMUSG00000026163,Sphkap,protein coding gene
ENSMUSG00000028441.12,7.325486801,2.675739841,1.160429187,2.30581915,0.02112074,0.042291925,ENSMUSG00000028441,ENSMUSG00000028441,Spmip6,protein coding gene
ENSMUSG00000056222.14,38.19176055,2.814303765,0.548561699,5.13033223,2.89231E-07,1.67505E-06,ENSMUSG00000056222,ENSMUSG00000056222,Spock1,protein coding gene
ENSMUSG00000011751.16,110.6543662,4.057251977,0.489239772,8.292972504,1.10453E-16,1.947E-15,ENSMUSG00000011751,ENSMUSG00000011751,Sptbn4,protein coding gene
ENSMUSG00000071112.12,10.2719198,2.285479216,0.95161395,2.401687383,0.016319648,0.033752073,ENSMUSG00000071112,ENSMUSG00000071112,Spx,protein coding gene
ENSMUSG00000053877.12,159.8691388,4.773552296,0.391582539,12.19041154,3.49651E-34,2.7447E-32,ENSMUSG00000053877,ENSMUSG00000053877,Srcap,protein coding gene
ENSMUSG00000020121.15,49.62862319,2.289578313,0.481317727,4.756895877,1.96593E-06,9.90715E-06,ENSMUSG00000020121,ENSMUSG00000020121,Srgap1,protein coding gene
ENSMUSG00000039218.16,11121.19787,2.646948486,0.222042715,11.92089766,9.21107E-33,6.5889E-31,ENSMUSG00000039218,ENSMUSG00000039218,Srrm2,protein coding gene
ENSMUSG00000039860.19,37.91120123,4.698838907,0.701303776,6.700147734,2.08209E-11,2.08997E-10,ENSMUSG00000039860,ENSMUSG00000039860,Srrm3,protein coding gene
ENSMUSG00000042121.16,574.5720306,2.162540305,0.168519528,12.83257988,1.07717E-37,1.0854E-35,ENSMUSG00000042121,ENSMUSG00000042121,Ssh1,protein coding gene
ENSMUSG00000029797.12,40.80650378,3.410222856,0.567316618,6.01114571,1.84217E-09,1.46305E-08,ENSMUSG00000029797,ENSMUSG00000029797,Sspo,protein coding gene
ENSMUSG00000004366.3,2751.347706,2.883233963,0.319459904,9.025339105,1.7914E-19,4.11687E-18,ENSMUSG00000004366,ENSMUSG00000004366,Sst,protein coding gene
ENSMUSG00000044933.2,192.5876629,3.190513098,0.332584912,9.593078293,8.54954E-22,2.47842E-20,ENSMUSG00000044933,ENSMUSG00000044933,Sstr3,protein coding gene
ENSMUSG00000037014.4,38.25045593,2.954499604,0.556893008,5.305327166,1.12471E-07,6.91691E-07,ENSMUSG00000037014,ENSMUSG00000037014,Sstr4,protein coding gene
ENSMUSG00000033740.17,83.42549985,3.361974129,0.450441276,7.463734585,8.41039E-14,1.09283E-12,ENSMUSG00000033740,ENSMUSG00000033740,St18,protein coding gene
ENSMUSG00000110170.1,50.50813096,2.422528524,0.480504752,5.041632812,4.61576E-07,2.5853E-06,ENSMUSG00000110170,ENSMUSG00000110170,St6galnac2,protein coding gene
ENSMUSG00000035459.15,22.64420827,2.128331318,0.790714611,2.691655483,0.007109835,0.016366285,ENSMUSG00000035459,ENSMUSG00000035459,Stab2,protein coding gene
ENSMUSG00000033705.16,387.4038705,2.423027153,0.380910082,6.361152584,2.00245E-10,1.7951E-09,ENSMUSG00000033705,ENSMUSG00000033705,Stard9,protein coding gene
ENSMUSG00000039954.8,83.61296779,2.373143104,0.423522805,5.60334196,2.10258E-08,1.45056E-07,ENSMUSG00000039954,ENSMUSG00000039954,Stk32a,protein coding gene
ENSMUSG00000049897.14,29.15558423,2.25797687,0.610626437,3.697803983,0.000217473,0.000731153,ENSMUSG00000049897,ENSMUSG00000049897,Stkld1,protein coding gene
ENSMUSG00000020961.14,150.6515677,3.720293604,0.314625651,11.82450825,2.91605E-32,2.01045E-30,ENSMUSG00000020961,ENSMUSG00000020961,Ston2,protein coding gene
ENSMUSG00000038143.15,504.079951,2.226429043,0.2023767,11.00140996,3.76203E-28,1.90916E-26,ENSMUSG00000038143,ENSMUSG00000038143,Stox2,protein coding gene
ENSMUSG00000007207.10,129.9709153,2.561668708,0.365015221,7.017977777,2.25102E-12,2.52565E-11,ENSMUSG00000007207,ENSMUSG00000007207,Stx1a,protein coding gene
ENSMUSG00000022829.14,15.06360286,3.7622027,0.934747021,4.024835185,5.70152E-05,0.000216286,ENSMUSG00000022829,ENSMUSG00000022829,Stxbp5l,protein coding gene
ENSMUSG00000042078.14,8.087556623,2.847920359,1.084113488,2.626957778,0.008615202,0.019384436,ENSMUSG00000042078,ENSMUSG00000042078,Svop,protein coding gene
ENSMUSG00000037217.15,99.54112011,4.207345843,0.460414231,9.138175063,6.35151E-20,1.5059E-18,ENSMUSG00000037217,ENSMUSG00000037217,Syn1,protein coding gene
ENSMUSG00000059602.14,79.56149606,3.891473938,0.446551316,8.71450558,2.9203E-18,5.94239E-17,ENSMUSG00000059602,ENSMUSG00000059602,Syn3,protein coding gene
ENSMUSG00000071234.2,75.40464819,3.09905701,0.497863278,6.224714987,4.82432E-10,4.11865E-09,ENSMUSG00000071234,ENSMUSG00000071234,Syndig1l,protein coding gene
ENSMUSG00000096054.2,903.8389866,2.049476593,0.2106112,9.731090233,2.22199E-22,6.78872E-21,ENSMUSG00000096054,ENSMUSG00000096054,Syne1,protein coding gene
ENSMUSG00000063450.14,1798.389006,2.712741271,0.267148472,10.15443304,3.16645E-24,1.15018E-22,ENSMUSG00000063450,ENSMUSG00000063450,Syne2,protein coding gene
ENSMUSG00000054150.11,152.8365718,2.262822951,0.292564952,7.734429362,1.03868E-14,1.48497E-13,ENSMUSG00000054150,ENSMUSG00000054150,Syne3,protein coding gene
ENSMUSG00000067629.11,332.2597715,2.257389929,0.245616334,9.190715835,3.90236E-20,9.51041E-19,ENSMUSG00000067629,ENSMUSG00000067629,Syngap1,protein coding gene
ENSMUSG00000040231.16,9.166772427,2.545778795,0.996166104,2.55557661,0.010601202,0.023165943,ENSMUSG00000040231,ENSMUSG00000040231,Syngr4,protein coding gene
ENSMUSG00000026452.15,19.90427218,3.011172607,0.700482724,4.29871074,1.71795E-05,7.29909E-05,ENSMUSG00000026452,ENSMUSG00000026452,Syt2,protein coding gene
ENSMUSG00000027849.18,6.639394638,4.215519501,1.476214969,2.85562712,0.004295192,0.010504427,ENSMUSG00000027849,ENSMUSG00000027849,Syt6,protein coding gene
ENSMUSG00000054453.11,30.34712467,2.172728891,0.614668085,3.534800231,0.000408084,0.001290633,ENSMUSG00000054453,ENSMUSG00000054453,Sytl5,protein coding gene
ENSMUSG00000033253.18,1187.141402,2.92098103,0.236672061,12.34189204,5.38748E-35,4.44552E-33,ENSMUSG00000033253,ENSMUSG00000033253,Szt2,protein coding gene
ENSMUSG00000058159.13,12.66524257,3.064598573,1.024739667,2.990611833,0.002784192,0.0071635,ENSMUSG00000058159,ENSMUSG00000058159,T2,protein coding gene
ENSMUSG00000020872.4,7.227666203,4.368434195,1.425284998,3.064954868,0.002177028,0.00577647,ENSMUSG00000020872,ENSMUSG00000020872,Tac4,protein coding gene
ENSMUSG00000055865.8,7.532590733,3.303436528,1.184778847,2.788230509,0.005299682,0.012643829,ENSMUSG00000055865,ENSMUSG00000055865,Tafa3,protein coding gene
ENSMUSG00000029072.3,99.02991905,4.189420983,0.518411786,8.081261069,6.41004E-16,1.04065E-14,ENSMUSG00000029072,ENSMUSG00000029072,Tas1r3,protein coding gene
ENSMUSG00000046652.3,3.162008713,5.613104166,2.454957951,2.28643597,0.022228766,0.044198151,ENSMUSG00000046652,ENSMUSG00000046652,Tas2r143,protein coding gene
ENSMUSG00000001670.13,44.73014116,2.311033197,0.523314168,4.416148731,1.00475E-05,4.45401E-05,ENSMUSG00000001670,ENSMUSG00000001670,Tat,protein coding gene
ENSMUSG00000041852.14,897.4271949,2.10091288,0.153119968,13.72069827,7.63268E-43,1.06649E-40,ENSMUSG00000041852,ENSMUSG00000041852,Tcf20,protein coding gene
ENSMUSG00000062859.14,20.91605586,2.671206835,0.829689915,3.219524291,0.001284035,0.003609938,ENSMUSG00000062859,ENSMUSG00000062859,Tcp11,protein coding gene
ENSMUSG00000047053.5,3.58192301,5.784715759,2.070118251,2.794389043,0.005199788,0.01242814,ENSMUSG00000047053,ENSMUSG00000047053,Teddm1a,protein coding gene
ENSMUSG00000045968.7,9.852763337,2.153945444,0.921881184,2.336467522,0.019466888,0.039291845,ENSMUSG00000045968,ENSMUSG00000045968,Teddm2,protein coding gene
ENSMUSG00000016150.15,11.01949689,2.038634808,0.909982214,2.240301818,0.025071335,0.049178298,ENSMUSG00000016150,ENSMUSG00000016150,Tenm1,protein coding gene
ENSMUSG00000049336.16,53.22522257,5.075205254,0.653758679,7.763117211,8.2867E-15,1.1978E-13,ENSMUSG00000049336,ENSMUSG00000049336,Tenm2,protein coding gene
ENSMUSG00000031561.15,146.7668379,2.424769868,0.339460747,7.143005157,9.13122E-13,1.06382E-11,ENSMUSG00000031561,ENSMUSG00000031561,Tenm3,protein coding gene
ENSMUSG00000048078.16,614.2929541,2.614168288,0.178272617,14.66388017,1.09814E-48,2.34856E-46,ENSMUSG00000048078,ENSMUSG00000048078,Tenm4,protein coding gene
ENSMUSG00000052616.10,15.79321359,2.955627606,0.830716218,3.557926935,0.000373793,0.001190447,ENSMUSG00000052616,ENSMUSG00000052616,Terb1,protein coding gene
ENSMUSG00000021611.8,46.24107814,2.234310182,0.462443135,4.831534973,1.35484E-06,7.0462E-06,ENSMUSG00000021611,ENSMUSG00000021611,Tert,protein coding gene
ENSMUSG00000034832.15,1175.676896,2.351861865,0.174734679,13.45961704,2.70314E-41,3.45457E-39,ENSMUSG00000034832,ENSMUSG00000034832,Tet3,protein coding gene
ENSMUSG00000042477.7,3.907937414,5.868220359,2.1325034,2.751798829,0.005926892,0.013948094,ENSMUSG00000042477,ENSMUSG00000042477,Tfap2e,protein coding gene
ENSMUSG00000000214.11,32.31315984,2.879850078,0.567307102,5.076351181,3.84752E-07,2.18344E-06,ENSMUSG00000000214,ENSMUSG00000000214,Th,protein coding gene
ENSMUSG00000024251.9,330.2297184,2.462386724,0.207595553,11.86146183,1.8767E-32,1.30244E-30,ENSMUSG00000024251,ENSMUSG00000024251,Thada,protein coding gene
ENSMUSG00000034771.15,664.1996721,2.153565221,0.243442371,8.846304014,9.04656E-19,1.92886E-17,ENSMUSG00000034771,ENSMUSG00000034771,Tle2,protein coding gene
ENSMUSG00000052698.14,480.4982481,2.13764014,0.263926904,8.099364278,5.52471E-16,9.04628E-15,ENSMUSG00000052698,ENSMUSG00000052698,Tln2,protein coding gene
ENSMUSG00000045322.10,136.1519717,2.490045815,0.523005578,4.761031083,1.92606E-06,9.73201E-06,ENSMUSG00000045322,ENSMUSG00000045322,Tlr9,protein coding gene
ENSMUSG00000068327.5,4.938791758,6.257201759,1.888714762,3.312941628,0.000923202,0.002688911,ENSMUSG00000068327,ENSMUSG00000068327,Tlx2,protein coding gene
ENSMUSG00000026149.2,3.454913258,5.768834534,2.054730979,2.807586294,0.00499143,0.011993765,ENSMUSG00000026149,ENSMUSG00000026149,Tm4sf20,protein coding gene
ENSMUSG00000036151.15,95.60591863,2.135555283,0.479246768,4.45606611,8.34773E-06,3.7529E-05,ENSMUSG00000036151,ENSMUSG00000036151,Tm6sf2,protein coding gene
ENSMUSG00000038540.14,194.3697448,3.893728697,0.396981725,9.808332353,1.03668E-22,3.26732E-21,ENSMUSG00000038540,ENSMUSG00000038540,Tmc3,protein coding gene
ENSMUSG00000030650.18,161.5536953,2.510225261,0.970992471,2.585215989,0.009731801,0.021517968,ENSMUSG00000030650,ENSMUSG00000030650,Tmc5,protein coding gene
ENSMUSG00000049036.7,7.174943826,2.960319756,1.197899666,2.471258521,0.013463845,0.028521197,ENSMUSG00000049036,ENSMUSG00000049036,Tmem121,protein coding gene
ENSMUSG00000070498.3,44.57239985,3.325428887,0.571337542,5.82042775,5.86972E-09,4.34712E-08,ENSMUSG00000070498,ENSMUSG00000070498,Tmem132b,protein coding gene
ENSMUSG00000020701.12,7.200812455,3.316927376,1.294254939,2.562808358,0.010382934,0.022770317,ENSMUSG00000020701,ENSMUSG00000020701,Tmem132e,protein coding gene
ENSMUSG00000043843.16,12.25472105,4.119141123,1.089577819,3.780492821,0.000156518,0.00054142,ENSMUSG00000043843,ENSMUSG00000043843,Tmem145,protein coding gene
ENSMUSG00000096847.1,9.074721356,3.677963582,1.204584224,3.053305455,0.002263354,0.005987378,ENSMUSG00000096847,ENSMUSG00000096847,Tmem151b,protein coding gene
ENSMUSG00000026347.13,35.02619137,2.145179683,0.590529695,3.632636431,0.00028054,0.000920163,ENSMUSG00000026347,ENSMUSG00000026347,Tmem163,protein coding gene
ENSMUSG00000057716.6,72.71399166,2.308250731,0.478153842,4.827422738,1.38311E-06,7.18075E-06,ENSMUSG00000057716,ENSMUSG00000057716,Tmem178b,protein coding gene
ENSMUSG00000013091.5,32.47847486,2.375143267,0.543748762,4.368089518,1.25338E-05,5.4616E-05,ENSMUSG00000013091,ENSMUSG00000013091,Tmem190,protein coding gene
ENSMUSG00000046593.3,111.3055559,2.457616497,0.346258038,7.097644603,1.26901E-12,1.45578E-11,ENSMUSG00000046593,ENSMUSG00000046593,Tmem215,protein coding gene
ENSMUSG00000084845.9,37.06463155,2.862905166,0.560942407,5.103741722,3.33003E-07,1.91059E-06,ENSMUSG00000084845,ENSMUSG00000084845,Tmem240,protein coding gene
ENSMUSG00000072571.2,32.52201134,3.474537974,0.639344419,5.434532419,5.49403E-08,3.54415E-07,ENSMUSG00000072571,ENSMUSG00000072571,Tmem253,protein coding gene
ENSMUSG00000035964.8,42.35773847,2.078668162,0.529635785,3.924712458,8.68334E-05,0.000318172,ENSMUSG00000035964,ENSMUSG00000035964,Tmem59l,protein coding gene
ENSMUSG00000034145.14,16.62204564,3.692390399,0.841932762,4.385611972,1.1566E-05,5.07882E-05,ENSMUSG00000034145,ENSMUSG00000034145,Tmem63c,protein coding gene
ENSMUSG00000061702.10,16.17654098,2.616741074,0.960969575,2.723021771,0.006468779,0.015042622,ENSMUSG00000061702,ENSMUSG00000061702,Tmem91,protein coding gene
ENSMUSG00000020747.17,823.8429402,2.034170985,0.199012393,10.22132822,1.59145E-24,5.93509E-23,ENSMUSG00000020747,ENSMUSG00000020747,Tmem94,protein coding gene
ENSMUSG00000094845.1,5.40634115,3.369853895,1.488838693,2.263411014,0.023610364,0.046639927,ENSMUSG00000094845,ENSMUSG00000094845,Tmem95,protein coding gene
ENSMUSG00000059406.7,23.34499359,2.562863689,0.802186497,3.194847703,0.001399046,0.003896175,ENSMUSG00000059406,ENSMUSG00000059406,Tmprss9,protein coding gene
ENSMUSG00000028364.15,97.46554892,2.271552207,0.377919918,6.010670781,1.84757E-09,1.46624E-08,ENSMUSG00000028364,ENSMUSG00000028364,Tnc,protein coding gene
ENSMUSG00000041954.18,44.9412229,2.496876082,0.488324182,5.113152642,3.16826E-07,1.82277E-06,ENSMUSG00000041954,ENSMUSG00000041954,Tnfrsf18,protein coding gene
ENSMUSG00000029075.6,26.92439305,2.331509088,0.67395224,3.459457438,0.000541265,0.001663734,ENSMUSG00000029075,ENSMUSG00000029075,Tnfrsf4,protein coding gene
ENSMUSG00000015829.13,184.4472763,4.330643448,0.384003915,11.27760233,1.69297E-29,9.56416E-28,ENSMUSG00000015829,ENSMUSG00000015829,Tnr,protein coding gene
ENSMUSG00000039477.16,1971.748199,2.696901678,0.175265259,15.38754286,1.98425E-53,5.69698E-51,ENSMUSG00000039477,ENSMUSG00000039477,Tnrc18,protein coding gene
ENSMUSG00000047888.9,933.0060815,2.306990678,0.168221607,13.71399735,8.37156E-43,1.15434E-40,ENSMUSG00000047888,ENSMUSG00000047888,Tnrc6b,protein coding gene
ENSMUSG00000025571.13,875.1178729,2.042224536,0.197976381,10.31549583,5.99709E-25,2.32765E-23,ENSMUSG00000025571,ENSMUSG00000025571,Tnrc6c,protein coding gene
ENSMUSG00000037003.15,1922.64591,2.256711571,0.157504718,14.32789825,1.46487E-46,2.62412E-44,ENSMUSG00000037003,ENSMUSG00000037003,Tns2,protein coding gene
ENSMUSG00000033327.16,3062.968906,2.553466847,0.233466195,10.9372016,7.65256E-28,3.74743E-26,ENSMUSG00000033327,ENSMUSG00000033327,Tnxb,protein coding gene
ENSMUSG00000045761.15,7.673304947,3.033880204,1.172181323,2.588234554,0.009646927,0.021352829,ENSMUSG00000045761,ENSMUSG00000045761,Togaram2,protein coding gene
ENSMUSG00000070298.5,6.175102679,6.570646427,1.815450772,3.619291985,0.00029541,0.00096231,ENSMUSG00000070298,ENSMUSG00000070298,Trcg1,protein coding gene
ENSMUSG00000064043.13,216.4401821,2.602181227,0.251461576,10.34822604,4.26311E-25,1.67637E-23,ENSMUSG00000064043,ENSMUSG00000064043,Trerf1,protein coding gene
ENSMUSG00000036964.14,29.81403772,3.323340609,0.615600557,5.398534113,6.71876E-08,4.26723E-07,ENSMUSG00000036964,ENSMUSG00000036964,Trim17,protein coding gene
ENSMUSG00000036913.14,14.64919249,3.354277166,1.031583385,3.251581224,0.00114765,0.003263724,ENSMUSG00000036913,ENSMUSG00000036913,Trim67,protein coding gene
ENSMUSG00000021071.15,47.49485991,2.723335531,0.476160589,5.719363573,1.06924E-08,7.66683E-08,ENSMUSG00000021071,ENSMUSG00000021071,Trim9,protein coding gene
ENSMUSG00000022263.9,1614.299417,3.233734713,0.188683774,17.13838261,7.67562E-66,3.92374E-63,ENSMUSG00000022263,ENSMUSG00000022263,Trio,protein coding gene
ENSMUSG00000021541.13,7.56501254,3.255494899,1.316018917,2.473744759,0.013370518,0.028343246,ENSMUSG00000021541,ENSMUSG00000021541,Trpc7,protein coding gene
ENSMUSG00000052387.15,31.32853174,4.865315964,0.763978975,6.368389868,1.91023E-10,1.71937E-09,ENSMUSG00000052387,ENSMUSG00000052387,Trpm3,protein coding gene
ENSMUSG00000009246.14,113.7708158,3.478257977,0.387358865,8.979420106,2.72198E-19,6.16756E-18,ENSMUSG00000009246,ENSMUSG00000009246,Trpm5,protein coding gene
ENSMUSG00000045482.15,1638.457056,2.677368306,0.190765809,14.03484366,9.54066E-45,1.53817E-42,ENSMUSG00000045482,ENSMUSG00000045482,Trrap,protein coding gene
ENSMUSG00000027857.10,3.956500342,5.892928462,2.090152229,2.819377642,0.004811687,0.011633193,ENSMUSG00000027857,ENSMUSG00000027857,Tshb,protein coding gene
ENSMUSG00000000411.7,4.639435287,6.189346982,1.949547426,3.174760921,0.0014996,0.004139899,ENSMUSG00000000411,ENSMUSG00000000411,Tssk3,protein coding gene
ENSMUSG00000007591.14,12.74839256,2.120226926,0.83117605,2.550875866,0.010745259,0.02343739,ENSMUSG00000007591,ENSMUSG00000007591,Tssk4,protein coding gene
ENSMUSG00000060794.6,9.045733823,7.104097584,1.786154973,3.977313105,6.96984E-05,0.000260644,ENSMUSG00000060794,ENSMUSG00000060794,Tssk5,protein coding gene
ENSMUSG00000015599.8,11.11705165,3.874658636,1.160039906,3.340108057,0.000837458,0.002465554,ENSMUSG00000015599,ENSMUSG00000015599,Ttbk1,protein coding gene
ENSMUSG00000039021.15,23.42243834,2.428533287,0.739886539,3.282304999,0.001029622,0.002965894,ENSMUSG00000039021,ENSMUSG00000039021,Ttc16,protein coding gene
ENSMUSG00000032514.11,8.970235904,2.57985788,1.029535097,2.505847433,0.012215832,0.026222001,ENSMUSG00000032514,ENSMUSG00000032514,Ttc21a,protein coding gene
ENSMUSG00000033209.17,899.4127256,3.174563069,0.215899772,14.7038741,6.0875E-49,1.35732E-46,ENSMUSG00000033209,ENSMUSG00000033209,Ttc28,protein coding gene
ENSMUSG00000029074.14,192.5174224,2.941719531,0.319137208,9.2177266,3.03466E-20,7.5004E-19,ENSMUSG00000029074,ENSMUSG00000029074,Ttll10,protein coding gene
ENSMUSG00000030276.19,112.2576243,2.240941961,0.295450481,7.584830965,3.32921E-14,4.48546E-13,ENSMUSG00000030276,ENSMUSG00000030276,Ttll3,protein coding gene
ENSMUSG00000022388.14,5.691203854,4.990613062,1.804614241,2.765473612,0.00568402,0.013464216,ENSMUSG00000022388,ENSMUSG00000022388,Ttll8,protein coding gene
ENSMUSG00000051747.14,182.2319108,5.247014922,0.416211321,12.60661269,1.9416E-36,1.80062E-34,ENSMUSG00000051747,ENSMUSG00000051747,Ttn,protein coding gene
ENSMUSG00000062380.3,33.64760676,2.353225309,0.544892785,4.318694199,1.56955E-05,6.73137E-05,ENSMUSG00000062380,ENSMUSG00000062380,Tubb3,protein coding gene
ENSMUSG00000062591.5,39.88721305,2.335164504,0.473999844,4.926509015,8.37118E-07,4.49645E-06,ENSMUSG00000062591,ENSMUSG00000062591,Tubb4a,protein coding gene
ENSMUSG00000050908.12,22.54292959,2.040577461,0.650593058,3.136488216,0.001709843,0.004651084,ENSMUSG00000050908,ENSMUSG00000050908,Tvp23a,protein coding gene
ENSMUSG00000032175.10,3979.077385,4.300484123,0.256238055,16.7831594,3.24124E-63,1.47681E-60,ENSMUSG00000032175,ENSMUSG00000032175,Tyk2,protein coding gene
ENSMUSG00000086228.1,14.42281038,3.48987831,0.879823962,3.966564289,7.29161E-05,0.000271592,ENSMUSG00000086228,ENSMUSG00000086228,Ubap1l,protein coding gene
ENSMUSG00000063447.7,10.50872957,7.374216488,1.789830886,4.120063268,3.78768E-05,0.000149616,ENSMUSG00000063447,ENSMUSG00000063447,Ube2d2b,protein coding gene
ENSMUSG00000078923.10,11.94679258,2.650274757,0.876096581,3.025094281,0.002485556,0.006491407,ENSMUSG00000078923,ENSMUSG00000078923,Ube2v1,protein coding gene
ENSMUSG00000066036.14,5922.471333,3.197198342,0.183584563,17.41539858,6.30483E-68,3.47745E-65,ENSMUSG00000066036,ENSMUSG00000066036,Ubr4,protein coding gene
ENSMUSG00000012126.16,76.07862536,2.095325757,0.38826978,5.39657183,6.79262E-08,4.30892E-07,ENSMUSG00000012126,ENSMUSG00000012126,Ubxn11,protein coding gene
ENSMUSG00000035337.3,11.89553385,5.058753266,1.299895942,3.891660174,9.95606E-05,0.000360023,ENSMUSG00000035337,ENSMUSG00000035337,Uchl4,protein coding gene
ENSMUSG00000044988.7,271.9620581,3.009375196,0.242643973,12.40243124,2.53513E-35,2.14249E-33,ENSMUSG00000044988,ENSMUSG00000044988,Ucn3,protein coding gene
ENSMUSG00000090171.1,3.58192301,5.784715759,2.070118251,2.794389043,0.005199788,0.01242814,ENSMUSG00000090171,ENSMUSG00000090171,Ugt1a2,protein coding gene
ENSMUSG00000089943.1,3.357787401,5.703967624,2.100426802,2.715623139,0.006615117,0.015331885,ENSMUSG00000089943,ENSMUSG00000089943,Ugt1a5,protein coding gene
ENSMUSG00000040936.14,67.87413144,2.18918505,0.411061708,5.325684709,1.00573E-07,6.2346E-07,ENSMUSG00000040936,ENSMUSG00000040936,Ulk4,protein coding gene
ENSMUSG00000034799.16,224.8364575,2.433690902,0.258718953,9.406697399,5.11971E-21,1.37042E-19,ENSMUSG00000034799,ENSMUSG00000034799,Unc13a,protein coding gene
ENSMUSG00000059921.15,25.40218362,3.50584445,0.674254052,5.199589738,1.99729E-07,1.18721E-06,ENSMUSG00000059921,ENSMUSG00000059921,Unc5c,protein coding gene
ENSMUSG00000021198.16,550.1157116,4.058316563,0.287829309,14.09973355,3.81206E-45,6.39176E-43,ENSMUSG00000021198,ENSMUSG00000021198,Unc79,protein coding gene
ENSMUSG00000055567.16,309.94998,5.090387123,0.355259048,14.32866283,1.44883E-46,2.61777E-44,ENSMUSG00000055567,ENSMUSG00000055567,Unc80,protein coding gene
ENSMUSG00000030838.17,80.07186222,3.653044387,0.601803391,6.070162513,1.27781E-09,1.03284E-08,ENSMUSG00000030838,ENSMUSG00000030838,Ush1c,protein coding gene
ENSMUSG00000026609.15,103.2994711,6.626389223,0.676836314,9.790238925,1.24003E-22,3.86751E-21,ENSMUSG00000026609,ENSMUSG00000026609,Ush2a,protein coding gene
ENSMUSG00000051527.11,18.53370462,3.026053861,0.727094221,4.161845565,3.15686E-05,0.000126679,ENSMUSG00000051527,ENSMUSG00000051527,Usp29,protein coding gene
ENSMUSG00000019820.9,2054.358404,2.425805731,0.182329486,13.3045169,2.17897E-40,2.6707E-38,ENSMUSG00000019820,ENSMUSG00000019820,Utrn,protein coding gene
ENSMUSG00000037568.12,8.333597227,2.908959526,1.115643136,2.607428337,0.009122516,0.020344629,ENSMUSG00000037568,ENSMUSG00000037568,Vash2,protein coding gene
ENSMUSG00000037428.14,15.66725205,3.890539046,1.063980352,3.656589185,0.000255594,0.000845884,ENSMUSG00000037428,ENSMUSG00000037428,Vgf,protein coding gene
ENSMUSG00000091450.1,2.517958807,5.302234694,2.237415556,2.369803266,0.017797553,0.036314146,ENSMUSG00000091450,ENSMUSG00000091450,Vmn2r11,protein coding gene
ENSMUSG00000090688.1,16.24450125,6.532442875,1.565229244,4.173473567,2.9999E-05,0.00012089,ENSMUSG00000090688,ENSMUSG00000090688,Vmn2r12,protein coding gene
ENSMUSG00000091624.1,19.61828559,4.476461211,0.938899582,4.767774208,1.86272E-06,9.44841E-06,ENSMUSG00000091624,ENSMUSG00000091624,Vmn2r9,protein coding gene
ENSMUSG00000037646.9,802.9739819,2.061469108,0.193231792,10.66837444,1.43108E-26,6.30126E-25,ENSMUSG00000037646,ENSMUSG00000037646,Vps13b,protein coding gene
ENSMUSG00000020220.16,1098.078554,2.31381764,0.193022878,11.98727149,4.14329E-33,3.04699E-31,ENSMUSG00000020220,ENSMUSG00000020220,Vps13d,protein coding gene
ENSMUSG00000037843.6,89.03642285,3.225135823,0.495445603,6.509565939,7.53683E-11,7.11551E-10,ENSMUSG00000037843,ENSMUSG00000037843,Vstm2l,protein coding gene
ENSMUSG00000025082.8,2.517958807,5.302234694,2.237415556,2.369803266,0.017797553,0.036314146,ENSMUSG00000025082,ENSMUSG00000025082,Vwa2,protein coding gene
ENSMUSG00000028753.12,8.947080991,7.092426441,1.788418183,3.965753932,7.31643E-05,0.000272323,ENSMUSG00000028753,ENSMUSG00000028753,Vwa5b1,protein coding gene
ENSMUSG00000046613.18,317.0203713,4.487105733,0.356816108,12.57540124,2.88333E-36,2.65051E-34,ENSMUSG00000046613,ENSMUSG00000046613,Vwa5b2,protein coding gene
ENSMUSG00000007030.8,32.76091221,2.460166144,0.625471003,3.933301673,8.3787E-05,0.000308194,ENSMUSG00000007030,ENSMUSG00000007030,Vwa7,protein coding gene
ENSMUSG00000001930.17,897.1186345,2.169077098,0.201176085,10.78198284,4.1876E-27,1.93321E-25,ENSMUSG00000001930,ENSMUSG00000001930,Vwf,protein coding gene
ENSMUSG00000014547.9,93.95986271,2.138113083,0.396810968,5.388240886,7.11506E-08,4.49984E-07,ENSMUSG00000014547,ENSMUSG00000014547,Wdfy2,protein coding gene
ENSMUSG00000043940.14,1445.568305,2.79531404,0.207083623,13.49847953,1.59637E-41,2.06533E-39,ENSMUSG00000043940,ENSMUSG00000043940,Wdfy3,protein coding gene
ENSMUSG00000035295.10,22.27142345,2.674879758,0.675519302,3.959738456,7.50319E-05,0.000278286,ENSMUSG00000035295,ENSMUSG00000035295,Wdr38,protein coding gene
ENSMUSG00000104301.3,7.092450264,3.722933439,1.338936728,2.780514838,0.005427278,0.012924704,ENSMUSG00000104301,ENSMUSG00000104301,Wdr49,protein coding gene
ENSMUSG00000037020.16,214.0818902,2.666108028,0.357580634,7.455963139,8.92137E-14,1.15564E-12,ENSMUSG00000037020,ENSMUSG00000037020,Wdr62,protein coding gene
ENSMUSG00000042729.10,5.935514001,6.498967786,2.256700334,2.879854134,0.003978592,0.009835729,ENSMUSG00000042729,ENSMUSG00000042729,Wdr74,protein coding gene
ENSMUSG00000071192.5,68.71771691,4.075607922,0.534148933,7.630096531,2.34578E-14,3.21762E-13,ENSMUSG00000071192,ENSMUSG00000071192,Wfikkn1,protein coding gene
ENSMUSG00000039137.18,342.654804,2.327056852,0.253576078,9.176957359,4.43444E-20,1.07447E-18,ENSMUSG00000039137,ENSMUSG00000039137,Whrn,protein coding gene
ENSMUSG00000037989.15,1207.682865,2.830440131,0.316125508,8.953532881,3.44283E-19,7.70922E-18,ENSMUSG00000037989,ENSMUSG00000037989,Wnk2,protein coding gene
ENSMUSG00000041245.13,48.63258045,2.719600795,0.551157952,4.934340122,8.04222E-07,4.32974E-06,ENSMUSG00000041245,ENSMUSG00000041245,Wnk3,protein coding gene
ENSMUSG00000026167.14,6.69118353,4.220629733,1.508410957,2.79806356,0.005140999,0.012310089,ENSMUSG00000026167,ENSMUSG00000026167,Wnt10a,protein coding gene
ENSMUSG00000079243.2,11.34175494,3.285160474,1.034122015,3.176762922,0.001489287,0.004115766,ENSMUSG00000079243,ENSMUSG00000079243,Xirp1,protein coding gene
ENSMUSG00000051951.5,125.0900845,2.661508696,0.302535023,8.797357302,1.40076E-18,2.92124E-17,ENSMUSG00000051951,ENSMUSG00000051951,Xkr4,protein coding gene
ENSMUSG00000042631.7,12.85496096,4.163878653,1.044729805,3.985603391,6.73089E-05,0.000252231,ENSMUSG00000042631,ENSMUSG00000042631,Xkr7,protein coding gene
ENSMUSG00000035211.9,10.53091387,2.438242258,0.901094596,2.70586714,0.00681263,0.015751341,ENSMUSG00000035211,ENSMUSG00000035211,Xrra1,protein coding gene
ENSMUSG00000048967.15,19.88404601,3.155907386,0.725560591,4.349612456,1.36378E-05,5.90081E-05,ENSMUSG00000048967,ENSMUSG00000048967,Yjefn3,protein coding gene
ENSMUSG00000079173.11,19.03878892,3.319817821,0.803996879,4.12914267,3.64118E-05,0.000144373,ENSMUSG00000079173,ENSMUSG00000079173,Zan,protein coding gene
ENSMUSG00000075600.2,182.1217604,2.108257587,0.285406122,7.386868824,1.50327E-13,1.9072E-12,ENSMUSG00000075600,ENSMUSG00000075600,Zc3h3,protein coding gene
ENSMUSG00000032443.15,8.752829278,7.046736274,1.811621467,3.889739884,0.000100352,0.000362696,ENSMUSG00000032443,ENSMUSG00000032443,Zcwpw2,protein coding gene
ENSMUSG00000027520.15,53.86046295,3.020663329,0.518947211,5.8207526,5.85832E-09,4.34021E-08,ENSMUSG00000027520,ENSMUSG00000027520,Zdbf2,protein coding gene
ENSMUSG00000040721.9,556.706567,3.301721401,0.19619749,16.82856085,1.50721E-63,7.17947E-61,ENSMUSG00000040721,ENSMUSG00000040721,Zfhx2,protein coding gene
ENSMUSG00000038872.9,1562.508272,5.301437496,0.210256734,25.21411515,2.8048E-140,8.3981E-137,ENSMUSG00000038872,ENSMUSG00000038872,Zfhx3,protein coding gene
ENSMUSG00000025255.18,157.5988151,2.39446329,0.343492244,6.970938455,3.14834E-12,3.4693E-11,ENSMUSG00000025255,ENSMUSG00000025255,Zfhx4,protein coding gene
ENSMUSG00000026135.17,419.8547742,2.501164186,0.265815778,9.409389467,4.99027E-21,1.34091E-19,ENSMUSG00000026135,ENSMUSG00000026135,Zfp142,protein coding gene
ENSMUSG00000011267.8,48.52151872,2.492277008,0.491529298,5.070454638,3.96867E-07,2.24561E-06,ENSMUSG00000011267,ENSMUSG00000011267,Zfp296,protein coding gene
ENSMUSG00000046556.6,307.5451747,2.042001176,0.227231211,8.986446728,2.55352E-19,5.8047E-18,ENSMUSG00000046556,ENSMUSG00000046556,Zfp319,protein coding gene
ENSMUSG00000039834.17,698.5113868,3.016231983,0.257897214,11.69548106,1.34423E-31,8.83191E-30,ENSMUSG00000039834,ENSMUSG00000039834,Zfp335,protein coding gene
ENSMUSG00000050919.8,93.05086642,2.82898949,0.361751544,7.820255473,5.27162E-15,7.80282E-14,ENSMUSG00000050919,ENSMUSG00000050919,Zfp366,protein coding gene
ENSMUSG00000045333.15,284.8913703,3.146174144,0.229365385,13.71686554,8.04697E-43,1.11693E-40,ENSMUSG00000045333,ENSMUSG00000045333,Zfp423,protein coding gene
ENSMUSG00000043903.3,85.827586,2.485078702,0.569489745,4.363693507,1.27885E-05,5.56548E-05,ENSMUSG00000043903,ENSMUSG00000043903,Zfp469,protein coding gene
ENSMUSG00000058881.12,586.0925434,2.039864278,0.186485458,10.93846295,7.54685E-28,3.70432E-26,ENSMUSG00000058881,ENSMUSG00000058881,Zfp516,protein coding gene
ENSMUSG00000024420.8,264.0268329,2.527849236,0.246053366,10.2735812,9.26983E-25,3.53891E-23,ENSMUSG00000024420,ENSMUSG00000024420,Zfp521,protein coding gene
ENSMUSG00000046541.9,318.7696365,3.016468607,0.258365904,11.67518067,1.70703E-31,1.1111E-29,ENSMUSG00000046541,ENSMUSG00000046541,Zfp526,protein coding gene
ENSMUSG00000042439.12,359.2508843,2.266254755,0.245799879,9.219918117,2.97327E-20,7.35736E-19,ENSMUSG00000042439,ENSMUSG00000042439,Zfp532,protein coding gene
ENSMUSG00000044676.9,93.69106138,2.207213633,0.419145581,5.265983308,1.39441E-07,8.46133E-07,ENSMUSG00000044676,ENSMUSG00000044676,Zfp612,protein coding gene
ENSMUSG00000028358.15,134.2536269,2.352654794,0.322398148,7.297358269,2.93473E-13,3.59701E-12,ENSMUSG00000028358,ENSMUSG00000028358,Zfp618,protein coding gene
ENSMUSG00000039238.6,78.74009538,2.080822349,0.411627638,5.055108448,4.30146E-07,2.42025E-06,ENSMUSG00000039238,ENSMUSG00000039238,Zfp750,protein coding gene
ENSMUSG00000092094.5,3.357787401,5.703967624,2.100426802,2.715623139,0.006615117,0.015331885,ENSMUSG00000092094,ENSMUSG00000092094,Zfp804b,protein coding gene
ENSMUSG00000050600.5,81.62008627,2.006349459,0.54881354,3.655794385,0.000256387,0.000847974,ENSMUSG00000050600,ENSMUSG00000050600,Zfp831,protein coding gene
ENSMUSG00000093910.1,11.23793737,2.707915508,1.065304571,2.541916726,0.011024644,0.023966965,ENSMUSG00000093910,ENSMUSG00000093910,Zfp853,protein coding gene
ENSMUSG00000074405.7,828.3522971,2.194180036,0.217350869,10.0951059,5.80684E-24,2.04905E-22,ENSMUSG00000074405,ENSMUSG00000074405,Zfp865,protein coding gene
ENSMUSG00000031374.13,27.69456796,2.912208215,0.777114375,3.747464089,0.000178631,0.000610358,ENSMUSG00000031374,ENSMUSG00000031374,Zfp92,protein coding gene
ENSMUSG00000034949.18,272.4723111,3.053478033,0.271869724,11.23140151,2.85907E-29,1.57279E-27,ENSMUSG00000034949,ENSMUSG00000034949,Zfr2,protein coding gene
ENSMUSG00000010044.12,12.78012067,2.072122905,0.81379403,2.546249823,0.010888723,0.023705905,ENSMUSG00000010044,ENSMUSG00000010044,Zmynd10,protein coding gene
ENSMUSG00000020193.3,9.920763132,2.142868651,0.943088578,2.272181745,0.023075535,0.045708359,ENSMUSG00000020193,ENSMUSG00000020193,Zpbp,protein coding gene
ENSMUSG00000034645.13,28.09901757,2.190402663,0.654097356,3.348741043,0.000811796,0.002396062,ENSMUSG00000034645,ENSMUSG00000034645,Zyg11a,protein coding gene