"baseMean","log2FoldChange","lfcSE","stat","pvalue","padj","gene"
407.390546337085,-1.1248277966767,0.261023063848521,-4.30930424343449,1.63768944683204e-05,0.000164079505260985,"ENSMUSG00000000088.6"
20071.9063916513,-2.32573372430619,0.255328197349278,-9.10880094110675,8.32974516959748e-20,1.01558816106246e-17,"ENSMUSG00000000215.11"
214.958299544665,-1.85114389286887,0.346723337659243,-5.33896537039039,9.34784953547499e-08,1.56952770272541e-06,"ENSMUSG00000000295.12"
160.020275672474,-2.21005262395346,0.378258929150674,-5.84269782848435,5.13621346838576e-09,1.11825526749882e-07,"ENSMUSG00000000296.7"
904.085840560543,-1.59456269192066,0.234358390966199,-6.80394964885485,1.01789127649149e-11,3.68346500739499e-10,"ENSMUSG00000000340.10"
19696.9801318386,-2.56396894524288,0.289808641473024,-8.84711005238105,8.98148115803367e-19,9.90072453384392e-17,"ENSMUSG00000000740.11"
82.0713509396578,-1.299258345277,0.422112958687955,-3.0779873456514,0.00208403764547512,0.0102424795909397,"ENSMUSG00000000805.18"
747.556923155206,-1.58154339676049,0.38233816901617,-4.13650408179259,3.52637085242086e-05,0.000319206042323647,"ENSMUSG00000001056.3"
1958.0199388984,-2.17552724909774,0.291967019364281,-7.45127738685916,9.24407698224765e-14,4.85160993935845e-12,"ENSMUSG00000001105.15"
129.940519667948,-1.34339938280649,0.38481477325713,-3.49102860951973,0.00048116472597401,0.00304936461682849,"ENSMUSG00000001134.9"
274.665513264964,-1.09136608509575,0.331724110648265,-3.28998119239199,0.00100194079499825,0.00563347343055065,"ENSMUSG00000001285.12"
2246.04726963068,-1.93333611608729,0.291687907156475,-6.62809828125702,3.40039054620117e-11,1.11817821903088e-09,"ENSMUSG00000001289.12"
438.246301998922,-1.02063525672799,0.264432738972407,-3.85971593643891,0.000113518907416951,0.000888530707436385,"ENSMUSG00000001366.14"
4319.99768334986,-1.68620552970367,0.20468869970708,-8.23790239576841,1.75256063172382e-16,1.4245172314268e-14,"ENSMUSG00000001472.16"
614.105060721941,-1.33759281852275,0.231943269434402,-5.76689645612264,8.07446257444099e-09,1.67732938145334e-07,"ENSMUSG00000001604.14"
444.083355867817,-1.15723366660691,0.25015486882908,-4.62606893091335,3.72671314103524e-06,4.44792193414221e-05,"ENSMUSG00000001663.10"
335.004292301879,-1.94194932851164,0.311248122304133,-6.23923226953345,4.39723660836978e-10,1.183297117872e-08,"ENSMUSG00000001665.10"
66.7354588061581,-1.2385871758281,0.483933564098038,-2.55941572917471,0.0104848272823932,0.0380110961632966,"ENSMUSG00000001666.8"
1709.05386680626,-1.08317830961607,0.207324661331969,-5.22455120706397,1.74578011810572e-07,2.78096631879153e-06,"ENSMUSG00000001783.3"
6192.3641833566,-1.78835171256127,0.252624265981946,-7.07909711527503,1.45096680356749e-12,6.19887434947296e-11,"ENSMUSG00000002014.12"
461.941022002344,-1.29771778762376,0.245221544942471,-5.29202190585743,1.20971397740109e-07,1.99313581515668e-06,"ENSMUSG00000002031.11"
398.388636720182,-1.74271125511257,0.393492434147851,-4.42883040149576,9.47454886532049e-06,0.000101535902309216,"ENSMUSG00000002043.17"
19.4374191688354,-2.44584539222396,0.818887899498992,-2.9867890265815,0.00281924204834919,0.013111791803502,"ENSMUSG00000002076.11"
329.688837168021,-1.27563120331164,0.276542799875962,-4.61278038655791,3.9731803843354e-06,4.71016522750307e-05,"ENSMUSG00000002250.15"
12.1887913404135,-2.57445737384837,1.03510512783729,-2.48714580250156,0.0128772611184544,0.0447107532809424,"ENSMUSG00000002274.12"
391.265148087258,-1.49234554258708,0.268376886257829,-5.56063364247171,2.68796925648982e-08,5.10231290004355e-07,"ENSMUSG00000002279.18"
239.992659861345,-1.05686405946094,0.297660066612534,-3.55057388613925,0.00038439222199345,0.00250724967843464,"ENSMUSG00000002280.10"
531.814432494739,-1.56760373940697,0.271157121217834,-5.78116382253386,7.41856044106074e-09,1.56154293480495e-07,"ENSMUSG00000002308.15"
339.037590334051,-1.10505607667328,0.325885518393556,-3.3909333624907,0.000696550350446696,0.00414582165023663,"ENSMUSG00000002329.6"
527.788650863975,-1.55273445258341,0.290706822547349,-5.3412384304483,9.23137436415363e-08,1.55326203473286e-06,"ENSMUSG00000002332.15"
109.629474159693,-1.45325997672696,0.430687567949269,-3.37427890859887,0.000740093402408302,0.00435429859991522,"ENSMUSG00000002343.11"
161.231649757033,-1.41884448133252,0.349862549039838,-4.0554340132329,5.00412984076273e-05,0.000432236828207571,"ENSMUSG00000002346.16"
848.702516257474,-2.17736029940237,0.348718966210062,-6.24388264012796,4.26840309683037e-10,1.15254155169951e-08,"ENSMUSG00000002379.6"
1210.78275260047,-1.51991050280886,0.244281340121811,-6.22196726958742,4.90959473108765e-10,1.31447764337397e-08,"ENSMUSG00000002395.14"
37.8704627020126,-1.73182628020295,0.639370193935276,-2.70864406353334,0.00675587746127963,0.0266967483822693,"ENSMUSG00000002475.15"
849.37828779542,-1.20370868395565,0.255804191689881,-4.70558623767567,2.53137468531089e-06,3.15426798444792e-05,"ENSMUSG00000002504.14"
268.971723298547,-1.56137768447107,0.352989973893384,-4.4232918778103,9.72082720101159e-06,0.000103684462406483,"ENSMUSG00000002580.7"
481.64820629195,-1.29898545129611,0.36376546645585,-3.57094218962581,0.000355699404252589,0.00235093235186915,"ENSMUSG00000002660.7"
134.938158295686,-1.59136090568185,0.368487462508402,-4.31862971632466,1.57000935669597e-05,0.000158500944609115,"ENSMUSG00000002661.14"
7.38316267343384,-4.04385686488406,1.56054595726818,-2.59130905184174,0.00956115848074303,0.0352549712393318,"ENSMUSG00000002664.2"
461.06761221977,-1.16439321758077,0.289307001505465,-4.02476681007244,5.70318004185513e-05,0.000485996793889268,"ENSMUSG00000002767.13"
429.590818898868,-1.13133095802245,0.269275232848404,-4.2013925530959,2.65278145181863e-05,0.000249238802675313,"ENSMUSG00000002768.7"
2424.48299188412,-3.65579482572837,0.269095417660709,-13.5854963919817,4.88210773443383e-42,2.34489113911443e-39,"ENSMUSG00000002769.8"
255.111966554372,-1.41608858415163,0.297063479346625,-4.76695616460911,1.87029981724752e-06,2.41206282370815e-05,"ENSMUSG00000002781.19"
405.972575383579,-1.12602086524086,0.300406646214807,-3.74832208084937,0.000178021554393478,0.00130571107687951,"ENSMUSG00000002825.6"
518.922239138373,-1.20829333350691,0.283059274815944,-4.2686936659913,1.96621073657526e-05,0.000192135882704796,"ENSMUSG00000002833.10"
101.544136537506,-1.12202974484994,0.400300647425716,-2.80296759964184,0.00506347559138634,0.0212808931023397,"ENSMUSG00000002910.10"
2851.57752446189,-1.82224672094494,0.299187031452793,-6.09066078865941,1.12445583293332e-09,2.80671259086507e-08,"ENSMUSG00000003072.15"
1227.45928430443,-1.97709688057412,0.271697800780184,-7.27682327533333,3.41772501216176e-13,1.63658433361825e-11,"ENSMUSG00000003199.16"
792.564996734487,-1.10172433976504,0.272058210702237,-4.04959047889518,5.13073384167351e-05,0.000442449028240072,"ENSMUSG00000003235.12"
66.3849227078427,-1.75362511965953,0.51620994123118,-3.39711613355811,0.000681000589738391,0.00407315447069943,"ENSMUSG00000003273.14"
332.336522982605,-1.1252388421119,0.280874690898637,-4.00619521293207,6.17046578894809e-05,0.000517744217865682,"ENSMUSG00000003299.9"
1344.77380794423,-1.96985600592125,0.259635173543041,-7.58701519150946,3.27358719962146e-14,1.83344018070672e-12,"ENSMUSG00000003346.14"
4356.65837518636,-2.03879205084599,0.296162731614937,-6.88402635851148,5.81841014516952e-12,2.19054158672059e-10,"ENSMUSG00000003355.6"
4952.57688472633,-2.16155781968684,0.282604137001716,-7.64871258651713,2.0300139605527e-14,1.17859784889232e-12,"ENSMUSG00000003380.11"
281.537800879522,-1.1779764376921,0.329876793577201,-3.57095879621621,0.000355676850085468,0.00235093235186915,"ENSMUSG00000003423.15"
4222.06806595732,-1.93412109912328,0.292266999387812,-6.61765133653312,3.64950533112972e-11,1.18777534904325e-09,"ENSMUSG00000003429.11"
411.633699237393,-1.05160198229175,0.331965602939133,-3.1678040525318,0.00153595005190069,0.00794223464802073,"ENSMUSG00000003438.17"
186.445997783656,-1.69063235090297,0.380590874247617,-4.44212529857725,8.90746617559963e-06,9.5847480572474e-05,"ENSMUSG00000003444.8"
261.775597107777,-2.17896934995502,0.297416894115186,-7.326313309933,2.36570360558601e-13,1.15961781487396e-11,"ENSMUSG00000003526.11"
464.629626943346,-2.32389077170409,0.279359786659929,-8.31863024914542,8.89856760914833e-17,7.66534220679354e-15,"ENSMUSG00000003531.14"
291.27037080946,-1.03174831306838,0.279086901131036,-3.69687114976407,0.000218273056176402,0.00155140266385469,"ENSMUSG00000003546.9"
312.275033550207,-1.58161527984637,0.308453411477776,-5.12756617691136,2.93511823388279e-07,4.52544980613252e-06,"ENSMUSG00000003604.14"
982.639235037351,-1.51103373425628,0.217999074598777,-6.93137682826085,4.16764237961379e-12,1.64731001787727e-10,"ENSMUSG00000003809.14"
378.766402813908,-1.15984730930536,0.33111141311721,-3.50289136332124,0.000460237128301044,0.00292844579830251,"ENSMUSG00000003955.7"
14357.3164082559,-2.3371114050004,0.274538741323704,-8.51286559314685,1.69686724163272e-17,1.62020155300474e-15,"ENSMUSG00000003970.8"
652.209335368798,-1.11556906801642,0.23559136499071,-4.73518657214118,2.18853677905906e-06,2.78242537529511e-05,"ENSMUSG00000004096.8"
815.400725663148,-1.16749001144298,0.235460166212379,-4.95833342099118,7.11004644622396e-07,1.01709599433799e-05,"ENSMUSG00000004285.12"
668.500369049492,-1.07680681150808,0.327388266121338,-3.28908187292513,0.00100514780312734,0.00564950095020153,"ENSMUSG00000004366.3"
2711.85796240049,-1.27131109931914,0.247517392968845,-5.1362495543057,2.80275428992846e-07,4.3424883182176e-06,"ENSMUSG00000004460.16"
182.4161040324,-1.03161252665655,0.35792370485358,-2.88221347920658,0.00394892091946216,0.0173170402730393,"ENSMUSG00000004561.14"
183.309468729501,-2.06676487096991,0.515240191711165,-4.01126485126476,6.0394311777984e-05,0.000509175447702684,"ENSMUSG00000004610.4"
1193.25160217536,-1.6246879698205,0.302590358385379,-5.36926549309049,7.90579633644507e-08,1.34883608108347e-06,"ENSMUSG00000004667.18"
155.057002128314,-1.91785755515845,0.336842688077474,-5.69362976558761,1.24366612861247e-08,2.52072994098564e-07,"ENSMUSG00000004748.5"
738.347862221184,-1.90714321543053,0.263445318304833,-7.23923745429316,4.51214435879862e-13,2.10345553196936e-11,"ENSMUSG00000004788.11"
144.962330428055,-4.61107575921231,0.464700585194159,-9.92268119758389,3.31723272029221e-23,5.10467365210015e-21,"ENSMUSG00000004791.6"
1721.46530799446,-6.74239704746024,0.255495111951694,-26.3895344061808,1.8068165023734e-153,9.54601385420612e-150,"ENSMUSG00000004821.1"
340.912698910297,-1.77298810550918,0.344799603093288,-5.14208279128873,2.7170932661054e-07,4.21801452181887e-06,"ENSMUSG00000004864.12"
432.058369800095,-1.16763316190821,0.323008939744526,-3.61486330016659,0.000300506142513589,0.00204069556507343,"ENSMUSG00000004895.9"
1965.27552764747,-1.09498699899265,0.2110441869751,-5.18842529939875,2.12079803083533e-07,3.3514106469332e-06,"ENSMUSG00000004897.16"
733.437544670783,-1.44044016720197,0.387822168116612,-3.71417697497079,0.000203866092777451,0.00146609690132605,"ENSMUSG00000004929.12"
636.664301087932,-1.55053211812931,0.242550900319558,-6.39260508242394,1.63083075157973e-10,4.7255333478133e-09,"ENSMUSG00000004945.15"
873.847236162677,-1.35668541658286,0.319414430924653,-4.24741428449389,2.16251858237111e-05,0.000208744942329976,"ENSMUSG00000005125.12"
191.172160660776,-1.02857988739118,0.327573774520903,-3.13999461310829,0.00168950941375455,0.00862716630412683,"ENSMUSG00000005150.16"
750.130408148711,-1.08254109829866,0.288284327023905,-3.75511603240536,0.000173261191646648,0.00127729762213924,"ENSMUSG00000005510.9"
168.630167647968,-1.0838900450397,0.348807679165523,-3.10741451459086,0.00188731560618707,0.00945168903221684,"ENSMUSG00000005533.10"
786.019599904249,-1.15926893526402,0.264407260530049,-4.38440658906292,1.16302373953462e-05,0.000122078981931283,"ENSMUSG00000005575.16"
1544.62176940809,-1.02666701031554,0.207407553319843,-4.94999817452319,7.42141776869573e-07,1.05497283976527e-05,"ENSMUSG00000005667.8"
9278.67185931317,-2.08679127673635,0.253627100203746,-8.2277929884463,1.90694267582937e-16,1.53426606151754e-14,"ENSMUSG00000005873.5"
1420.98899181725,-1.09071580711037,0.237161936907794,-4.59903398214542,4.24454548620672e-06,4.99822035337121e-05,"ENSMUSG00000005881.13"
2921.50590280735,-2.77356472139046,0.251555826676859,-11.0256429279744,2.87457013334335e-28,6.70028479610177e-26,"ENSMUSG00000006019.15"
110.037599668019,-1.1717265559579,0.437156236712998,-2.6803381893123,0.00735478129534929,0.028515969552663,"ENSMUSG00000006021.5"
1637.52502743736,-1.15867042829459,0.221197534045385,-5.23817063917564,1.62176082753542e-07,2.59122067706013e-06,"ENSMUSG00000006024.13"
2355.00080683653,-1.91400818113822,0.319796801217573,-5.98507606658649,2.16288756618456e-09,5.09390917738346e-08,"ENSMUSG00000006057.15"
611.605172868229,-1.22954151665718,0.293824906136276,-4.18460617524003,2.8566090771698e-05,0.000266336787489067,"ENSMUSG00000006058.10"
1217.17950552308,-1.04846927403704,0.261632858694009,-4.00740671210289,6.1389096978147e-05,0.000515369272830312,"ENSMUSG00000006299.13"
2496.42973208515,-1.67757180018161,0.300152355998331,-5.58906757403875,2.28292109868002e-08,4.39663419369117e-07,"ENSMUSG00000006315.9"
11812.8059661369,-1.83000850011433,0.25918112644567,-7.06073210349266,1.65627639804676e-12,6.9633901615494e-11,"ENSMUSG00000006333.14"
296.808021000781,-2.72572599791593,0.278617867059925,-9.78302657571376,1.33167644092097e-22,1.95435848042569e-20,"ENSMUSG00000006342.14"
5971.06409103852,-3.31961959010701,0.305523464425336,-10.8653507066992,1.68574231787049e-27,3.76324165327427e-25,"ENSMUSG00000006345.10"
710.715882480489,-2.04062945157909,0.253668169494073,-8.04448368768148,8.66097957937364e-16,6.32610720428904e-14,"ENSMUSG00000006362.15"
7062.71567951649,-2.59362745740323,0.267280908319453,-9.70375128441026,2.90612901058505e-22,4.07629600157284e-20,"ENSMUSG00000006378.13"
1680.03251434657,-1.12959376072064,0.279976835689397,-4.03459721208437,5.46960421994713e-05,0.000468610836252305,"ENSMUSG00000006442.10"
514.230139917807,-1.04339135432586,0.242512748866557,-4.30241857057992,1.68943768519853e-05,0.000168518485276254,"ENSMUSG00000006494.11"
182.091382668691,-1.79309601716211,0.354919882618823,-5.05211487147891,4.36944770233661e-07,6.50288695605965e-06,"ENSMUSG00000006575.14"
21.6467752162665,-3.70020341644272,0.83166963842619,-4.4491264866237,8.62202310863491e-06,9.32826390934221e-05,"ENSMUSG00000006587.5"
498.31342869779,-1.75291950021779,0.301900767974115,-5.80627704917958,6.38772327353233e-09,1.36265698365394e-07,"ENSMUSG00000006649.17"
513.871300511984,-1.0321338408087,0.240328643903915,-4.29467675613963,1.74948049686811e-05,0.000173416296906564,"ENSMUSG00000006651.8"
1063.71007315116,-1.08041971370103,0.226467897795889,-4.77074112585613,1.835493143908e-06,2.37296625864126e-05,"ENSMUSG00000006731.9"
424.976289589769,-1.01991654260367,0.297917449123025,-3.42348709552255,0.000618231870672853,0.00374876638502711,"ENSMUSG00000006732.14"
242.214179482766,-1.35906673428749,0.293684622854611,-4.62764008914521,3.69856044706483e-06,4.42431570460208e-05,"ENSMUSG00000006777.7"
91.1703846004863,-2.66794028244241,0.499314859900912,-5.34320224912164,9.13187755073546e-08,1.53815365758934e-06,"ENSMUSG00000007207.10"
96.1067599796071,-1.80720115464881,0.402616202978705,-4.48864487141466,7.16776718790191e-06,7.92253207309939e-05,"ENSMUSG00000007216.6"
722.044057481716,-1.11109407019681,0.288731802237404,-3.84818735444749,0.000118995035734052,0.000925906389977775,"ENSMUSG00000007656.13"
446.202708922173,-1.38507911167971,0.33701649198203,-4.1098259124766,3.95957511425772e-05,0.000351505974137703,"ENSMUSG00000007721.5"
406.072023111874,-1.11434224586949,0.280928444226383,-3.96664086094289,7.28927026180117e-05,0.000599247581169857,"ENSMUSG00000007837.11"
1335.93217029382,-3.28959056087295,0.289557761180208,-11.3607404183017,6.55863899525107e-30,1.73257380124549e-27,"ENSMUSG00000007888.15"
21845.770634485,-2.33853628956359,0.330322444085805,-7.07955614713279,1.44616898305734e-12,6.19507523823213e-11,"ENSMUSG00000007892.7"
918.96826317349,-1.62517386498636,0.347682521113664,-4.67430418929533,2.94951891820952e-06,3.60168527377665e-05,"ENSMUSG00000008036.11"
1615.90400310676,-1.59335495099715,0.232022228208401,-6.86725131165454,6.54507113088003e-12,2.44092652763408e-10,"ENSMUSG00000008140.17"
1116.27422708219,-1.24137958228363,0.216346352599384,-5.73792702011636,9.58423959778162e-09,1.98057624021954e-07,"ENSMUSG00000008348.9"
11219.2347948575,-2.06549888150861,0.272197369167096,-7.58823969470714,3.2428063237229e-14,1.82264114294355e-12,"ENSMUSG00000008668.14"
17629.4988125347,-2.12941429066027,0.223008043125187,-9.54859861025242,1.31462477321458e-21,1.73640022128759e-19,"ENSMUSG00000008682.13"
5182.74548223835,-1.57186800980314,0.263974613393842,-5.95461809601351,2.60679835777267e-09,6.04060730565744e-08,"ENSMUSG00000008683.16"
82.9261485460244,-1.21263670885631,0.437626622291212,-2.77093907703216,0.00558948837764254,0.022957603209545,"ENSMUSG00000008822.15"
613.689441274725,-2.69950182688839,0.236366879666291,-11.42081255504,3.29142101133451e-30,8.84220729316136e-28,"ENSMUSG00000008999.7"
86.3534058723094,-1.23992269936085,0.458337889608277,-2.7052589966336,0.00682511528674471,0.026903277118852,"ENSMUSG00000009076.10"
1983.45342635299,-2.27215759658471,0.204006708520782,-11.1376611733003,8.22510283117092e-29,2.00565969037014e-26,"ENSMUSG00000009092.4"
88.0097888233347,-1.13037834069802,0.414727400008142,-2.72559358430581,0.0064185977682589,0.0256517333905455,"ENSMUSG00000009108.15"
800.394720119233,-1.58332116916991,0.257337627951306,-6.15269978889178,7.61749179660356e-10,1.96961247921968e-08,"ENSMUSG00000009563.16"
560.994072381016,-1.63057022889001,0.272900886058173,-5.974953956516,2.3015517756974e-09,5.39572719664489e-08,"ENSMUSG00000009566.12"
1189.13904059211,-1.06086440817143,0.22385294432902,-4.73911304294558,2.14655734483427e-06,2.73276577635527e-05,"ENSMUSG00000009614.16"
1412.91706683218,-1.56104289834541,0.236266720922683,-6.60712135949206,3.91864799380226e-11,1.26756266738298e-09,"ENSMUSG00000009863.14"
8489.96143316645,-2.06341773100719,0.280532313709991,-7.3553656037654,1.90405244941675e-13,9.46057408252522e-12,"ENSMUSG00000009927.8"
967.523884759155,-1.0567620986137,0.232157533629757,-4.55191818284482,5.3159009489916e-06,6.07476784726149e-05,"ENSMUSG00000010048.10"
358.429359861529,-1.0482086883841,0.273223063828961,-3.83645755850347,0.000124821755325873,0.000966027745075723,"ENSMUSG00000010054.4"
2510.25509340995,-1.70581224028103,0.224773829065149,-7.58901624524365,3.22343351284953e-14,1.81820004194537e-12,"ENSMUSG00000010064.15"
738.772629407696,-1.03222492723352,0.255347497107113,-4.04243213239925,5.28996264841581e-05,0.000455189511277907,"ENSMUSG00000010376.14"
837.335730903556,-1.6005905246883,0.349973145618316,-4.57346669230993,4.79719969179686e-06,5.56629686054028e-05,"ENSMUSG00000010406.11"
208.822689095665,-1.28069165339191,0.327380474760555,-3.91193657571853,9.15589601394765e-05,0.000733304455892219,"ENSMUSG00000010601.13"
206.353057526232,-1.14107429495284,0.337432439943481,-3.38163780324133,0.000720550819445067,0.00426146660007624,"ENSMUSG00000010607.8"
788.620934201123,-1.419112685583,0.287325760737954,-4.93903742545818,7.85091451175044e-07,1.10807653616424e-05,"ENSMUSG00000010609.15"
15.4612135719282,-2.20725440372377,0.903066649755565,-2.44417663338716,0.0145183165466107,0.0492435945353692,"ENSMUSG00000010760.5"
427.146598432368,-2.41165923863633,0.297330778203338,-8.11103126695836,5.01919368664407e-16,3.80642200637839e-14,"ENSMUSG00000010911.12"
4093.32310170714,-1.21204670384549,0.217514888652299,-5.57224708320066,2.51474416667168e-08,4.7907085386714e-07,"ENSMUSG00000011179.7"
4262.43564468426,-1.66038403573878,0.229257633436407,-7.24243730012742,4.40692193120294e-13,2.06046349880727e-11,"ENSMUSG00000011257.19"
707.518160054302,-1.47034649504383,0.237834292209528,-6.18223083552847,6.32020156133269e-10,1.65852971435634e-08,"ENSMUSG00000011306.6"
242419.276136425,-2.03823795333318,0.193701399030046,-10.5225773460573,6.79879132736466e-26,1.34701053173412e-23,"ENSMUSG00000011463.5"
4685.39788332512,-1.41551771984746,0.207815083280531,-6.81142916819297,9.66338743107938e-12,3.50491283255396e-10,"ENSMUSG00000012405.15"
9902.97021290392,-1.64076927223102,0.253916168163684,-6.46185425724178,1.03427689628822e-10,3.13447204706851e-09,"ENSMUSG00000012848.15"
122.750906219562,-1.19703623056401,0.382903519119377,-3.12620848540912,0.00177075966634598,0.00896378077051784,"ENSMUSG00000013150.15"
163.027014824113,-1.4523707063525,0.328558809233877,-4.42042844548619,9.85054001941646e-06,0.000104997349904338,"ENSMUSG00000013539.13"
695.68623599219,-1.67266942020474,0.252524085760649,-6.62380150854265,3.50076782534534e-11,1.14406536147884e-09,"ENSMUSG00000013822.6"
1602.6969425493,-2.31955261805338,0.341129884334577,-6.79961716804143,1.04897522676238e-11,3.77869485095084e-10,"ENSMUSG00000014294.4"
174.886592117353,-1.38489307868196,0.358488343408528,-3.8631467498059,0.000111935716930709,0.000879177955080147,"ENSMUSG00000014301.12"
1331.10784972367,-1.47047064826412,0.267378037123555,-5.49959399838297,3.80666734411391e-08,7.06506761173367e-07,"ENSMUSG00000014313.14"
431.437453638714,-1.0816723236622,0.251062379874406,-4.30838074666266,1.64454106558076e-05,0.000164661881803254,"ENSMUSG00000014470.4"
141.081534141198,-1.88358657711005,0.38970340183793,-4.83338500055845,1.34230833347709e-06,1.79087433380572e-05,"ENSMUSG00000014633.15"
776.138946825209,-1.60824692831942,0.311911135887395,-5.15610615742817,2.52137986760655e-07,3.94510078001617e-06,"ENSMUSG00000014856.12"
294.453026298578,-1.24507262562487,0.305908426242271,-4.07008280523403,4.69964305884926e-05,0.000408160780727456,"ENSMUSG00000014873.15"
2285.72196855696,-1.22462362022093,0.212689637351685,-5.75779636219886,8.52190696731145e-09,1.76796106586239e-07,"ENSMUSG00000014959.12"
226.19140626733,-1.08236368273549,0.314205841655473,-3.4447598969923,0.000571566859370967,0.00350457822863823,"ENSMUSG00000015013.8"
303.831116210084,-1.12002160107727,0.274634370201296,-4.07822808287373,4.5380236455966e-05,0.000395641775482432,"ENSMUSG00000015016.7"
1373.34562416802,-1.30796346249717,0.225512889226663,-5.79994991409356,6.6334729613074e-09,1.41128250250634e-07,"ENSMUSG00000015087.14"
2401.77964221352,-2.15923494039116,0.323461904978437,-6.67539177615089,2.46572567340454e-11,8.35080169304744e-10,"ENSMUSG00000015092.9"
1527.82818772526,-1.06196548327571,0.287733663347466,-3.69079332227208,0.000223555730160235,0.00158397779304413,"ENSMUSG00000015094.16"
717.000323677942,-1.25320130605873,0.237915934862207,-5.26741223442869,1.38360272701802e-07,2.2492413562293e-06,"ENSMUSG00000015149.14"
401.334386529708,-1.82065931354634,0.311011224383167,-5.85399873318809,4.79892277919278e-09,1.05204600346066e-07,"ENSMUSG00000015289.4"
903.292980628719,-1.37657893379729,0.251909907063497,-5.46456846355909,4.64034264355942e-08,8.36739828218622e-07,"ENSMUSG00000015290.15"
3893.81945767392,-1.76693406936582,0.208411238290679,-8.47811319513108,2.28875237906115e-17,2.13392501224231e-15,"ENSMUSG00000015363.13"
172.39858354106,-1.50349192871824,0.400558568025688,-3.7534883753175,0.00017439062320931,0.00128383250249306,"ENSMUSG00000015474.16"
301.674159189934,-1.43706727800945,0.290302764123056,-4.95023628986287,7.41234321730481e-07,1.05462872526285e-05,"ENSMUSG00000015478.13"
331.795769221161,-1.36204808490454,0.34798222163728,-3.9141312406594,9.07302799661116e-05,0.000728139208841959,"ENSMUSG00000015542.17"
1644.27669259539,-1.44654491559469,0.238287391384128,-6.07058941386792,1.27441635931602e-09,3.16231168335898e-08,"ENSMUSG00000015869.16"
195.369702709813,-1.25235937470032,0.354945393895417,-3.52831561203277,0.000418213195144062,0.00269021069116614,"ENSMUSG00000015943.11"
2888.94450053164,-2.34862169249085,0.365377531104671,-6.42793136564829,1.29352116955998e-10,3.83220757710762e-09,"ENSMUSG00000016252.7"
939.33395614323,-1.7339272564335,0.276919556377822,-6.26148358430771,3.81331966753674e-10,1.03850716031714e-08,"ENSMUSG00000016427.7"
237.444167419234,-2.2896408472659,0.330493841259722,-6.92793801705539,4.27018748613117e-12,1.67946579789526e-10,"ENSMUSG00000016552.13"
928.363302569944,-1.15118065414561,0.275880128958301,-4.17275669143829,3.0093625694962e-05,0.00027812476225373,"ENSMUSG00000016554.8"
31.3472334811058,-1.78089050568259,0.648055384943462,-2.74805293970045,0.00599503284989234,0.0243394648234615,"ENSMUSG00000016624.15"
139.59702816337,-1.18683923398674,0.380098593596691,-3.12245100082125,0.00179351957622381,0.00905039327702877,"ENSMUSG00000016833.14"
464.865943991808,-1.16680384444096,0.244514360980344,-4.77192357848774,1.8247474506338e-06,2.36099976265679e-05,"ENSMUSG00000016940.18"
382.668756276184,-1.4217332775111,0.31713908453494,-4.48299609490252,7.36022768076528e-06,8.09848443973157e-05,"ENSMUSG00000016995.17"
8899.70277440444,-2.365134311553,0.3206366101914,-7.37637012236739,1.62663413115791e-13,8.15890853761167e-12,"ENSMUSG00000017007.9"
1570.51758700775,-2.2347754132571,0.264953928694284,-8.43458115254326,3.32391051161938e-17,2.97649613611114e-15,"ENSMUSG00000017188.3"
1454.76183385762,-3.89280529907307,0.301674800914223,-12.9039790107624,4.27443259340136e-38,1.78288833172136e-35,"ENSMUSG00000017344.4"
6073.67488018408,-1.84919167786004,0.280593886519617,-6.59027785956683,4.39004189997107e-11,1.41427162834434e-09,"ENSMUSG00000017404.12"
2306.84929406434,-1.78534985271181,0.220742277652159,-8.0879379867826,6.06832863984188e-16,4.58014328292828e-14,"ENSMUSG00000017664.16"
1106.12232573545,-1.00956036022054,0.26559675184783,-3.80110205865378,0.000144053948230309,0.00109142212210822,"ENSMUSG00000017721.15"
1463.68567275761,-1.47396512694384,0.261627906049267,-5.63382228295738,1.76258658711259e-08,3.44901202539933e-07,"ENSMUSG00000017778.14"
218.865056434198,-1.54149616091066,0.32206750307835,-4.78625178317248,1.69924862085153e-06,2.21489232240927e-05,"ENSMUSG00000017950.16"
57.8562989673059,-10.4922028997127,1.52833541213787,-6.86511796846739,6.64363286346982e-12,2.47186809591541e-10,"ENSMUSG00000017978.18"
69.2290328078657,-1.46821272211673,0.499966132004075,-2.93662435939714,0.00331805752874554,0.0150131920726853,"ENSMUSG00000018012.11"
729.592156166404,-1.08602081394604,0.243699934306325,-4.45638533730969,8.33531506122807e-06,9.06136788206207e-05,"ENSMUSG00000018102.4"
415.67552292827,-1.19459750564882,0.249961181036969,-4.77913210640553,1.76053493830468e-06,2.28725235837125e-05,"ENSMUSG00000018196.18"
1079.37743216923,-1.10725965103557,0.290831606825074,-3.80721910910306,0.000140538222103346,0.00106784794838832,"ENSMUSG00000018286.6"
102.524537966001,-3.7952163236305,0.462300853404878,-8.20940799844618,2.22281708076829e-16,1.76158253650887e-14,"ENSMUSG00000018411.17"
320.374824124698,-1.01646353754357,0.274673805922072,-3.70062057476261,0.000215072855971593,0.00153265854967409,"ENSMUSG00000018427.7"
38.4964043669416,-1.67924324739441,0.648892797359766,-2.58785928003357,0.00965744244302536,0.0355316765835543,"ENSMUSG00000018470.8"
184.544815956389,-1.27785945672819,0.333285317023907,-3.83413067259885,0.000126009145057236,0.000973316252025923,"ENSMUSG00000018509.8"
611.244714729427,-1.03223388659261,0.235006676220535,-4.39235983927512,1.12126915344481e-05,0.000118087150047178,"ENSMUSG00000018559.16"
4195.51918090025,-1.4311535082906,0.221574052395553,-6.45903025565337,1.05376045411568e-10,3.18135299004448e-09,"ENSMUSG00000018567.14"
1129.24254589874,-1.09999736020979,0.256153364292821,-4.29429206696785,1.75251642267833e-05,0.000173608658121572,"ENSMUSG00000018669.14"
2212.39553570466,-2.28220275903913,0.252090352687898,-9.05311422950257,1.38947818424861e-19,1.63135031261781e-17,"ENSMUSG00000018672.15"
3970.82721133628,-1.64489599432142,0.253667796596162,-6.48444941136967,8.90563988208364e-11,2.7355502350974e-09,"ENSMUSG00000018677.9"
211.286225981947,-2.10185789197973,0.38258999959503,-5.49376066861272,3.9346363300958e-08,7.24320392938658e-07,"ENSMUSG00000018740.14"
2027.29248088744,-1.22664471696113,0.236650729407466,-5.18335489619002,2.17929788872434e-07,3.44042545182079e-06,"ENSMUSG00000018770.9"
421.33124757475,-1.69364998755307,0.313900073636743,-5.39550681823994,6.83303976401512e-08,1.18364677879388e-06,"ENSMUSG00000018858.15"
2820.94796976104,-1.32847093301974,0.200195564445633,-6.63586596785222,3.22602888348887e-11,1.06748554912941e-09,"ENSMUSG00000019066.13"
1194.40223492673,-3.06736573281185,0.360626603490097,-8.50565572014454,1.80572072212174e-17,1.71381278117543e-15,"ENSMUSG00000019158.9"
3462.20174334987,-1.13941831024326,0.29491882062353,-3.86349812410838,0.000111774752097132,0.000878784633303345,"ENSMUSG00000019188.16"
1093.34096486386,-1.4367660068737,0.311155639846928,-4.6175155545325,3.88361580014983e-06,4.61780273311139e-05,"ENSMUSG00000019362.8"
1726.2420452039,-1.13103489847238,0.23275679057618,-4.85929925254832,1.17801960788509e-06,1.601106898401e-05,"ENSMUSG00000019428.16"
298.348575351054,-1.3779503726375,0.29620085902724,-4.65208094656732,3.28602031659833e-06,3.97887104798194e-05,"ENSMUSG00000019478.15"
972.499347206589,-1.27774223040655,0.282790904766651,-4.51832859144072,6.23297023959373e-06,6.99168990074739e-05,"ENSMUSG00000019494.14"
4696.99066704478,-1.14911010895714,0.190737802589216,-6.02455356703427,1.6957703594562e-09,4.07859790552061e-08,"ENSMUSG00000019505.7"
793.808521040937,-1.17246005819444,0.244012696656245,-4.80491414693127,1.54817922898276e-06,2.04488673161473e-05,"ENSMUSG00000019578.11"
1324.68702992635,-1.45449844443508,0.256033926049804,-5.68088169749875,1.34002143702871e-08,2.70220607848664e-07,"ENSMUSG00000019579.13"
169.798879566613,-1.3919722858966,0.38086817060435,-3.65473513758806,0.000257447618988745,0.00178657826662505,"ENSMUSG00000019689.4"
1149.31429174426,-1.95467260918646,0.235281599215174,-8.30780059174468,9.7492179381335e-17,8.30780130749549e-15,"ENSMUSG00000019737.14"
289.539407822586,-1.3300080614806,0.368236676085537,-3.61182942345388,0.000304044539619924,0.00206209069446975,"ENSMUSG00000019738.15"
67.9804829563534,-6.25307735062605,0.708721486393524,-8.82303905084935,1.11394478820286e-18,1.20109012877655e-16,"ENSMUSG00000019762.4"
484.111113456286,-1.30783259245534,0.305951913711493,-4.27463445673559,1.91451140799316e-05,0.000187894772858772,"ENSMUSG00000019782.9"
279.610799301163,-1.34165787481482,0.319713394093834,-4.1964393722618,2.71144000773068e-05,0.000253997187485409,"ENSMUSG00000019791.11"
418.728165303481,-2.06272972926999,0.321248390221221,-6.42098074903825,1.35399152215626e-10,3.98158916997713e-09,"ENSMUSG00000019797.10"
316.203488320036,-1.01598618016729,0.323086443847389,-3.14462645993032,0.00166299019316658,0.00851369333387929,"ENSMUSG00000019822.12"
186.123381381256,-1.04407059814675,0.422136775211851,-2.47329931779286,0.0133871967440555,0.0460975599377102,"ENSMUSG00000019837.7"
131.440781603832,-1.16832997067718,0.369049223692887,-3.16578357484755,0.00154665823145409,0.00798779177860778,"ENSMUSG00000019864.13"
24.7499209529421,-6.85063961398711,1.27690078049343,-5.365052413344,8.09257162958401e-08,1.379217852999e-06,"ENSMUSG00000019894.13"
17.8553306310497,-2.83631830912861,0.954772966879084,-2.97067303696274,0.00297147954295402,0.0136912647545992,"ENSMUSG00000019933.7"
1296.73802622902,-1.04476763049693,0.25218961362233,-4.14278611831151,3.43111903604964e-05,0.000312367815746048,"ENSMUSG00000019977.15"
11.3991206197128,-5.68429820948275,1.67394708716121,-3.39574545281629,0.000684419771231431,0.0040905178635061,"ENSMUSG00000020000.7"
603.845688478938,-1.31206515786894,0.279339650043463,-4.69702442050312,2.63978900857618e-06,3.26880123327597e-05,"ENSMUSG00000020022.16"
174.026695104108,-1.02506500569379,0.353233817457091,-2.90194470357672,0.00370853995454704,0.016451261763104,"ENSMUSG00000020038.9"
786.414296361259,-2.96026000001805,0.294040956074517,-10.0675090964806,7.69010013450606e-24,1.29323348318277e-21,"ENSMUSG00000020051.15"
1016.00320792679,-1.74572159413986,0.214109372572605,-8.15341044235641,3.5380228800875e-16,2.73549573899448e-14,"ENSMUSG00000020053.18"
727.889042633164,-2.48539633534025,0.239895661911322,-10.3603221314564,3.75694612521767e-25,7.17440916683134e-23,"ENSMUSG00000020072.14"
2286.41416390294,-1.93887158193988,0.215812322717819,-8.98406336358749,2.609473640686e-19,2.99711284093283e-17,"ENSMUSG00000020098.6"
4591.74493517499,-2.63238647237783,0.237261573045746,-11.094870688859,1.32852001387646e-28,3.1428421223794e-26,"ENSMUSG00000020150.13"
1228.95753689489,-2.25694796081718,0.29272436286548,-7.7101473164854,1.25672586386316e-14,7.66119420855039e-13,"ENSMUSG00000020153.14"
1781.46156164862,-2.2185391323363,0.35154179035802,-6.31088306763438,2.77447768631444e-10,7.74216044508519e-09,"ENSMUSG00000020163.12"
261.853465918735,-1.20972072748731,0.292420883230633,-4.13691633142767,3.5200438766736e-05,0.000318997686936973,"ENSMUSG00000020173.17"
1079.70920586151,-1.86975455522609,0.370133420634521,-5.05156911262095,4.38195325543375e-07,6.51538077848265e-06,"ENSMUSG00000020219.6"
289.992575536113,-1.07445857350627,0.28402129361838,-3.78302119470643,0.000154936215601264,0.00116110591833572,"ENSMUSG00000020261.15"
1170.73105150988,-1.15787745408818,0.267810421438796,-4.3234966282027,1.53575486472417e-05,0.000155538112497624,"ENSMUSG00000020263.14"
1596.22819745436,-1.34376439606085,0.271924223392224,-4.94168698653449,7.74494877787232e-07,1.09702804405073e-05,"ENSMUSG00000020267.6"
1769.00734647754,-2.29599985097216,0.293670779038003,-7.81827820423033,5.35507374413849e-15,3.50099136848371e-13,"ENSMUSG00000020307.14"
160.743566185709,-1.36890514995939,0.379117136064277,-3.61077097218656,0.000305288159892007,0.00206787065567876,"ENSMUSG00000020308.5"
1987.85246660553,-1.18437842268606,0.212665534177518,-5.56920719319488,2.55901038691577e-08,4.8633470782512e-07,"ENSMUSG00000020321.15"
15131.9071244902,-1.55865826362093,0.225015877782788,-6.92688124491167,4.30219430490684e-12,1.68759257189329e-10,"ENSMUSG00000020372.15"
483.601075064746,-1.80087414522363,0.27784727035577,-6.48152541832674,9.0799867028993e-11,2.78370965649814e-09,"ENSMUSG00000020392.8"
842.922186971718,-1.09944772868549,0.255720238717106,-4.29941616745389,1.71248636718086e-05,0.000170281737263592,"ENSMUSG00000020440.13"
1261.14246307806,-1.46180652501377,0.268165512455025,-5.45113542614447,5.00492375404298e-08,8.92328925777066e-07,"ENSMUSG00000020444.19"
7999.74979195831,-1.74861226653022,0.277336586784959,-6.30501834179582,2.88159770298119e-10,7.99883075170786e-09,"ENSMUSG00000020460.15"
927.942289480753,-2.30812143471089,0.29392242583802,-7.85282520763793,4.06768395155024e-15,2.70894078286014e-13,"ENSMUSG00000020477.10"
5987.48218072327,-1.32538087471731,0.24623595314335,-5.38256439727029,7.34320928761834e-08,1.26648386516595e-06,"ENSMUSG00000020484.18"
1880.08735110274,-1.46264089540525,0.202628919970387,-7.21832251595184,5.26327717038934e-13,2.40411939915479e-11,"ENSMUSG00000020496.8"
384.452424959284,-1.56899674715975,0.277935856141475,-5.64517572126822,1.65012620913446e-08,3.25055073727127e-07,"ENSMUSG00000020519.5"
909.354148092812,-1.03321625116191,0.26423896658898,-3.91015853755235,9.22355634816761e-05,0.000737605288185957,"ENSMUSG00000020538.15"
1234.71096889093,-1.48743711328219,0.224470137352444,-6.62643650877599,3.4388728247802e-11,1.12849139281089e-09,"ENSMUSG00000020577.15"
881.589488621754,-1.37134717635601,0.237314472702257,-5.77860743485524,7.53214409075598e-09,1.5812514415693e-07,"ENSMUSG00000020629.12"
210.602599385559,-1.32973808615907,0.307721024037869,-4.32124548628642,1.55150942199054e-05,0.000156933148299617,"ENSMUSG00000020752.11"
691.45826640351,-2.17065096583543,0.265939795532645,-8.1621893462311,3.29005911710193e-16,2.55624691206204e-14,"ENSMUSG00000020766.4"
1990.02806233486,-1.18570077718877,0.209146830822711,-5.6692266027873,1.43443545975476e-08,2.87068207539306e-07,"ENSMUSG00000020780.15"
228.572330072129,-1.26106216987339,0.325760194929838,-3.87113646633529,0.00010832912156397,0.000855513989431449,"ENSMUSG00000020781.14"
2745.29791304708,-2.0509469387444,0.26519737096446,-7.73366240881496,1.04495911694096e-14,6.44459221926624e-13,"ENSMUSG00000020787.14"
955.224151325515,-1.71301771842823,0.271660883848469,-6.30572091999725,2.86855513174024e-10,7.99061491003213e-09,"ENSMUSG00000020803.3"
127.317915198678,-1.33379460517404,0.376675204357569,-3.54096736324566,0.000398662887952262,0.0025822667650361,"ENSMUSG00000020829.9"
54.1960991581634,-2.73420559566375,0.684079540673496,-3.99691181082808,6.41741948434895e-05,0.000535912006464336,"ENSMUSG00000020838.12"
243.815973620094,-1.26953801930282,0.341442562222272,-3.71815983057314,0.000200679291611554,0.0014484825939885,"ENSMUSG00000020844.6"
223.446916534936,-1.71149119453109,0.354210159235784,-4.83185236195278,1.3526855279883e-06,1.80320148180106e-05,"ENSMUSG00000020877.11"
110.213151659154,-1.29149576829498,0.39688843570655,-3.25405240391,0.00113771290411975,0.00622677815272723,"ENSMUSG00000020921.6"
10948.1598796557,-1.01170829310574,0.211896739388304,-4.77453450216507,1.8012340213902e-06,2.33248032998649e-05,"ENSMUSG00000020964.14"
210.282703824942,-1.05885648941053,0.351601366930485,-3.0115255200924,0.00259938551875031,0.0122401249174666,"ENSMUSG00000021079.15"
478.521604155251,-1.21980440849327,0.341588354568459,-3.57097773439698,0.000355651130911537,0.00235093235186915,"ENSMUSG00000021102.3"
64.8886334857027,-1.21797847495017,0.467956097277318,-2.60276227200942,0.0092476052511048,0.0343587771284602,"ENSMUSG00000021118.7"
1867.64132215894,-1.26688237566199,0.263998739563323,-4.79881978890324,1.59603317503945e-06,2.09934654144193e-05,"ENSMUSG00000021194.5"
75.5245791260668,-1.46376838230421,0.482182049164449,-3.03571728736211,0.00239964249767032,0.0115046381089155,"ENSMUSG00000021198.16"
54.8092683759681,-3.2561863082607,0.530063210989174,-6.14301509849021,8.09695834543957e-10,2.08001280024663e-08,"ENSMUSG00000021209.12"
25.5917764991833,-1.9850376271992,0.738164772497396,-2.68915247808876,0.00716336906090094,0.0279627688928113,"ENSMUSG00000021259.4"
165.75190866912,-2.938801137393,0.386622564629186,-7.60121474082,2.9336383506913e-14,1.67259596613155e-12,"ENSMUSG00000021265.3"
2382.77041413519,-1.66899804000093,0.226454606129932,-7.3701218470395,1.7047215509784e-13,8.52360775489201e-12,"ENSMUSG00000021266.16"
306.366313528154,-1.38044039802551,0.300466204946693,-4.59432833143554,4.34145357721747e-06,5.0858861196524e-05,"ENSMUSG00000021286.7"
950.206884285544,-1.70420442145879,0.263519052355909,-6.46710135841368,9.99006447389419e-11,3.04504849829275e-09,"ENSMUSG00000021290.5"
74.4755158268725,-2.14736310533851,0.444739377578756,-4.8283628875616,1.37660067015232e-06,1.83200005221782e-05,"ENSMUSG00000021416.11"
299.865887757057,-1.38431010364408,0.305425291277827,-4.53240168111963,5.83168215940146e-06,6.59758474136425e-05,"ENSMUSG00000021420.12"
189.05645677978,-2.85626850415103,0.349196226432842,-8.17955146116206,2.84902381071152e-16,2.22448410836343e-14,"ENSMUSG00000021453.2"
1547.67007899044,-1.32796290962939,0.207974413688827,-6.38522251884454,1.711484168463e-10,4.94117014028026e-09,"ENSMUSG00000021486.6"
854.88894019259,-1.48382436697065,0.320546593333033,-4.62904425700454,3.67357258714088e-06,4.39774361829177e-05,"ENSMUSG00000021495.8"
80.5489022287644,-1.31843023428337,0.426784112700788,-3.08922050996706,0.00200682427985985,0.00993384285939368,"ENSMUSG00000021496.12"
732.815393709962,-1.1338200139229,0.248062716486041,-4.57069901508842,4.86100032835488e-06,5.62385804411861e-05,"ENSMUSG00000021520.4"
495.033599932333,-1.09505461758135,0.254925114718699,-4.29559331095999,1.74226732452775e-05,0.000172809368546713,"ENSMUSG00000021557.14"
1353.18565827023,-2.3741619512668,0.370003901865872,-6.41658625569695,1.39364003115151e-10,4.09059157291693e-09,"ENSMUSG00000021606.7"
124.652754986667,-1.82088760173944,0.407947675315813,-4.46353224179987,8.06194606075581e-06,8.81862284768665e-05,"ENSMUSG00000021643.14"
400.565050094315,-1.15598776967616,0.260413594750989,-4.43904539922937,9.03587567873633e-06,9.71632493269816e-05,"ENSMUSG00000021646.8"
107.544442824578,-1.18445468357196,0.377990163380905,-3.13355954286665,0.00172699875713083,0.00878837439541544,"ENSMUSG00000021684.16"
1009.88904414809,-2.81356189059147,0.28181745083512,-9.98363260420511,1.79762433321316e-23,2.87801471529582e-21,"ENSMUSG00000021701.7"
1135.04960531666,-1.39046971895799,0.220810590311416,-6.29711517458,3.03235975020948e-10,8.38794101934036e-09,"ENSMUSG00000021737.3"
545.681815384689,-1.22728720037409,0.321116396057551,-3.821938759409,0.000132406575867422,0.00101566202464085,"ENSMUSG00000021764.6"
1550.70026567991,-1.07742812513401,0.205277625821128,-5.24863886565429,1.53227115895412e-07,2.46563430146425e-06,"ENSMUSG00000021771.13"
102.085299119537,-1.14069813890385,0.388695270332512,-2.9346848957746,0.00333886563273491,0.015090111285671,"ENSMUSG00000021772.14"
1085.72294200931,-1.12684794121139,0.233058776314826,-4.83503757734143,1.33120485856909e-06,1.7775566140118e-05,"ENSMUSG00000021807.5"
1504.30629885903,-1.27937228522996,0.249625089585026,-5.1251750669645,2.97261407843431e-07,4.57436244108581e-06,"ENSMUSG00000021917.14"
689.8090319323,-6.37208873056195,0.332451826749954,-19.1669535789754,6.98831968665325e-82,1.10764867033454e-78,"ENSMUSG00000021922.15"
125.036719311082,-1.18054263048897,0.445366800531887,-2.65071987646831,0.0080320427478314,0.0306312733356489,"ENSMUSG00000021951.5"
341.763021819547,-1.39467436096509,0.395618171804945,-3.52530409460745,0.000422996915006414,0.00271767373443521,"ENSMUSG00000021967.3"
2267.2597973154,-1.30895253332928,0.204335620153028,-6.40589502872282,1.494897936268e-10,4.35553902386909e-09,"ENSMUSG00000021978.8"
312.398925198206,-1.27628728447348,0.286450634327648,-4.45552263296315,8.36890657929441e-06,9.08542255354907e-05,"ENSMUSG00000022013.3"
610.718713819444,-2.16974402620196,0.243927501954556,-8.89503647114865,5.84001161870338e-19,6.60996964405007e-17,"ENSMUSG00000022132.15"
1835.13231645455,-1.27037465242779,0.302706011328243,-4.19672753393141,2.7079939040433e-05,0.00025382438426426,"ENSMUSG00000022174.8"
759.318947381998,-1.28073619816674,0.321016453758035,-3.98962789344152,6.61770299515539e-05,0.000550606784636288,"ENSMUSG00000022193.6"
270.23277074034,-1.37067974534858,0.284550566643598,-4.81699882560899,1.4573354584997e-06,1.93295121483014e-05,"ENSMUSG00000022199.10"
1054.73902171369,-1.25957739929919,0.24686488876591,-5.10229464220642,3.35559779700012e-07,5.12391378443661e-06,"ENSMUSG00000022214.14"
157.371639563962,-1.41376282481029,0.329815130686593,-4.28653112993085,1.81484780551503e-05,0.000179000234706989,"ENSMUSG00000022217.14"
1914.98685875213,-1.15596618335755,0.238127328795164,-4.85440368901089,1.20749536263591e-06,1.63300354076614e-05,"ENSMUSG00000022270.15"
2589.83316182725,-1.30726686606958,0.210547924046089,-6.20888033920209,5.33634356206912e-10,1.42153017577808e-08,"ENSMUSG00000022312.10"
2856.90301477477,-2.21309544513157,0.26937039317072,-8.21580805181127,2.1074032060322e-16,1.67850958872414e-14,"ENSMUSG00000022354.3"
524.508851907606,-1.02420823555818,0.29608319546028,-3.459190697959,0.000541801157286521,0.00335189240553917,"ENSMUSG00000022370.13"
136.304794973974,-1.05472974581366,0.375074930024332,-2.81205077008275,0.00492267326416676,0.0208009191877121,"ENSMUSG00000022386.12"
385.472991697611,-1.47636825733267,0.255587836123068,-5.77636353798068,7.63323558950554e-09,1.59824021259792e-07,"ENSMUSG00000022389.14"
192.684278523457,-1.81247366989463,0.315967786432794,-5.73626093456252,9.67895071793503e-09,1.99494627931431e-07,"ENSMUSG00000022408.6"
212.570403564067,-1.39251310748558,0.336247033264461,-4.14133946095029,3.45283503074274e-05,0.000313804101131149,"ENSMUSG00000022414.7"
1176.73971519161,-1.19785852995993,0.258698008628323,-4.63033533312164,3.65074013427599e-06,4.37702202180593e-05,"ENSMUSG00000022437.6"
1459.82432358609,-1.33653994190835,0.227849114624534,-5.8658992119008,4.4670509453194e-09,9.87298514489223e-08,"ENSMUSG00000022450.5"
1137.13908006561,-1.39924187256639,0.302047204542653,-4.63252713987228,3.6122896283625e-06,4.33420065174456e-05,"ENSMUSG00000022452.14"
70.9815342839286,-1.52287706481325,0.461494359709147,-3.29988229059404,0.000967253888671199,0.00545586268165072,"ENSMUSG00000022490.6"
1133.99654157063,-1.82733838055621,0.221060998632489,-8.2662178849293,1.38275733801546e-16,1.12972700038892e-14,"ENSMUSG00000022498.16"
224.272208085543,-1.16503520255581,0.337589170944201,-3.45104435458438,0.000558421788555606,0.00344128512776297,"ENSMUSG00000022516.9"
263.85454505077,-1.55181577980818,0.375940441158984,-4.12782347923012,3.66213060155447e-05,0.000329425482602942,"ENSMUSG00000022540.16"
694.519555533689,-1.54854254218288,0.261504910658788,-5.92165760207624,3.18712663961965e-09,7.22688944749234e-08,"ENSMUSG00000022546.4"
1276.1657839031,-1.19623932468635,0.254332068064654,-4.703454557615,2.55796049359384e-06,3.17740390466006e-05,"ENSMUSG00000022551.7"
384.178146785687,-1.26380113930921,0.27564085258821,-4.5849558490419,4.54082377300068e-06,5.30376247620197e-05,"ENSMUSG00000022552.15"
558.666539784014,-1.20204078643265,0.323481878720655,-3.71594474221128,0.000202445826595755,0.00145919342953284,"ENSMUSG00000022561.12"
863.243791880201,-1.62926266999298,0.291928528330188,-5.5810327250723,2.39094648114464e-08,4.57687218914766e-07,"ENSMUSG00000022570.5"
294.947946947698,-1.24967331750555,0.330058695360428,-3.78621540675028,0.000152959093733479,0.00114900551453822,"ENSMUSG00000022571.8"
367.752764696493,-1.4815845510585,0.283321979637042,-5.22933149400031,1.70124081606161e-07,2.71274315237189e-06,"ENSMUSG00000022574.6"
131.558494333959,-1.1904007371099,0.396831940765683,-2.99976038927973,0.00270192066354411,0.0126384255355961,"ENSMUSG00000022579.10"
10706.5254868451,-1.46326371126838,0.267932701769286,-5.46131062616008,4.72632236851411e-08,8.5030884836491e-07,"ENSMUSG00000022587.14"
531.867732247235,-1.09138999641007,0.254718346993815,-4.28469330651148,1.82991443696891e-05,0.00018037402876839,"ENSMUSG00000022614.7"
355.856671094353,-1.20893868179328,0.29007413283575,-4.1676886869393,3.07703779482116e-05,0.0002842135725403,"ENSMUSG00000022635.9"
205.260872750063,-1.38142414279091,0.321932651385781,-4.29103459013702,1.77842607325902e-05,0.000175845622340333,"ENSMUSG00000022671.12"
369.20479713248,-1.21462328909582,0.277750453374093,-4.37307401064753,1.22509168468607e-05,0.000127583952300535,"ENSMUSG00000022677.14"
216.733556191351,-2.36377129064294,0.327065166519502,-7.22721809784041,4.9298805469061e-13,2.27809348887643e-11,"ENSMUSG00000022679.13"
101.569572121765,-1.23565082426478,0.44720749824064,-2.7630369104408,0.00572662901370116,0.0234116765197739,"ENSMUSG00000022702.15"
304.767249213605,-1.98398799197343,0.28315289439914,-7.0067727761834,2.43877845826976e-12,9.9369250806107e-11,"ENSMUSG00000022756.15"
214.459079331716,-1.01982398858205,0.338228855139226,-3.01518919242492,0.00256819003973147,0.0121184317147198,"ENSMUSG00000022760.15"
115.882997158073,-1.73919281059259,0.415236565435309,-4.18843848390211,2.80880423078039e-05,0.000262497329350644,"ENSMUSG00000022763.16"
1760.9015349051,-1.0152457643802,0.255517422763386,-3.97329369324585,7.08855567818558e-05,0.000583655103892164,"ENSMUSG00000022769.7"
454.961121190095,-1.59124941494363,0.276819952437503,-5.74831908224851,9.01350205112426e-09,1.86506537219738e-07,"ENSMUSG00000022820.3"
210.415138057459,-1.11048433236412,0.31214414173051,-3.55760106919725,0.000374257119610682,0.00245325696684421,"ENSMUSG00000022853.6"
112.731410651649,-1.50927203997942,0.442618727727659,-3.4098693648319,0.000649940028864372,0.00391545019289255,"ENSMUSG00000022856.8"
1373.23556470702,-1.26215802736759,0.267069729158662,-4.72594940408899,2.2904267804891e-06,2.89730761937368e-05,"ENSMUSG00000022890.13"
2475.4621198545,-2.10285573849154,0.290798386244338,-7.23131845967211,4.78327200336763e-13,2.22330971417528e-11,"ENSMUSG00000022956.10"
2092.86614424415,-1.32331389377099,0.291993859722473,-4.53199219678366,5.84300088138131e-06,6.60567503351596e-05,"ENSMUSG00000022982.9"
205.397304116784,-3.00152425469169,0.419293451393654,-7.15852881726432,8.15474477736196e-13,3.61592100576509e-11,"ENSMUSG00000022993.6"
317402.523757497,-3.26984443015196,0.24612901886334,-13.2850829424851,2.82545190183065e-40,1.31715919541223e-37,"ENSMUSG00000023031.7"
603.762056614547,-1.56058454755677,0.344218624984226,-4.53370164856211,5.79588812997701e-06,6.56646367835137e-05,"ENSMUSG00000023089.12"
3997.03032475762,-3.32707453692169,0.919396207876858,-3.61876034338322,0.000296017610016773,0.00201801252420037,"ENSMUSG00000023140.4"
4779.76143803365,-1.46369404146468,0.223046883994692,-6.56227074438535,5.29944801099962e-11,1.68329160269226e-09,"ENSMUSG00000023175.15"
282.431190377085,-2.50759017620963,0.297066805386388,-8.44116586149054,3.14187941763013e-17,2.82947663462713e-15,"ENSMUSG00000023259.16"
145.956493301847,-1.32568970872714,0.360738337302993,-3.67493435446442,0.000237910577605523,0.00166558421159344,"ENSMUSG00000023262.12"
2393.35289599762,-1.30673925341532,0.307314652479724,-4.25212154015837,2.11754877640653e-05,0.000204903224090619,"ENSMUSG00000023272.3"
704.472820006117,-1.21487354628832,0.230598304872362,-5.26835419263277,1.37652315018302e-07,2.24002997232043e-06,"ENSMUSG00000023353.13"
291.785467229393,-1.12950262578835,0.292674000427456,-3.85925167298322,0.000113734762790225,0.00088978084413873,"ENSMUSG00000023393.15"
230235.95032769,-2.8167999969289,0.259731908383859,-10.8450286853702,2.10569800371763e-27,4.57196073409923e-25,"ENSMUSG00000023433.8"
25.924251776595,-2.64261068474183,0.780640069573559,-3.38518452708355,0.000711304198680905,0.00421634362595055,"ENSMUSG00000023467.18"
473.720901522276,-1.61687501822167,0.292625600497923,-5.52540521222492,3.28726017639442e-08,6.16604423619546e-07,"ENSMUSG00000023495.12"
328.041893501354,-1.99336641114337,0.273731703417389,-7.28219050353793,3.28442816217298e-13,1.58713982836713e-11,"ENSMUSG00000023571.4"
657.7009237977,-1.74696675935607,0.290923287532959,-6.00490519054152,1.91443740256461e-09,4.56298238054874e-08,"ENSMUSG00000023707.13"
778.073892696797,-1.54031716414587,0.284982369882458,-5.40495597949157,6.48243114303215e-08,1.13156975349184e-06,"ENSMUSG00000023904.10"
267.800323017892,-1.70473685291793,0.361128418775944,-4.72058349408276,2.35169049754265e-06,2.96533765998814e-05,"ENSMUSG00000023939.7"
1007.69738356339,-1.76740243809304,0.232777646436038,-7.59266392264468,3.13394633183823e-14,1.77403747712986e-12,"ENSMUSG00000023963.9"
577.711608838766,-1.55643111575416,0.298438576687309,-5.21524775057791,1.83571713985979e-07,2.90670496171604e-06,"ENSMUSG00000023967.9"
38768.8443939977,-3.38439138857472,0.292724174929055,-11.5617078411613,6.44147729484352e-31,1.82316812720125e-28,"ENSMUSG00000024028.7"
1107.23341308284,-2.2353023261686,0.330791393939899,-6.75743797184375,1.40453139158408e-11,4.94707167924614e-10,"ENSMUSG00000024038.16"
4762.35797030977,-2.04561130373798,0.230290059840215,-8.88275987750974,6.5221648967889e-19,7.28002208550029e-17,"ENSMUSG00000024039.14"
186.679323765675,-1.11608370633806,0.321209999243505,-3.47462317165281,0.00051157144182922,0.00320617135349669,"ENSMUSG00000024067.13"
1020.04794029283,-1.17757437215214,0.260705179650926,-4.51688138198431,6.27570363380596e-06,7.02471063529834e-05,"ENSMUSG00000024099.14"
4914.31782036457,-1.07393212755158,0.207352591884982,-5.17925586455795,2.22772745151725e-07,3.51338110512919e-06,"ENSMUSG00000024150.11"
805.77851861494,-1.54031154329152,0.234075865180372,-6.58039453193777,4.69201560680838e-11,1.50239287611945e-09,"ENSMUSG00000024180.13"
888.102584930853,-2.22540314510776,0.30881383319789,-7.20629358491757,5.74953713024951e-13,2.58892509984246e-11,"ENSMUSG00000024181.8"
536.583920186729,-2.89236626261542,0.446939086827173,-6.47149991545464,9.70348130735363e-11,2.96911541933504e-09,"ENSMUSG00000024184.15"
204.740506565297,-1.02754275591081,0.303701807839616,-3.38339360973923,0.000715959408787976,0.0042390573886027,"ENSMUSG00000024191.14"
548.790367552836,-1.40745889068745,0.327807388026069,-4.29355451432207,1.75835115322225e-05,0.000174077862452046,"ENSMUSG00000024194.15"
31.4633712526154,-3.15510465195715,0.782036781695488,-4.03447091723327,5.47254673755847e-05,0.000468610836252305,"ENSMUSG00000024205.7"
778.986091504088,-2.18809036120638,0.355587477609935,-6.15345167921416,7.58144834723862e-10,1.96349601803484e-08,"ENSMUSG00000024208.15"
786.15347544722,-1.35170419258544,0.261307746633532,-5.17284393593247,2.30557576994758e-07,3.62893505001679e-06,"ENSMUSG00000024213.13"
305.211947848781,-2.4523892599479,0.304381093385235,-8.05696974366301,7.82089985000665e-16,5.79258236554231e-14,"ENSMUSG00000024215.13"
98611.8157052563,-2.89594128998645,0.268047534847086,-10.8038348184717,3.30121472108122e-27,6.97656711055165e-25,"ENSMUSG00000024225.4"
2423.22354164042,-1.48356115530503,0.211946001647183,-6.99971286919884,2.56487608213805e-12,1.03972598214548e-10,"ENSMUSG00000024248.13"
99.167002434214,-1.12132776046871,0.400203409540532,-2.80189457095353,0.00508034732173814,0.0213250807864273,"ENSMUSG00000024273.7"
485.430736181852,-1.22581257345368,0.296990037655114,-4.12745351033351,3.66802556357838e-05,0.000329768605687563,"ENSMUSG00000024309.14"
475.609231634813,-1.85823963533344,0.288565391732788,-6.43957899516299,1.19805349311831e-10,3.59642952006159e-09,"ENSMUSG00000024346.5"
1121.71898146699,-1.55636246878145,0.25326477029898,-6.14519921955258,7.98632141104841e-10,2.05492198644671e-08,"ENSMUSG00000024357.9"
987.081264294361,-1.85500095749401,0.296661306004559,-6.25292520442657,4.02835094671399e-10,1.08957956493885e-08,"ENSMUSG00000024381.15"
556.823653322118,-1.37978505744925,0.295833493775851,-4.66405963651532,3.10031469147272e-06,3.77129607519898e-05,"ENSMUSG00000024429.9"
213.882365739799,-1.75943090781645,0.373235945019866,-4.71399105925556,2.42911325941281e-06,3.04359250290064e-05,"ENSMUSG00000024446.13"
842.849467819815,-1.02505841534893,0.226976475265952,-4.51614386093471,6.29758894884474e-06,7.04423322788914e-05,"ENSMUSG00000024480.7"
18194.4711919456,-1.39977706637984,0.3062894794979,-4.57011147974944,4.87464840416271e-06,5.63553444244923e-05,"ENSMUSG00000024503.2"
4150.88258387116,-2.01778075218529,0.230473262662411,-8.75494505903215,2.04202934211329e-18,2.11543562565331e-16,"ENSMUSG00000024516.12"
1084.18866466236,-3.48199668634187,0.218261890845045,-15.9532966238889,2.70246841612996e-57,2.51965437621528e-54,"ENSMUSG00000024538.7"
20.5572126231599,-3.93677387753138,1.10520844367496,-3.56201936391394,0.000368013233002406,0.00242033599298263,"ENSMUSG00000024553.7"
410.0908956951,-1.02766632425048,0.294973674586191,-3.48392555943225,0.000494116897589735,0.00311649535487358,"ENSMUSG00000024570.6"
12168.4750511413,-2.24890319137973,0.303366911329926,-7.4131459542532,1.23338016373058e-13,6.3677770668175e-12,"ENSMUSG00000024608.10"
10978.3880603257,-1.36313286216602,0.204074955905819,-6.67956955382173,2.39645083199259e-11,8.15101838778595e-10,"ENSMUSG00000024661.6"
146.408940595943,-1.56867392270653,0.399876542038727,-3.92289558849543,8.7491073800422e-05,0.000704283148672772,"ENSMUSG00000024697.3"
13.3454254884236,-3.24373757992407,1.02924918317331,-3.15155710876856,0.00162402400676534,0.00835468370893561,"ENSMUSG00000024738.5"
349.256876026726,-2.96523095236251,0.299262015017927,-9.90847753325756,3.82429133716946e-23,5.77285882801294e-21,"ENSMUSG00000024747.3"
1829.68788678086,-1.29477649553437,0.203859994049674,-6.351302527846,2.13499359641566e-10,6.04279437556933e-09,"ENSMUSG00000024782.7"
222.296653756761,-1.06175833187139,0.317447845261029,-3.34467014888174,0.000823804814429051,0.00477415221524697,"ENSMUSG00000024818.14"
279.128735142107,-1.13896719208122,0.337294609501655,-3.3767725898852,0.000733416597109222,0.00432303944372673,"ENSMUSG00000024829.12"
250.712075546907,-1.10501024230051,0.289032645378379,-3.82313299196331,0.000131766662042419,0.00101187092702148,"ENSMUSG00000024830.16"
974.901286086564,-1.72301992609725,0.26772073205213,-6.43588530813425,1.22755702834801e-10,3.67109035836149e-09,"ENSMUSG00000024845.17"
52.8694304851274,-4.26009920100402,0.710162058587774,-5.99877049116879,1.98817123447725e-09,4.72451485254339e-08,"ENSMUSG00000024846.5"
887.135992861889,-1.22937335581811,0.256768431778037,-4.78786799181309,1.68562461369763e-06,2.20438532401876e-05,"ENSMUSG00000024856.10"
3689.05328297332,-2.66902013952364,0.265822374774852,-10.0406150602795,1.01042141107492e-23,1.66458816766099e-21,"ENSMUSG00000024857.16"
94.9853459209492,-1.06843665851067,0.437899879414351,-2.43991083062092,0.014690887638826,0.0497437660917309,"ENSMUSG00000024867.14"
185.247844108987,-1.59623403011888,0.34699080734412,-4.60021993763037,4.2204509508137e-06,4.97724312279741e-05,"ENSMUSG00000024869.9"
53.2908010814501,-1.90739842924056,0.737485411928773,-2.58635411411335,0.00969972214325484,0.0356541270803778,"ENSMUSG00000024871.10"
593.665539590792,-1.00533803888181,0.233006797026237,-4.31462966622645,1.59870676477644e-05,0.000160885728391787,"ENSMUSG00000024875.4"
427.022354977811,-1.52039971472723,0.305277607488619,-4.98038400927888,6.34582275076282e-07,9.2023138700449e-06,"ENSMUSG00000024902.4"
152.014504931255,-1.26059676376912,0.33815205841254,-3.72789912824133,0.000193082625283553,0.00140062224748024,"ENSMUSG00000024906.9"
1875.37036952007,-7.98645320333863,0.410600280838171,-19.4506764268053,2.87611930195666e-84,5.065165659557e-81,"ENSMUSG00000024907.6"
384.094342568186,-1.18488365312745,0.291287894035064,-4.06774080691736,4.74711413351296e-05,0.000411381951974743,"ENSMUSG00000024911.5"
36.8540636440664,-2.30638585020321,0.664788224719747,-3.46935424612178,0.000521711060327505,0.00326069412704691,"ENSMUSG00000024922.1"
565.493219610848,-2.09372271893862,0.306797143866198,-6.82445309807624,8.8260903160341e-12,3.22335326057927e-10,"ENSMUSG00000024925.10"
271.272590659993,-1.42724849807345,0.329729256902086,-4.32854673401722,1.50096485251152e-05,0.000152306612754851,"ENSMUSG00000024944.5"
839.646562641503,-1.0427919057617,0.300222868151222,-3.47339265720572,0.000513922890188763,0.00321963549782288,"ENSMUSG00000024953.16"
282.594171939442,-1.17997089526234,0.31998877154419,-3.68753843945237,0.000226433896257015,0.00160007902615857,"ENSMUSG00000024958.12"
485.223591741081,-1.64660454118011,0.249468495907939,-6.6004508312254,4.09909322947394e-11,1.32323070645951e-09,"ENSMUSG00000024962.13"
185.38772637273,-1.11827630064003,0.335025378704813,-3.33788534159176,0.000844185768215627,0.00486912097023933,"ENSMUSG00000024972.16"
496.611539091664,-1.94705652579127,0.265582033425368,-7.33128103840061,2.27963043687256e-13,1.12211622436118e-11,"ENSMUSG00000025035.8"
488.771248280289,-1.89143266134567,0.251516134248575,-7.52012457171576,5.47240755741955e-14,2.96032968549829e-12,"ENSMUSG00000025036.6"
61034.04829475,-1.67492405767464,0.18825121377194,-8.89728158514694,5.72311670037568e-19,6.52599997848594e-17,"ENSMUSG00000025091.3"
24635.5388276733,-1.21197977161572,0.206554474912512,-5.8676035565391,4.42138863274964e-09,9.78757120517902e-08,"ENSMUSG00000025130.11"
565.536990859993,-1.10818301051531,0.262966526055158,-4.21415998127026,2.50709535755977e-05,0.000237663638855344,"ENSMUSG00000025137.15"
1597.52022103089,-1.99617660459288,0.219975174052301,-9.07455404089499,1.14143964789932e-19,1.38105484116063e-17,"ENSMUSG00000025140.15"
14.5549681331746,-3.63412783492832,1.04769867091375,-3.4686765725863,0.000523028698096167,0.00326764086118417,"ENSMUSG00000025141.2"
467.921316378022,-1.73139214689603,0.299464165822624,-5.78163381298032,7.3978601921147e-09,1.55925643676886e-07,"ENSMUSG00000025144.17"
642.895735351725,-1.2771303733896,0.299549402748656,-4.26350499006405,2.0124500424307e-05,0.000196533168037748,"ENSMUSG00000025145.13"
537.743611326116,-1.38931507045552,0.269124215218051,-5.16235623513055,2.43860647850601e-07,3.81935896090121e-06,"ENSMUSG00000025147.7"
593.456306000986,-2.12297224399371,0.2800803723646,-7.57986797171952,3.45906784727607e-14,1.92372720629213e-12,"ENSMUSG00000025158.7"
199.30609534376,-1.7158536243379,0.370884052054223,-4.62638826025078,3.72097467760353e-06,4.44441964129736e-05,"ENSMUSG00000025169.6"
152.661622188868,-2.53036592568131,0.347498274677933,-7.28166471625362,3.29725733939305e-13,1.58849631700243e-11,"ENSMUSG00000025175.12"
45.8405814238217,-1.69302882981146,0.568869651021855,-2.97612788231942,0.00291913106978681,0.0134847965044763,"ENSMUSG00000025189.8"
1115.6089638801,-2.25884372117616,0.231409058179614,-9.76125886750249,1.65093026690345e-22,2.37884043003816e-20,"ENSMUSG00000025196.4"
568.651198176351,-1.65447671210102,0.273267855068883,-6.05441394372556,1.40929788937975e-09,3.46315837932852e-08,"ENSMUSG00000025204.10"
410.96966457244,-1.116824028147,0.28978819126104,-3.85393215398819,0.000116235817620109,0.000907108670250484,"ENSMUSG00000025208.8"
253.272497109959,-1.65405762392009,0.30582709287589,-5.40847316163496,6.35643102278899e-08,1.11571906656927e-06,"ENSMUSG00000025218.6"
175.342300874981,-1.12431912672225,0.332849589796959,-3.37785943316948,0.000730524129034692,0.00430919517871227,"ENSMUSG00000025221.15"
779.968280462815,-1.41313112350463,0.285460980271324,-4.95034775737644,7.40809887589758e-07,1.05462872526285e-05,"ENSMUSG00000025260.10"
4722.92289395404,-2.08228556679681,0.203654784843891,-10.2245845507286,1.53886372450171e-24,2.71011000370578e-22,"ENSMUSG00000025289.15"
13172.4228666217,-2.12926681630474,0.298996085912083,-7.12138692320817,1.06846374504748e-12,4.63976722164456e-11,"ENSMUSG00000025290.16"
7190.9637008162,-1.9852652617462,0.27398209912487,-7.24596704707118,4.29364503896994e-13,2.02542481749028e-11,"ENSMUSG00000025362.5"
462.710676147257,-1.48763792905955,0.308818425734202,-4.81719290396212,1.45591919844118e-06,1.93269005823222e-05,"ENSMUSG00000025374.13"
285.106661534534,-1.13653129655774,0.336301320985556,-3.37950292085397,0.000726170357577089,0.00428670397303421,"ENSMUSG00000025377.14"
1809.60265777538,-1.22079804884946,0.267177922423206,-4.5692325090983,4.89513488108735e-06,5.65424109970576e-05,"ENSMUSG00000025381.2"
324.192852490929,-1.07836851573142,0.273802454300203,-3.93849105000743,8.19956521426754e-05,0.00066443307078804,"ENSMUSG00000025453.16"
247.034751774339,-1.19616840645719,0.303528612353564,-3.94087528415227,8.11848298768483e-05,0.000658873299307755,"ENSMUSG00000025464.15"
1173.28311628228,-1.09971711207821,0.209668019990148,-5.24503981165028,1.56248584587417e-07,2.50915913445851e-06,"ENSMUSG00000025465.13"
523.465617620358,-2.1747453597213,0.347361676612797,-6.26075213860014,3.83125064334642e-10,1.04160073236777e-08,"ENSMUSG00000025466.19"
9.95849784304998,-4.44835250357865,1.27612949448331,-3.48581591665174,0.000490638508186618,0.00310320046079725,"ENSMUSG00000025469.10"
245.001038272379,-1.61670930253975,0.315893271257238,-5.11789724455141,3.0896083976717e-07,4.74058984541108e-06,"ENSMUSG00000025481.12"
287.372603566245,-1.35843543783218,0.35912732484101,-3.78260116640686,0.000155197982890287,0.001161918347197,"ENSMUSG00000025494.8"
689.237297511237,-1.93753031382397,0.319895849119981,-6.05675353135725,1.38896153569328e-09,3.42380098611795e-08,"ENSMUSG00000025499.18"
1785.44481815949,-1.22555248126742,0.252678871234378,-4.85023728054664,1.23313867608716e-06,1.66342536306226e-05,"ENSMUSG00000025503.5"
8078.06093152537,-2.23411199069141,0.318666373521124,-7.01081813561138,2.36928545260896e-12,9.72880166421038e-11,"ENSMUSG00000025508.13"
230.951276494623,-1.0956463797026,0.340308831331565,-3.21956493287446,0.00128385281109915,0.00686309175579143,"ENSMUSG00000025521.15"
533.535054612588,-1.51299019319415,0.285099437058285,-5.30688593708041,1.11513909141985e-07,1.8507805862832e-06,"ENSMUSG00000025533.15"
191.814009955487,-1.15279042053957,0.319249518291776,-3.6109386373012,0.000305090845894713,0.00206785399762954,"ENSMUSG00000025545.9"
1496.95073510763,-2.03919557313154,0.295339353065177,-6.90458468188462,5.03505150407377e-12,1.94174127346884e-10,"ENSMUSG00000025650.12"
1610.68881512788,-1.0912642590156,0.239285387569236,-4.56051357795448,5.10286624899717e-06,5.84962659637333e-05,"ENSMUSG00000025651.14"
37.8423417370051,-2.19150871618856,0.724611571388617,-3.02439100163531,0.00249134226037543,0.0118475171998052,"ENSMUSG00000025723.12"
643.845922479864,-1.07320504958668,0.257786542187533,-4.1631539043103,3.1388164542308e-05,0.000288741966335219,"ENSMUSG00000025728.15"
1224.33622883235,-2.07613633151236,0.250443780193223,-8.28982987683133,1.13410560210173e-16,9.60699362459605e-15,"ENSMUSG00000025731.15"
919.159070138976,-2.78733060391254,0.353234158924962,-7.89088635254173,3.00047800940552e-15,2.02372665740755e-13,"ENSMUSG00000025732.5"
207.928535494454,-1.01874000082522,0.356855789638817,-2.85476663235956,0.00430684628350129,0.0186054820369298,"ENSMUSG00000025733.17"
467.621948344702,-1.09857674890186,0.275141668205071,-3.9927676388262,6.53065565160125e-05,0.000544507585891004,"ENSMUSG00000025762.14"
1800.48325457293,-1.14135859619328,0.242241375820464,-4.7116583297446,2.45709087535578e-06,3.07378771699993e-05,"ENSMUSG00000025781.14"
519.34383906032,-1.10317829552553,0.270359163772173,-4.08041761978212,4.49548598402883e-05,0.000392364828451856,"ENSMUSG00000025792.9"
11854.3153855152,-2.06498473801923,0.29347247544866,-7.03638300274086,1.97294163347001e-12,8.20764432821513e-11,"ENSMUSG00000025794.8"
643.859048695045,-2.08871780860911,0.2317193524754,-9.0139981244374,1.98678101285982e-19,2.29857511341812e-17,"ENSMUSG00000025813.14"
802.073246701364,-1.11937907534555,0.230608752256844,-4.85401817750101,1.20984639191497e-06,1.6347881766285e-05,"ENSMUSG00000025825.12"
394.971926315204,-1.51777346119684,0.268488451354331,-5.65303071152881,1.57643125598832e-08,3.11551563683478e-07,"ENSMUSG00000025868.6"
350.582937747355,-1.77203597866989,0.270669217484136,-6.54686925665549,5.87557582425608e-11,1.8514488432298e-09,"ENSMUSG00000025876.15"
4689.7789229373,-1.52407075730196,0.222610484317267,-6.84635659446228,7.57545100511439e-12,2.79885544128352e-10,"ENSMUSG00000025935.10"
8100.71989795331,-1.67505540230658,0.242376853936111,-6.9109544707108,4.81403556976694e-12,1.86558591151115e-10,"ENSMUSG00000025967.16"
2382.32742363732,-1.47242378626262,0.268892710834955,-5.47587839659362,4.35346588175076e-08,7.93131427882179e-07,"ENSMUSG00000026083.12"
1108.61647848202,-1.8341649881077,0.265564304929238,-6.90666988771863,4.96162670833998e-12,1.91809227627289e-10,"ENSMUSG00000026087.11"
819.402169567644,-1.60503857760015,0.222600900055201,-7.21038673788892,5.57931877428827e-13,2.53387399921115e-11,"ENSMUSG00000026090.16"
228.924839211793,-2.14823172282082,0.354309638506439,-6.06314784965067,1.33482853543182e-09,3.29548789510816e-08,"ENSMUSG00000026095.15"
285.182330722186,-1.07456492064981,0.287246970872348,-3.74090949466392,0.000183355543757557,0.00133740698046814,"ENSMUSG00000026102.9"
215.272068884836,-1.10773482846825,0.326925430672804,-3.38834096261204,0.000703167937814403,0.00417423663459112,"ENSMUSG00000026126.15"
65.3334153401352,-1.32269699291336,0.465485951262659,-2.84154009229594,0.0044896206460123,0.0192481707436557,"ENSMUSG00000026154.4"
499.052116442472,-1.55395374725066,0.333267338039924,-4.66278440722716,3.11959518969785e-06,3.79183924514654e-05,"ENSMUSG00000026171.12"
353.330332832981,-1.12310107520171,0.27601199353388,-4.06902997519147,4.72092740843733e-05,0.000409560478509752,"ENSMUSG00000026179.14"
381.94090528683,-1.08548664050942,0.286847069018038,-3.78419986728596,0.000154203868543928,0.00115671146068209,"ENSMUSG00000026189.13"
239.363828913105,-1.25434790582458,0.303946023827553,-4.12687716729682,3.67722677564299e-05,0.000330408414931641,"ENSMUSG00000026197.12"
2197.77783245345,-1.50657261831543,0.229780686045009,-6.556567674362,5.50603386250751e-11,1.74192887666156e-09,"ENSMUSG00000026202.13"
934.146289240781,-1.30556864140309,0.243986575879348,-5.35098554786348,8.74765086469838e-08,1.47972535971686e-06,"ENSMUSG00000026260.12"
1322.33952874078,-1.46084478335382,0.216212073535997,-6.75653657754968,1.4132931373033e-11,4.96689495038966e-10,"ENSMUSG00000026269.14"
586.511101381071,-1.7348587475193,0.270105875738714,-6.42288414783508,1.33716260620715e-10,3.93941028036864e-09,"ENSMUSG00000026278.14"
227.985945167335,-1.62904884585164,0.296304816131233,-5.49788176622191,3.84380500935252e-08,7.10902093328326e-07,"ENSMUSG00000026433.13"
121.174031452343,-1.86442939866634,0.395110931200452,-4.7187492206346,2.37299131366423e-06,2.98034170535484e-05,"ENSMUSG00000026442.14"
2610.03338972259,-1.93858226382886,0.241478796182295,-8.02796060969842,9.91062876939491e-16,7.15322929102358e-14,"ENSMUSG00000026511.7"
1034.02005760528,-1.10765903894411,0.235517317340026,-4.70308957088252,2.56253931207803e-06,3.18059891123233e-05,"ENSMUSG00000026519.16"
1275.70209413816,-1.44427093578482,0.260893474028132,-5.53586455607963,3.0969683403974e-08,5.8298038236697e-07,"ENSMUSG00000026520.8"
1288.48456821706,-1.27674949344088,0.234765398829223,-5.4384057438108,5.37594372439953e-08,9.52052603706508e-07,"ENSMUSG00000026558.13"
81.4599749204484,-1.547763864172,0.462076826827312,-3.34958122613326,0.000809338217769009,0.00470925504832555,"ENSMUSG00000026764.15"
789.509533041049,-1.77276875552649,0.286443812008059,-6.1888882957493,6.05899986769781e-10,1.59526823759153e-08,"ENSMUSG00000026816.14"
269487.787447187,-2.50303116161451,0.189575174220801,-13.2033699660441,8.38961627734428e-40,3.79929765702591e-37,"ENSMUSG00000026818.5"
699.101639627985,-1.43071493414087,0.290867764571996,-4.91878134466404,8.70846810045812e-07,1.21826318969339e-05,"ENSMUSG00000026895.7"
186.500028664786,-1.78718897821647,0.381790000173649,-4.68107854423532,2.85369569956331e-06,3.50085734040855e-05,"ENSMUSG00000026930.15"
587.955520312704,-1.13497876522375,0.242952512165702,-4.67160744750666,2.98851697340651e-06,3.64649684591941e-05,"ENSMUSG00000026956.15"
43.7728852031856,-5.0583886852077,0.735228844331347,-6.88001936296181,5.98444258212169e-12,2.24239751599595e-10,"ENSMUSG00000026961.6"
83.1211072694227,-1.40595419496981,0.422440535369152,-3.32817065895726,0.000874182974908708,0.00500221323169065,"ENSMUSG00000026986.14"
173.639973220263,-1.00365402818403,0.342079659809302,-2.93397750905019,0.0033464845671027,0.0151022396746066,"ENSMUSG00000027132.3"
305.223845620651,-1.77946658328082,0.29684257987804,-5.99464734477086,2.03927493365972e-09,4.83146602369305e-08,"ENSMUSG00000027165.16"
4346.2876298819,-2.7083040453714,0.212253467489789,-12.7597634912687,2.75034861538347e-37,1.11776988599559e-34,"ENSMUSG00000027199.14"
123.54511538824,-1.07357109414319,0.38542010222022,-2.78545692857964,0.00534523407956059,0.0221400539486581,"ENSMUSG00000027203.15"
1067.92349430181,-2.73024353461545,0.265730591632245,-10.2744795691191,9.18387583333876e-25,1.65414127225476e-22,"ENSMUSG00000027227.7"
426.365858185677,-1.19461400801327,0.298802709651352,-3.99800259310623,6.38792515736076e-05,0.000534293476222523,"ENSMUSG00000027257.13"
80.925124708373,-2.73677824937944,0.445601534966325,-6.14176127015868,8.16114512193187e-10,2.09310922625599e-08,"ENSMUSG00000027296.7"
68.0607861628036,-1.13822622022684,0.462048146385891,-2.46343639538426,0.0137612309099262,0.0471499156771141,"ENSMUSG00000027329.9"
1246.74971000267,-2.10734354747172,0.241250054205026,-8.73510082480973,2.43438894212531e-18,2.45764743520294e-16,"ENSMUSG00000027332.11"
795.40412134115,-2.10058903034959,0.240357116956047,-8.73945010221485,2.34247817750998e-18,2.38001789189316e-16,"ENSMUSG00000027333.18"
173.340876251703,-1.11802781075737,0.375290775456213,-2.97909749952757,0.00289098771657073,0.013390460347062,"ENSMUSG00000027350.8"
924.14215609379,-1.32145320064377,0.226589313223351,-5.83193082606326,5.47896338882647e-09,1.18474174233151e-07,"ENSMUSG00000027367.16"
159.433005240074,-1.63927988526502,0.366734436276737,-4.46993716190869,7.82425812649699e-06,8.5704555152023e-05,"ENSMUSG00000027371.10"
587.222156030693,-1.4359885109784,0.266072033685214,-5.39699152552537,6.77675876121471e-08,1.17518190771612e-06,"ENSMUSG00000027376.15"
86.1153954919577,-1.71353684555197,0.473311939020446,-3.62031190064266,0.00029424809876248,0.00200854107036404,"ENSMUSG00000027384.6"
12029.8983264443,-1.3028056151294,0.213498381533349,-6.10218028714144,1.04631256773522e-09,2.63238955533384e-08,"ENSMUSG00000027422.15"
8453.35708183124,-1.97800710779279,0.290939229571183,-6.7986950770035,1.05570992472353e-11,3.78574712825065e-10,"ENSMUSG00000027447.6"
169.920346537213,-1.15949144704037,0.350652416117421,-3.30666892268638,0.000944124064152878,0.00534250853867302,"ENSMUSG00000027459.16"
452.5869888868,-1.35427560457543,0.252563642643873,-5.36211621909896,8.22525893537101e-08,1.3988235421205e-06,"ENSMUSG00000027495.4"
1520.22211677769,-1.02770196234416,0.221791176454779,-4.63364674272195,3.59279874190191e-06,4.32062671161952e-05,"ENSMUSG00000027506.15"
3207.33111947697,-1.99598723613672,0.207649881830851,-9.61227243925248,7.09652064710767e-22,9.69653898764281e-20,"ENSMUSG00000027597.15"
873.815776539636,-1.60257531743292,0.279577818771863,-5.73212611956396,9.91794797596264e-09,2.03626263496124e-07,"ENSMUSG00000027602.9"
4042.44437110359,-1.03874829273582,0.213314405945573,-4.86956466034862,1.11844381350045e-06,1.52690219155746e-05,"ENSMUSG00000027642.15"
909.433356627873,-1.98164784063947,0.295275375065022,-6.71118558465327,1.93049390309387e-11,6.69547666609145e-10,"ENSMUSG00000027673.12"
443.583361133244,-1.5367973481695,0.284330849387957,-5.40496168979754,6.48222462824938e-08,1.13156975349184e-06,"ENSMUSG00000027679.13"
2389.13386273742,-1.35255532907345,0.203991054314124,-6.63046393686787,3.34633425838331e-11,1.10498745823699e-09,"ENSMUSG00000027706.8"
416.034237629712,-1.17482892086248,0.284851371411621,-4.12435760811136,3.71770899683725e-05,0.000333667540203117,"ENSMUSG00000027709.9"
1677.77681165839,-1.1205250406557,0.225485211353565,-4.9693948172002,6.71621912399661e-07,9.6647894610444e-06,"ENSMUSG00000027746.13"
9374.02841080969,-1.13735827191223,0.217083308001086,-5.23927096184907,1.6121218860736e-07,2.58102342366329e-06,"ENSMUSG00000027808.8"
281.072685898394,-1.23460631251167,0.276892313631837,-4.45879589909178,8.2421356731477e-06,8.97237983649664e-05,"ENSMUSG00000027834.15"
57.3011567737263,-5.00485775226261,0.652538006789661,-7.66983332800088,1.7221998853223e-14,1.01358059005293e-12,"ENSMUSG00000027887.11"
1298.4952099494,-1.39300072791421,0.230368352925599,-6.04684068025657,1.47713695567725e-09,3.624244697753e-08,"ENSMUSG00000027937.15"
26.0723490748897,-2.69635674864947,0.73248889641662,-3.68108890365466,0.000232240003074815,0.00163237430099149,"ENSMUSG00000027983.13"
957.565172742275,-1.06215505781211,0.242661716424709,-4.37710189090198,1.20267760467421e-05,0.000125622595436133,"ENSMUSG00000027984.8"
804.045377988574,-1.17937843183014,0.26798465375437,-4.40091779625238,1.07793959294254e-05,0.000114206835214835,"ENSMUSG00000027999.15"
450.108552337764,-2.82775491255891,0.311989546854659,-9.06362069199782,1.26190652993563e-19,1.50385101499847e-17,"ENSMUSG00000028017.7"
976.59387197437,-1.55396338908899,0.277236497204865,-5.605190531392,2.08025998037084e-08,4.02589996201195e-07,"ENSMUSG00000028062.15"
270.750775052531,-1.04681572052986,0.352022854107025,-2.97371522421552,0.00294217991787314,0.0135641511629695,"ENSMUSG00000028069.16"
480.297337672826,-1.34380386968265,0.241885603091074,-5.55553473423007,2.76763170363174e-08,5.23472106235835e-07,"ENSMUSG00000028070.7"
13969.9939872325,-1.86200491349794,0.22745512388693,-8.18625178311464,2.6948763601794e-16,2.12506419446983e-14,"ENSMUSG00000028081.6"
254.51556220843,-1.27899009348748,0.33046985760437,-3.87021709864583,0.000108738475921674,0.00085789190809285,"ENSMUSG00000028086.14"
245.718345882052,-1.21055824645529,0.417019061367389,-2.90288468466147,0.00369742753740201,0.0164203492484791,"ENSMUSG00000028150.14"
56.9300680599823,-2.36060785972218,0.561708010850724,-4.20255330905281,2.63921068106574e-05,0.000248405518378218,"ENSMUSG00000028176.11"
10.3508314206256,-3.11241079800158,1.19212208415621,-2.61081548556712,0.00903266143598079,0.0337341384920583,"ENSMUSG00000028177.13"
10101.9394279234,-2.03638538908821,0.286250053908309,-7.11400875313196,1.12719997825158e-12,4.86815249462874e-11,"ENSMUSG00000028234.6"
41.456993778066,-1.79931551597708,0.583701426429335,-3.0825957150456,0.00205203727227548,0.0101141754266041,"ENSMUSG00000028251.5"
33.5627078328202,-1.84507489927835,0.634318099482427,-2.90875335385171,0.00362873020171936,0.0161787267784112,"ENSMUSG00000028307.9"
1134.10669496083,-1.49499280192087,0.262074636309877,-5.70445436067758,1.16716360558581e-08,2.37369515777392e-07,"ENSMUSG00000028334.10"
349.940441186587,-1.06994232097422,0.297198250833748,-3.60009629253419,0.000318099357563189,0.00214183297254738,"ENSMUSG00000028392.15"
389.587398774717,-1.60413924348588,0.275018266407646,-5.83284617578144,5.44897984347097e-09,1.17986790326523e-07,"ENSMUSG00000028393.10"
40.6292337062737,-1.89993353314502,0.613177167140379,-3.09850665510847,0.00194498601710647,0.00969130096546293,"ENSMUSG00000028407.4"
2524.69194180865,-1.9230295714095,0.266434689484731,-7.21763962165935,5.28976738205261e-13,2.4092762357912e-11,"ENSMUSG00000028416.11"
169.480445964177,-2.38142970795859,0.348100488719279,-6.84121334250427,7.85252081447505e-12,2.88775997469674e-10,"ENSMUSG00000028445.7"
466.691787551958,-1.16422762742895,0.278841665402673,-4.17522835315054,2.97687289968383e-05,0.000276087978115791,"ENSMUSG00000028461.12"
330.87971905466,-1.46091382678908,0.282294461502373,-5.17514165532719,2.27738128735355e-07,3.58812061675485e-06,"ENSMUSG00000028470.10"
9282.79303269575,-1.90780570685165,0.216546890255711,-8.81012747215538,1.25003629933604e-18,1.33107450374546e-16,"ENSMUSG00000028495.14"
68.5681653788242,-1.48913790597103,0.496765029122767,-2.99767056590252,0.00272051575557965,0.0127123156621278,"ENSMUSG00000028527.18"
153.093173411516,-1.48149856311016,0.342833499635473,-4.32133547242438,1.5508767108078e-05,0.000156933148299617,"ENSMUSG00000028532.14"
113.54765986637,-1.77774346407857,0.375785666298833,-4.73073782081104,2.23705283209098e-06,2.83885407435084e-05,"ENSMUSG00000028536.12"
304.810692605764,-1.7365731065847,0.274676166012855,-6.32225624739287,2.57771447608751e-10,7.21851138621679e-09,"ENSMUSG00000028538.12"
117.199578695308,-1.17689204923369,0.377605355329269,-3.11672499508767,0.00182872074988226,0.00921043021469137,"ENSMUSG00000028621.17"
634.608097901888,-1.3793334848564,0.275793986169889,-5.00131820860928,5.69396420796394e-07,8.34097344697121e-06,"ENSMUSG00000028622.11"
82.0822964968714,-1.50372790593902,0.420693948534405,-3.57439870760594,0.000351033673659636,0.0023287918482874,"ENSMUSG00000028634.16"
138.863342154398,-1.30814912881553,0.387172484684932,-3.37872442015104,0.00072822967422936,0.00429725999126409,"ENSMUSG00000028636.14"
205.20407267854,-1.2945657690595,0.311624237635646,-4.15425250257047,3.26352638716776e-05,0.000298160515113199,"ENSMUSG00000028647.13"
587.699208466885,-1.49057603549806,0.290654886793213,-5.12833639903167,2.92313766137853e-07,4.5201689690585e-06,"ENSMUSG00000028648.13"
324.016192895055,-1.14850309256281,0.27518143167627,-4.17362132890541,2.99795888626929e-05,0.000277394327772144,"ENSMUSG00000028669.15"
764.091329377419,-1.07690115165,0.276647560525507,-3.89268262335069,9.91418163461926e-05,0.000788063083794961,"ENSMUSG00000028670.14"
458.672358049539,-1.04241268776415,0.288386029402749,-3.614643503789,0.000300761188644261,0.00204069556507343,"ENSMUSG00000028684.14"
290.297118463327,-1.92650437180012,0.285484521432174,-6.74819202853989,1.49698742441397e-11,5.24939174269057e-10,"ENSMUSG00000028737.15"
573.120983609789,-1.96017349942802,0.293329759460497,-6.68249107432279,2.34914273993164e-11,8.0245500922234e-10,"ENSMUSG00000028743.7"
355.664608165661,-1.43626828606521,0.301728043698549,-4.76014184316311,1.93456950554286e-06,2.48484008613082e-05,"ENSMUSG00000028772.19"
2061.79277079083,-1.3813122577835,0.251353582627665,-5.49549460701208,3.89616851340547e-08,7.18908858410672e-07,"ENSMUSG00000028798.16"
1351.16467085201,-1.19609192878321,0.25325371561859,-4.72289982345046,2.3250539142277e-06,2.93876431742497e-05,"ENSMUSG00000028811.11"
888.984511108511,-1.01490907011955,0.243211840862778,-4.17294267630731,3.00690614475402e-05,0.00027805987394604,"ENSMUSG00000028851.6"
484.786757915396,-1.57163573073391,0.34479481016315,-4.55817687624198,5.1599574306422e-06,5.9093443118265e-05,"ENSMUSG00000028861.13"
117.364934821737,-1.58041508530535,0.40930378595279,-3.86122762492023,0.000112818735031198,0.000884929447893276,"ENSMUSG00000028865.13"
935.045722501648,-1.93859058119557,0.354017856171379,-5.4759683654406,4.35125425318793e-08,7.93131427882179e-07,"ENSMUSG00000028910.12"
4770.15644986601,-3.33384396042358,0.270702273562984,-12.3155373486285,7.47158595959227e-35,2.63165861021194e-32,"ENSMUSG00000028914.13"
255.588314050664,-1.33719620719835,0.305779910795041,-4.37306755607843,1.22512792051366e-05,0.000127583952300535,"ENSMUSG00000028919.11"
660.634194707433,-5.65117048532968,0.267959897934396,-21.089612770017,9.90691483155626e-99,3.14049200160334e-95,"ENSMUSG00000028927.6"
3557.21059167654,-1.29658165058525,0.243886049975915,-5.31634199952515,1.05874072043958e-07,1.76271432972346e-06,"ENSMUSG00000028936.15"
193.847929944108,-1.07668506883161,0.310267525580984,-3.47018292299682,0.000520104023103115,0.0032545001050866,"ENSMUSG00000028937.14"
185.347190639535,-1.18087140077006,0.356761074169423,-3.30997826351781,0.000933032165496246,0.00528918448609281,"ENSMUSG00000028958.14"
1205.47411018618,-1.21134830004612,0.282461729121383,-4.28853956185183,1.79851767920795e-05,0.000177610624395302,"ENSMUSG00000028964.14"
148.978950448695,-1.33030356997454,0.343534878605703,-3.87239739782411,0.000107770047885421,0.000852105340464079,"ENSMUSG00000028988.13"
536.098652302405,-1.32284941030599,0.323336513483647,-4.09124659647476,4.29060600205572e-05,0.000377392370325101,"ENSMUSG00000028998.6"
276.023712598274,-1.46007834853779,0.294286173652768,-4.96142353687522,6.99784173088959e-07,1.00194933545258e-05,"ENSMUSG00000029022.18"
103.732550748977,-1.28412914823553,0.390990790917507,-3.28429512424618,0.00102237800987195,0.00572603938391181,"ENSMUSG00000029059.9"
522.505100597979,-1.26467917948652,0.263613561420853,-4.79747389576627,1.60679141686428e-06,2.11174493841615e-05,"ENSMUSG00000029066.12"
1572.69840862884,-1.34888578757798,0.220157651206916,-6.12690851389135,8.96029572733149e-10,2.29435682194191e-08,"ENSMUSG00000029102.9"
125.412589746537,-2.99563165191974,0.432368305006126,-6.92842564368195,4.25549739467173e-12,1.6778515847151e-10,"ENSMUSG00000029126.7"
699.598959600867,-1.35667410687476,0.298253923030411,-4.54872175054819,5.39727504366331e-06,6.158877569623e-05,"ENSMUSG00000029145.12"
134.575286930084,-1.18935061526542,0.395677991252507,-3.0058548657219,0.00264835370842206,0.0124300877342285,"ENSMUSG00000029149.14"
227.570356622697,-1.75077730690854,0.29649181551162,-5.90497685033035,3.52696272806002e-09,7.91818119543221e-08,"ENSMUSG00000029153.11"
275.121396463856,-1.05123613715656,0.341529660097297,-3.07802296543461,0.00208378855722551,0.0102424795909397,"ENSMUSG00000029161.7"
375.319481262265,-1.84800224069994,0.262418581759742,-7.042192775784,1.89237758043634e-12,7.89320648682001e-11,"ENSMUSG00000029162.15"
364.07913635274,-1.4095616730666,0.299178708199878,-4.71143712581609,2.4597598863869e-06,3.07469985798363e-05,"ENSMUSG00000029211.11"
17.9234295526957,-3.06818575713163,1.06584705265321,-2.87863605710969,0.0039939895680363,0.0174874957606009,"ENSMUSG00000029245.16"
161.724333127019,-1.22992104340824,0.397501210413414,-3.09413156787394,0.00197389930314353,0.00980454526945313,"ENSMUSG00000029275.17"
224.68363996172,-3.07195803918505,0.309959763200177,-9.91082844904977,3.73535845800882e-23,5.69282995763844e-21,"ENSMUSG00000029335.5"
479.978748123576,-1.0642209997913,0.261377687235925,-4.07158319841859,4.66946780723791e-05,0.000405762416363601,"ENSMUSG00000029344.14"
536.469484444815,-1.05251785381982,0.281579483396597,-3.73790675770714,0.000185558734018351,0.00135161118299212,"ENSMUSG00000029388.14"
250.662196485179,-1.30432237699492,0.292471933395222,-4.45964972383306,8.20937081934197e-06,8.94900464144224e-05,"ENSMUSG00000029389.17"
590.695110191969,-1.16329268421934,0.231956092193858,-5.01514175901495,5.299437855041e-07,7.799079851662e-06,"ENSMUSG00000029397.15"
838.145178570942,-1.79207989417442,0.305237859513582,-5.87109311089464,4.32931021687063e-09,9.6105836046778e-08,"ENSMUSG00000029404.15"
111.091033485323,-1.73912704902838,0.443380934641715,-3.92242181192054,8.76633457398266e-05,0.000704953845751523,"ENSMUSG00000029408.13"
28342.262453617,-3.5039979397868,0.27487087768233,-12.7477962355706,3.2068288440456e-37,1.27070592945307e-34,"ENSMUSG00000029522.12"
372.383049226552,-1.16978602605355,0.259366781704194,-4.51016131814319,6.47783459734969e-06,7.23563624862527e-05,"ENSMUSG00000029535.4"
96.6537467739752,-1.60449611886054,0.435423860100628,-3.68490628531412,0.000228786805369353,0.00161310981543783,"ENSMUSG00000029557.7"
346.05370345694,-1.26181469386345,0.262069255075096,-4.81481390673573,1.47337128306692e-06,1.95095529127909e-05,"ENSMUSG00000029559.15"
132.740987457524,-2.10936232108573,0.498014303197005,-4.23554566112795,2.27997365228489e-05,0.000218750498721038,"ENSMUSG00000029563.16"
472.158358246891,-1.85259260647776,0.257617216914305,-7.19126085076064,6.41956997369588e-13,2.87429898539773e-11,"ENSMUSG00000029570.5"
450.790743939758,-2.11353608096646,0.325717592483201,-6.48886068711647,8.64878916622961e-11,2.66699043355524e-09,"ENSMUSG00000029594.12"
179.106451608302,-1.16423249906655,0.367988280715174,-3.16377602244261,0.00155736596374466,0.00803785429024841,"ENSMUSG00000029596.13"
623.940242143883,-1.76103632744648,0.269938401793527,-6.52384512816919,6.85274685907319e-11,2.14232816008501e-09,"ENSMUSG00000029603.15"
11805.7920665311,-1.88356130541247,0.239054653045739,-7.87920787742243,3.29462984021111e-15,2.2033705893395e-13,"ENSMUSG00000029614.13"
1078.45367638826,-1.18334075565148,0.222258513811639,-5.32416389976561,1.01418432485965e-07,1.69386949937044e-06,"ENSMUSG00000029621.14"
1460.47768902487,-1.31269884999229,0.231207379864958,-5.67758196455062,1.36612072453758e-08,2.74436165829159e-07,"ENSMUSG00000029642.11"
103.197324871617,-1.72351829567985,0.452623088383072,-3.80784440722381,0.000140183425871195,0.00106668617381586,"ENSMUSG00000029644.7"
121.601749445278,-1.88759990349587,0.384541709600338,-4.90870003531657,9.16820835820133e-07,1.27582179523697e-05,"ENSMUSG00000029650.10"
216.516924826798,-1.96710091183901,0.331625465028348,-5.93169439406849,2.99824301839763e-09,6.83263333367482e-08,"ENSMUSG00000029695.13"
766.618087622307,-1.02848334951016,0.234176498464213,-4.39191531283117,1.1235646571185e-05,0.000118250330779072,"ENSMUSG00000029705.17"
82.1049940351681,-3.49536504659637,0.461186492376091,-7.57907073250955,3.48038736774817e-14,1.92881607618212e-12,"ENSMUSG00000029727.7"
4628.56326956601,-1.62302202263718,0.207435620867186,-7.82422042970307,5.10812350596163e-15,3.37348989872883e-13,"ENSMUSG00000029752.12"
213.628187329036,-1.45076942555792,0.331240317587495,-4.37980930619868,1.18783209615989e-05,0.000124353624333779,"ENSMUSG00000029815.12"
361.469032586671,-1.89491140034949,0.275405117127525,-6.8804509520862,5.96633861726308e-12,2.24091154226587e-10,"ENSMUSG00000029864.7"
264247.928012465,-2.41992669644242,0.247610817628358,-9.77310571331548,1.46879140760941e-22,2.13581135877148e-20,"ENSMUSG00000029882.5"
169.170970351968,-3.30196425282391,0.348542636313172,-9.4736307952208,2.70281976390854e-21,3.48290189089028e-19,"ENSMUSG00000030004.6"
178.682038922684,-1.63510635006035,0.35289636597173,-4.63338959458522,3.5972664296811e-06,4.32271970511337e-05,"ENSMUSG00000030008.9"
75.393780301886,-1.18490311349917,0.463627839245206,-2.5557203713828,0.0105968237458313,0.0383294514768203,"ENSMUSG00000030030.5"
126.89778420934,-1.09193520908288,0.357597312801392,-3.05353303840216,0.00226163816863807,0.0109791623194222,"ENSMUSG00000030034.11"
655.003345988741,-1.93265979463371,0.262588669135781,-7.36002738044406,1.83872510021469e-13,9.16471472905749e-12,"ENSMUSG00000030035.14"
668.234191168867,-1.34750866885375,0.271484120100387,-4.9634898290017,6.9237668789886e-07,9.9313760209927e-06,"ENSMUSG00000030087.11"
711.290222630435,-1.85588812380304,0.242801286663959,-7.64365028415858,2.11148417024841e-14,1.21698269448863e-12,"ENSMUSG00000030088.15"
6025.88261316944,-1.66371041318963,0.190049299432622,-8.75409916351447,2.0574014462865e-18,2.11752031971695e-16,"ENSMUSG00000030104.9"
4275.92898787004,-1.56927281738424,0.26581117762086,-5.90371267088916,3.55410945438223e-09,7.96784085600542e-08,"ENSMUSG00000030122.12"
10303.5837720862,-2.87631329259717,0.248208787067054,-11.5882814890841,4.72517855862509e-31,1.36171054825832e-28,"ENSMUSG00000030219.13"
264.868682819146,-1.10837542334097,0.304965980709511,-3.6344231601253,0.000278603273320192,0.00191827188624024,"ENSMUSG00000030281.16"
721.716670205655,-1.36060706279568,0.260628331426961,-5.2204879467487,1.78452321875648e-07,2.83413757688279e-06,"ENSMUSG00000030335.6"
2432.34030609539,-1.57980777223712,0.259301839763164,-6.09254363054288,1.11130541745505e-09,2.77956201121052e-08,"ENSMUSG00000030357.10"
9.40773443583428,-4.76494900830503,1.46131932128148,-3.26071717448208,0.00111130827312498,0.00610757147331168,"ENSMUSG00000030382.15"
9.92974496486185,-5.49886289753977,1.53389076240801,-3.58491167187633,0.000337192304416739,0.00225010991697487,"ENSMUSG00000030399.2"
313.87083751113,-1.32788480116739,0.377144604454548,-3.52089035739452,0.000430100417198812,0.00275660801156538,"ENSMUSG00000030417.15"
687.510668557375,-4.42334919229501,0.277376632046103,-15.9470866729675,2.98500619610746e-57,2.62846378935018e-54,"ENSMUSG00000030428.16"
840.794463055417,-2.29701417711048,0.313209117402472,-7.33380367774808,2.23710740547085e-13,1.10461533883841e-11,"ENSMUSG00000030431.8"
9953.77906197231,-2.450013257804,0.289798746742693,-8.45418858894971,2.81034778444932e-17,2.56000071169665e-15,"ENSMUSG00000030432.12"
201.588677411295,-1.10829576573142,0.312578079118115,-3.54566055578269,0.000391630328709019,0.00254503514146698,"ENSMUSG00000030555.16"
43.5379404187636,-2.50512350882493,0.605042622077175,-4.14040832400298,3.46688144968045e-05,0.000314900120214528,"ENSMUSG00000030584.14"
148.486524964667,-1.48370493535657,0.431276623176364,-3.44026282813347,0.000581149533110014,0.0035550830180601,"ENSMUSG00000030611.10"
237.313109415268,-1.26636596145603,0.30237074118882,-4.18812334975636,2.81270638510038e-05,0.000262707107859994,"ENSMUSG00000030612.6"
310.215738079255,-1.30882401856024,0.304351640652778,-4.30036787629288,1.70514809850113e-05,0.000169765058801777,"ENSMUSG00000030630.16"
107.977554549631,-1.28865506175999,0.392980776262076,-3.27918091571126,0.00104108869973232,0.00579601541649363,"ENSMUSG00000030652.11"
5459.63490983574,-1.24011989988371,0.221481028100937,-5.59921502314204,2.15324584408525e-08,4.15699715331927e-07,"ENSMUSG00000030659.14"
4740.32234507794,-2.52724168128547,0.257762551400542,-9.80453393075842,1.076427695219e-22,1.59452139899263e-20,"ENSMUSG00000030688.15"
203.671187257293,-1.23605237538561,0.326459461759641,-3.78623541410991,0.000152946784955257,0.00114900551453822,"ENSMUSG00000030714.14"
22184.0741205304,-1.31196045769554,0.203979872173492,-6.43181331430422,1.26090549417529e-10,3.75219687331264e-09,"ENSMUSG00000030717.9"
194.161851504878,-2.6903981906489,0.370843913156322,-7.25479937839727,4.02257611915897e-13,1.90891711043921e-11,"ENSMUSG00000030731.13"
37.2994693767194,-4.95306875041157,0.811086673823399,-6.10670710081229,1.01707637703535e-09,2.5669841681545e-08,"ENSMUSG00000030732.13"
12323.5513057815,-1.75662420251994,0.230096217532412,-7.63430282061243,2.27045685415732e-14,1.2991603299059e-12,"ENSMUSG00000030744.13"
3271.37648370002,-3.36976568775302,0.322899572016787,-10.4359558815948,1.69895115142517e-25,3.32449083334431e-23,"ENSMUSG00000030763.7"
36.0537117184335,-1.73383872494697,0.603376373396115,-2.87356085089648,0.00405872882230251,0.0176976208620343,"ENSMUSG00000030771.16"
59.2662774428418,-3.20148194762079,0.561311677886338,-5.70357267405555,1.1732198308947e-08,2.38099030981832e-07,"ENSMUSG00000030792.8"
2046.62147176781,-2.18366842375743,0.21764263663511,-10.0332749938996,1.08845230513775e-23,1.76040500371769e-21,"ENSMUSG00000030796.17"
1561.01443441116,-1.68971738802767,0.207560513365641,-8.14084220851314,3.92537695723166e-16,3.02025362971465e-14,"ENSMUSG00000030800.10"
3253.96732100683,-2.3031686568514,0.236528962794619,-9.73736420960533,2.08902457938974e-22,2.98297653903851e-20,"ENSMUSG00000030802.14"
3206.2610762823,-2.03128056950847,0.245049540805635,-8.28926494957037,1.13950460657669e-16,9.60699362459605e-15,"ENSMUSG00000030826.19"
143.43009853455,-1.29646272251148,0.384564600563772,-3.37124821320232,0.000748284050078244,0.00439596078344706,"ENSMUSG00000030839.11"
1110.3886747697,-1.32188717759639,0.218270287709303,-6.05619386618899,1.39380011685875e-09,3.43039314475329e-08,"ENSMUSG00000030861.15"
788.038392387285,-1.0728081796913,0.234276706990196,-4.57923535580595,4.66678843987842e-06,5.42689631489896e-05,"ENSMUSG00000030879.10"
64649.6785475256,-1.92280441871946,0.18832874183445,-10.2098298963294,1.79178680151306e-24,3.120859429009e-22,"ENSMUSG00000030954.10"
18.178186195964,-6.3778104038365,1.33465830731656,-4.77860915327429,1.7651193132556e-06,2.29133014865694e-05,"ENSMUSG00000031027.15"
2752.45193794719,-1.532883635224,0.214898583700978,-7.133056015655,9.81645828165767e-13,4.28624969047587e-11,"ENSMUSG00000031029.6"
1784.12854605914,-1.86738408089602,0.249356234444392,-7.48882050235023,6.94953053994285e-14,3.68394846348141e-12,"ENSMUSG00000031059.9"
50.1311493651971,-1.33934455234394,0.532490161960392,-2.51524750694562,0.0118948845202966,0.042017811376577,"ENSMUSG00000031144.15"
468.242143808286,-1.2522701763986,0.290138176975785,-4.31611651197186,1.58798184254991e-05,0.000159907955555375,"ENSMUSG00000031157.10"
595.387029262761,-1.82379866825604,0.300132991671062,-6.07663508800418,1.22730617290665e-09,3.05381520260131e-08,"ENSMUSG00000031158.11"
104.642331721637,-1.60431728799381,0.38601582436895,-4.15609202191777,3.23737473276518e-05,0.000296603407597272,"ENSMUSG00000031169.13"
2706.95729571178,-4.60240738949886,0.271755259917977,-16.9358539403726,2.44780267368394e-64,2.9844363367608e-61,"ENSMUSG00000031170.14"
1345.3517519575,-1.32021526972662,0.257575800439988,-5.12554078244712,2.96684935088489e-07,4.56992830043979e-06,"ENSMUSG00000031231.4"
2718.92854288939,-1.81644141503131,0.290946459714794,-6.24321539025396,4.28665952871209e-10,1.15550261105589e-08,"ENSMUSG00000031232.16"
15403.3954951756,-1.91984324965929,0.231884939192791,-8.27929255061761,1.23909187416277e-16,1.02825163379476e-14,"ENSMUSG00000031320.9"
465.132725016262,-2.32081003855641,0.353634103080509,-6.56274385965555,5.28265474793155e-11,1.68132686254448e-09,"ENSMUSG00000031388.14"
91.5516511231644,-1.93028546299786,0.421031624784696,-4.58465670835285,4.54732931018694e-06,5.30543922260555e-05,"ENSMUSG00000031458.8"
344.006745489582,-1.29990365193216,0.337653368519976,-3.84981692209967,0.000118206145856268,0.000921577674285219,"ENSMUSG00000031467.10"
275.371670878848,-1.18783532546469,0.291393353137528,-4.0763981493568,4.5738675960091e-05,0.00039832857910299,"ENSMUSG00000031482.9"
1914.69077987951,-1.4675970057096,0.23815884252613,-6.16226124607812,7.17134092682225e-10,1.86337301131365e-08,"ENSMUSG00000031490.6"
1184.79585343054,-1.40410002143116,0.248279177512983,-5.65532734358175,1.55549526604866e-08,3.0818249958589e-07,"ENSMUSG00000031505.11"
2497.98469146427,-1.19457907114657,0.218169350075521,-5.47546697431633,4.3635934249673e-08,7.94063786288539e-07,"ENSMUSG00000031532.6"
488.156054072965,-1.04380280513721,0.244283051431617,-4.27292355740614,1.92926611090377e-05,0.000189225667437034,"ENSMUSG00000031556.6"
379.603837760924,-1.24387634159712,0.259388073133335,-4.79542612183914,1.62329388610647e-06,2.12813962736043e-05,"ENSMUSG00000031596.15"
241.216525225872,-1.0286774028749,0.313744180532073,-3.27871389082144,0.00104281303780832,0.00580357677291498,"ENSMUSG00000031671.10"
358.259490174171,-1.32597356722692,0.295189842543288,-4.4919349385556,7.05789869792913e-06,7.81198982976095e-05,"ENSMUSG00000031683.16"
985.893565377257,-1.07492818137653,0.229500834874221,-4.68376588680235,2.8165168733401e-06,3.46597767410253e-05,"ENSMUSG00000031708.15"
12.7429913895212,-3.37183365336706,1.06239912201284,-3.17379182973977,0.00150461560853214,0.00781138466925462,"ENSMUSG00000031736.11"
16.1719700140844,-3.18615338105922,1.01215078363999,-3.14790388206872,0.00164445756569062,0.00843736997107196,"ENSMUSG00000031760.8"
1930.38743993798,-1.39394111075792,0.383578842432153,-3.63404066272107,0.000279016859155237,0.00192028537455949,"ENSMUSG00000031762.6"
7286.34402812901,-1.96614540660365,0.355634006806592,-5.52856411077954,3.22862438056681e-08,6.06323417440568e-07,"ENSMUSG00000031765.7"
5849.48705416945,-1.05442589199144,0.250755264994624,-4.20500001072379,2.61082144593953e-05,0.000246172039965149,"ENSMUSG00000031770.15"
588.079925193591,-1.02129976822299,0.248191549247857,-4.11496592578606,3.87236614367177e-05,0.000345591235231968,"ENSMUSG00000031782.14"
73.0342232929795,-1.52007578723288,0.477223600582246,-3.18524856142548,0.00144629725328326,0.00754569172631326,"ENSMUSG00000031791.7"
1567.4503106338,-2.07655873093907,0.312347221976705,-6.64823819401199,2.96622011254771e-11,9.89780816502764e-10,"ENSMUSG00000031807.10"
1120.31374585365,-1.57078332832017,0.265715871599837,-5.9115148781392,3.38975639952074e-09,7.64262289223382e-08,"ENSMUSG00000031813.7"
4081.61286144853,-2.01659627584211,0.290188043793535,-6.94927416539908,3.67170377496099e-12,1.46222373952592e-10,"ENSMUSG00000031818.12"
520.492857366034,-1.05586592192207,0.253857805158311,-4.15928090634681,3.19251081794349e-05,0.000293170894927024,"ENSMUSG00000031826.19"
933.221628946818,-1.81745612256806,0.229557973761042,-7.91719883561933,2.42921110082847e-15,1.66679636139096e-13,"ENSMUSG00000031833.9"
199.959434302497,-1.5003359071235,0.338685880480546,-4.4298743868352,9.42879921347796e-06,0.000101166083762167,"ENSMUSG00000031840.12"
486.763969476017,-1.16821618697731,0.343772165826355,-3.39822796348032,0.000678238785898945,0.00406123337986335,"ENSMUSG00000031848.15"
1120.98515907404,-1.23718822024107,0.29392220302161,-4.20923702776583,2.56234475998841e-05,0.000242177486260085,"ENSMUSG00000031862.10"
160558.148650695,-5.67394223284312,0.258047470395158,-21.9879785070336,3.75339410267064e-107,1.48728241318324e-103,"ENSMUSG00000031896.6"
5004.14505587433,-3.64474850189072,0.331742098346928,-10.9866927352679,4.42857691152795e-28,1.01728904416983e-25,"ENSMUSG00000031897.8"
8049.20082743265,-2.40204721949589,0.234863511708406,-10.2274176266177,1.4945143151183e-24,2.66157886456462e-22,"ENSMUSG00000031919.5"
2325.70047488421,-1.0951937395125,0.200714100706522,-5.45648629397426,4.85648744176521e-08,8.68796003972671e-07,"ENSMUSG00000031924.3"
1216.62661266467,-1.00341388793783,0.243873980785289,-4.11447701270457,3.88058225755339e-05,0.000345844659294556,"ENSMUSG00000031948.13"
350127.257605244,-2.18371462491182,0.252590944117251,-8.64526094766942,5.36824741566841e-18,5.35136613448706e-16,"ENSMUSG00000031957.5"
233.775127837869,-1.00388066663011,0.35715426908095,-2.81077605263785,0.00494221722346135,0.0208668468278802,"ENSMUSG00000031958.16"
655.808647827901,-1.01270110786406,0.23718160950687,-4.26972862680874,1.95710944310211e-05,0.000191600893595852,"ENSMUSG00000031967.15"
364.80893213013,-1.12964281509384,0.259204118131741,-4.35812063186319,1.31184075015925e-05,0.00013554547516313,"ENSMUSG00000031969.15"
456.728187832429,-1.1015653963475,0.260617351211582,-4.22675386433957,2.37086760709946e-05,0.000225966636034434,"ENSMUSG00000031987.5"
103.305545574889,-1.32203346932136,0.385920802783699,-3.42566003124308,0.000613307516610365,0.00372591956238953,"ENSMUSG00000032010.14"
1188.39421064865,-1.41393700116186,0.24770985474823,-5.70803693942241,1.14286620382289e-08,2.32833281884225e-07,"ENSMUSG00000032026.6"
819.951038034647,-1.79971613045167,0.261790143721333,-6.87465198218999,6.21413759493306e-12,2.32297360565304e-10,"ENSMUSG00000032060.9"
429.825378292054,-1.12756681929681,0.292441877472442,-3.85569546004253,0.000115401080587344,0.000901482073587678,"ENSMUSG00000032126.15"
320.241078827114,-1.09080150674794,0.315512757315824,-3.45723423682696,0.000545750251485128,0.00337106059471523,"ENSMUSG00000032177.16"
327.725117683931,-1.2541424738116,0.283808805748607,-4.41896956122812,9.91726124624063e-06,0.00010563749378556,"ENSMUSG00000032202.11"
66.7465150087036,-1.66345708952463,0.494481344025872,-3.36404418411707,0.00076809245409298,0.00450065264228234,"ENSMUSG00000032224.14"
712.990692337397,-1.79915304404653,0.287324976953372,-6.26173562467038,3.80716004053571e-10,1.03850716031714e-08,"ENSMUSG00000032239.9"
406.292172535647,-1.26426068583881,0.25369464512254,-4.98339523574945,6.24781479534612e-07,9.08512518405834e-06,"ENSMUSG00000032245.12"
655.455454491212,-2.02671756327757,0.263980005098604,-7.67754195065089,1.62170148597553e-14,9.62695451412438e-13,"ENSMUSG00000032263.14"
795.641595055705,-1.52270096116706,0.23411846667912,-6.50397631065155,7.82242205512814e-11,2.42158964011291e-09,"ENSMUSG00000032288.9"
1284.68808537593,-1.7863767156796,0.290514521067145,-6.14901007053871,7.79680291982424e-10,2.00941993949942e-08,"ENSMUSG00000032330.6"
4663.50865318955,-1.79629876270532,0.22394330606641,-8.02122105928287,1.04699110375623e-15,7.50896334594399e-14,"ENSMUSG00000032353.8"
81.696901870367,-1.170317092997,0.449409273864179,-2.60412314800316,0.00921096541724166,0.0342306686666542,"ENSMUSG00000032380.8"
1687.43040739178,-1.2584281508275,0.226345542633956,-5.55976555218771,2.70137282520677e-08,5.12162192338843e-07,"ENSMUSG00000032383.6"
424.448044270959,-1.40448123107222,0.2605287502854,-5.39088768335036,7.0110486556105e-08,1.21315634488457e-06,"ENSMUSG00000032392.10"
19097.0281890369,-1.72136303763987,0.207797806171462,-8.28383643386256,1.19269393500328e-16,9.94957835252732e-15,"ENSMUSG00000032399.7"
43.8358097669505,-1.63811730770865,0.5872788391566,-2.78933480739946,0.00528164329177006,0.0219549032715855,"ENSMUSG00000032415.14"
26.9219661354168,-2.43506357674105,0.703991034290857,-3.45894117699088,0.000542303327095361,0.00335369010318434,"ENSMUSG00000032417.10"
446.144055505055,-1.13360012585771,0.247947479382879,-4.5719364789638,4.83237443912677e-06,5.595910181275e-05,"ENSMUSG00000032477.13"
27748.1569252961,-2.30006951279529,0.309197694206936,-7.4388313881019,1.01579877982345e-13,5.31366688455503e-12,"ENSMUSG00000032518.5"
351.303405312238,-1.52178961869954,0.273179378829777,-5.57066065974108,2.53775178761998e-08,4.82873539421089e-07,"ENSMUSG00000032526.10"
1285.83018564025,-1.32384205422115,0.221573425320457,-5.97473299113602,2.30467338304643e-09,5.39572719664489e-08,"ENSMUSG00000032527.13"
181.263378335614,-1.31892154475509,0.353502809108742,-3.73100725304101,0.000190715732204967,0.00138726220993517,"ENSMUSG00000032528.4"
1761.39036029354,-1.22180902527135,0.2331226478102,-5.24105674308447,1.59659605434116e-07,2.55875100721005e-06,"ENSMUSG00000032557.11"
3479.72734915408,-1.18489699822286,0.261208651962321,-4.53620884806594,5.7274465063173e-06,6.49356417204071e-05,"ENSMUSG00000032575.16"
152.42555458568,-1.28708310567746,0.500390046233689,-2.57215968895668,0.0101066262671734,0.0368507076914419,"ENSMUSG00000032578.7"
158.342152729873,-1.15958152536898,0.330706268740756,-3.50637902869022,0.000454247865819003,0.00289614990878165,"ENSMUSG00000032579.14"
27.4736258080946,-2.64350181071981,0.698524708658324,-3.78440701947002,0.000154075495377369,0.0011562957394561,"ENSMUSG00000032773.9"
438.352670044988,-1.37391761634489,0.303885540992663,-4.52116810775824,6.1499323597527e-06,6.91322183702697e-05,"ENSMUSG00000033020.6"
1210.47877493589,-1.07075279050103,0.231970113974427,-4.61590836920948,3.91379615239263e-06,4.65020007611869e-05,"ENSMUSG00000033021.16"
63.7816007251853,-1.17366772321732,0.474802894672642,-2.47190515556254,0.0134395166606601,0.0462275041387722,"ENSMUSG00000033249.10"
1156.37883301557,-1.20160568417948,0.261094604934829,-4.60218503740976,4.18081512872254e-06,4.93784797244801e-05,"ENSMUSG00000033307.6"
330.679829800288,-1.16262023282556,0.303837442243801,-3.82645477871244,0.000130002018209957,0.000999288064319991,"ENSMUSG00000033318.6"
3717.45312117248,-1.1693826290199,0.234292112723453,-4.99113100917821,6.00267648925929e-07,8.75275274652804e-06,"ENSMUSG00000033350.7"
1557.70699902349,-1.50074752777444,0.256769518909899,-5.84472617367427,5.07402214626353e-09,1.1062345394536e-07,"ENSMUSG00000033379.13"
589.948584450576,-1.77960504460832,0.319331512108774,-5.57290770602726,2.50522308640222e-08,4.77831358838451e-07,"ENSMUSG00000033416.14"
197.025688360275,-1.02572266229795,0.314526667128889,-3.26116278680315,0.00110956320553726,0.0061000960137931,"ENSMUSG00000033429.10"
889.438234858898,-1.13262140954727,0.300625527966067,-3.7675490075983,0.000164858184167959,0.00122503620209196,"ENSMUSG00000033499.13"
349.160744208389,-1.13472109960177,0.270296337386653,-4.19806317234176,2.69207542147456e-05,0.000252481629765513,"ENSMUSG00000033530.7"
91.7574491444727,-2.5424698589085,0.478100557802238,-5.31785587240449,1.04997185400484e-07,1.74995309000807e-06,"ENSMUSG00000033594.10"
52.470588669994,-1.75231410296514,0.55086300924729,-3.18103425633814,0.00146750275750832,0.00763872535517466,"ENSMUSG00000033644.4"
3172.01941697845,-2.05526334594499,0.199253344584406,-10.3148248288217,6.03913349909214e-25,1.12612077600718e-22,"ENSMUSG00000033684.14"
463.301351642741,-1.23534366313033,0.249436542685724,-4.9525368249142,7.32521883401237e-07,1.045046971369e-05,"ENSMUSG00000033701.13"
144.006992636891,-1.654024485622,0.384438060048515,-4.30244727957806,1.68921872714543e-05,0.000168518485276254,"ENSMUSG00000033720.12"
459.582955352384,-1.08474789165582,0.251475936405303,-4.31352560869895,1.60671518992035e-05,0.000161384257035726,"ENSMUSG00000033735.9"
81.3844857637727,-1.28138159498165,0.48336254301676,-2.65097412593102,0.00802599896765373,0.0306166266275118,"ENSMUSG00000033739.8"
147.396832838916,-1.42050834208831,0.399588624443492,-3.55492688028007,0.000378084217534073,0.00247425055652975,"ENSMUSG00000033751.5"
264.264663576945,-1.23195036740384,0.379280628722122,-3.24812361642235,0.00116168789015294,0.00633393638077882,"ENSMUSG00000033809.14"
497.618884990026,-1.05668209427772,0.261447484529397,-4.04166097134091,5.30739288262879e-05,0.00045644154742087,"ENSMUSG00000033845.13"
152.65495484287,-1.05812162742748,0.370744238743753,-2.8540473913037,0.0043166091462693,0.0186374979483434,"ENSMUSG00000033857.12"
311.882596927883,-1.18161371700851,0.285779803425088,-4.13469987328286,3.55418810528943e-05,0.000321540419342679,"ENSMUSG00000033862.6"
1183.94285077963,-1.2433364743944,0.266750471821536,-4.66104695487183,3.14604933269977e-06,3.81813797268693e-05,"ENSMUSG00000033916.5"
362.79753422308,-1.03004477674775,0.261285519952116,-3.94221913612556,8.07311629936197e-05,0.000655527117545529,"ENSMUSG00000033917.15"
1177.56048376298,-2.35037209644423,0.338572092920541,-6.94201366736933,3.8654980666862e-12,1.53170360892441e-10,"ENSMUSG00000033938.5"
861.855122440873,-1.12613964659089,0.276352932899668,-4.07500522891048,4.60133131511945e-05,0.000400500281958502,"ENSMUSG00000033940.8"
614.368270505299,-1.36447748272216,0.235574051335021,-5.79213828938091,6.94958816399411e-09,1.47064048597205e-07,"ENSMUSG00000033998.8"
867.190539474433,-1.36085358380081,0.238565697758224,-5.70431372401229,1.16812758552912e-08,2.37369515777392e-07,"ENSMUSG00000034006.16"
478.667661889016,-1.25998753717361,0.320594434263483,-3.9301603599833,8.48892269826769e-05,0.000685078537512947,"ENSMUSG00000034108.5"
311.999068843041,-4.75196578875591,0.346291068870604,-13.7224612931948,7.44929867558441e-43,3.6897307502504e-40,"ENSMUSG00000034112.8"
9466.50626878391,-2.82905369750015,0.189249272499885,-14.9488220489824,1.58528552042729e-50,1.04694897911552e-47,"ENSMUSG00000034139.4"
320.907464459361,-1.38329874207157,0.319267756690472,-4.33272296711337,1.47276384859767e-05,0.000149924900451337,"ENSMUSG00000034175.13"
304.56053384473,-1.2811930162643,0.284629742633118,-4.50126190050255,6.75512079753804e-06,7.51359050112126e-05,"ENSMUSG00000034194.16"
271.242033730857,-1.24305864680794,0.294698227453644,-4.21807303541883,2.46399015105305e-05,0.000233857747869406,"ENSMUSG00000034220.7"
696.837555954054,-1.76596588518144,0.255870582812679,-6.90179334321634,5.13501018682148e-12,1.97548328789127e-10,"ENSMUSG00000034245.10"
345.09539944131,-1.73778883228874,0.341142203887776,-5.09403061973654,3.50530116009673e-07,5.31157011353089e-06,"ENSMUSG00000034259.7"
108.514901843225,-1.5872454591092,0.416718848396411,-3.80891208837116,0.000139579569392068,0.00106260142884931,"ENSMUSG00000034265.7"
110.774261980202,-8.98184190228594,1.09276322742826,-8.2193852033474,2.04549051009736e-16,1.63742548409309e-14,"ENSMUSG00000034416.18"
487.24677069765,-1.28039455789348,0.25755779971742,-4.97129016981148,6.65088199336308e-07,9.58331632680044e-06,"ENSMUSG00000034424.5"
301.115711148723,-3.7634664057194,0.302920386375112,-12.4239456140764,1.93764246598454e-35,7.14224025252442e-33,"ENSMUSG00000034427.16"
288.63011986016,-1.10561225790245,0.282677062110811,-3.91122027958902,9.18309690987837e-05,0.000735111545563496,"ENSMUSG00000034485.9"
101.251366829491,-1.4058854606454,0.408992961551689,-3.43743191890534,0.00058725833005302,0.00358553333256563,"ENSMUSG00000034532.8"
1830.43114759508,-1.79963181437268,0.250990273960602,-7.17012570238148,7.49289351486722e-13,3.33602141041139e-11,"ENSMUSG00000034566.10"
2441.0486086034,-1.49788688281948,0.226470105711673,-6.61406006815967,3.73919896221592e-11,1.21447343342464e-09,"ENSMUSG00000034586.14"
20.2156615067692,-2.25841356990969,0.894529560424533,-2.52469417426281,0.0115799013166054,0.0412082253857646,"ENSMUSG00000034645.13"
157.316717593424,-1.9131498614046,0.45060753616074,-4.24571208396778,2.17900288497987e-05,0.000209825004416348,"ENSMUSG00000034648.9"
74.0952849391911,-1.4200176921036,0.468946388032853,-3.0281024192559,0.00246094665785493,0.0117452588157184,"ENSMUSG00000034656.16"
1506.58180444933,-1.59547938089964,0.29833298643026,-5.34798179708701,8.89404078651225e-08,1.49968666453425e-06,"ENSMUSG00000034758.12"
157.680440914115,-2.19817027534706,0.338948896788698,-6.48525573079947,8.85814062607409e-11,2.72624328006358e-09,"ENSMUSG00000034768.4"
51.8187357292477,-2.83342727064464,0.532229076834028,-5.32369874922904,1.01678244452987e-07,1.69642123639983e-06,"ENSMUSG00000034785.14"
266.720663331805,-1.10082233530375,0.291011851112394,-3.78274056914126,0.00015511105911367,0.00116186686528907,"ENSMUSG00000034880.6"
3790.06521784454,-2.17014661386796,0.319184975438816,-6.79902495687474,1.05329572128636e-11,3.7856546898841e-10,"ENSMUSG00000034892.8"
29.8222559138057,-7.02788986878292,1.31001846614683,-5.36472580379275,8.10722810267037e-08,1.38023163724302e-06,"ENSMUSG00000034918.8"
557.411745744507,-1.3653973314332,0.356383857019106,-3.83125471185413,0.000127491435959818,0.000982372027206179,"ENSMUSG00000034932.4"
422.33065732934,-1.04960241900141,0.328328554225363,-3.19680516815778,0.00138958750722931,0.00730270622996834,"ENSMUSG00000034974.12"
27806.4536297154,-1.23876023787648,0.212105913883183,-5.84029089617331,5.21097528816785e-09,1.13297610860714e-07,"ENSMUSG00000034994.9"
2011.61883762244,-1.80721328833564,0.257075362956303,-7.02989686585727,2.06686255437377e-12,8.553465140163e-11,"ENSMUSG00000035027.17"
623.397193401554,-1.85734041673627,0.350209811901652,-5.3035076506019,1.13598440840387e-07,1.88143708183922e-06,"ENSMUSG00000035048.13"
7109.10601203801,-3.25459936177771,0.232635144925853,-13.9901447943948,1.7904703634049e-44,9.78584664136815e-42,"ENSMUSG00000035202.7"
2563.3436894739,-1.84779038898278,0.236419839367336,-7.81571628644832,5.46513472948517e-15,3.55009776485e-13,"ENSMUSG00000035203.16"
160.852913659398,-1.33908552611887,0.327351501626578,-4.09066559788202,4.30136956356078e-05,0.000377919665091121,"ENSMUSG00000035226.5"
2273.63941252335,-1.00612158173511,0.224090731662524,-4.48979560319483,7.12915495413756e-06,7.88535282784929e-05,"ENSMUSG00000035227.7"
201.217584672174,-5.19041972244274,0.417063225178433,-12.445162769319,1.48581170699173e-35,5.60717037043307e-33,"ENSMUSG00000035237.7"
4090.4992104931,-1.6248928277434,0.237719025210945,-6.83535037341466,8.18048423102628e-12,2.99447286516782e-10,"ENSMUSG00000035242.15"
613.737978860494,-1.89367034612511,0.286105171621108,-6.61879103895723,3.62148337532915e-11,1.18108048351784e-09,"ENSMUSG00000035314.9"
1297.45474515956,-1.46901452307501,0.246932027965459,-5.94906434446201,2.69679617566024e-09,6.20380542586571e-08,"ENSMUSG00000035478.14"
554.264192237676,-1.39998068683635,0.239258597627207,-5.85132864908655,4.87661523760485e-09,1.06760154027675e-07,"ENSMUSG00000035521.13"
4959.72237210653,-1.05602647092154,0.237212155393324,-4.45182275406811,8.51444350015742e-06,9.22446544617191e-05,"ENSMUSG00000035530.13"
435.880204097322,-2.03671560326604,0.366631064042168,-5.5552183189578,2.7726499751954e-08,5.23796211047045e-07,"ENSMUSG00000035559.8"
982.919081466616,-2.21410551328346,0.260847274711354,-8.48812975229865,2.09989042594672e-17,1.96942386102104e-15,"ENSMUSG00000035637.14"
206.382895681855,-1.35050416856666,0.314197150520568,-4.29826994397981,1.72136441651448e-05,0.000171057216311941,"ENSMUSG00000035642.16"
1024.25384484241,-2.09369379056915,0.327298470045296,-6.39689452345864,1.58568780395727e-10,4.60314133566349e-09,"ENSMUSG00000035674.13"
413.238907320056,-2.08435369315854,0.341728033074408,-6.09945187816855,1.06432794934958e-09,2.6734703640556e-08,"ENSMUSG00000035735.10"
622.094319465071,-1.26960494571992,0.245634476111063,-5.16867569170491,2.35758594129402e-07,3.70344273235978e-06,"ENSMUSG00000035765.9"
48.5725916667784,-1.70099272869878,0.56285085502513,-3.02210206045229,0.00251025896273867,0.0118946500924986,"ENSMUSG00000035769.8"
24.858373729805,-2.43955666856203,0.780805698881183,-3.12440940435972,0.001781623759167,0.00900757147776616,"ENSMUSG00000035773.5"
10035.0161736416,-2.39925771451415,0.249008691513006,-9.63523682621669,5.67609625660173e-22,7.82314136235977e-20,"ENSMUSG00000035804.4"
1768.35678256016,-1.26621842821374,0.251110028272673,-5.04248451136643,4.59525961520595e-07,6.80064098048686e-06,"ENSMUSG00000035885.4"
568.552062825511,-1.15146916181399,0.280048433893988,-4.11167863288206,3.92792792584546e-05,0.000349173626610491,"ENSMUSG00000035890.8"
139770.980096271,-3.18278423680508,0.246333211513648,-12.9206460519383,3.4423885429401e-38,1.47464482177299e-35,"ENSMUSG00000035896.4"
255.350100668715,-1.40141209487007,0.285133003061727,-4.9149417283228,8.88088705553192e-07,1.23801283931558e-05,"ENSMUSG00000035944.17"
845.427095955811,-1.57403624638709,0.236627943159106,-6.65194577349104,2.8924327879975e-11,9.67195352104651e-10,"ENSMUSG00000036026.15"
309.556518221891,-1.96378894895667,0.376363845722016,-5.21779382179854,1.81066853090634e-07,2.87278240389044e-06,"ENSMUSG00000036114.3"
556.947665324939,-3.9552010138377,0.339001715375887,-11.6672005905697,1.87491661627768e-31,5.50322747555578e-29,"ENSMUSG00000036169.5"
1820.29281200703,-2.38543004744578,0.300028778035173,-7.9506708092053,1.85504275283035e-15,1.28958015931408e-13,"ENSMUSG00000036199.8"
877.230794316864,-2.552784314819,0.235814454160408,-10.8253937355448,2.60955143953979e-27,5.5893770698251e-25,"ENSMUSG00000036278.6"
660.937025800492,-1.0453756336702,0.252065861288465,-4.14723210960275,3.36518861109237e-05,0.000306717880884497,"ENSMUSG00000036299.4"
151.886000117569,-1.47545864741822,0.356259447437957,-4.1415284788347,3.44999025900659e-05,0.000313725448108172,"ENSMUSG00000036305.6"
204.687188044286,-1.08145910294998,0.365580530640754,-2.95819665520617,0.00309444639893704,0.0141754264228763,"ENSMUSG00000036315.13"
801.476018849728,-1.22729508087377,0.228474399850783,-5.37169626739505,7.79994097435079e-08,1.33715069686749e-06,"ENSMUSG00000036327.18"
654.577090769109,-1.04920134920954,0.255044902798216,-4.11379069998367,3.89214356360593e-05,0.000346381108832981,"ENSMUSG00000036372.14"
320.572102281653,-1.29367581546738,0.321596776946183,-4.02266411918631,5.75435302599988e-05,0.000488628653997769,"ENSMUSG00000036381.13"
138.325830301502,-1.10337439161165,0.387962178222234,-2.84402566422238,0.00445474595824055,0.0191297001999763,"ENSMUSG00000036430.7"
458.57292629672,-1.22424444358688,0.248955652287752,-4.91752017813942,8.76474248696164e-07,1.22505439522347e-05,"ENSMUSG00000036452.17"
688.359842852653,-3.33418051120212,0.385126334375082,-8.65736828049493,4.82780919946777e-18,4.84308707668128e-16,"ENSMUSG00000036570.14"
1201.20377410366,-1.14065814032012,0.222439496883287,-5.12794785234846,2.92917547324844e-07,4.52509076520348e-06,"ENSMUSG00000036620.14"
2322.60249376293,-1.8353960075851,0.198559800027007,-9.24354278829582,2.38467800266837e-20,2.93001134436385e-18,"ENSMUSG00000036622.15"
923.899327977517,-1.29254008389501,0.22255866539561,-5.80763764734773,6.33604566321097e-09,1.35711248326884e-07,"ENSMUSG00000036687.13"
1722.48585814343,-1.49447030259912,0.278763155298649,-5.36107542977851,8.27279625783508e-08,1.40389529643133e-06,"ENSMUSG00000036751.7"
115.914297112309,-1.1117493107071,0.420255968214794,-2.64540992821518,0.00815920059631201,0.031020227740836,"ENSMUSG00000036764.11"
3268.53241443192,-1.72400376726298,0.273138527360434,-6.31182932676496,2.75756246853469e-10,7.70853000463401e-09,"ENSMUSG00000036781.13"
13.7564320118063,-8.43799801282093,1.7640332658075,-4.78335538018234,1.72392937658129e-06,2.24337279300602e-05,"ENSMUSG00000036805.13"
404.05809117592,-1.61516214715216,0.279910566094201,-5.77027930631455,7.91402492198186e-09,1.64615872721014e-07,"ENSMUSG00000036825.12"
609.625554067683,-1.2659994963914,0.307254114673537,-4.12036628943619,3.78270542919746e-05,0.000338733791258642,"ENSMUSG00000036835.7"
409.90486796593,-1.86849409773663,0.282076343690184,-6.62407231068223,3.49435687273515e-11,1.14406536147884e-09,"ENSMUSG00000036845.12"
70.0795505198831,-1.73230590132226,0.50443328623628,-3.4341625514991,0.000594387636306946,0.00362069332646622,"ENSMUSG00000036854.14"
203.134067876699,-1.30787978621735,0.348488573258681,-3.7530062291211,0.000174726511547319,0.00128472610802344,"ENSMUSG00000036860.14"
171.924728027515,-1.12216929174288,0.328808090535144,-3.41283965950021,0.000642897557210828,0.00387892131016049,"ENSMUSG00000036885.14"
165656.701930035,-1.68394368645578,0.255775866159224,-6.58366917779297,4.58977778981994e-11,1.47561821437416e-09,"ENSMUSG00000036938.17"
107.684747967957,-1.17194687553164,0.385045772088944,-3.04365600269706,0.0023372222578478,0.0112735766241289,"ENSMUSG00000036957.8"
165.185693420908,-1.30925212526614,0.40628520012871,-3.2224952443539,0.00127079275278399,0.00680245360743878,"ENSMUSG00000037022.3"
305.257259189454,-1.58622696418213,0.313700354738633,-5.05650357170852,4.27012876597602e-07,6.36703113271118e-06,"ENSMUSG00000037025.11"
449.970916714897,-1.07797534920408,0.283955347575308,-3.79628472719002,0.000146880793381468,0.00110912843025072,"ENSMUSG00000037049.9"
221.551266076815,-1.48093969229131,0.311665006346279,-4.75170347050736,2.01710039685304e-06,2.58247506382235e-05,"ENSMUSG00000037053.6"
35.8884966446719,-1.96481049810347,0.615576953563275,-3.19181945771384,0.00141379673303159,0.00741027718867419,"ENSMUSG00000037139.15"
620.121980111072,-1.97350439923967,0.309617068895454,-6.37401680172243,1.84140403848841e-10,5.28736485689154e-09,"ENSMUSG00000037152.11"
33.0923032291574,-1.59827177929551,0.636423612307665,-2.51133325097759,0.0120276093878855,0.0423921745158961,"ENSMUSG00000037166.5"
244.209691854044,-1.35604074880136,0.292872124323122,-4.63014618388625,3.6540766782223e-06,4.37771091079543e-05,"ENSMUSG00000037221.13"
186.588297357509,-1.15857679485937,0.31562120415606,-3.67078250638226,0.00024180903887209,0.00168914643725105,"ENSMUSG00000037243.17"
10340.1667011362,-1.4148846004339,0.240969092510509,-5.87164347797921,4.31495917870817e-09,9.59216030610441e-08,"ENSMUSG00000037278.9"
75.8153369289205,-1.78170910638279,0.526532932146162,-3.38385122298144,0.000714767229712678,0.00423358019093645,"ENSMUSG00000037279.13"
605.171287211622,-4.46803312820327,0.289973731451179,-15.4084064989022,1.43712043708871e-53,1.08468375846934e-50,"ENSMUSG00000037280.12"
743.197155878006,-1.1809332996892,0.242419251236487,-4.87145015779779,1.10782111536765e-06,1.51500989461409e-05,"ENSMUSG00000037300.17"
39.3007529473301,-1.71861037458003,0.619885101860332,-2.77246600930127,0.00556333292320836,0.0228976439451707,"ENSMUSG00000037307.11"
842.66703229935,-1.98596839539625,0.285041011647288,-6.96730756012648,3.23063905394367e-12,1.29634503810145e-10,"ENSMUSG00000037349.9"
315.710889267055,-2.87679025613183,0.323442897336444,-8.89427555782558,5.88016227010133e-19,6.60996964405007e-17,"ENSMUSG00000037493.6"
804.993245306711,-1.45808019499946,0.330867519049327,-4.40683993155,1.04889641712905e-05,0.000111353035575991,"ENSMUSG00000037499.9"
7450.05189390225,-1.74450190824259,0.271091440771095,-6.43510508218374,1.23387937015023e-10,3.68304859074975e-09,"ENSMUSG00000037563.15"
169.290839758281,-3.22618654547813,0.344864230761018,-9.35494683910489,8.36417675712014e-21,1.05216033016154e-18,"ENSMUSG00000037583.2"
280.967000907158,-1.06671108466259,0.287411607292813,-3.71144051804362,0.000206083098501747,0.00148002587732338,"ENSMUSG00000037600.16"
582.031762726105,-1.49402450983786,0.348747589684664,-4.28397085464808,1.83586972348486e-05,0.000180817391429351,"ENSMUSG00000037601.11"
646.047757928081,-1.15206899666103,0.228667683185128,-5.03818021249783,4.69978837413728e-07,6.93590742365697e-06,"ENSMUSG00000037622.14"
304.579643737081,-1.23348668383007,0.280365427823927,-4.39956771205298,1.08466729958727e-05,0.000114689637748221,"ENSMUSG00000037638.5"
246.882236113126,-1.50134274040857,0.345405400999217,-4.34661049325043,1.38257418894756e-05,0.000141928762272143,"ENSMUSG00000037703.14"
443.009365364636,-1.55721446205202,0.264307758750493,-5.891671396306,3.8230884256855e-09,8.53464106297396e-08,"ENSMUSG00000037710.8"
51.0772990583418,-3.00742989092442,0.548669546840206,-5.48131367640913,4.22179192478725e-08,7.7269517330113e-07,"ENSMUSG00000037737.6"
586.155073792882,-1.48866673797049,0.266108901457803,-5.59420120790867,2.21639802831636e-08,4.27371152661974e-07,"ENSMUSG00000037740.8"
46008.0072555507,-1.2216798535693,0.213661171204119,-5.71783748392066,1.07888251697829e-08,2.2093395212023e-07,"ENSMUSG00000037742.14"
89.8017550231475,-1.12362565328915,0.410914517161721,-2.73445109958705,0.00624843757439429,0.0251492472204544,"ENSMUSG00000037761.16"
381.209589853065,-1.60077265272762,0.338062608280261,-4.73513666853255,2.18907535835521e-06,2.78242537529511e-05,"ENSMUSG00000037772.13"
7712.00541530825,-1.53983716917765,0.26378328560607,-5.83750848974267,5.29871955480451e-09,1.15047541018701e-07,"ENSMUSG00000037805.14"
1986.74179251409,-1.29215698807254,0.20278306011182,-6.3721150443238,1.86438944058417e-10,5.34368402048085e-09,"ENSMUSG00000037822.12"
106.24223286739,-1.14036948092439,0.39440368327889,-2.89137634680256,0.00383558497908602,0.0169201285606773,"ENSMUSG00000037826.5"
1291.29903213034,-1.31301401067863,0.270160215835486,-4.86013089165649,1.17308166971506e-06,1.59599523304581e-05,"ENSMUSG00000037916.13"
194.236414619213,-1.04770975259757,0.349844366709386,-2.99478811807736,0.00274635543895477,0.0128179427878189,"ENSMUSG00000037971.10"
94.561678263445,-1.49669284750414,0.481667598673205,-3.10731477813103,0.00188795252214502,0.00945168903221684,"ENSMUSG00000037979.13"
327.289658243352,-1.23845669221587,0.277857188411106,-4.45716988391712,8.30487872833743e-06,9.03447685958465e-05,"ENSMUSG00000037989.15"
209.605610499867,-1.03717940066708,0.30623185419164,-3.38690892691397,0.000706848481328559,0.00419294477135392,"ENSMUSG00000038000.9"
507.511381468938,-2.03047172906357,0.277654920457456,-7.31293263493485,2.61374070349566e-13,1.27079110890817e-11,"ENSMUSG00000038055.12"
115.96112946542,-1.31550752782108,0.380949718240732,-3.45323139729895,0.000553913631578376,0.00341702961036723,"ENSMUSG00000038059.6"
93.3149298787822,-2.41090247870123,0.576469594722645,-4.18218497692178,2.88720912157886e-05,0.000268400378750879,"ENSMUSG00000038155.10"
331.562994114997,-1.28908217951833,0.277307926241006,-4.64855872312137,3.3426246211686e-06,4.04432062942919e-05,"ENSMUSG00000038264.7"
7331.5006757987,-2.15278202345575,0.306605739155124,-7.02133635654672,2.197560999436e-12,9.07066193777622e-11,"ENSMUSG00000038274.11"
94.4154841414062,-1.67855220252265,0.421756647147192,-3.97990692944988,6.89422539261655e-05,0.000570320837541609,"ENSMUSG00000038295.14"
5884.60447551901,-1.67281691806094,0.201919226260077,-8.284584628441,1.18522010603516e-16,9.93954427548007e-15,"ENSMUSG00000038312.10"
375.729346010145,-1.46416291568489,0.271782963847227,-5.38725052872672,7.15436775556985e-08,1.23525848503031e-06,"ENSMUSG00000038372.13"
1112.39686461983,-1.06413710331295,0.226187961073964,-4.70465845423566,2.54291301930542e-06,3.1652910579414e-05,"ENSMUSG00000038375.15"
359.559476563483,-1.00956049238633,0.316010256282586,-3.19470799543783,0.00139972383382015,0.00734380098181047,"ENSMUSG00000038412.7"
48.3811991179162,-1.65696100222732,0.532681630825685,-3.11060285607923,0.0018670585949784,0.00936779953479189,"ENSMUSG00000038422.2"
1024.36795551052,-1.03509225480993,0.22959922305265,-4.50825678348472,6.53624398943088e-06,7.28547589539236e-05,"ENSMUSG00000038462.3"
600.215377725916,-1.82141235212163,0.356085531948815,-5.11509788716563,3.13578294555023e-07,4.80678526953299e-06,"ENSMUSG00000038489.8"
1176.18795432118,-1.13852325624233,0.273364077927797,-4.16486052180949,3.11542966264516e-05,0.000286757027601195,"ENSMUSG00000038502.16"
119.388615884034,-2.02959037073598,0.383690048211873,-5.2896612257591,1.22543121558673e-07,2.01484281815867e-06,"ENSMUSG00000038515.10"
357.842508593965,-1.96822299166095,0.292628954238782,-6.72600220569734,1.74387921211783e-11,6.08821266785629e-10,"ENSMUSG00000038527.9"
158.645945182412,-1.10121622945748,0.329891412808996,-3.33811729162855,0.000843481358940461,0.00486682910054835,"ENSMUSG00000038618.12"
3627.04920994568,-1.2119601921993,0.206223559898597,-5.87692401777586,4.17959930466934e-09,9.3043046318833e-08,"ENSMUSG00000038650.15"
1718.61277143125,-1.80342788880437,0.294554911976378,-6.12255241884743,9.20881063307047e-10,2.34661814363612e-08,"ENSMUSG00000038690.15"
535.733596715745,-1.49609747940835,0.294474581781236,-5.08056576686062,3.76312423412598e-07,5.67512075270188e-06,"ENSMUSG00000038695.13"
916.526129435798,-1.45232753688147,0.291418266214127,-4.9836530693458,6.23949109426606e-07,9.08135297007502e-06,"ENSMUSG00000038717.7"
217.663497741517,-4.25850008674579,0.352978873179855,-12.0644616726847,1.62722916672005e-33,5.48757070053465e-31,"ENSMUSG00000038738.15"
1542.45034975906,-1.05362126744305,0.259188069159619,-4.06508397882384,4.80151699603477e-05,0.000415869095011754,"ENSMUSG00000038762.15"
102.578838875711,-2.39841643641096,0.443692712101637,-5.40557996783492,6.45990209896478e-08,1.13137511898996e-06,"ENSMUSG00000038782.6"
1757.44301403521,-1.3107284619503,0.257158941650797,-5.09695853286785,3.45153895815282e-07,5.25018162060673e-06,"ENSMUSG00000038828.13"
79.5091908047229,-1.16348280475813,0.476600786257648,-2.44121041824962,0.0146381228969687,0.0495968892511657,"ENSMUSG00000038872.9"
180.35978733426,-1.65930720611122,0.325681323995674,-5.09487982225611,3.48962548009968e-07,5.29794672984482e-06,"ENSMUSG00000038880.13"
13035.9311188889,-2.04272391535387,0.264394531316906,-7.72604450318771,1.1093985821531e-14,6.81549128958395e-13,"ENSMUSG00000038900.17"
400.077490538807,-1.17332128095859,0.361814873313341,-3.24287741466743,0.00118329111063884,0.00643186786359637,"ENSMUSG00000038910.6"
65.4851659516634,-2.9889808489204,0.49644533889156,-6.02076525805249,1.7359436402144e-09,4.16258800263211e-08,"ENSMUSG00000038963.15"
478.82488894026,-1.24699772460255,0.300175055244256,-4.15423501325869,3.26377598562397e-05,0.000298160515113199,"ENSMUSG00000038965.15"
510.451988146599,-1.07744323095237,0.239062627998386,-4.50694966408403,6.57662271107788e-06,7.3201874979343e-05,"ENSMUSG00000038967.13"
6334.24774249033,-2.20680346037093,0.311943227979296,-7.07437527868821,1.50123515024157e-12,6.34522056835438e-11,"ENSMUSG00000039001.12"
210.333440799979,-2.18779609108279,0.327888998412287,-6.67236809309429,2.51708262014484e-11,8.50655853503107e-10,"ENSMUSG00000039057.10"
135.488657583914,-1.13145111457543,0.352546618497916,-3.20936595391602,0.00133028058915499,0.00706600111866843,"ENSMUSG00000039063.5"
371.147553145331,-1.21577810470332,0.256234403813571,-4.74478870365858,2.08724093559347e-06,2.66581537704726e-05,"ENSMUSG00000039108.14"
142.341303853592,-1.46063449499745,0.362324577128427,-4.03128737932598,5.54721660081076e-05,0.000474492083771455,"ENSMUSG00000039137.18"
9352.55743964512,-1.53575264451519,0.219866858784876,-6.9849210244906,2.85016265409379e-12,1.14949308059508e-10,"ENSMUSG00000039168.15"
464.66463467796,-1.91635442212927,0.365295432508512,-5.24603992163142,1.55403242554456e-07,2.49811500455186e-06,"ENSMUSG00000039195.4"
206.421677559715,-1.04585586898461,0.341350813354099,-3.06387396212148,0.00218490939341824,0.0106425365352425,"ENSMUSG00000039199.5"
752.989801492192,-1.42564783942205,0.236470702266607,-6.0288561151847,1.65124212154224e-09,3.98359020189413e-08,"ENSMUSG00000039221.10"
278.356527778259,-1.9183569341859,0.338895657351666,-5.66061232291112,1.50833824652637e-08,3.00719008898654e-07,"ENSMUSG00000039278.10"
202.201921826258,-3.34517133475864,0.430807976065522,-7.76487790525464,8.17239106940654e-15,5.11985764624876e-13,"ENSMUSG00000039330.4"
88.3939887064031,-1.11773138718417,0.455839224023374,-2.45202985675242,0.0142052874722967,0.0483266379986913,"ENSMUSG00000039345.15"
346.567141977363,-1.96965619538528,0.31810317739149,-6.19187840730436,5.94514083167861e-10,1.56789487823804e-08,"ENSMUSG00000039450.11"
82.0619794400966,-1.35322634899279,0.448035092853905,-3.0203579375289,0.00252476117793221,0.0119524719912839,"ENSMUSG00000039452.5"
156.303546307695,-1.93698470735068,0.416210941302403,-4.65385340733591,3.25788462372452e-06,3.94781890566006e-05,"ENSMUSG00000039481.5"
338.887941583773,-1.01216228831258,0.280976628951914,-3.602300632932,0.000315413286672598,0.0021255529735377,"ENSMUSG00000039483.10"
1237.59173580795,-1.06621160893649,0.230122984065022,-4.63322520029214,3.60012540419287e-06,4.32287785276189e-05,"ENSMUSG00000039515.11"
36.7429527114467,-1.87000655979825,0.62234323238137,-3.00478331328959,0.00265770113771936,0.0124665768075916,"ENSMUSG00000039519.6"
91.6596256937963,-1.24446457948807,0.405083239097001,-3.07212063935844,0.00212543805995377,0.0104072268304811,"ENSMUSG00000039628.8"
326.850658874982,-1.4112895636282,0.29772660742121,-4.74021981391665,2.134864838934e-06,2.72006492741993e-05,"ENSMUSG00000039640.7"
304.088794624295,-1.09296229347137,0.304674117124955,-3.5873158632084,0.000334099511904587,0.0022343785922733,"ENSMUSG00000039648.14"
1012.36977888397,-3.21415376592766,0.221022988038327,-14.5421695474061,6.54838730612948e-48,3.99199764623662e-45,"ENSMUSG00000039661.14"
52.9249793845717,-1.48201713887376,0.511196226666303,-2.89911595893134,0.00374216466818996,0.016572592900478,"ENSMUSG00000039670.2"
92.0726432213749,-1.26871307523425,0.418467411781126,-3.03180854593723,0.00243093335220648,0.0116300312805532,"ENSMUSG00000039754.10"
5523.2428770262,-3.43867314306741,0.226812098010527,-15.1608894465048,6.41940701980472e-52,4.62489096654113e-49,"ENSMUSG00000039878.12"
409.256078892909,-1.01869510590679,0.287455719870042,-3.54383313843027,0.000394354744775867,0.00255959160716523,"ENSMUSG00000039886.8"
893.984036592129,-1.19079672322433,0.336742759970899,-3.5362207143733,0.00040589542387953,0.00262482352855592,"ENSMUSG00000039899.5"
286.722020041572,-1.31210407935947,0.277532729045186,-4.72774538654806,2.2702661618814e-06,2.87489047045443e-05,"ENSMUSG00000039914.5"
281.678541515305,-1.75378847578039,0.318912837233179,-5.49927212399444,3.8136220157597e-08,7.06969695319196e-07,"ENSMUSG00000039943.16"
2732.98125082646,-1.11858485323156,0.199040370577891,-5.61988932186912,1.91079828017117e-08,3.71609236082368e-07,"ENSMUSG00000039953.13"
530.199151981532,-1.61843178942637,0.26955495079921,-6.00408853418512,1.92409695469968e-09,4.57911962942792e-08,"ENSMUSG00000040018.9"
1280.85410913569,-1.7990402534381,0.258092840583879,-6.9705159173271,3.15780790137315e-12,1.27033642732905e-10,"ENSMUSG00000040048.14"
99.1119587326981,-2.5279146800059,0.448088115917207,-5.64155707372739,1.68519159275752e-08,3.3016423665274e-07,"ENSMUSG00000040127.13"
98.1434252626824,-3.19537814251103,0.420785658952424,-7.59383803731846,3.1056654117451e-14,1.76432963355411e-12,"ENSMUSG00000040187.15"
25535.5409002866,-1.67702820613106,0.224814521696568,-7.45960800697093,8.6780267789097e-14,4.56965861945909e-12,"ENSMUSG00000040205.8"
247.334446530387,-1.04221134897081,0.396227579809501,-2.63033519643404,0.00853007166014092,0.0321296663054262,"ENSMUSG00000040263.16"
1147.63354773644,-1.12464736491911,0.225582111120084,-4.98553435525049,6.17907979801932e-07,9.0016925366366e-06,"ENSMUSG00000040354.14"
1612.6904614669,-1.09880859368911,0.206839801364826,-5.31236534960223,1.08211379023447e-07,1.79973804566803e-06,"ENSMUSG00000040412.16"
681.583435525235,-1.2531657300314,0.24353408304725,-5.14575091236105,2.66452788000738e-07,4.14860185639656e-06,"ENSMUSG00000040414.7"
328.622824969265,-1.40045962658493,0.27719890105989,-5.05218318409696,4.36788480929338e-07,6.50288695605965e-06,"ENSMUSG00000040434.16"
4825.46335015962,-1.70224762807987,0.193217341594831,-8.81001474313532,1.25129401298469e-18,1.33107450374546e-16,"ENSMUSG00000040462.12"
260.605307298626,-1.17966644726567,0.33497397686601,-3.52166594641927,0.000428844166317784,0.00274966829940812,"ENSMUSG00000040482.15"
308.241982236061,-1.24614471995438,0.281478632712898,-4.42713788945187,9.54916923125484e-06,0.000102197388464139,"ENSMUSG00000040532.14"
2246.78562226351,-1.31449717534611,0.235327417117625,-5.58582247426391,2.32596746403773e-08,4.46762768128416e-07,"ENSMUSG00000040562.12"
53.9895781333262,-1.82771831642382,0.524487732915872,-3.48476847354024,0.000492563045641783,0.00311096614835593,"ENSMUSG00000040658.6"
381.592009814419,-1.01052238917076,0.313816906572884,-3.2201018109777,0.00128145077593931,0.00685487505860212,"ENSMUSG00000040688.16"
30.6698926107665,-2.74401828941351,0.79655962233363,-3.44483728835581,0.000571403243660584,0.00350457822863823,"ENSMUSG00000040794.5"
824.239729840836,-1.41954253577119,0.340700390871496,-4.16654214026601,3.09254747110316e-05,0.00028531360545393,"ENSMUSG00000040824.3"
528.996375001566,-1.79282158869746,0.260002203785526,-6.89540920267102,5.37099701642171e-12,2.05628750507933e-10,"ENSMUSG00000040888.9"
355.409893637974,-1.047049037513,0.319227390031629,-3.27994736732729,0.00103826454254294,0.00579046199834818,"ENSMUSG00000040891.6"
9319.15868901104,-2.16144038734423,0.300691150248035,-7.1882407764954,6.56314491850338e-13,2.93030554812052e-11,"ENSMUSG00000040952.16"
179.822170123026,-1.270534642637,0.373267827261861,-3.40381503532497,0.000664517348547648,0.00399020746282198,"ENSMUSG00000041012.3"
210.221739767041,-1.59102040595711,0.480274605531934,-3.31273064957277,0.00092389910277513,0.00524303644073964,"ENSMUSG00000041035.8"
45.9235983831314,-2.63378854139627,0.559649626480711,-4.70613829934728,2.52453286301474e-06,3.14821761438108e-05,"ENSMUSG00000041119.11"
418.79214332472,-1.99896223421128,0.329534206576958,-6.06602347894481,1.3111597121817e-09,3.242103188468e-08,"ENSMUSG00000041161.8"
870.243820536169,-1.23001945741168,0.223937500286399,-5.49269084382283,3.95855408498552e-08,7.27877984304182e-07,"ENSMUSG00000041203.9"
97.6030392503601,-1.47815583798153,0.468299433513384,-3.15643311137869,0.00159711513708917,0.00822960823240033,"ENSMUSG00000041263.14"
6294.13947102388,-2.05812203858549,0.214779070000189,-9.58250745095265,9.47169831106385e-22,1.27225778161324e-19,"ENSMUSG00000041351.16"
11014.6340801439,-2.42332134702478,0.302166536202943,-8.01982038605761,1.05899902918175e-15,7.56087144708591e-14,"ENSMUSG00000041453.12"
1646.36962396993,-1.22563513313123,0.20322659695213,-6.03087957734156,1.63069671524255e-09,3.952070785412e-08,"ENSMUSG00000041560.12"
2018.34811597793,-2.10650101141036,0.3532748756633,-5.9627818351227,2.47979418378115e-09,5.77162082421897e-08,"ENSMUSG00000041571.9"
139.375390763665,-1.1955021251446,0.349290439540173,-3.42265916787883,0.000620117798441407,0.00375864898864103,"ENSMUSG00000041625.14"
3045.50906456643,-1.3974504131879,0.222463627523208,-6.28170289564354,3.34884374638648e-10,9.23116058786534e-09,"ENSMUSG00000041681.2"
2885.70644995889,-1.51186733871335,0.298075362343507,-5.07209762936075,3.93454431213063e-07,5.8999552835639e-06,"ENSMUSG00000041697.8"
258.534936385724,-2.0430213617577,0.296458028730789,-6.89143542681029,5.52321924862255e-12,2.09935311968027e-10,"ENSMUSG00000041798.15"
6368.30809866894,-2.36279629847243,0.293631616143728,-8.04680480086952,8.49835640963258e-16,6.23606245799428e-14,"ENSMUSG00000041841.7"
745.846611896209,-1.23652022484975,0.292755713681889,-4.22372704292755,2.40295056972858e-05,0.000228777883206193,"ENSMUSG00000041881.12"
198.731108299901,-1.01001385035611,0.354884597451554,-2.84603461973012,0.00442673819293534,0.019035214421602,"ENSMUSG00000041889.7"
340.244824675963,-1.15257410834514,0.36070862451443,-3.19530510227385,0.0013968308992396,0.00733104958706877,"ENSMUSG00000041921.16"
100.960700784657,-1.29535110847254,0.401858215042649,-3.22340332979148,0.00126677048292506,0.00678550596632722,"ENSMUSG00000041975.17"
532.417754275269,-1.1029984181237,0.245249003149301,-4.49746341049233,6.87689910550461e-06,7.63832171143995e-05,"ENSMUSG00000042043.5"
139.847297291369,-1.69720795137154,0.356187254316689,-4.76493173408876,1.8891759911296e-06,2.43244837200684e-05,"ENSMUSG00000042115.4"
130.683452029865,-1.23372885856841,0.380732477590954,-3.24040876779071,0.00119358459956858,0.00647222576228598,"ENSMUSG00000042148.8"
218120.34209773,-1.6395517398194,0.196190516928447,-8.35693674438585,6.43677916700103e-17,5.6056565822509e-15,"ENSMUSG00000042179.5"
635.628379058378,-2.55204499039428,0.272906471995327,-9.35135386029973,8.65328842134071e-21,1.07995764943504e-18,"ENSMUSG00000042198.12"
186.901579088936,-1.27614560401994,0.312339836830034,-4.08575997532578,4.39327773865833e-05,0.000384927872624292,"ENSMUSG00000042210.16"
109.822509918558,-1.91170155815397,0.404183413461926,-4.72978725618597,2.24755234681938e-06,2.84989637576697e-05,"ENSMUSG00000042303.16"
692.368426284664,-1.18888257778294,0.245116440038435,-4.8502767810944,1.23289311711928e-06,1.66342536306226e-05,"ENSMUSG00000042305.12"
56.1981665469742,-4.01164445555147,0.556670143398731,-7.20650191702128,5.74075157559938e-13,2.58892509984246e-11,"ENSMUSG00000042388.14"
160.049574226111,-1.47002369687644,0.390691473251829,-3.76262037315798,0.000168142334143742,0.00124477160027012,"ENSMUSG00000042419.8"
437.041671686221,-1.92438591665986,0.374618457590507,-5.13692232101226,2.79274322901467e-07,4.33121136789457e-06,"ENSMUSG00000042462.4"
66.634515845582,-1.15129576601345,0.470312276145095,-2.44793900650442,0.0143675975214784,0.0488159529936618,"ENSMUSG00000042505.6"
745.897539406784,-1.36208156282665,0.280413989195162,-4.8573951917879,1.18940057719952e-06,1.61128197851389e-05,"ENSMUSG00000042541.10"
270.859892299631,-1.17472068885563,0.317922566687754,-3.69498995020813,0.000219895484696105,0.00156153379589304,"ENSMUSG00000042569.13"
223.183057175487,-2.59355937583073,0.362313990022272,-7.15831970957374,8.16719066286374e-13,3.61592100576509e-11,"ENSMUSG00000042616.7"
329.055545348419,-1.31743713235081,0.274290275217661,-4.80307634423191,1.56246276898498e-06,2.06137924645687e-05,"ENSMUSG00000042670.5"
504.468503987272,-1.87659728032384,0.317344520053535,-5.91343842965135,3.35038802364327e-09,7.5754137196499e-08,"ENSMUSG00000042737.9"
2373.56006927728,-1.86245072323525,0.294196272448375,-6.33064011224706,2.44146200274823e-10,6.87338769867842e-09,"ENSMUSG00000042747.12"
3296.48661539047,-2.36102610444638,0.206043087646166,-11.4588949885129,2.12204876967179e-30,5.79904706884445e-28,"ENSMUSG00000042784.9"
50.8042451345508,-3.09098033397435,0.564046757901775,-5.48000727009342,4.2530835952212e-08,7.77115371564558e-07,"ENSMUSG00000042797.9"
224.452731363537,-1.31508434700599,0.358631450838709,-3.66695208669091,0.000245458765620453,0.00171332809849675,"ENSMUSG00000043445.6"
161.930414154627,-1.90188312352847,0.330341036521582,-5.75733231194914,8.54535856886734e-09,1.77050893224245e-07,"ENSMUSG00000043483.3"
266.653571320953,-1.14488695628628,0.288619406405256,-3.96677053198121,7.28530725681877e-05,0.00059923258962417,"ENSMUSG00000043629.12"
6.54924213670557,-4.91195292090834,1.71655078385039,-2.8615249645515,0.00421608298434244,0.0182831505613756,"ENSMUSG00000043648.7"
256.329488052421,-2.02087892710344,0.29297093284209,-6.89788200999685,5.27835568445696e-12,2.02571277478554e-10,"ENSMUSG00000043664.6"
11098.9572973773,-1.6113665176254,0.221307125871665,-7.28113254952224,3.31029228677486e-13,1.58994341652671e-11,"ENSMUSG00000043716.13"
110.132888262553,-1.1395307730791,0.385757510692862,-2.95400800112065,0.00313675872999196,0.0143402439776096,"ENSMUSG00000043782.8"
163.685246469773,-1.59056725817175,0.34577731478543,-4.59997573628788,4.22540154189995e-06,4.9793765382241e-05,"ENSMUSG00000043801.6"
24.2493080937306,-2.00073078991306,0.736010695710216,-2.7183447218555,0.00656094430389347,0.0260759697133178,"ENSMUSG00000043811.5"
696.021503859991,-1.18611398030489,0.294861695659949,-4.0226112708542,5.75564477611252e-05,0.000488628653997769,"ENSMUSG00000043866.11"
793.32257373062,-1.9136319018928,0.242410267005744,-7.8941866841286,2.92214497129576e-15,1.97931614508708e-13,"ENSMUSG00000044005.13"
435.035930647026,-1.10897196395815,0.334092156288147,-3.31935947338341,0.000902242027848367,0.00512931712388688,"ENSMUSG00000044080.9"
31.2664916449795,-2.87325617018433,0.740351901114537,-3.88093306150614,0.000104056480498256,0.00082506013801769,"ENSMUSG00000044139.12"
65.8618156597225,-1.45061751524393,0.484167211738391,-2.99610853456087,0.00273449087222758,0.0127663270470713,"ENSMUSG00000044285.7"
34.4764621868955,-1.88259101340704,0.619056384848577,-3.04106549820584,0.00235742542552602,0.011336527000785,"ENSMUSG00000044352.6"
35.0366807473067,-1.87677265535126,0.630150239008776,-2.97829396732978,0.00289857832673922,0.0134216963128299,"ENSMUSG00000044365.15"
570.101039556447,-1.08969099496066,0.243026317617412,-4.48383946909043,7.33118235043277e-06,8.08231656946862e-05,"ENSMUSG00000044408.6"
141.876184920813,-2.30666373027494,0.38634093168885,-5.97053933734537,2.36470557173701e-09,5.5199680871917e-08,"ENSMUSG00000044424.3"
2691.55349827813,-1.59642463746284,0.210689496534381,-7.57714391900086,3.53244862058576e-14,1.95084706049771e-12,"ENSMUSG00000044468.14"
493.196027587158,-1.14547194207334,0.268247655733432,-4.27020299186377,1.95295136832977e-05,0.000191311985092873,"ENSMUSG00000044502.16"
16.6865363941123,-2.52614119401532,0.973607585538013,-2.59461946634216,0.00946956976041525,0.0350111221606209,"ENSMUSG00000044505.5"
16321.0999054951,-1.72351626071639,0.258178919590546,-6.67566609795165,2.46111742372528e-11,8.35080169304744e-10,"ENSMUSG00000044533.15"
46.2309461578542,-2.20443731434587,0.579012440078902,-3.80723653199139,0.000140528324854236,0.00106784794838832,"ENSMUSG00000044609.6"
1317.40136658857,-2.48320583641572,0.218884638171862,-11.3448155026119,7.86920395774846e-30,2.01172391500505e-27,"ENSMUSG00000044734.15"
3564.90467416211,-2.14099660335324,0.361864684547614,-5.91656686816459,3.28730862818153e-09,7.4434059652396e-08,"ENSMUSG00000044894.14"
519.094875988759,-1.09664008395333,0.281049644418474,-3.90194439214614,9.54230819435492e-05,0.000760972578884934,"ENSMUSG00000044986.8"
82.122814010425,-1.69952245402252,0.46138442949512,-3.68352797662084,0.000230028024604247,0.00162041963998992,"ENSMUSG00000044988.7"
26.5196480324117,-2.19821340964858,0.785900693682443,-2.79706256441708,0.00515695461355513,0.0215382689393541,"ENSMUSG00000045055.4"
6679.86202343293,-3.23649839072111,0.273182816108482,-11.8473717960206,2.22046016887921e-32,7.03885873534709e-30,"ENSMUSG00000045091.4"
236.376224106487,-1.85289940043812,0.319743403250948,-5.79495739896121,6.83385259167448e-09,1.44808240077594e-07,"ENSMUSG00000045107.4"
14841.5146612492,-2.4207031708567,0.299387324278424,-8.08552324882498,6.18978688142619e-16,4.64967403178223e-14,"ENSMUSG00000045128.8"
72.7449245858433,-1.47428206996925,0.460667479881921,-3.20031722305889,0.0013727640678116,0.00722627382092791,"ENSMUSG00000045257.9"
1590.21281603924,-1.15560977270954,0.210088282515219,-5.5005912698907,3.78519750990171e-08,7.03345609987598e-07,"ENSMUSG00000045302.13"
381.18326137391,-1.26614228462516,0.364613714241007,-3.47255803929594,0.000515523531087367,0.00322838718598766,"ENSMUSG00000045319.13"
582.354739121032,-1.51356296450328,0.280295513393692,-5.39988295273706,6.66843905385184e-08,1.15893376100386e-06,"ENSMUSG00000045503.16"
9.55009646241927,-3.3050230893611,1.17621973441383,-2.80986876232625,0.00495617051376878,0.0209034866001158,"ENSMUSG00000045589.7"
404.856052209914,-1.32163969445044,0.328768720981891,-4.01996786830349,5.82060795042764e-05,0.000492823910332682,"ENSMUSG00000045752.13"
493.655168179133,-1.62098385571572,0.313693411027328,-5.16741442036379,2.37354587382973e-07,3.72482199011894e-06,"ENSMUSG00000045948.8"
317294.466833014,-3.01765266120054,0.214189030432811,-14.0887358008147,4.45464760460303e-45,2.52164873331993e-42,"ENSMUSG00000046008.7"
191.957668365489,-1.53285816023158,0.315666557579335,-4.85594093966173,1.19816412314383e-06,1.62176783533986e-05,"ENSMUSG00000046070.8"
115.38945858123,-1.02379735392539,0.397561864662584,-2.57519003940256,0.0100185024184925,0.0365798809797526,"ENSMUSG00000046159.15"
589.315696971755,-2.1877732711269,0.349371275858182,-6.26202960089646,3.79998781208645e-10,1.03844494519949e-08,"ENSMUSG00000046229.9"
7260.97544589801,-2.24607892358218,0.307893560187428,-7.29498506631606,2.98692206957516e-13,1.44778944350967e-11,"ENSMUSG00000046330.9"
7727.86180954022,-1.92345786456894,0.265489406406111,-7.24495146758017,4.32594081734574e-13,2.03460421231246e-11,"ENSMUSG00000046364.14"
22.6924942992594,-2.58741208400883,0.958020789459106,-2.70078907731185,0.00691751926789963,0.0271661745282976,"ENSMUSG00000046449.15"
103.585389841573,-4.44945884060624,0.613550191293086,-7.25198835196969,4.10697214056207e-13,1.94314950531071e-11,"ENSMUSG00000046480.5"
50.3541649549519,-1.86143853172503,0.524806058916639,-3.5469074720052,0.000389781461737041,0.00253736003817102,"ENSMUSG00000046598.14"
1004.60606531628,-1.26448569045207,0.239614452282546,-5.27716787700699,1.31195688020838e-07,2.14376459291782e-06,"ENSMUSG00000046668.8"
239.140905794112,-1.98034997841774,0.30626728506331,-6.46608395672549,1.00575213245516e-10,3.05972577723882e-09,"ENSMUSG00000046721.11"
480.685382854504,-1.74804752625292,0.252498843280744,-6.92299221469832,4.42202079992634e-12,1.72633078026681e-10,"ENSMUSG00000046727.12"
736.936617220693,-1.50888410162108,0.27673185445483,-5.45251324461228,4.96628720096739e-08,8.86437524046544e-07,"ENSMUSG00000046756.10"
354.624324262696,-1.05853740185345,0.267010535242148,-3.96440313073595,7.35798178288869e-05,0.000603331667143227,"ENSMUSG00000046792.8"
70.6768273462865,-2.08926382838511,0.485032632176972,-4.30747065204224,1.65131997405049e-05,0.000165236247403411,"ENSMUSG00000046807.9"
892.701488997505,-1.93298734151783,0.263322985383826,-7.34074672099081,2.1240543203178e-13,1.05207065553241e-11,"ENSMUSG00000047040.9"
36.9406405448822,-1.46982538175115,0.597984530512546,-2.45796556056614,0.0139726572790307,0.0476784968509444,"ENSMUSG00000047115.15"
9427.88049158353,-1.85040534498174,0.247723438023306,-7.46964178984007,8.0413419668017e-14,4.24850900579357e-12,"ENSMUSG00000047215.14"
531.441069558776,-1.26947846370317,0.26641247439926,-4.76508641934184,1.88772724184115e-06,2.43244837200684e-05,"ENSMUSG00000047260.4"
304.298033005852,-1.19838678971603,0.275587116370504,-4.34848626270648,1.3708040321958e-05,0.000140811690928732,"ENSMUSG00000047264.8"
153.451956986943,-1.08661842177453,0.395796280682741,-2.74539826372328,0.00604375031962871,0.0244933373986487,"ENSMUSG00000047281.3"
732.275216723326,-1.04674179094538,0.281589169636619,-3.71726580356823,0.000201390528847814,0.00145224744414825,"ENSMUSG00000047459.14"
87464.481465439,-2.45738523019539,0.196922027989983,-12.4789758427655,9.72292055300324e-36,3.75873879914881e-33,"ENSMUSG00000047517.10"
193.269052775305,-1.40144797888126,0.3396034445878,-4.12671897536933,3.67975611138602e-05,0.00033044835334543,"ENSMUSG00000047557.2"
244.426784339447,-1.3811280333156,0.300366478635065,-4.59814304043435,4.26273300267226e-06,5.01218976946256e-05,"ENSMUSG00000047613.10"
321.883801882681,-1.67018091922716,0.37987348832801,-4.39667671091858,1.09920875933233e-05,0.000116072344006778,"ENSMUSG00000047617.11"
105.699661733046,-1.87382128078172,0.401549441623037,-4.66647711725821,3.06407750906142e-06,3.73294608136998e-05,"ENSMUSG00000047656.8"
14628.9756836613,-2.27676658891653,0.286959560573724,-7.93410257656007,2.12022809380881e-15,1.46749411733055e-13,"ENSMUSG00000047675.15"
896.158493332501,-2.6349373920791,0.336354324764239,-7.83381451665891,4.73286845098254e-15,3.13874330326667e-13,"ENSMUSG00000047676.6"
870.263107209094,-2.17038187489584,0.397591130298391,-5.45882870492351,4.79285878156809e-08,8.60326293180683e-07,"ENSMUSG00000047721.8"
51.7752293726977,-1.93168872143489,0.515456167163641,-3.74753246636709,0.000178582727637309,0.0013080113813254,"ENSMUSG00000047730.17"
1195.88894185754,-2.24972311525488,0.225382807028138,-9.98178674282823,1.83138780894143e-23,2.90274967717217e-21,"ENSMUSG00000047797.14"
108.879967892931,-1.31473645212667,0.400068165519315,-3.28628110267174,0.00101519643827985,0.00569185127228,"ENSMUSG00000047821.16"
279.944291326259,-1.06307125390566,0.374146508370803,-2.84132346586564,0.00449267178736391,0.0192515924531159,"ENSMUSG00000047822.7"
825.178673305932,-1.16899024690612,0.223141950063002,-5.23877400271918,1.61646842028981e-07,2.58537078320822e-06,"ENSMUSG00000047843.16"
6.12998323852367,-7.22154816688382,2.08362986328387,-3.46584981053326,0.000528558447407145,0.00328922316113202,"ENSMUSG00000047894.1"
709.690626011764,-1.78715874442736,0.270333264108295,-6.61094649347863,3.81870504963872e-11,1.23776022570089e-09,"ENSMUSG00000047921.15"
17.1092319341862,-2.96007964194224,1.02536522417423,-2.8868539444822,0.0038911481375618,0.0171271030214814,"ENSMUSG00000047953.6"
57.0085112662909,-1.82734856298163,0.525376115590466,-3.47817212993758,0.000504845623853563,0.00316652280889552,"ENSMUSG00000047965.9"
39.0459523414787,-5.92351545135489,0.926842572967647,-6.39106966395431,1.6472930686018e-10,4.76452466009826e-09,"ENSMUSG00000047990.5"
44.695234372617,-1.84330185241295,0.578916961826689,-3.18405224576022,0.00145228797522765,0.00756947201820399,"ENSMUSG00000048087.5"
677.439758454826,-1.31000923314916,0.231551678612746,-5.65752423388846,1.53572138088374e-08,3.05558359169226e-07,"ENSMUSG00000048120.16"
46.7855059661949,-1.50424111116898,0.56701399830306,-2.65291706319566,0.00797994757341023,0.0304778907782718,"ENSMUSG00000048174.2"
326.908364217317,-1.35834724432986,0.274609282511879,-4.94647242767951,7.55704259577154e-07,1.07328965181881e-05,"ENSMUSG00000048175.13"
262.392376462701,-1.9544901633247,0.315600928361486,-6.1929163943588,5.90610610092646e-10,1.56280103004482e-08,"ENSMUSG00000048200.12"
1554.7408428681,-1.43160738430064,0.21796194060683,-6.56815304688008,5.09431676107006e-11,1.62791752350092e-09,"ENSMUSG00000048277.15"
122.73290099576,-3.2478852959285,0.415240077786048,-7.8217047671443,5.2112715440705e-15,3.42733004039492e-13,"ENSMUSG00000048424.15"
242.977827381352,-1.63278034624947,0.310862081826914,-5.25242685326478,1.50108085009905e-07,2.42529372824362e-06,"ENSMUSG00000048731.14"
8242.11781184984,-2.12828735297129,0.27285957773299,-7.79993640191716,6.19383825576225e-15,3.95856194975128e-13,"ENSMUSG00000048758.13"
15.7613347699579,-3.44956946799729,1.03263002606438,-3.34056668983807,0.0008360759818956,0.004833531194267,"ENSMUSG00000048967.15"
1522.42905188679,-1.23004323006944,0.223126618833802,-5.51275879363211,3.53252209193797e-08,6.58884945758458e-07,"ENSMUSG00000049091.6"
103495.647075744,-3.26897074392974,0.278713679936063,-11.7287775206428,9.07599838680265e-32,2.76643412366965e-29,"ENSMUSG00000049350.6"
1304.49658083752,-1.84300160160963,0.273336237627709,-6.7426171429192,1.55558730064789e-11,5.44283856849207e-10,"ENSMUSG00000049422.6"
164.414516818722,-1.1355003707463,0.334432627163533,-3.39530380267311,0.000685524868129305,0.00409403510167652,"ENSMUSG00000049489.5"
7931.75242801306,-2.06225797104685,0.256691169536971,-8.03400434368982,9.43418532200119e-16,6.85925859420729e-14,"ENSMUSG00000049517.7"
1224.24428241387,-1.13044791056864,0.227051163517845,-4.9788245655909,6.39715947803367e-07,9.25981531751905e-06,"ENSMUSG00000049521.1"
56.2225532930808,-1.39144891124925,0.498950122776055,-2.78875352010641,0.00529113169351734,0.0219828145064875,"ENSMUSG00000049555.10"
799.778374668024,-1.49516496980784,0.249679699865637,-5.98833213357934,2.12003794059925e-09,5.00783924865844e-08,"ENSMUSG00000049577.14"
18.9386329662406,-3.02279928562778,0.90841759209072,-3.32754375514769,0.000876152288659403,0.00500909610476169,"ENSMUSG00000049699.4"
3939.08250905036,-2.23150945819173,0.258216451062046,-8.64201118485489,5.52320207411573e-18,5.47142205467089e-16,"ENSMUSG00000049751.6"
769.17823065523,-1.51692594604624,0.247838363163286,-6.12062606726799,9.32084051369508e-10,2.3675532394562e-08,"ENSMUSG00000049760.5"
20.0843448303776,-3.53631560767279,0.931004891289751,-3.79838563766708,0.000145641600876555,0.00110081992078846,"ENSMUSG00000049916.10"
347.991929212784,-1.30522442757228,0.299855165259205,-4.35284957137222,1.34379359619356e-05,0.000138306029218623,"ENSMUSG00000049960.3"
11.4323061982347,-5.58890217464607,1.66530962218947,-3.35607390972619,0.000790574379774043,0.00461872610372967,"ENSMUSG00000050063.18"
167.500536007874,-1.08607561180204,0.335379275368002,-3.23835040376399,0.0012022305154536,0.00650353367574728,"ENSMUSG00000050212.4"
70.9115321860266,-1.25506248624989,0.447399620872365,-2.80523815331515,0.00502794149701801,0.0211499131443035,"ENSMUSG00000050222.10"
391.816393665217,-2.62663531949843,0.363415907663942,-7.22762890700792,4.91499540556593e-13,2.27785605784269e-11,"ENSMUSG00000050299.7"
6.86475334560001,-4.96800150080146,1.69328405146134,-2.93394454197686,0.00334684002597839,0.0151022396746066,"ENSMUSG00000050440.8"
30.8843368917995,-9.58608712281244,1.58817022963984,-6.03593175587124,1.58048041359031e-09,3.84802066903325e-08,"ENSMUSG00000050447.15"
554.817843679446,-1.22367859763462,0.269458790185621,-4.54124579417755,5.59227869609194e-06,6.3539510633016e-05,"ENSMUSG00000050552.8"
997.199655567594,-1.63549782753645,0.281592452962651,-5.80803146650161,6.32116384668735e-09,1.35575706319343e-07,"ENSMUSG00000050608.11"
203.053379286871,-1.22903026831831,0.319282000372533,-3.84935657783494,0.000118428501830851,0.000922403810328742,"ENSMUSG00000050621.6"
324.337447525116,-1.63901106005146,0.266415269678318,-6.1520912897766,7.64678380972005e-10,1.97396617889353e-08,"ENSMUSG00000050705.15"
6244.51545404355,-2.3168919040268,0.250520991228361,-9.24829449487069,2.2810312966411e-20,2.82455828529386e-18,"ENSMUSG00000050708.16"
1537.78011195039,-1.62176187947206,0.275191124092126,-5.89322015679963,3.78741256926751e-09,8.4669237267828e-08,"ENSMUSG00000050732.9"
327.973727229288,-1.59296809418795,0.265153585403536,-6.00771847668446,1.88152174771085e-09,4.49128308753267e-08,"ENSMUSG00000050854.9"
786.446864517137,-2.52015032739659,0.377289081246822,-6.67962698275889,2.39551196251179e-11,8.15101838778595e-10,"ENSMUSG00000050856.16"
9.97822076126877,-3.78035179578154,1.23154276406221,-3.06960659921556,0.00214340899152972,0.010475804044325,"ENSMUSG00000051008.5"
772.11371277346,-1.06371371457691,0.228205717291987,-4.66120536855742,3.1436284668269e-06,3.81812346354071e-05,"ENSMUSG00000051154.11"
105.318363320982,-2.16723735422854,0.483359943606698,-4.48369250057673,7.33623596433454e-06,8.08231656946862e-05,"ENSMUSG00000051184.7"
240.593530521653,-1.32899467950387,0.297833747071021,-4.46220313370656,8.11212697245123e-06,8.86739396643807e-05,"ENSMUSG00000051346.8"
155.284329154012,-1.39384864021307,0.385077169644032,-3.61966055142027,0.000294989735788541,0.00201187061628588,"ENSMUSG00000051355.18"
170.598353446425,-1.30661608605101,0.356774888997957,-3.66229834650301,0.000249962502145884,0.00173996735134487,"ENSMUSG00000051373.5"
1076.55682421658,-1.01139849750732,0.214312789134231,-4.71926337944231,2.36700194437358e-06,2.9783501332928e-05,"ENSMUSG00000051403.9"
11.845304838501,-8.2009121302212,1.78351169872271,-4.59818241511642,4.26192764056925e-06,5.01218976946256e-05,"ENSMUSG00000051456.4"
454.551667322379,-1.42481501292476,0.24856435176828,-5.73217761432265,9.91493654091385e-09,2.03626263496124e-07,"ENSMUSG00000051483.8"
62.8821098899237,-1.6121743519051,0.469440805009229,-3.43424417882337,0.000594208660325531,0.00362069332646622,"ENSMUSG00000051502.6"
223.989802450469,-1.00484560286499,0.407873206464036,-2.46362248595898,0.0137540891908225,0.0471356353890891,"ENSMUSG00000051518.7"
247.260315775484,-1.22572938040593,0.310396358757187,-3.94891675054983,7.85056457376329e-05,0.00063876513600692,"ENSMUSG00000051550.10"
210.288009517397,-1.0081371119,0.343806239270545,-2.93228277078093,0.00336480225130139,0.0151684060532216,"ENSMUSG00000051989.11"
92.5845666840262,-1.17892057151408,0.469856601916107,-2.50910717590507,0.0121036754528479,0.0425859445944011,"ENSMUSG00000052117.5"
9180.86111617302,-2.25932920217746,0.290345380988954,-7.78152280047264,7.16567125301152e-15,4.52493583108497e-13,"ENSMUSG00000052146.15"
74.3083696841924,-2.79497831829056,0.669142208487214,-4.17695712935132,2.95434679989484e-05,0.000274319840529192,"ENSMUSG00000052192.5"
4636.44200363957,-2.31751295212336,0.196834578826152,-11.7739117077098,5.31992360456917e-32,1.65334880651807e-29,"ENSMUSG00000052271.7"
8371.45541326761,-1.35619213058332,0.190023951112436,-7.1369536452848,9.54220061254476e-13,4.19027290102074e-11,"ENSMUSG00000052305.6"
440.931820736336,-1.16019148732714,0.275462947394267,-4.21178782228948,2.53357467604252e-05,0.000239887446925173,"ENSMUSG00000052369.7"
511.904240460624,-1.01539101039496,0.240950069133756,-4.21411379563166,2.50760838439462e-05,0.000237663638855344,"ENSMUSG00000052456.9"
18.1792361683758,-2.71643328510675,1.02747161349856,-2.64380373084687,0.0081980177180643,0.0311379297463022,"ENSMUSG00000052496.4"
203.953912727255,-1.23691540298072,0.340566006938639,-3.6319402928654,0.000281298214495244,0.00193430659425146,"ENSMUSG00000052605.12"
178.636942602431,-1.00475320990763,0.341377630679574,-2.94323095484461,0.00324806006759641,0.0147469928591816,"ENSMUSG00000052698.14"
1509.42822668935,-1.39906789158078,0.290222626949764,-4.82067131114126,1.43075929581682e-06,1.90088305437524e-05,"ENSMUSG00000052712.16"
305.309471326573,-1.2897958354975,0.345759118106988,-3.73033064914979,0.000191228644450336,0.00138971756741762,"ENSMUSG00000052926.15"
1050.0803860285,-2.57859893668914,0.220951666265294,-11.6704208674899,1.80527931425972e-31,5.39880700585219e-29,"ENSMUSG00000052934.13"
136.738334709645,-1.38467089633541,0.356353851694205,-3.88566277522273,0.000102051086870846,0.000810375614680815,"ENSMUSG00000053040.13"
359.216852315837,-1.41390354935259,0.279367725088151,-5.06108409232471,4.16879284561686e-07,6.22178593248843e-06,"ENSMUSG00000053046.15"
129.042748329034,-2.47998214367684,0.426733757358876,-5.81154431987253,6.1899140599305e-09,1.32940566192274e-07,"ENSMUSG00000053173.12"
2732.98993599358,-1.6466561939971,0.263246907543578,-6.25517773166816,3.97063459318617e-10,1.07580441541882e-08,"ENSMUSG00000053317.11"
606.009275537049,-1.23036756285838,0.23098785945042,-5.32654645047467,1.00097690821098e-07,1.67534149895925e-06,"ENSMUSG00000053329.6"
5258.98569361568,-1.39529209878312,0.235231081012365,-5.93158052404554,3.00032353327298e-09,6.83263333367482e-08,"ENSMUSG00000053398.11"
2241.18952478241,-2.12168377621985,0.262705504137441,-8.07628215931799,6.67712806324248e-16,4.96866102358654e-14,"ENSMUSG00000053565.10"
2286.3912491852,-1.9955045808205,0.205573990231182,-9.70698957867395,2.81529256976297e-22,3.98414171703063e-20,"ENSMUSG00000053644.13"
100.065989521386,-3.34127951502114,0.517007456625636,-6.4627298353272,1.02830788863176e-10,3.12235249709069e-09,"ENSMUSG00000053647.4"
1095.80799612244,-1.09761966928589,0.221934600895636,-4.94568969802972,7.58747408918311e-07,1.07664694998704e-05,"ENSMUSG00000053929.16"
88.2981562383512,-1.25380347423265,0.433050480535896,-2.89528249150324,0.00378817456427558,0.0167418874128246,"ENSMUSG00000054021.5"
185489.742944991,-1.94714299131119,0.253584176030584,-7.67848775814921,1.60977537928948e-14,9.59208261719484e-13,"ENSMUSG00000054106.7"
1269.56739184679,-1.36637560127731,0.214962136525233,-6.35635476723559,2.06597584093766e-10,5.86840807864909e-09,"ENSMUSG00000054263.11"
902.325993127613,-1.9113838276803,0.287949807379617,-6.63790625551777,3.18170098162712e-11,1.05502009537217e-09,"ENSMUSG00000054312.6"
29.9743374458677,-3.61062026930834,0.709435301990626,-5.08942853446563,3.5914417537791e-07,5.43690084024822e-06,"ENSMUSG00000054320.14"
275660.950382326,-2.46301254866478,0.199675325000968,-12.3350872154726,5.86254109517249e-35,2.11184718996554e-32,"ENSMUSG00000054446.8"
8178.47780460219,-2.05014510633494,0.242417728748332,-8.45707579606652,2.74165724606821e-17,2.52646903198727e-15,"ENSMUSG00000054452.9"
143.931591753172,-1.14500306723796,0.345136626723802,-3.31753566147664,0.000908153216579452,0.00515922167841731,"ENSMUSG00000054612.4"
453.412898569905,-1.27386812289687,0.272098739064392,-4.68163919934744,2.84590048755543e-06,3.49670718819795e-05,"ENSMUSG00000054708.17"
620.392260029067,-2.96480828672968,0.364549187917109,-8.1328072726466,4.19461236704046e-16,3.19637528930728e-14,"ENSMUSG00000054716.4"
372.76477165251,-1.03869387190076,0.268818790687459,-3.86391840110757,0.000111582509658762,0.000877708574735173,"ENSMUSG00000054723.5"
174.331217182512,-1.08732600687071,0.334443296908853,-3.25115203958489,0.00114938373960097,0.00628414359181629,"ENSMUSG00000055041.7"
135.225877424883,-2.37057508444005,0.474054459610253,-5.00063871646526,5.71406988795894e-07,8.3626969274376e-06,"ENSMUSG00000055093.10"
74.9817659667443,-1.45352416757813,0.439237518513048,-3.30919856868955,0.00093563453858392,0.0053001456170676,"ENSMUSG00000055114.7"
288.699742177258,-1.70117134757277,0.286650929604697,-5.93464444688442,2.94482969190935e-09,6.72558366235781e-08,"ENSMUSG00000055128.14"
24.3208895362784,-2.74006606778406,0.814732750169053,-3.36314707763437,0.000770592966750895,0.0045136358178129,"ENSMUSG00000055333.14"
21.9306218912867,-2.58411115766792,0.787841225874725,-3.27998976544904,0.00103810852458873,0.00579046199834818,"ENSMUSG00000055494.5"
2631.08679257841,-1.33193126700628,0.24254749435601,-5.49142455807554,3.98704628743151e-08,7.32267481527108e-07,"ENSMUSG00000055681.14"
200.010413646746,-2.0821419814564,0.331698396425545,-6.27721449332895,3.44692418021631e-10,9.45294265669513e-09,"ENSMUSG00000055692.18"
2587.24030999428,-1.55220401733618,0.257182140139654,-6.03542694097383,1.58542947926084e-09,3.85414988439944e-08,"ENSMUSG00000055762.15"
1526.89473146635,-1.76791131741722,0.311436789881503,-5.67662965602066,1.37374440436563e-08,2.75618339356901e-07,"ENSMUSG00000055839.5"
228.43628879825,-2.01846862292052,0.301549649157034,-6.69365269886082,2.17667669211476e-11,7.50007077609107e-10,"ENSMUSG00000055862.6"
445.637913905866,-1.56830404067467,0.298357971626671,-5.25645094087533,1.46861929740583e-07,2.37769314237818e-06,"ENSMUSG00000055912.8"
409.080391918268,-1.25140076562874,0.260567230203581,-4.80260224837567,1.56616798295785e-06,2.06348815709742e-05,"ENSMUSG00000056204.8"
560.593519497357,-1.75961798541908,0.248643686416264,-7.07686573820032,1.47451262398282e-12,6.2642625832808e-11,"ENSMUSG00000056329.3"
1258.25650500044,-1.49618854466665,0.291385296035706,-5.1347427787959,2.82530165484231e-07,4.3731475809815e-06,"ENSMUSG00000056612.6"
1745.05666984549,-2.31949518576227,0.309338734755294,-7.49823712700297,6.46818115768995e-14,3.463536194236e-12,"ENSMUSG00000056629.15"
82.5397866997774,-1.68212693127854,0.432304532273089,-3.89106938674409,9.98033850215009e-05,0.000792924136636987,"ENSMUSG00000056899.10"
366.060916162492,-5.11478345800479,0.310400041724021,-16.4780372760142,5.27703866493587e-61,5.97436163137382e-58,"ENSMUSG00000056978.7"
6.96390377525194,-4.95708994318524,1.8132369224886,-2.73383465872834,0.00626014709801461,0.025177196524621,"ENSMUSG00000057003.12"
499.583067360384,-2.19333074180681,0.313009467074315,-7.00723451692299,2.43074649954553e-12,9.9297247468548e-11,"ENSMUSG00000057036.7"
7482.32249731024,-1.69458410899188,0.216754516640992,-7.81798753378966,5.36745048922107e-15,3.50099136848371e-13,"ENSMUSG00000057069.6"
553.964483431138,-3.86405841981991,0.263857499831041,-14.6444896290393,1.46094140764239e-48,9.26236852445277e-46,"ENSMUSG00000057103.10"
222293.574683522,-2.6720167844123,0.235454987715223,-11.3483125175672,7.56077891356262e-30,1.96456304557324e-27,"ENSMUSG00000057163.3"
459.449422176244,-1.46998244459134,0.246990374340231,-5.95157786419005,2.65569622290093e-09,6.13597450918073e-08,"ENSMUSG00000057286.6"
4806.26592662508,-2.39664018457672,0.312489523438558,-7.66950571079848,1.72660415971162e-14,1.01358059005293e-12,"ENSMUSG00000057322.12"
389.247559471806,-1.03822563002003,0.28531579153516,-3.63886493780732,0.000273842364008734,0.00188713107371236,"ENSMUSG00000057342.15"
311.698106501504,-1.40000892319026,0.296894172441443,-4.71551499875391,2.41100130917524e-06,3.02328882519205e-05,"ENSMUSG00000057388.9"
686.644421641446,-1.55066549591466,0.278102348089605,-5.57588063015936,2.46280769418246e-08,4.70307252443278e-07,"ENSMUSG00000057411.8"
20.4368612922594,-2.3572243701483,0.806307172310761,-2.92348183309946,0.00346140423234962,0.0155419991735812,"ENSMUSG00000057499.3"
57.126705921006,-2.41740847633318,0.523945106452619,-4.61385829653089,3.952619581881e-06,4.69281051481751e-05,"ENSMUSG00000057605.4"
72.7304773871216,-2.24591273376494,0.588772911077629,-3.81456532987269,0.000136422844553068,0.00104257574067798,"ENSMUSG00000057657.3"
12614.6755893153,-2.54831546381199,0.281681669091458,-9.04679197631631,1.47230155088135e-19,1.71588085157864e-17,"ENSMUSG00000057841.5"
5629.09138785479,-2.34312080632013,0.337209082999834,-6.94856966922591,3.69008262327244e-12,1.46585988919469e-10,"ENSMUSG00000057863.5"
1051.44459859898,-3.64428899124256,0.236422251944788,-15.41432314964,1.31137604773402e-53,1.03926551782921e-50,"ENSMUSG00000057897.14"
27.6243282491413,-3.12593508441603,0.722579939841392,-4.32607509848969,1.51789691189214e-05,0.000153827788065796,"ENSMUSG00000057914.15"
12.6766202324773,-3.43329493990773,1.10976320947778,-3.0937184712794,0.0019766495870515,0.00981513031164358,"ENSMUSG00000058019.12"
82.291431367092,-2.2633789749129,0.527971266273142,-4.28693589878423,1.81154539383994e-05,0.00017878576894373,"ENSMUSG00000058064.5"
368.882663600705,-1.22305737834526,0.307010281669937,-3.98376683573142,6.78314282711965e-05,0.000562305511557775,"ENSMUSG00000058173.11"
523.542460612492,-1.09668292410984,0.245859808352646,-4.46060269654495,8.1729482723707e-06,8.91543221727981e-05,"ENSMUSG00000058239.13"
37.4738987580295,-1.70014302143833,0.663396097805479,-2.56278719013033,0.0103835671894544,0.0376957260542492,"ENSMUSG00000058248.12"
447.245661976398,-1.01541020530133,0.286624801830493,-3.54264599161183,0.000396134087595919,0.0025690365337133,"ENSMUSG00000058267.13"
115.305986455736,-1.21636607076276,0.370024391352019,-3.2872591623442,0.0010116768262348,0.00567934028786931,"ENSMUSG00000058351.10"
26.1081397961636,-3.14751573907385,0.734736343310834,-4.28387103445933,1.8366940075789e-05,0.000180817391429351,"ENSMUSG00000058443.4"
62.3817720020518,-2.57431923821285,0.549124256690098,-4.68804502232303,2.75827344670528e-06,3.4075318885642e-05,"ENSMUSG00000058542.3"
1168.8223777804,-1.70255888283203,0.23934705007947,-7.11334809544022,1.1326113405148e-12,4.87823090955424e-11,"ENSMUSG00000058546.8"
13858.3165123085,-2.00151988754104,0.23234442681363,-8.61445189363856,7.02769839381573e-18,6.83368218048953e-16,"ENSMUSG00000058558.12"
168924.101878459,-3.18761533739585,0.242212248855767,-13.1604217063936,1.48256076270676e-39,6.5273855802506e-37,"ENSMUSG00000058579.5"
6906.66786495873,-2.0756581434172,0.268984903944193,-7.71663432773105,1.19441689148441e-14,7.3094624440262e-13,"ENSMUSG00000058600.13"
359.952466199891,-2.73387544684948,0.353296268999222,-7.73819506951968,1.00838054098826e-14,6.24329358385309e-13,"ENSMUSG00000058603.10"
1197.11579751064,-1.30670818952802,0.263050711908746,-4.96751436271092,6.7816536983825e-07,9.73634158689878e-06,"ENSMUSG00000058709.11"
931.454121840667,-2.46045598193294,0.344749865432238,-7.13693094222991,9.54377613418604e-13,4.19027290102074e-11,"ENSMUSG00000058833.11"
39.7116714310502,-1.42138742367517,0.579298743565686,-2.45363457018098,0.0141420614019032,0.0481528836133546,"ENSMUSG00000058838.9"
560.32154916001,-1.79759040979002,0.242590324870031,-7.40998393383202,1.26314718348761e-13,6.47925011594776e-12,"ENSMUSG00000058886.9"
66.2940767650297,-3.41758965587159,0.522112628681066,-6.54569429685109,5.92196093253574e-11,1.86236271390261e-09,"ENSMUSG00000058905.5"
45.9917440847523,-1.56105151901812,0.545788724309837,-2.86017546623395,0.00423406667730586,0.018356115108123,"ENSMUSG00000058966.13"
707.081553953394,-1.83561058334192,0.323898994789475,-5.66723149151795,1.4512321878551e-08,2.89737913625675e-07,"ENSMUSG00000059014.8"
13.3937367255288,-3.12225072741112,1.17385548274255,-2.65982548389723,0.00781811491033093,0.030011412285964,"ENSMUSG00000059033.7"
17.6389050854851,-2.36579193395495,0.854275432631881,-2.76935499206192,0.00561674003289275,0.0230456457471784,"ENSMUSG00000059064.8"
9889.89203451404,-2.20859106316436,0.292252521861548,-7.55713260948576,4.12051824063895e-14,2.2433685571766e-12,"ENSMUSG00000059070.16"
49.8079222877325,-2.46851278799771,0.615839433637501,-4.00837077518283,6.11390784201602e-05,0.000514360081188715,"ENSMUSG00000059159.6"
121.860421604341,-2.82908583417692,0.465456022464393,-6.07809480946903,1.21618844487105e-09,3.03090988226511e-08,"ENSMUSG00000059252.4"
149.790138187175,-1.18925558823972,0.441709635235219,-2.69239222641456,0.00709414597770865,0.0277566560717556,"ENSMUSG00000059278.9"
9914.53635258865,-2.23064995832498,0.278250071198478,-8.01670938920927,1.08615692609263e-15,7.71999429532207e-14,"ENSMUSG00000059291.15"
518.034650506082,-1.2753011745989,0.292646357688233,-4.35782349957528,1.31362250027113e-05,0.000135641150679462,"ENSMUSG00000059316.2"
369.255244053809,-1.57784775828216,0.389047113057262,-4.05567270730506,4.99902185556545e-05,0.000432236828207571,"ENSMUSG00000059355.13"
178.157417685546,-1.32485220415622,0.407574745832179,-3.25057481530452,0.00115171960667484,0.00629257351457989,"ENSMUSG00000059363.10"
100.469617563056,-2.58323106273467,0.480294494491274,-5.37843155056528,7.5137538291568e-08,1.29308358514805e-06,"ENSMUSG00000059461.7"
353.92077959323,-1.15142405324526,0.395995613299022,-2.90766870787481,0.00364133871492516,0.0162166953165394,"ENSMUSG00000059518.14"
700.234359166959,-1.37266720259396,0.333201653810127,-4.11962902013735,3.79482888511314e-05,0.000339435879396407,"ENSMUSG00000059534.8"
91376.6777283107,-1.94354906706696,0.214634406178916,-9.05516082750893,1.3636668099347e-19,1.61299395055709e-17,"ENSMUSG00000059654.7"
220.227973898671,-1.34807119532036,0.297548857484689,-4.53058770487709,5.88198296345424e-06,6.63554661713522e-05,"ENSMUSG00000059689.14"
772.769031875329,-1.64851652713987,0.326371884122502,-5.05103719817088,4.39417479817183e-07,6.52742929250455e-06,"ENSMUSG00000059734.6"
86.3660745748031,-2.21236078224986,0.537376902273704,-4.11696292283702,3.83897803636848e-05,0.000343191211937058,"ENSMUSG00000059751.7"
109.588897678471,-1.04534398032814,0.390551297479442,-2.67658560367007,0.00743765630711642,0.028773944951866,"ENSMUSG00000059772.12"
136.758570627459,-2.1501960813268,0.431921390660093,-4.97821160938733,6.41744731830753e-07,9.28070620393927e-06,"ENSMUSG00000059775.4"
21.1251898804652,-3.47761519659105,1.10384235734987,-3.15046362683545,0.00163011553042656,0.00837786353996787,"ENSMUSG00000059776.7"
23.4841642708388,-3.61740477655852,1.00702570587324,-3.59216726590082,0.000327939238190191,0.00219781688173976,"ENSMUSG00000059835.1"
1256.18098636856,-1.12556574178996,0.246717520368814,-4.56216380623223,5.06291221076891e-06,5.81080076326483e-05,"ENSMUSG00000059895.12"
587.064122171277,-2.49129909074367,0.365658715315843,-6.81318121623813,9.54637619439068e-12,3.47041428167643e-10,"ENSMUSG00000060019.5"
306.054292805696,-1.27987782767844,0.344935208680458,-3.71048763788013,0.00020686039849278,0.0014843260430836,"ENSMUSG00000060032.6"
14090.9269745595,-1.52250524466822,0.219807018798099,-6.92655427016505,4.31214505751914e-12,1.68759257189329e-10,"ENSMUSG00000060036.13"
34747.4058160525,-2.23039447494687,0.222155059174546,-10.0398095061813,1.01870695434143e-23,1.66458816766099e-21,"ENSMUSG00000060126.14"
3560.74104033443,-2.58737950273612,0.310495524844741,-8.33306536070015,7.87756433790509e-17,6.82291774621835e-15,"ENSMUSG00000060143.6"
513.550466816478,-1.80353358732383,0.321584347421221,-5.60827540826018,2.04352659937628e-08,3.95964506113864e-07,"ENSMUSG00000060152.14"
64.5295680060242,-5.33084498263516,0.753313826262588,-7.07652613928919,1.47812883668582e-12,6.2642625832808e-11,"ENSMUSG00000060180.12"
56.2565577164605,-3.19681772880246,0.535301518329466,-5.97199451026942,2.34370419601729e-09,5.4790134965891e-08,"ENSMUSG00000060198.7"
232.259262983207,-1.39509618941939,0.393985411167094,-3.5409843864186,0.000398637167554018,0.0025822667650361,"ENSMUSG00000060260.13"
50.3924960526556,-2.04427093994775,0.563550626706218,-3.6274841035949,0.000286196389344163,0.00196372847233982,"ENSMUSG00000060377.3"
437.388143615492,-1.82589996025465,0.324536091989841,-5.62618459185675,1.84239189321785e-08,3.59629452062843e-07,"ENSMUSG00000060419.8"
141.820388709398,-2.69659277623631,0.511552033745576,-5.27139488918047,1.35390817308788e-07,2.20776178430482e-06,"ENSMUSG00000060438.5"
344.276945435085,-1.62656128112812,0.305489107494134,-5.32444935425188,1.01259308868622e-07,1.69299582865787e-06,"ENSMUSG00000060538.14"
4796.12813982266,-2.09527387321001,0.271873706519219,-7.70679114223903,1.29020693189343e-14,7.80974540009068e-13,"ENSMUSG00000060636.13"
4545.83526561533,-2.05656350082156,0.282874713526972,-7.27022742747016,3.5888276782033e-13,1.70819575674241e-11,"ENSMUSG00000060803.5"
9355.73084410369,-2.04843632495751,0.266434213357441,-7.68833814225424,1.49058432123797e-14,8.94915208015975e-13,"ENSMUSG00000060938.14"
44.8921095942248,-1.51919002007756,0.571763756086971,-2.65702399619481,0.00788338314459784,0.0302051994558989,"ENSMUSG00000060962.12"
1750.4189637853,-1.16051787585139,0.258349873419102,-4.49203965340742,7.05442843639716e-06,7.81198982976095e-05,"ENSMUSG00000060992.8"
99.6221276723439,-1.39890806359499,0.41705110524416,-3.35428451334761,0.000795705017006619,0.00464356572884938,"ENSMUSG00000061013.5"
143.437306502296,-1.66543609978632,0.341047648568082,-4.88329448034255,1.04327882446156e-06,1.43541400761421e-05,"ENSMUSG00000061118.8"
494.128736992375,-1.38953797800626,0.282640008874354,-4.9162819642564,8.82033328202639e-07,1.23065389542358e-05,"ENSMUSG00000061286.7"
4919.52921568565,-1.53686170224159,0.205137216134375,-7.49187169058035,6.78982845654499e-14,3.61136849114893e-12,"ENSMUSG00000061315.13"
265.137440078786,-2.2751873753,0.319563993612219,-7.11966122835751,1.08192659659112e-12,4.68539250163094e-11,"ENSMUSG00000061330.7"
534.851526864186,-1.24644199987386,0.285292832461516,-4.368991639641,1.2482154445531e-05,0.00012989439720418,"ENSMUSG00000061360.7"
10.9818538384145,-3.19335773238181,1.20731515015234,-2.64500758727237,0.00816890853378815,0.0310496883118806,"ENSMUSG00000061390.6"
85.2392711700553,-1.36171878741827,0.441344009658634,-3.08539089149872,0.00203284793861717,0.0100407104478287,"ENSMUSG00000061474.11"
10812.9805364925,-2.06269943122656,0.246105678803206,-8.3813565020414,5.23211630433745e-17,4.60716907909714e-15,"ENSMUSG00000061477.3"
1241.5849052608,-1.34943037701372,0.296549032110835,-4.55044606758108,5.35323074910567e-06,6.11301926320784e-05,"ENSMUSG00000061518.10"
20.5345554435857,-4.14728620869651,0.89366037796294,-4.64078559480288,3.47087109185155e-06,4.18352143010244e-05,"ENSMUSG00000061684.5"
373.765473727927,-1.06215560159687,0.275055648529746,-3.86160257851242,0.000112645698457971,0.000884316156789915,"ENSMUSG00000061718.12"
7381.71121008824,-1.98320656890405,0.291527862638809,-6.80280282972871,1.02603034026602e-11,3.70446034014042e-10,"ENSMUSG00000061787.15"
935.919679831026,-1.80198799095368,0.292621942247786,-6.15807542357091,7.36342877606956e-10,1.91015296400495e-08,"ENSMUSG00000061808.3"
82.7559594130838,-2.6721287688614,0.595958350388272,-4.48375086467114,7.33422867595892e-06,8.08231656946862e-05,"ENSMUSG00000061848.5"
82.2951862752354,-1.99097063968262,0.528960767493794,-3.763928748659,0.000167264560522448,0.00123943117544684,"ENSMUSG00000061947.10"
292.441577340022,-1.80101307386471,0.28035474531577,-6.42405061428934,1.32695049574205e-10,3.9166043496297e-09,"ENSMUSG00000061959.13"
11856.5242706128,-1.99661389200275,0.286632690030131,-6.96575778496468,3.26640712568937e-12,1.30738770056001e-10,"ENSMUSG00000061983.6"
5416.0893382238,-1.67013918260231,0.277756418190998,-6.01296342125872,1.82162152295968e-09,4.35485688369698e-08,"ENSMUSG00000062006.12"
176.257664125144,-2.7118476249669,0.375593251928911,-7.22017131841381,5.19221200898488e-13,2.37851330469394e-11,"ENSMUSG00000062012.13"
461.501951245315,-1.35399802324891,0.244086691422569,-5.54720134620055,2.90278399264787e-08,5.47727693850818e-07,"ENSMUSG00000062054.6"
297.053614621301,-1.76126891179218,0.29147364400666,-6.04263523652221,1.51617169468456e-09,3.69712636319234e-08,"ENSMUSG00000062073.6"
87.3856911336984,-1.83624238035408,0.448216061939841,-4.09677951389556,4.18937571340843e-05,0.000369102863021254,"ENSMUSG00000062093.4"
23.4485731355243,-2.01817468466442,0.740054155746218,-2.72706351149321,0.00639007382933013,0.0255699748030504,"ENSMUSG00000062284.4"
12013.6234112815,-2.15778687694328,0.272541631237364,-7.91727438904191,2.42773596218643e-15,1.66679636139096e-13,"ENSMUSG00000062328.7"
237.376385281789,-2.28761857092061,0.370366576886284,-6.17663340507908,6.54828809725385e-10,1.71554324531361e-08,"ENSMUSG00000062353.6"
294.649724187804,-2.48359946776825,0.298852457154702,-8.3104535643239,9.53369668610341e-17,8.1680590526886e-15,"ENSMUSG00000062382.7"
3230.52342599815,-1.08850692511352,0.196348381183141,-5.54375298922498,2.96056403929289e-08,5.5796599313665e-07,"ENSMUSG00000062397.7"
126.284367491341,-2.55583366077195,0.405652742390335,-6.300545746866,2.96599453510282e-10,8.21870863310835e-09,"ENSMUSG00000062456.3"
52.7450105991542,-2.62039611856067,0.591864897149145,-4.4273551805191,9.53955787059802e-06,0.000102163508276337,"ENSMUSG00000062458.5"
11769.3392996917,-3.85276488892884,0.320325533685499,-12.0276546318395,2.54281877766913e-33,8.39659950542828e-31,"ENSMUSG00000062478.16"
246.624379514941,-1.98877402492044,0.293621306367032,-6.77326195952018,1.25910666131134e-11,4.45465191557697e-10,"ENSMUSG00000062611.4"
361.54605795695,-1.97014224447283,0.346968400365055,-5.67816043881801,1.3615098482618e-08,2.7385699359073e-07,"ENSMUSG00000062619.5"
8922.32397917104,-1.68556201394898,0.200754674117709,-8.3961283659113,4.61441171491039e-17,4.10890031917582e-15,"ENSMUSG00000062647.16"
941.230911629468,-1.28290672546894,0.264673488771217,-4.84712968958475,1.25260547333915e-06,1.68681365781015e-05,"ENSMUSG00000062683.11"
16.4080537115457,-2.98681209494636,1.01747289789847,-2.93552005278514,0.00332989088034483,0.015058137076595,"ENSMUSG00000062742.3"
190.771774294361,-1.03336659991694,0.310642608317153,-3.32654494988633,0.000879298367390716,0.00502048959767394,"ENSMUSG00000062753.13"
76.9573486998491,-1.29780265921224,0.440757257479747,-2.94448392440112,0.00323493751273895,0.0147042614215407,"ENSMUSG00000062785.14"
393.239871428561,-1.56812342260078,0.276533217106677,-5.67065121148122,1.42255748771994e-08,2.85051026300392e-07,"ENSMUSG00000062906.12"
1675.83107944889,-1.54638183289595,0.252637183747962,-6.12095895764365,9.30138623150257e-10,2.36640404124102e-08,"ENSMUSG00000062963.10"
564.26320729156,-1.54994672561166,0.275238495358542,-5.63128614546673,1.78870671990686e-08,3.49580783113732e-07,"ENSMUSG00000062981.4"
657.3184617287,-1.05439953273774,0.234722519881058,-4.49211065590143,7.05207633453923e-06,7.81198982976095e-05,"ENSMUSG00000062995.12"
3818.93247379197,-2.21342589180793,0.304347196770371,-7.27270011124154,3.5237201941574e-13,1.68225798425888e-11,"ENSMUSG00000062997.6"
167.999062244216,-1.20058448975256,0.325038944762359,-3.69366351047664,0.000221046262790766,0.00156900280574726,"ENSMUSG00000063049.4"
128.2001593935,-1.31164929456098,0.395305286786895,-3.31806666493706,0.000906428478805783,0.00515126977019421,"ENSMUSG00000063179.13"
210.460513231278,-1.51657226802274,0.321802397213669,-4.71274384887746,2.44403342304059e-06,3.05986806913059e-05,"ENSMUSG00000063275.15"
4123.86263183546,-1.63475999456533,0.26134273105616,-6.25523422043846,3.96919761092225e-10,1.07580441541882e-08,"ENSMUSG00000063316.13"
90.4639467282692,-1.52923828820635,0.421499856737691,-3.62808732615544,0.000285528691507011,0.00195999556534696,"ENSMUSG00000063320.11"
54.917591620187,-2.12940973674671,0.554071225490837,-3.84320578073753,0.000121437562312861,0.000941675813433875,"ENSMUSG00000063328.6"
11363.4080058956,-2.51795352764673,0.322627775815711,-7.80451565672082,5.9730491158267e-15,3.8329080358645e-13,"ENSMUSG00000063457.14"
77.1721775820919,-1.22609675064258,0.438190764676471,-2.79808898197077,0.00514059486831435,0.0215039400007343,"ENSMUSG00000063458.12"
26.6021517588327,-2.92259703828404,0.90356630163353,-3.23451309881783,0.00121850331187121,0.00656165259556731,"ENSMUSG00000063681.14"
527.876647648906,-1.90037164377063,0.335932134428935,-5.6570105953131,1.54032258029156e-08,3.05558359169226e-07,"ENSMUSG00000063696.7"
77.8927478024175,-2.73849618437846,0.509934003942892,-5.37029529939946,7.86078156886802e-08,1.34260116235515e-06,"ENSMUSG00000063754.7"
38.0233595938692,-1.62885121135936,0.636939977849282,-2.5573072314591,0.0105486005393383,0.0382107272296305,"ENSMUSG00000063765.11"
451.93056165704,-1.60519845957282,0.361311686253464,-4.442697318256,8.8838098993711e-06,9.56578715387446e-05,"ENSMUSG00000063787.3"
343.962986534067,-1.15942830486234,0.34359542438968,-3.3743997229352,0.000739768626321782,0.00435400398336437,"ENSMUSG00000063802.5"
117.339535165101,-1.00185708195605,0.380830801970718,-2.63071441903243,0.00852056015946129,0.0321014686302499,"ENSMUSG00000063838.6"
2601.51203070556,-1.27948652746797,0.235287659344367,-5.43796700189579,5.3891952167437e-08,9.53334198497629e-07,"ENSMUSG00000063856.7"
24.39104534113,-2.6920039130809,0.74339425564398,-3.62123313792477,0.000293202144230986,0.00200312671812979,"ENSMUSG00000063875.5"
2665.52810534463,-2.03232374380399,0.27783089778884,-7.31496662170604,2.57445376475474e-13,1.25554129758039e-11,"ENSMUSG00000063882.12"
70392.8581529372,-2.12560232226594,0.208266209772095,-10.2061795074294,1.86046706636972e-24,3.20526119586522e-22,"ENSMUSG00000063903.5"
223.218361541073,-1.55467881132821,0.391970855373018,-3.96631226535633,7.29932192899922e-05,0.000599762843829122,"ENSMUSG00000064068.13"
20.4969721913876,-2.60205808689438,0.858844951417458,-3.02971809125719,0.00244782102377415,0.011696702811824,"ENSMUSG00000064280.13"
278.616419043286,-1.35300447589441,0.290634130293289,-4.65535301903134,3.23426065523797e-06,3.92219061863212e-05,"ENSMUSG00000064284.12"
34.8368479910031,-1.6923102675018,0.612397013481409,-2.7634201837158,0.00571990798695305,0.0233996228140989,"ENSMUSG00000064307.13"
3329.68705435985,-1.50692098128752,0.256297641288393,-5.8795741299542,4.11323361597134e-09,9.16944484010488e-08,"ENSMUSG00000064337.1"
4418.27281669144,-1.91243493294656,0.284544634634742,-6.7210367027355,1.80436133020004e-11,6.28552243597156e-10,"ENSMUSG00000064339.1"
456.106339654692,-1.80522277290783,0.312668803039403,-5.77359415253315,7.75982133722835e-09,1.62260116352334e-07,"ENSMUSG00000064354.1"
236.800013147179,-1.04368428685625,0.301031945589353,-3.46702169702604,0.000526259408942992,0.00328135784097027,"ENSMUSG00000064357.1"
323.320503856556,-1.55569725506889,0.325267616315564,-4.78282244230426,1.72850800409966e-06,2.24748579696305e-05,"ENSMUSG00000064358.1"
77.7315528900459,-1.61340817698914,0.441478602189578,-3.65455577911865,0.000257627650816379,0.00178704519275256,"ENSMUSG00000064360.1"
2332.78883479661,-1.28021817003999,0.279351156370444,-4.58282753031567,4.58730385183595e-06,5.33838223580028e-05,"ENSMUSG00000064368.1"
85.3474354203313,-1.50625736019813,0.552123824124659,-2.72811513356838,0.00636973714688163,0.0255124405507574,"ENSMUSG00000065126.1"
12.5113403923936,-4.11500588487104,1.1886683993117,-3.46186193496337,0.000536452274797174,0.00332919677194017,"ENSMUSG00000065750.1"
1010.45489397301,-1.58373486907398,0.259949604465638,-6.09246885499044,1.11182480448421e-09,2.77956201121052e-08,"ENSMUSG00000065990.12"
819.27668694048,-1.45935495731071,0.22476498457421,-6.49280385054318,8.42533577603504e-11,2.60314955263461e-09,"ENSMUSG00000066026.14"
35.435922635324,-1.66873739559405,0.648313262042937,-2.57396769940445,0.0100539658884804,0.0366924612784743,"ENSMUSG00000066116.3"
116.212672326096,-1.41063762223421,0.393502442123084,-3.58482558487647,0.000337303543390049,0.00225010991697487,"ENSMUSG00000066233.5"
408.031952542366,-1.82009583968547,0.255929487689931,-7.11170821351618,1.14615381747471e-12,4.92318103170033e-11,"ENSMUSG00000066235.6"
315.73284671644,-3.01672163590831,0.364770968034409,-8.27018019598463,1.33756696987712e-16,1.09846821101308e-14,"ENSMUSG00000066315.9"
64.824230938908,-2.0573385470762,0.532824808346851,-3.86119136130189,0.000112835483545256,0.000884929447893276,"ENSMUSG00000066362.5"
19.7088872816567,-2.86694720633978,0.82684059864323,-3.4673517616868,0.000525613563227188,0.00328031230418498,"ENSMUSG00000066407.3"
20.798614434065,-2.51774744445791,0.821580895519327,-3.06451556771707,0.00218022827157921,0.010622999724725,"ENSMUSG00000066487.3"
3290.53142188644,-2.5103694799918,0.205326586275536,-12.2262271317512,2.25155702946569e-34,7.75808237326763e-32,"ENSMUSG00000066512.3"
660.374587877869,-1.02940123692409,0.268680726293899,-3.83131775443419,0.000127458767920779,0.000982372027206179,"ENSMUSG00000066513.4"
745.209635545217,-1.5482964904779,0.323009973347874,-4.79333958153181,1.64027627854486e-06,2.14685210693113e-05,"ENSMUSG00000066515.3"
89.7042961971809,-3.05740598851624,0.563660542378158,-5.42419729367013,5.82155539366171e-08,1.02524058877265e-06,"ENSMUSG00000066516.5"
26.4761531958849,-3.04130908569534,0.814424786942413,-3.73430319712309,0.000188235617249831,0.00137047980404677,"ENSMUSG00000066592.3"
16.7672017105994,-2.53796538238823,1.00038430917077,-2.53699039371377,0.0111810022185269,0.0399771904271715,"ENSMUSG00000066629.1"
153.90463965147,-5.5513958846725,0.520172871616701,-10.6722133882506,1.37315801290998e-26,2.79032750059271e-24,"ENSMUSG00000066720.6"
16.2670590226587,-6.20246214152582,1.41131018513238,-4.39482560734446,1.10861717516057e-05,0.000116910061385862,"ENSMUSG00000066724.3"
32.8289220308685,-2.97747882505682,0.682676492856839,-4.36147846924797,1.29186510792457e-05,0.000133830470330748,"ENSMUSG00000066809.1"
350.238913490458,-1.53226541712111,0.279864003931351,-5.47503571590783,4.37423377261401e-08,7.95087216696469e-07,"ENSMUSG00000066839.11"
95.7582699121452,-1.9715874694503,0.404549109490226,-4.87354297216154,1.0961441081492e-06,1.50033541573098e-05,"ENSMUSG00000067038.5"
34.2465389543702,-2.04792988321853,0.69205192377445,-2.9592142046931,0.00308424634892722,0.0141425277361757,"ENSMUSG00000067058.7"
310.432413918052,-1.27987592098212,0.283864103396994,-4.50876283991489,6.52067498633424e-06,7.27323705372257e-05,"ENSMUSG00000067071.8"
32.0184145541803,-1.90491090175778,0.710280208690842,-2.6819146562859,0.00732021319262646,0.0284097402309328,"ENSMUSG00000067121.2"
26376.5598906945,-1.68194180111347,0.262418354976362,-6.40939084182955,1.46102209956147e-10,4.26467776759655e-09,"ENSMUSG00000067274.10"
4877.76411430122,-2.37011355550078,0.31344711048256,-7.56144649683299,3.98611377659427e-14,2.17861735720756e-12,"ENSMUSG00000067288.12"
143.173890945021,-2.28793726525328,0.418301213363765,-5.46959270534947,4.51070939832595e-08,8.18017665485885e-07,"ENSMUSG00000067344.7"
537.308668325124,-1.39758019983325,0.298492121391357,-4.6821342999565,2.83903372079167e-06,3.49097629748238e-05,"ENSMUSG00000067367.9"
180.062198244406,-2.21077274142937,0.365742639665751,-6.0446130739631,1.49768986895861e-09,3.66899295564048e-08,"ENSMUSG00000067370.3"
869.174056235169,-2.00408498397084,0.356623360269643,-5.61961219381578,1.91386563203978e-08,3.71749635635178e-07,"ENSMUSG00000067847.13"
318.363084301611,-2.47142380386,0.372146202378821,-6.6410023481692,3.11557074724306e-11,1.03525778498538e-09,"ENSMUSG00000067870.5"
119.562407786805,-1.03470220066758,0.36915995302573,-2.80285603079884,0.00506522747779541,0.0212808931023397,"ENSMUSG00000067925.4"
8.92793944529798,-4.1808321501721,1.49428361841902,-2.79788394829322,0.00514385908158797,0.021511917267327,"ENSMUSG00000068014.5"
32.0235665396862,-2.2177720258183,0.733824862918953,-3.02220889191001,0.00250937315094977,0.0118946500924986,"ENSMUSG00000068079.5"
79.4817987979088,-1.27134880870307,0.478520706242347,-2.65683133899581,0.00788788950030644,0.0302133998501346,"ENSMUSG00000068184.6"
62.5815408929984,-1.63281083271793,0.507864439527979,-3.21505249360539,0.00130420670107067,0.00694379449511931,"ENSMUSG00000068205.14"
187.769131635529,-2.39782100742597,0.370754958631357,-6.46740104644192,9.97027871335783e-11,3.04487317161313e-09,"ENSMUSG00000068240.5"
104.851690585416,-1.00975873709901,0.382132887943815,-2.64242824670845,0.00823139044818278,0.0312272710875292,"ENSMUSG00000068264.11"
1434.08027393012,-1.61465476120866,0.241392566679771,-6.6889166614258,2.24828714449914e-11,7.73001111503499e-10,"ENSMUSG00000068290.11"
2123.09300923289,-1.97173080854046,0.295566926234954,-6.67101300425297,2.54043707211543e-11,8.56721863681481e-10,"ENSMUSG00000068328.9"
4664.98488813863,-2.31638630866245,0.274152125756086,-8.4492735639896,2.93120911483124e-17,2.65483796971858e-15,"ENSMUSG00000068341.8"
218.991235348003,-1.03941377591597,0.304093568516789,-3.41807221042422,0.000630663723367342,0.00381091117627616,"ENSMUSG00000068391.8"
156.880220990728,-1.65482479691525,0.367090105704247,-4.50795260128448,6.54561936757927e-06,7.29079880366349e-05,"ENSMUSG00000068396.9"
37.7741889013891,-2.59987662701783,0.618811854216931,-4.20140081238072,2.65268465587688e-05,0.000249238802675313,"ENSMUSG00000068452.7"
30.8091245083936,-2.63237768760608,0.718994665761866,-3.66119223543437,0.000251044301358606,0.00174673054281559,"ENSMUSG00000068686.12"
45.1173357741349,-1.5944355752809,0.58377872383475,-2.73123276026112,0.00630978907926799,0.0253136321829665,"ENSMUSG00000068706.2"
307.267211556034,-1.26163437271953,0.310111460593235,-4.06832553142685,4.73521967126516e-05,0.000410575666244818,"ENSMUSG00000068740.13"
10.1505384444382,-7.96705967141739,1.83809934711643,-4.334401012609,1.46157535202153e-05,0.000148977294723737,"ENSMUSG00000068969.2"
40.4219128383875,-9.98932605216334,1.57984737321354,-6.32296905481711,2.56584700604396e-10,7.19799558332687e-09,"ENSMUSG00000069132.3"
122.758721181229,-2.93010278433412,0.512472175477909,-5.71758414318129,1.08049175550428e-08,2.20977991287004e-07,"ENSMUSG00000069188.5"
151.808807370597,-1.13625157849702,0.367926944243733,-3.08825324231844,0.00201336820051804,0.00995586947101833,"ENSMUSG00000069255.12"
145.537806169846,-1.01814640369648,0.34811158285531,-2.9247702571266,0.00344710611790054,0.0154865736872799,"ENSMUSG00000069633.12"
857.052262583542,-2.23413927767569,0.286981853555797,-7.78494964052256,6.9740981010378e-15,4.42157819605796e-13,"ENSMUSG00000069682.5"
1861.77125832141,-1.69348971992008,0.211866646245215,-7.99318698781889,1.31494457900486e-15,9.30440695411918e-14,"ENSMUSG00000069917.7"
8372.23453642924,-1.70095320535651,0.193251853095727,-8.80174331116994,1.34707013812747e-18,1.41397759531923e-16,"ENSMUSG00000069919.7"
143.707885483651,-1.89946991517101,0.379570564846618,-5.00426031702056,5.60769357661873e-07,8.22219640975087e-06,"ENSMUSG00000069972.6"
42.6475101841009,-2.50944579067149,0.609783254211777,-4.11530781361857,3.86663058080941e-05,0.000345273772990586,"ENSMUSG00000070271.7"
119.96510363539,-1.16219614144058,0.36297282456183,-3.20188196690357,0.00136532929744274,0.00720148730930699,"ENSMUSG00000070283.4"
1410.35075738396,-1.00895372400146,0.254902620149969,-3.95819283225828,7.55189792949278e-05,0.000617634582984833,"ENSMUSG00000070319.5"
436.665332254525,-2.62268718149437,0.338300736767689,-7.7525316869037,9.00783291430265e-15,5.6210295941613e-13,"ENSMUSG00000070343.3"
211.631801457533,-3.72749134547041,0.431837691772693,-8.63169523292204,6.04492746629687e-18,5.95106213296928e-16,"ENSMUSG00000070360.5"
709.951143714756,-1.99136855456468,0.321283627291778,-6.19816381977097,5.71256664112679e-10,1.51411674350936e-08,"ENSMUSG00000070394.10"
177.940512365114,-1.21977946462272,0.323808188871996,-3.76698152345032,0.00016523322433368,0.00122697189557181,"ENSMUSG00000070407.5"
1009.30937189446,-1.0269498677683,0.225055818096917,-4.56308962128702,5.04062845751311e-06,5.789417467506e-05,"ENSMUSG00000070473.4"
6.96850103488748,-4.009864405379,1.64365827287987,-2.43959737345725,0.0147036394248253,0.0497763103125762,"ENSMUSG00000070661.6"
10.5760576005357,-3.90371875262054,1.24045272154063,-3.14701131678132,0.00164948577508262,0.00845274799064324,"ENSMUSG00000070667.7"
87.0160658322751,-1.29969677064321,0.482330688585532,-2.69461761691892,0.00704694506434574,0.0276074519290077,"ENSMUSG00000070699.5"
341.927020239784,-1.93726584082628,0.279892739873066,-6.92145799031747,4.47018707764774e-12,1.74084681033702e-10,"ENSMUSG00000070802.5"
172.001330833737,-3.29852167262568,0.390071237548958,-8.45620326520917,2.76223939473545e-17,2.53072222003219e-15,"ENSMUSG00000070803.6"
11.9804644626985,-3.13750527384504,1.0811461792676,-2.90201763092803,0.00370767672526291,0.016451261763104,"ENSMUSG00000070891.2"
35.2472297352002,-2.65300109353375,0.63060421422443,-4.20707796378531,2.58693912589342e-05,0.00024421075131275,"ENSMUSG00000071052.3"
1083.55235911276,-1.15494106389028,0.236241798265941,-4.88880914540847,1.01447788664938e-06,1.40309550640424e-05,"ENSMUSG00000071074.9"
43.9147959458121,-2.02339101443094,0.718825316061504,-2.81485775364347,0.00487988284630775,0.0206256381637274,"ENSMUSG00000071078.5"
53.918391243375,-2.20270302093298,0.575480552118581,-3.82758898250152,0.000129404608836076,0.00099566167478243,"ENSMUSG00000071141.7"
55.9163200237978,-3.33524754749636,0.583418753336099,-5.7167300989637,1.08593391131591e-08,2.21804800185016e-07,"ENSMUSG00000071230.5"
22.8571260868171,-2.31548093886928,0.795259724934589,-2.91160342498135,0.00359578843766352,0.016063485551569,"ENSMUSG00000071303.3"
9764.04429935545,-2.00405952340515,0.239364788165132,-8.37240739862957,5.64528822724416e-17,4.94352587855358e-15,"ENSMUSG00000071415.6"
84.496690966788,-2.96539782903885,0.560231148304266,-5.2931684323777,1.20215103046757e-07,1.98273609083361e-06,"ENSMUSG00000071419.7"
1035.50698776527,-1.83020562118826,0.261524138569461,-6.99822827521581,2.59219504188745e-12,1.04811967892643e-10,"ENSMUSG00000071454.13"
12623.6317022472,-1.94651861050531,0.250001155204478,-7.78603846415523,6.91429084183753e-15,4.40126545554718e-13,"ENSMUSG00000071521.4"
117339.492452558,-1.91612405236888,0.216780157978656,-8.83901954051318,9.65622320092501e-19,1.05552508782525e-16,"ENSMUSG00000071553.10"
10222.9310585951,-1.83265402531799,0.230128815455753,-7.9636008280343,1.671037274834e-15,1.1667815333092e-13,"ENSMUSG00000071644.10"
746.168641993931,-1.12678736104135,0.242698966307973,-4.64273654800619,3.43824645883323e-06,4.15051076713684e-05,"ENSMUSG00000071649.5"
356.286860078074,-1.36485857062637,0.362944743626819,-3.76051339657842,0.000169564993154201,0.00125354717420433,"ENSMUSG00000071654.5"
1031.03353938279,-1.89038397253313,0.268310079426548,-7.04551978283261,1.84770456405137e-12,7.72720774148134e-11,"ENSMUSG00000071657.12"
338.428115758592,-1.5448613627256,0.286159920325634,-5.39859446762368,6.71649996609825e-08,1.16600793496886e-06,"ENSMUSG00000071711.11"
1017.6008424187,-1.72222958323353,0.225293312968776,-7.6443883777066,2.09940840244765e-14,1.21443880214581e-12,"ENSMUSG00000072115.10"
370.897669175272,-1.33303924026735,0.315763981837222,-4.22163171528073,2.42540160118481e-05,0.000230609570358604,"ENSMUSG00000072640.11"
591.078588144902,-2.50335536826845,0.33793415657173,-7.40781989504837,1.28392504077478e-13,6.54347649398077e-12,"ENSMUSG00000072692.7"
875.186267005221,-1.09309923664893,0.21753920773551,-5.0248378121242,5.03858166035659e-07,7.4220742859342e-06,"ENSMUSG00000072704.6"
72.2522638215269,-1.80846642098678,0.681616348983762,-2.65320282250134,0.00797319451833861,0.0304738686075879,"ENSMUSG00000072770.9"
139.116495045421,-2.33628086135252,0.404801842003148,-5.77141855331367,7.86069513326028e-09,1.63721442657261e-07,"ENSMUSG00000072940.5"
78.819422745208,-1.41441305865442,0.470345974198935,-3.00717585828892,0.00263687170834325,0.0123835308377009,"ENSMUSG00000072944.11"
7211.83552756188,-2.01938773625983,0.337481658015783,-5.98369626406597,2.18129912651009e-09,5.12961293103635e-08,"ENSMUSG00000073433.10"
78.5400458774751,-1.20678993298842,0.457017601647923,-2.64057648685073,0.00827651082077164,0.0313459250918113,"ENSMUSG00000073436.11"
104.672664845436,-1.0932774641461,0.394530916754635,-2.77108185370939,0.0055870380031543,0.0229534868714349,"ENSMUSG00000073471.2"
528.502538336054,-1.47956048628398,0.307877694239884,-4.80567613037654,1.54229392374724e-06,2.03881223447821e-05,"ENSMUSG00000073616.10"
319.637299484523,-1.0312612935559,0.332990076882731,-3.09697304859653,0.00195507648124103,0.0097361568499987,"ENSMUSG00000073684.13"
7447.26028410653,-2.18365886493993,0.294830912925033,-7.40647866017758,1.29697101265995e-13,6.5887790226475e-12,"ENSMUSG00000073702.11"
77.8790263101202,-1.22619709831924,0.463038427476363,-2.64815407438691,0.00809326303144383,0.0308064887243959,"ENSMUSG00000073888.12"
1111.90588437355,-1.24431418181574,0.279046665234937,-4.4591616272071,8.22808586937263e-06,8.96324130787328e-05,"ENSMUSG00000073889.10"
4070.15220723533,-2.44620602451423,0.237294809003627,-10.3087211843595,6.43518895718603e-25,1.1860202903651e-22,"ENSMUSG00000073987.4"
85.2132879939209,-1.43006630802153,0.418346245086089,-3.41837969103139,0.000629951606767069,0.00380951276888899,"ENSMUSG00000073988.13"
444.473339882866,-1.04758111759173,0.246905886106179,-4.24283573839642,2.20712988726654e-05,0.000212275538308099,"ENSMUSG00000074064.6"
356.273972513003,-1.32207720493009,0.259974287558779,-5.0854152437332,3.66822617677727e-07,5.53727475256378e-06,"ENSMUSG00000074093.4"
319.422982934204,-1.23778580422927,0.324188798942381,-3.8181016995879,0.000134482489558148,0.00102923585683083,"ENSMUSG00000074129.13"
157.66578374367,-1.44286873049495,0.332055592458373,-4.34526255020335,1.39109177610043e-05,0.000142618400072392,"ENSMUSG00000074170.5"
33.8778127358008,-1.86801223112525,0.672461206544738,-2.77787359768087,0.00547158988601858,0.0225661648723876,"ENSMUSG00000074194.4"
325.36632721962,-2.06650318453975,0.313936988479701,-6.58254127539154,4.62474355090703e-11,1.48384990449143e-09,"ENSMUSG00000074207.10"
68.9775293598753,-1.39282371288298,0.554207438735491,-2.51318119450169,0.0119647864714889,0.0422123005550621,"ENSMUSG00000074211.4"
4883.43390929712,-1.01479664248332,0.203039241751114,-4.99803207365828,5.79183531946793e-07,8.46088385378495e-06,"ENSMUSG00000074227.12"
2401.83647558502,-1.68798491084127,0.20741119581824,-8.13835002581297,4.00700994643425e-16,3.0681694517383e-14,"ENSMUSG00000074264.12"
1922.82219389197,-4.11170066613113,0.208974515747591,-19.6756080588191,3.48965913223415e-86,7.90158532084447e-83,"ENSMUSG00000074268.4"
997.537119794775,-1.48492137337279,0.300517977827687,-4.94120645994839,7.76406398001691e-07,1.09875369717204e-05,"ENSMUSG00000074457.10"
13.6344176826257,-2.7360784677819,0.987318711177938,-2.77122112323544,0.00558464875327478,0.0229534868714349,"ENSMUSG00000074461.2"
177.191890377203,-1.73245491061877,0.322201969824996,-5.37692215711702,7.57699121976121e-08,1.30255217823444e-06,"ENSMUSG00000074466.12"
43.6740663617385,-1.64285174245566,0.633671798884192,-2.59259090486351,0.00952560035590158,0.0351854499279982,"ENSMUSG00000074476.5"
153.584428760791,-1.62839046563026,0.446106571883052,-3.65022747536916,0.000262008168810551,0.00181584148476049,"ENSMUSG00000074489.9"
44.1195898737183,-7.62992724092243,1.16576548125132,-6.54499328006568,5.94980609983356e-11,1.86741438974974e-09,"ENSMUSG00000074505.4"
23.7580308064576,-3.27148220225594,0.813236820901763,-4.02279153891278,5.75123968688596e-05,0.000488628653997769,"ENSMUSG00000074516.5"
14.6183278415526,-2.71900305787555,0.949739329478161,-2.86289403153339,0.00419790934138296,0.0182187187023929,"ENSMUSG00000074547.4"
8.44230939007222,-5.24119603110962,1.75081089922456,-2.99358202158267,0.00275723386319635,0.0128573570849256,"ENSMUSG00000074639.6"
68.1902796676414,-1.26924039678342,0.475066445055858,-2.67171131531754,0.00754655403208028,0.0291379923009833,"ENSMUSG00000074738.2"
97.8551718635642,-1.55707183889293,0.4194741125094,-3.71196169789389,0.000205659114086641,0.00147765047972496,"ENSMUSG00000074754.4"
146.019598376037,-2.48570403834059,0.455294657677448,-5.459550197713,4.7734236489347e-08,8.57809125120351e-07,"ENSMUSG00000074800.3"
41.6290886019356,-1.87122399796256,0.618336492450114,-3.02622281041181,0.0024762975266782,0.0118007564034424,"ENSMUSG00000074807.2"
951.194633403412,-1.50178891778404,0.283164214978443,-5.30359712966686,1.1354274586559e-07,1.88143708183922e-06,"ENSMUSG00000074884.12"
279.790163599474,-1.50951531414706,0.294637391659383,-5.12329852516528,3.00236431987588e-07,4.61566192725826e-06,"ENSMUSG00000075227.6"
155.207343126995,-1.15368762671236,0.446159763543586,-2.58581728112212,0.00971484150475117,0.0357014231046385,"ENSMUSG00000075229.10"
35.7275416769821,-3.21669337171746,0.792787568352822,-4.05744678666038,4.96121164208312e-05,0.000429231465758829,"ENSMUSG00000075334.2"
46.5947264432011,-1.7617805679972,0.55499103643049,-3.17443067067959,0.00150130751123223,0.00779676410649768,"ENSMUSG00000075389.3"
200.799499946983,-2.97333551371356,0.35148203777095,-8.45942379465546,2.68701868210089e-17,2.49059918779527e-15,"ENSMUSG00000075420.6"
527.919174995182,-1.58863510952479,0.32830752868401,-4.83886286705848,1.30584104890552e-06,1.74810647171896e-05,"ENSMUSG00000075467.4"
303.585891239651,-1.00957498557601,0.269946028370511,-3.73991420311002,0.000184083077061132,0.00134209603101147,"ENSMUSG00000075486.9"
31.6853792639052,-2.23400773029529,0.689980005001118,-3.23778618815435,0.00120461051927555,0.00651212370034416,"ENSMUSG00000075581.4"
1959.87563465543,-1.27627428167064,0.217965565958625,-5.85539406675322,4.75880274892867e-09,1.04469561732021e-07,"ENSMUSG00000075701.9"
1026.10754128051,-1.35118390051137,0.398197543410657,-3.39325021680988,0.000690685169754632,0.0041170966305419,"ENSMUSG00000075702.9"
2431.28378950651,-2.62846493016542,0.235000807187791,-11.1849187312152,4.83348058759918e-29,1.19704167677261e-26,"ENSMUSG00000075705.12"
2268.75420240891,-1.15661469844146,0.251553858450548,-4.59788096897285,4.26809707799016e-06,5.01477677436205e-05,"ENSMUSG00000075706.10"
100.854441324345,-3.1375435348616,0.505473023271955,-6.20714338927943,5.39563644614494e-10,1.43491338374828e-08,"ENSMUSG00000076137.1"
9171.12008980216,-3.92164144159191,0.339395901167346,-11.5547696012341,6.98345205452071e-31,1.9418897379676e-28,"ENSMUSG00000076258.1"
249.149760483604,-4.55455157009194,0.481369652598379,-9.46165082386683,3.03119288824778e-21,3.87454897409091e-19,"ENSMUSG00000076281.1"
298.442981394942,-2.09673585416129,0.316251470162893,-6.62996397481192,3.35768806980991e-11,1.10643151572738e-09,"ENSMUSG00000076441.9"
4.23691598515702,-6.76047425731871,2.60486892188626,-2.59532224463074,0.00945022709386407,0.0349804062208654,"ENSMUSG00000076541.3"
89.1457570076892,-1.63089507114852,0.414355165546043,-3.93598344309116,8.2856685559728e-05,0.000670724446436,"ENSMUSG00000078126.3"
41.0778585085121,-2.25884233408528,0.64832919306316,-3.48409782908731,0.000493798959649149,0.00311572990065247,"ENSMUSG00000078180.3"
481.888838982721,-2.47909778549097,0.372321868698452,-6.65848018585989,2.7667357929258e-11,9.29083947412582e-10,"ENSMUSG00000078193.2"
173.509282502388,-1.14704444127566,0.330868737098532,-3.46676585806917,0.000526760524083375,0.00328319084023653,"ENSMUSG00000078317.6"
283.765706138769,-1.15301645648905,0.286514566762197,-4.02428563936169,5.71485207240261e-05,0.000486729743941867,"ENSMUSG00000078350.11"
67.2043073385156,-1.71246241335745,0.473718791047483,-3.61493452596819,0.000300423537366844,0.00204069556507343,"ENSMUSG00000078377.4"
216.222028227334,-3.69891882056627,0.407801302150502,-9.07039482478445,1.18586518550887e-19,1.42393660532693e-17,"ENSMUSG00000078439.9"
627.404222270031,-1.39394741654216,0.320138030244779,-4.35420751316654,1.33549156443986e-05,0.000137540879118725,"ENSMUSG00000078440.9"
2717.26262681338,-3.53450862505193,0.358904401553329,-9.84805037150469,6.98864323079997e-23,1.04499995479415e-20,"ENSMUSG00000078520.3"
173.794589608467,-1.50315240992632,0.377277944015039,-3.98420430818082,6.77066039576353e-05,0.000561564454593678,"ENSMUSG00000078570.10"
270.387331064854,-1.75160651964643,0.410933775911447,-4.26250316309821,2.02149636429251e-05,0.000197139607929184,"ENSMUSG00000078572.3"
2802.13182313502,-2.05834215297781,0.200291184874787,-10.2767485961232,8.97027967365208e-25,1.63424060721133e-22,"ENSMUSG00000078670.3"
479.002991971955,-1.80089988437957,0.320258753699479,-5.62326513663225,1.87381465112201e-08,3.65313188441377e-07,"ENSMUSG00000078681.10"
194.861795526325,-1.48950013069481,0.364737675978885,-4.08375725566952,4.43133212458674e-05,0.000387619283524834,"ENSMUSG00000078695.8"
6476.64924278982,-1.16399276595796,0.257445613842283,-4.52131519580304,6.1456599318604e-06,6.91322183702697e-05,"ENSMUSG00000078812.10"
140.313060558317,-1.06303401110558,0.40278524277011,-2.639207940675,0.00830999918134189,0.0314427039924252,"ENSMUSG00000078941.9"
57.4741658043336,-1.47947364093355,0.540273698806655,-2.73837805579168,0.00617430534756153,0.02488272779584,"ENSMUSG00000078954.9"
230.194793268871,-1.47300028175252,0.298200315696075,-4.93963354235276,7.82695252632076e-07,1.10567912247936e-05,"ENSMUSG00000078963.2"
1912.10401636864,-1.39636349657056,0.284818125914543,-4.9026496894707,9.45525134570622e-07,1.31116127584815e-05,"ENSMUSG00000078974.10"
59.2657839982306,-1.54784385857193,0.587802761440556,-2.63327081822235,0.00845668869666558,0.0319569633350723,"ENSMUSG00000079283.2"
86.8781384224507,-2.46301800789267,0.49302788135043,-4.99569720305945,5.86235826372255e-07,8.55602011786394e-06,"ENSMUSG00000079434.8"
4865.80726483825,-2.03275158248453,0.284874889435718,-7.13559410768362,9.63699980814788e-13,4.21951510936861e-11,"ENSMUSG00000079435.9"
870.046347498419,-1.92872233104881,0.218993059794205,-8.8072303883114,1.28275868820788e-18,1.35544834720632e-16,"ENSMUSG00000079442.12"
130.077422528422,-1.02654341651831,0.387279875917282,-2.65065003464721,0.00803370367547587,0.0306312733356489,"ENSMUSG00000079469.10"
197.650228328519,-1.16771134418144,0.400973239860084,-2.91219270540075,0.0035890114293767,0.016042253568985,"ENSMUSG00000079478.8"
172.462837667899,-1.1633118517448,0.344901961121588,-3.37287688351152,0.000743872059004476,0.00437490617262373,"ENSMUSG00000079480.3"
183.930374807838,-1.04705497127519,0.312694050197242,-3.34849662350379,0.000812512708586037,0.00472252527726025,"ENSMUSG00000079508.8"
3545.32705469884,-1.69541024313378,0.271810610238511,-6.23746895548366,4.44707324199489e-10,1.19467984551897e-08,"ENSMUSG00000079641.3"
710.903462558306,-2.15680038147365,0.229173374882366,-9.41121708654303,4.90424740028826e-21,6.21858570356552e-19,"ENSMUSG00000079657.10"
359.861979189072,-1.57571213691694,0.345006794299793,-4.5671916117331,4.94302128088981e-06,5.69381448416449e-05,"ENSMUSG00000079677.1"
129.744269938268,-3.24676496927063,0.541300883956613,-5.99807808466624,1.99666511656304e-09,4.73759612238385e-08,"ENSMUSG00000079942.5"
53.2432907028554,-2.66020654651241,0.599413812053651,-4.43801342748223,9.07929565632918e-06,9.74978564720986e-05,"ENSMUSG00000080002.2"
11.4431637157859,-3.54460678950228,1.22495588279606,-2.89366077528557,0.00380779294068057,0.0168209359280343,"ENSMUSG00000080021.5"
14.8083763260572,-4.99742124148993,1.24663563470897,-4.00872644929372,6.10470821614367e-05,0.000513858870025901,"ENSMUSG00000080763.2"
93.9197859071166,-1.5446376043116,0.402677308538952,-3.83591916295472,0.000125095552347052,0.000967674233626536,"ENSMUSG00000080776.1"
172.209936286652,-2.22397372129024,0.405842290076792,-5.47989644171738,4.25574853323682e-08,7.77115371564558e-07,"ENSMUSG00000080848.3"
39.4609753078944,-2.06716158382696,0.596219768448829,-3.46711345919483,0.000526079781446496,0.00328135784097027,"ENSMUSG00000080875.4"
21.0507659345814,-3.07922883464274,0.821624510100987,-3.74773244564511,0.000178440446749538,0.0013080113813254,"ENSMUSG00000080885.1"
421.489968994524,-2.75173341344205,0.358931368035759,-7.66646121931564,1.76806589444887e-14,1.03028839805201e-12,"ENSMUSG00000080921.4"
22.8020959405487,-2.29737385240168,0.869518264128528,-2.6421225949799,0.0082388228218815,0.0312355053182058,"ENSMUSG00000080932.3"
257.735145808297,-2.14897386168784,0.391660284172793,-5.48683118643644,4.09207848198112e-08,7.50688008557878e-07,"ENSMUSG00000081049.1"
738.801759782377,-2.66815004243176,0.359140047089962,-7.42927463548337,1.09194818329801e-13,5.67455039517165e-12,"ENSMUSG00000081051.4"
77.3084383897757,-2.86873055674627,0.474717923906327,-6.04302136548847,1.51254615226032e-09,3.69396864612112e-08,"ENSMUSG00000081058.5"
58.6080240924776,-1.73162505772341,0.579397287138014,-2.98866614698341,0.00280198111215022,0.0130429957790253,"ENSMUSG00000081087.1"
235.804458483017,-1.93007917997537,0.342011595690222,-5.64331503462693,1.66806717118218e-08,3.27619140808396e-07,"ENSMUSG00000081094.3"
35.0215324830542,-2.32181358253704,0.67111046765323,-3.45965931757265,0.000540859214331393,0.0033473715529686,"ENSMUSG00000081214.3"
28.020929967749,-3.10252331223468,0.810756735792458,-3.82670063074121,0.000129872302482862,0.00099877534903123,"ENSMUSG00000081281.1"
265.12822205288,-2.62471811054894,0.391164801463317,-6.71000586128936,1.94616596637891e-11,6.7350940102851e-10,"ENSMUSG00000081344.5"
38.6778713580435,-2.56093890808316,0.799720149942595,-3.20229383774685,0.00136337850619438,0.00719598712060639,"ENSMUSG00000081382.1"
108.829144606436,-1.91276044299012,0.408823985109841,-4.67868939361815,2.88714413818618e-06,3.53368606874525e-05,"ENSMUSG00000081400.1"
436.221347175294,-2.44172617269469,0.256960546602222,-9.50233880251865,2.05228229844046e-21,2.66628478936732e-19,"ENSMUSG00000081406.4"
35.3943848890231,-2.31526071713332,0.758819127777207,-3.05113647295024,0.00227976927119741,0.0110468795317881,"ENSMUSG00000081434.3"
66.2414226691835,-1.7207808192197,0.485409602454168,-3.54500778418814,0.000392601491621992,0.0025503006730363,"ENSMUSG00000081485.5"
180.053283058149,-9.67541827813913,1.1693044740909,-8.27450718997847,1.28987987921675e-16,1.06482271279091e-14,"ENSMUSG00000081506.1"
38.9779503954205,-2.3213046347625,0.617609987379061,-3.75852833049765,0.00017091568876192,0.00126235492398715,"ENSMUSG00000081512.1"
37.012764959983,-3.48706556767445,0.705472755830428,-4.94287772115274,7.69777686295175e-07,1.09132167511436e-05,"ENSMUSG00000081559.3"
43.6421483279349,-2.05410461075285,0.634574420485725,-3.23697984734489,0.00120801942383476,0.00652371647965281,"ENSMUSG00000081604.5"
8.68382184630913,-3.32897351726287,1.34789835576731,-2.46975115224308,0.0135207070717352,0.0464462954241446,"ENSMUSG00000081648.1"
29.1375824407637,-3.02949030372145,0.805135312274183,-3.76270951917928,0.000168082389837838,0.00124477160027012,"ENSMUSG00000081824.5"
75.5689511074494,-2.52454072756822,0.477748890502261,-5.28424194750961,1.26226337576279e-07,2.06896323741885e-06,"ENSMUSG00000081855.4"
244.504248339402,-2.04501047172752,0.352193917924201,-5.80649002623505,6.37960709992274e-09,1.36265698365394e-07,"ENSMUSG00000081895.3"
9.53663380211613,-2.92977020017903,1.19153879678369,-2.4588122586418,0.0139397493066351,0.0476174626099498,"ENSMUSG00000081926.1"
30.5446061989956,-1.79243164108472,0.657766125521471,-2.72502880817054,0.00642958767855955,0.0256787710025946,"ENSMUSG00000081992.1"
34.8082479187995,-2.79137285369949,0.637713650248085,-4.37715713410492,1.20237292894167e-05,0.000125622595436133,"ENSMUSG00000082064.3"
11.6703820125796,-2.72284282183031,1.04410794256946,-2.60781736333662,0.00911215580346404,0.0339749869406975,"ENSMUSG00000082128.1"
15.7106601367129,-2.97013239209875,0.934313818493897,-3.17894516093807,0.00147812053225034,0.00768782224408903,"ENSMUSG00000082165.1"
27.7088671540638,-1.78144503124021,0.726695401217494,-2.45143292259124,0.0142288703786548,0.0483860964388928,"ENSMUSG00000082193.1"
12.3237324913393,-3.62929742266764,1.19748744100464,-3.03076032231521,0.00243938801909889,0.0116669583894742,"ENSMUSG00000082220.3"
38.9223369629482,-2.44001700945888,0.712560010033864,-3.42429686636908,0.000616392465775675,0.00374179263981021,"ENSMUSG00000082260.3"
26.1936208455579,-2.14988339020651,0.699752857919187,-3.07234670909311,0.00212382885167945,0.0104044128016032,"ENSMUSG00000082419.3"
27.6782867182938,-2.06403208590433,0.717822148389647,-2.8754087492769,0.00403504759802792,0.0176137439902899,"ENSMUSG00000082465.1"
9.36692126169868,-3.20149871434031,1.26933769822905,-2.52218044008854,0.011662986532978,0.041410917685417,"ENSMUSG00000082476.1"
54.7263170839457,-1.37502818166704,0.531943617518594,-2.58491339379398,0.00974034604773175,0.0357658893052795,"ENSMUSG00000082575.1"
8.01418509122272,-4.15320759453286,1.57030366379818,-2.64484359954129,0.00817286829835751,0.0310572914238711,"ENSMUSG00000082633.1"
16.7832695136544,-3.50428606209451,0.977291869547124,-3.58571085188542,0.000336161265703125,0.00224437913285364,"ENSMUSG00000082755.1"
16.1693648713324,-2.46295868989977,0.963696554931334,-2.55574088886856,0.0105961989893864,0.0383294514768203,"ENSMUSG00000082762.1"
79.9910118045413,-2.73204926398099,0.517374720240894,-5.28060061131112,1.28761093840443e-07,2.10615411493397e-06,"ENSMUSG00000082895.1"
70.5214387049766,-2.4510448859629,0.493289710924726,-4.96877358615113,6.7377686446117e-07,9.68210634787811e-06,"ENSMUSG00000082901.1"
18.4153198658371,-2.57802106173142,1.0007299256551,-2.57614067056483,0.00999099903606696,0.0365131046164771,"ENSMUSG00000082926.3"
24.6442468140582,-2.11072128530191,0.754720936204161,-2.79669104704806,0.00516288769888958,0.0215573682896206,"ENSMUSG00000082935.3"
20.4495113407348,-2.55335055138145,1.00466544187945,-2.54149336181489,0.0110380042206338,0.039555136083438,"ENSMUSG00000083033.1"
119.868434147911,-2.23055065645419,0.394468957523899,-5.65456574949641,1.56240781436307e-08,3.09165591231643e-07,"ENSMUSG00000083061.1"
7940.84235886931,-5.17851091730318,0.271507299849429,-19.0731922131562,4.21755912914555e-81,6.07711929063245e-78,"ENSMUSG00000083079.4"
21.0288630668369,-2.62508726289375,0.960470375239365,-2.73312673724011,0.00627361869597687,0.0252226642393903,"ENSMUSG00000083192.1"
42.1401650937727,-2.95204612253609,0.699531512865225,-4.22003307677269,2.44266476858372e-05,0.000232111730108226,"ENSMUSG00000083326.4"
13.3605511470069,-3.14765777056232,1.14941481219894,-2.73848721728281,0.00617225598181389,0.02488272779584,"ENSMUSG00000083328.3"
22.6719587692129,-2.78709584913926,0.849839747806673,-3.27955459406599,0.00103971091398238,0.00579241405505122,"ENSMUSG00000083337.1"
24.5541685050284,-3.33441110212013,1.04430183060652,-3.19295725085871,0.00140823792741376,0.00738358291416082,"ENSMUSG00000083394.2"
75.5018138852587,-3.47003752618652,0.614872513949147,-5.64350730836784,1.66620450400816e-08,3.27619140808396e-07,"ENSMUSG00000083454.1"
54.3164665589844,-2.21645434616491,0.640347518349682,-3.46133042238877,0.000537512638092385,0.00333316718065896,"ENSMUSG00000083496.1"
54.5934217305794,-2.41184168587241,0.588316551420177,-4.09956456273465,4.1392818958246e-05,0.000365095259036282,"ENSMUSG00000083596.4"
77.5312131338836,-2.38526884939958,0.501055037247823,-4.76049270455658,1.93120915593468e-06,2.48253569517962e-05,"ENSMUSG00000083619.3"
259.425314942724,-2.16802422819522,0.405320806847666,-5.34890928757586,8.84858760665692e-08,1.49361143307255e-06,"ENSMUSG00000083621.1"
14.0693380779488,-3.96502468151645,1.06746203058606,-3.71444095237709,0.000203653414212332,0.00146609690132605,"ENSMUSG00000083657.1"
212.039142566575,-2.39700698248327,0.38598634094596,-6.21008239982995,5.29568255104145e-10,1.41307354266005e-08,"ENSMUSG00000083716.4"
66.4512470849117,-2.57910007652925,0.621803952362116,-4.14777047770722,3.35728722598751e-05,0.000306173777513821,"ENSMUSG00000083833.4"
170.454074921631,-1.49886003819182,0.345138694321,-4.34277599948787,1.40693565888031e-05,0.000143963396986784,"ENSMUSG00000083844.8"
159.11426849527,-1.81873713004255,0.360697934633322,-5.04227209366042,4.60036509401773e-07,6.80184577800196e-06,"ENSMUSG00000083863.1"
290.36737144485,-2.581116518033,0.43125884824871,-5.98507492313399,2.16290276112244e-09,5.09390917738346e-08,"ENSMUSG00000083992.1"
35.3720029140824,-2.65842897549225,0.624062932685434,-4.25987322152373,2.04542888618978e-05,0.000199140343035062,"ENSMUSG00000084093.1"
346.455734483196,-2.12452070533438,0.275965489249392,-7.69850139998643,1.3767122637033e-14,8.29691611395334e-13,"ENSMUSG00000084106.4"
391.310533691913,-2.88380692376569,0.365298066892945,-7.8943941540507,2.9172885313976e-15,1.97931614508708e-13,"ENSMUSG00000084111.4"
96268.7272494392,-2.79652183084983,0.256002585855652,-10.9238030604373,8.87021449991268e-28,2.00846999748023e-25,"ENSMUSG00000084174.3"
79.1210640869203,-2.05417573017273,0.471736981659613,-4.35449373281263,1.33374796132111e-05,0.000137450618900778,"ENSMUSG00000084235.2"
53.0992548256382,-2.3405446108236,0.658905884116219,-3.55216832516671,0.000382070361598295,0.00249621402775473,"ENSMUSG00000084265.1"
84.2982066608701,-3.02742740431529,0.483373008385526,-6.26312878831805,3.77328727672543e-10,1.03292924587389e-08,"ENSMUSG00000084284.1"
1710.03744756454,-2.38005764278661,0.222304537612636,-10.7062935752299,9.50931442568205e-27,1.95743680061117e-24,"ENSMUSG00000084319.3"
5.62686412857484,-4.54126931612842,1.82030351090794,-2.49478687972386,0.0126032801835913,0.0440198305222393,"ENSMUSG00000084323.4"
35.8762600361055,-3.07417514766279,0.721775482664906,-4.25918477628592,2.05173816452916e-05,0.000199631982245471,"ENSMUSG00000084345.3"
458.997800697132,-1.86110173310082,0.265545675493413,-7.00859364266687,2.40725484460847e-12,9.85917035840936e-11,"ENSMUSG00000084349.3"
7.59492619304082,-5.10045267465566,2.04666141173613,-2.49208425263126,0.0126995908764919,0.0442197968788219,"ENSMUSG00000084411.2"
353.113001386147,-1.9389199028305,0.320790106550595,-6.04420106243112,1.50152169856375e-09,3.67270353738202e-08,"ENSMUSG00000084416.3"
883.474274522772,-1.27168128075352,0.279789450789246,-4.54513662744,5.48996313783192e-06,6.24377181396623e-05,"ENSMUSG00000084786.9"
118.763971270194,-3.73323691975245,0.503913380014335,-7.40848937102294,1.2774614931894e-13,6.53153698937161e-12,"ENSMUSG00000085042.7"
10.0827999496963,-3.14791590820662,1.24157060211224,-2.5354304482171,0.0112309228168712,0.0401194786223593,"ENSMUSG00000085078.1"
82.9518010349191,-1.41462942486601,0.430617653461473,-3.2851171183872,0.00101939988150457,0.00571339749711718,"ENSMUSG00000085189.1"
90.6896976610911,-2.48953501694751,0.547400062967335,-4.54792606974192,5.41771593471978e-06,6.1777552205258e-05,"ENSMUSG00000085342.1"
42.6641262467023,-3.27085537570473,0.758909202475836,-4.3099429616007,1.63296658641311e-05,0.00016370980641776,"ENSMUSG00000085551.1"
68.3569445984763,-4.51676441226637,0.588973236330921,-7.66887887878249,1.73506178958241e-14,1.01478706143473e-12,"ENSMUSG00000085723.1"
125.26779235407,-2.26419609046847,0.465985574420781,-4.85894030793305,1.18015704954946e-06,1.60149736604101e-05,"ENSMUSG00000086054.2"
33.6251712757362,-1.52994042336305,0.62187205081551,-2.46021737326306,0.0138852887527769,0.0474518815721245,"ENSMUSG00000086141.7"
6.98509382414844,-3.97772478826171,1.51101915907018,-2.63247806249488,0.00847644969139377,0.031974956729417,"ENSMUSG00000086155.7"
15.1019657798948,-3.60912463383312,1.06745583496215,-3.38105288820788,0.000722086428709581,0.00426895557443001,"ENSMUSG00000086324.8"
80.6331685131511,-2.45013686785908,0.559653790454728,-4.3779509933602,1.19800278605822e-05,0.000125335605010051,"ENSMUSG00000086384.1"
482.51786199362,-2.32096163362757,0.289117827192024,-8.02773615231292,9.92877251750907e-16,7.15322929102358e-14,"ENSMUSG00000086390.7"
73.8343154856531,-1.12291025504907,0.45365646098043,-2.47524360751363,0.0133145323262569,0.0459171752330662,"ENSMUSG00000086549.1"
866.502471389862,-2.40421382162299,0.291887489847067,-8.23678268254207,1.7690339200311e-16,1.43057079757617e-14,"ENSMUSG00000086583.3"
14.7245161142903,-3.95321869577497,1.04955982237223,-3.76654918710574,0.000165519486274578,0.00122804165984382,"ENSMUSG00000086666.1"
598.188251364168,-1.99145571204858,0.31489738576081,-6.32414177474707,2.54643850735778e-10,7.15621459957817e-09,"ENSMUSG00000086784.2"
221.888338860017,-4.12096471865548,0.432453534515336,-9.52926589737316,1.58399344784162e-21,2.07490050812311e-19,"ENSMUSG00000086818.1"
211.665284150777,-2.02280441858961,0.438780646383873,-4.6100584318387,4.02555810101e-06,4.76513038842483e-05,"ENSMUSG00000086845.1"
225.168619265826,-1.37591031880235,0.455190224805631,-3.0227149965487,0.00250518058025926,0.0118847986223015,"ENSMUSG00000086859.3"
43.9692065998882,-1.66410001542369,0.564170344028873,-2.94964106680964,0.00318143297886619,0.0144984797915552,"ENSMUSG00000086914.1"
31.5679621943601,-1.6727010843665,0.65670449166392,-2.54711381694422,0.0108618000474287,0.0390119036373769,"ENSMUSG00000086922.2"
44.5413900492953,-2.54401917901479,0.621015228108568,-4.09654878635284,4.19355143773452e-05,0.000369265501600512,"ENSMUSG00000087014.1"
71.7782137757217,-1.65672461757892,0.573704101616772,-2.88776847317295,0.0038798534246174,0.0170916277877114,"ENSMUSG00000087047.8"
78.4166400362909,-1.30266049901296,0.46232007221546,-2.8176594037342,0.00483750954134881,0.0204738387798074,"ENSMUSG00000087138.1"
55.6623121270003,-1.58621651200248,0.630570353474356,-2.51552662325884,0.0118854700188347,0.0420032775470525,"ENSMUSG00000087165.7"
25.8503528169171,-2.03078534886544,0.706857246898093,-2.87297804157367,0.00406622377758697,0.0177254254331005,"ENSMUSG00000087331.8"
375.870723310089,-2.31765180320708,0.345268755244429,-6.7126021917805,1.91183817499277e-11,6.64531470913057e-10,"ENSMUSG00000087412.4"
10.7983182107898,-4.63846713406021,1.38397801349004,-3.35154683733969,0.0008036144393464,0.00467938606305674,"ENSMUSG00000087436.1"
88.0923868224482,-2.56542323749582,0.470757721391164,-5.44956167668283,5.04941104945262e-08,8.99249046447462e-07,"ENSMUSG00000087476.1"
107.964020656682,-1.22645787846682,0.438847812802532,-2.79472255002143,0.0051944273997194,0.0216548327947271,"ENSMUSG00000087590.2"
123.082091694376,-2.11650633139793,0.644835489873043,-3.28224231550071,0.0010298506463213,0.0057563992259314,"ENSMUSG00000087667.8"
142.363851055506,-1.59425465363998,0.469505315571685,-3.39560512046335,0.000684770731200122,0.0040910727815763,"ENSMUSG00000087687.3"
23.0114188767055,-1.88783189492278,0.768025875136948,-2.45803163153346,0.0139700868841791,0.0476784968509444,"ENSMUSG00000087701.4"
19.2564428049529,-2.98246152249822,0.870663085164204,-3.42550588547777,0.000613655638723262,0.0037266060819018,"ENSMUSG00000088185.1"
31.2851645907866,-4.03984331045718,0.756833326218785,-5.33782428773406,9.40685551094688e-08,1.57776359628051e-06,"ENSMUSG00000088246.1"
114.511742461483,-4.15939997155246,0.66731468085036,-6.23304130856545,4.57465475908437e-10,1.22687441508439e-08,"ENSMUSG00000088609.1"
57.5209659481781,-3.39231573622996,0.52964533976131,-6.40488168508901,1.50486032305592e-10,4.37652038907088e-09,"ENSMUSG00000089745.1"
86.4576441888162,-1.58089913621182,0.464033835129762,-3.40686177715844,0.000657143970424456,0.00395734495867311,"ENSMUSG00000089847.8"
18.5696235080775,-3.69297981153107,0.897583924773508,-4.11435600572163,3.88261831536227e-05,0.000345844659294556,"ENSMUSG00000089855.1"
64.6162986137897,-2.810352309351,0.597388814277485,-4.70439392600611,2.54621204976359e-06,3.1652910579414e-05,"ENSMUSG00000089988.2"
31.6541858022669,-1.94898752866404,0.644910309875376,-3.02210632830583,0.00251022356959707,0.0118946500924986,"ENSMUSG00000089993.1"
11.3421857285521,-5.63466805958361,1.46917971668015,-3.83524765255817,0.000125437837319701,0.000969375778409197,"ENSMUSG00000089997.1"
28.9219759733508,-2.63216277859299,0.70664078910019,-3.72489505162119,0.00019539649511697,0.00141481701580812,"ENSMUSG00000090030.1"
685.443464376583,-4.86699961385304,0.322415559696588,-15.095424111768,1.73568279387234e-51,1.19611183838594e-48,"ENSMUSG00000090062.1"
88.2236846115275,-2.33846375138709,0.427625082670399,-5.46849061515298,4.53884092994804e-08,8.2217861416773e-07,"ENSMUSG00000090083.10"
129.94355647025,-1.38891114495317,0.439941708313608,-3.15703448594854,0.00159382495592164,0.00821615669255558,"ENSMUSG00000090137.8"
263.488664152929,-1.63074503595771,0.300794740956238,-5.42145461311428,5.91160073910548e-08,1.03994308229547e-06,"ENSMUSG00000090266.10"
74.4279136902584,-2.50430539216308,0.532019094488922,-4.70717201338199,2.51176952374023e-06,3.13705673928146e-05,"ENSMUSG00000090386.9"
14.0760046417783,-3.2229366687424,1.08978459515861,-2.95740707205843,0.00310238246791315,0.0142035708019709,"ENSMUSG00000090516.1"
3472.01212636341,-1.50335785899833,0.276558747358558,-5.43594398426033,5.45070781603472e-08,9.63140678753069e-07,"ENSMUSG00000090733.6"
16.0682870911189,-4.31763191045672,1.0732367270923,-4.02300051933035,5.74613696968604e-05,0.000488606603913754,"ENSMUSG00000090778.1"
6205.57888721746,-1.80858352658009,0.277197499007104,-6.52453046314726,6.82148856516461e-11,2.13677062762567e-09,"ENSMUSG00000090862.3"
141.237523154093,-2.56156592449569,0.40178860955802,-6.3754070263801,1.82477663521323e-10,5.2491306112758e-09,"ENSMUSG00000091086.1"
139.925895818335,-2.52644244176113,0.483884891335393,-5.22116413841487,1.77801859154835e-07,2.82663938576142e-06,"ENSMUSG00000091449.2"
43.8259365545239,-2.5184775507964,0.68014187441915,-3.70287089432217,0.000213173379897594,0.00152263904243155,"ENSMUSG00000091460.2"
68.5142264646552,-2.26579663626992,0.547651197701502,-4.13729878758505,3.51418379537159e-05,0.000318648816685582,"ENSMUSG00000091478.2"
106.395436038887,-1.89108461452126,0.497714990948348,-3.79953316438788,0.00014496891220424,0.00109678150760726,"ENSMUSG00000091509.7"
728.373112465095,-1.2397839167585,0.321205545532893,-3.85978366189677,0.000113487451351601,0.000888530707436385,"ENSMUSG00000091537.2"
155.219778420555,-1.19231053434108,0.335319867023461,-3.55574080630795,0.000376915532648647,0.0024676213104011,"ENSMUSG00000091705.8"
13.1685105456187,-2.65888954061173,1.06365595516584,-2.49976463507616,0.0124275841736963,0.0435212569936116,"ENSMUSG00000091732.1"
25.0309331595865,-2.93528276423171,0.809782273724986,-3.62478021496995,0.000289207296389174,0.00197924682546132,"ENSMUSG00000091742.1"
180.038329281085,-2.46378873324682,0.450724893852499,-5.4662805779108,4.59576692020833e-08,8.30591855020548e-07,"ENSMUSG00000091845.1"
123.808979457154,-1.83355039644558,0.396805660420601,-4.62077681679762,3.82305869578465e-06,4.54921023484885e-05,"ENSMUSG00000091957.3"
33.9358019854013,-1.89294376575966,0.704983712032284,-2.68508865304533,0.00725105700293568,0.0282381458222434,"ENSMUSG00000092116.1"
8525.20976263331,-1.00948148084458,0.316030647562782,-3.19425185066596,0.00140193753969822,0.00735298147062105,"ENSMUSG00000092274.2"
85.8854930631714,-3.21313135443035,0.435595362890877,-7.37641313053942,1.62610901037866e-13,8.15890853761167e-12,"ENSMUSG00000092536.2"
68.7490490837222,-1.95042026204143,0.505442368213777,-3.85883808857215,0.000113927381369645,0.000890848048697029,"ENSMUSG00000092564.1"
36.8167401248277,-4.7268883513616,0.879975658711437,-5.37161261742542,7.80356084922666e-08,1.33715069686749e-06,"ENSMUSG00000092837.1"
17134.0911632083,-2.64825887635963,0.335677618171057,-7.88929238353364,3.03904757642466e-15,2.04105525789538e-13,"ENSMUSG00000093674.7"
31.6495885426313,-1.98166468942575,0.70250171746987,-2.82086810629149,0.00478938898202401,0.0203135711439873,"ENSMUSG00000093686.1"
7.65243194941708,-3.36184586202916,1.34883560420785,-2.49240593259955,0.0126880934522304,0.0441894707136568,"ENSMUSG00000093885.2"
6.76100565631255,-7.3496263631295,2.12048174399398,-3.46601727835972,0.000528229332311636,0.00328922316113202,"ENSMUSG00000094249.2"
139.814302060162,-2.6622891669062,0.492374563682578,-5.40704041856743,6.40746879001249e-08,1.12343341063825e-06,"ENSMUSG00000094344.1"
66.1747565192287,-2.49683731560374,0.580527598954093,-4.30097952294113,1.70044774972144e-05,0.000169403499893682,"ENSMUSG00000094955.1"
73.706299730551,-2.40762676289134,0.507354477442932,-4.7454528735526,2.08040347329494e-06,2.65922540739717e-05,"ENSMUSG00000094974.1"
25.482764610422,-2.04319586738767,0.712169972096679,-2.8689722221401,0.00411807963138854,0.0179219006473115,"ENSMUSG00000094989.1"
429.030478300458,-2.53531852454184,0.354982698257408,-7.14209040887792,9.19221024261093e-13,4.05839922967641e-11,"ENSMUSG00000095098.1"
324.184903234144,-1.87238993548999,0.339649482375736,-5.51271246578454,3.53345239050277e-08,6.58884945758458e-07,"ENSMUSG00000095105.1"
43.9805234363581,-2.49993186702776,0.573598005381221,-4.35833431004745,1.31056085701346e-05,0.000135501562841901,"ENSMUSG00000095524.1"
26.6838903210719,-3.01340937935403,0.804754192326565,-3.74450907878116,0.000180746841541894,0.00132020158453411,"ENSMUSG00000095526.2"
491.22330295642,-2.38069523593461,0.320251635407882,-7.43382694331126,1.05499978006836e-13,5.50057451121169e-12,"ENSMUSG00000095597.2"
2344.68900107357,-1.37287189427656,0.210962388741966,-6.50766187500733,7.63294826798981e-11,2.37220058916938e-09,"ENSMUSG00000096210.1"
177.728211368888,-1.12905982272238,0.425743983453523,-2.65196894519505,0.00800239017245442,0.0305339153185851,"ENSMUSG00000096215.8"
28.4267262056278,-2.90724577190663,0.794925063989325,-3.65725765057229,0.000254928099992432,0.00176986876254054,"ENSMUSG00000096474.2"
67.2082032993264,-2.44018468754081,0.513234429699885,-4.75452258525936,1.98915905034896e-06,2.54876078803808e-05,"ENSMUSG00000096681.1"
487.651115538396,-1.35302154665255,0.380846949309415,-3.55266478858757,0.000381350080063836,0.00249262406817977,"ENSMUSG00000096768.7"
6.56896505492436,-3.76960968304765,1.49516251223826,-2.52120398431106,0.0116954031938879,0.0414733191421326,"ENSMUSG00000096770.2"
1361.04129103872,-2.52547010795525,0.328562585248538,-7.68642024789551,1.5130893166943e-14,9.0499870451338e-13,"ENSMUSG00000096842.1"
221.041351583135,-2.40191747818686,0.353468243126502,-6.79528507834646,1.08098557288032e-11,3.8676346117727e-10,"ENSMUSG00000096942.1"
535.27472372782,-1.29339252979823,0.242647405913058,-5.33033734661752,9.80304980973033e-08,1.64247716156687e-06,"ENSMUSG00000096956.2"
24.9894952062654,-4.13994251105977,0.884370666862152,-4.6812300160845,2.85158765442631e-06,3.50085734040855e-05,"ENSMUSG00000096979.1"
43.9330436983929,-2.49104317499156,0.565238080812107,-4.40706891406281,1.04778858965308e-05,0.000111309980871322,"ENSMUSG00000097080.7"
8.66853162842414,-4.64346539540794,1.48202936495118,-3.13318042491074,0.00172923110158547,0.00879162371669516,"ENSMUSG00000097136.1"
13.9572499741996,-2.47742867850296,0.993263831046696,-2.49423023477283,0.0126230637150985,0.0440240072875479,"ENSMUSG00000097193.1"
9.74756582258305,-3.54832180880466,1.19042241633215,-2.98072495957992,0.00287566939075578,0.0133234024681319,"ENSMUSG00000097702.1"
54.4953321256913,-2.44231273979035,0.535136591235539,-4.56390532770608,5.02107280480377e-06,5.77113879304857e-05,"ENSMUSG00000097730.3"
84.8259418425494,-1.59802918561215,0.425529428909292,-3.75539052541721,0.000173071400132455,0.00127649217873402,"ENSMUSG00000097867.1"
94.7106520389244,-2.11689556741928,0.430084649503043,-4.92204399730454,8.5644952527059e-07,1.20130309518043e-05,"ENSMUSG00000097906.1"
66.332733496274,-1.9048255403945,0.514863951049539,-3.69966772098057,0.000215881931693195,0.00153716469781543,"ENSMUSG00000097908.7"
4872.16856500926,-3.09815935931311,1.13022749931226,-2.74118207281131,0.00612185737410821,0.0247592343402947,"ENSMUSG00000097971.3"
39.5482839148705,-1.47367169154979,0.592188941616977,-2.4885160596311,0.0128277443499657,0.0445583493199555,"ENSMUSG00000097994.1"
31.2209042309183,-2.85246228553746,0.843718304271241,-3.38082304377795,0.000722690683454924,0.00426934302376465,"ENSMUSG00000098053.1"
91.8416691154726,-2.06258637899043,0.430849717981784,-4.7872524755317,1.69080075147023e-06,2.209331567255e-05,"ENSMUSG00000098332.2"
102.848420897658,-4.2112033554891,0.574826332074462,-7.32604461645225,2.37044903482122e-13,1.15961781487396e-11,"ENSMUSG00000098973.1"
63.1244061643607,-3.76969139911173,0.594849524123376,-6.33721848339222,2.3395013373659e-10,6.60982106902844e-09,"ENSMUSG00000099152.1"
19.9341134615668,-3.18422488960829,0.833162551125511,-3.82185311294507,0.000132452580752847,0.00101566202464085,"ENSMUSG00000099338.1"
68.4945035464364,-2.30229274678093,0.525517124987605,-4.38100422861621,1.18133578351116e-05,0.000123837117517539,"ENSMUSG00000099471.1"
42.5525507081706,-2.49055121502127,0.614288288457493,-4.05436870899031,5.02698741983748e-05,0.000433738435516734,"ENSMUSG00000099492.1"
172.10328269526,-1.04496455555771,0.324674572321994,-3.21849828917729,0.00128863739518519,0.00687938791299605,"ENSMUSG00000099597.1"
49.2349721055073,-1.83195270489883,0.547694312775512,-3.34484522144328,0.000823285004887382,0.00477288490397403,"ENSMUSG00000099632.1"
237.133604379869,-2.50117987859865,0.35940061148216,-6.95930891236896,3.41945978485003e-12,1.36519993929151e-10,"ENSMUSG00000099764.1"
1590.85343949385,-10.4375581756747,1.33603602210661,-7.8123329034326,5.61390444909049e-15,3.63185247012589e-13,"ENSMUSG00000100001.1"
50.9094608554811,-1.74911976610308,0.533120081470009,-3.28091142483342,0.00103472233029582,0.0057768048380376,"ENSMUSG00000100078.1"
28.8875228501106,-1.91671091010336,0.667482334525122,-2.87155301490788,0.00408460262550708,0.0177981308498407,"ENSMUSG00000100199.1"
6.96390377525194,-4.95708994318524,1.8132369224886,-2.73383465872834,0.00626014709801461,0.025177196524621,"ENSMUSG00000100200.1"
20.8629934742253,-3.16933848865065,1.07065978187225,-2.96017328969664,0.00307466043123151,0.0141051715875599,"ENSMUSG00000100228.1"
8.91447678499484,-3.57091471387738,1.43005511521148,-2.4970469151109,0.0125232387091339,0.0437692025446026,"ENSMUSG00000100351.1"
12.6631575721742,-3.13696291479345,1.17761136777768,-2.66383545593087,0.00772553413175458,0.0297351480144896,"ENSMUSG00000100405.1"
20.9160315036101,-4.19393349691246,0.991717443824061,-4.22896009647734,2.34773978398007e-05,0.000224282173688328,"ENSMUSG00000100441.1"
26.2307330255201,-2.65137718179247,0.880512249687767,-3.0111758044623,0.00260238132268661,0.0122444354409259,"ENSMUSG00000100844.1"
51.4650704029395,-2.48944668214278,0.56406664996884,-4.41339101022955,1.01763959722449e-05,0.000108179662079196,"ENSMUSG00000100954.4"
44.1002211493737,-1.60646890612934,0.581624413214583,-2.76203830105847,0.00574417395397439,0.0234652466934263,"ENSMUSG00000100975.1"
1927.95465082686,-3.72460624721968,0.259047784008139,-14.3780664307966,7.10519982274926e-47,4.1710154515028e-44,"ENSMUSG00000101088.6"
139.245130292715,-1.70558773004886,0.375259995481075,-4.54508274419803,5.49136776572172e-06,6.24377181396623e-05,"ENSMUSG00000101111.1"
158.441432458875,-1.68672134117718,0.374948390083625,-4.49854269490528,6.84208569580901e-06,7.60498304898828e-05,"ENSMUSG00000101249.1"
68.0939132080334,-2.26521524227264,0.608323426831369,-3.72370213337284,0.000196322539885923,0.00142087317679995,"ENSMUSG00000101609.1"
74.6800239310872,-1.56300541852811,0.440776693653321,-3.54602555224356,0.000391088283089901,0.00254255508079365,"ENSMUSG00000101795.2"
53.8799064387216,-2.5271923526067,0.536898221301416,-4.70702314207879,2.51360382264193e-06,3.13705673928146e-05,"ENSMUSG00000101939.1"
197.983391349508,-1.63828331611421,0.34694314915165,-4.72205120671834,2.33477876670672e-06,2.94744742914541e-05,"ENSMUSG00000102070.1"
29.3137197983985,-2.57615585920589,0.703777992358095,-3.66046663461891,0.000251756337125725,0.00175091616649528,"ENSMUSG00000102112.1"
12.0985063114291,-3.00468947068627,1.06974715840177,-2.80878471804062,0.00497288882589788,0.0209628425240642,"ENSMUSG00000102162.1"
107.766932527161,-1.95614243543284,0.387475120834976,-5.04843364192653,4.4544713916043e-07,6.61080258023672e-06,"ENSMUSG00000102252.5"
21.88458667833,-3.84194017306313,0.958682172865573,-4.00752228611833,6.13590732132907e-05,0.000515369272830312,"ENSMUSG00000102275.1"
30.3668129770757,-4.21247922347524,0.862547893308131,-4.88376269440427,1.04080327100114e-06,1.43325211514927e-05,"ENSMUSG00000102460.1"
8.68199428872728,-6.26182660889932,1.84619882685532,-3.39174010827711,0.000694502818552538,0.0041351877062576,"ENSMUSG00000103013.1"
32.4619936302166,-1.78487694525108,0.640949725995361,-2.7847378239834,0.00535710191595623,0.022173244768457,"ENSMUSG00000103183.1"
25.4929325824656,-2.34653467148627,0.731703011120851,-3.20694958995968,0.00134150501132319,0.0071058770461324,"ENSMUSG00000103286.1"
74.5726282606311,-2.18365115632796,0.548836510953801,-3.97869149144812,6.92955878333062e-05,0.000572944740301462,"ENSMUSG00000103653.1"
177.086130504389,-1.60855500278559,0.401354451619812,-4.00781652301021,6.12826992265798e-05,0.000515021623934936,"ENSMUSG00000103755.1"
41.0422853595448,-3.36063917097102,0.614673364395982,-5.4673577311641,4.5679357495825e-08,8.26504356516926e-07,"ENSMUSG00000103761.1"
8.71157866605546,-4.12067999073798,1.64228026074574,-2.50912106126565,0.0121031996649387,0.0425859445944011,"ENSMUSG00000103932.1"
26.0346660297119,-2.33681658991567,0.720535073787567,-3.24316841043137,0.00118208316803447,0.00642965621597333,"ENSMUSG00000104028.1"
6.56896505492436,-3.76960968304765,1.49516251223826,-2.52120398431106,0.0116954031938879,0.0414733191421326,"ENSMUSG00000104166.1"
10.167656219905,-3.02002157596957,1.22696409684892,-2.46137730005757,0.0138404730162891,0.0473089276058187,"ENSMUSG00000104467.1"
21.4368392542414,-2.99435250807621,0.791018806507755,-3.78543782201069,0.000153438196593332,0.00115205846328959,"ENSMUSG00000104649.1"
32.3847649556215,-1.95880643466879,0.641143721270131,-3.05517525897052,0.00224929040999058,0.0109225652568476,"ENSMUSG00000104699.1"
8.69185574783667,-5.20125376369615,1.60671197445318,-3.23720358495885,0.00120707265348987,0.00652082534349502,"ENSMUSG00000104862.1"
155.592336734578,-1.14551189434598,0.40519192327845,-2.82708471846509,0.00469738987594087,0.0199714671495876,"ENSMUSG00000104960.1"
20.2932614606205,-2.77469671825165,0.888215896159851,-3.12389896448362,0.00178471728632369,0.00901965705779479,"ENSMUSG00000105031.1"
48.4160235204127,-2.33466292367026,0.580603063010172,-4.02109990871571,5.79270282925043e-05,0.000490985774564809,"ENSMUSG00000105095.1"
8.6452075090116,-4.26327670048085,1.63334584292375,-2.6101494174984,0.00905026834372609,0.0337761954689113,"ENSMUSG00000105144.1"
209.73212026048,-1.94538099845111,0.326353743864468,-5.96095811684334,2.50763240370168e-09,5.82785536637415e-08,"ENSMUSG00000105388.1"
55.4840354118562,-2.34257142916655,0.657271037604334,-3.56408740860531,0.000365124277955974,0.00240248270429094,"ENSMUSG00000105814.1"
24.4610716133376,-2.07675071607935,0.802423873360545,-2.5880968712732,0.00965078360421032,0.035516730357544,"ENSMUSG00000105854.1"
13.9961708244313,-3.01914547566253,0.975606849023165,-3.09463333379165,0.00197056340793106,0.00980026043793767,"ENSMUSG00000105866.1"
99.95018890344,-2.39337492500128,0.469625857980892,-5.0963440030567,3.46275651110561e-07,5.26219469808474e-06,"ENSMUSG00000105879.1"
6.56270479700871,-7.38098066296064,2.07047862640214,-3.56486687128305,0.000364040920352418,0.00239819143291182,"ENSMUSG00000105944.1"
200.099338705321,-1.74455830534098,0.342451324462601,-5.09432488859159,3.49986148444496e-07,5.30840234722034e-06,"ENSMUSG00000106037.1"
15459.4679842441,-2.69845925036161,0.240528533662664,-11.2188737413838,3.29439201289959e-29,8.28827196896167e-27,"ENSMUSG00000106106.2"
10.3840169991475,-3.07795746638239,1.13524707638084,-2.71126658717755,0.00670267131673045,0.0265460620615136,"ENSMUSG00000106258.1"
24.2766468542459,-5.79946401419748,1.32967203128687,-4.3615747926838,1.29129638776919e-05,0.000133830470330748,"ENSMUSG00000106636.1"
57.6258940434865,-1.87318650983208,0.547762694136182,-3.41970442654201,0.0006268921014769,0.00379489089621482,"ENSMUSG00000106838.1"
17.3978637014841,-3.18803314549295,0.896189762802325,-3.55731930648726,0.000374658643781806,0.0024548737097733,"ENSMUSG00000106915.1"
60.6250977919084,-1.90443126932889,0.52313112246945,-3.64044727512862,0.000272164838177245,0.00187720308316333,"ENSMUSG00000106926.1"
6.12998323852367,-7.22154816688382,2.08362986328387,-3.46584981053326,0.000528558447407145,0.00328922316113202,"ENSMUSG00000106992.1"
411.605755367172,-1.47759142271818,0.289201425955731,-5.1092120926968,3.23505042184327e-07,4.9446045502619e-06,"ENSMUSG00000107002.1"
496.524994236245,-2.14361970805154,0.275613396250035,-7.77763249978916,7.38943590090975e-15,4.64772059640554e-13,"ENSMUSG00000107176.1"
8.65867016931474,-5.28885737900485,1.61348420060874,-3.27791085714348,0.00104578415948905,0.00581602769400052,"ENSMUSG00000107261.1"
367.848179818057,-2.08402407043567,0.331399383878578,-6.28855746816729,3.20429450748354e-10,8.84809546055994e-09,"ENSMUSG00000107383.1"
48.2626090096392,-1.49435230881169,0.551893372430933,-2.70768301171927,0.00677547026501,0.0267408375748029,"ENSMUSG00000107728.1"
52.0558693991207,-2.29295309909118,0.55785044271575,-4.11033661267442,3.9508275286252e-05,0.000351012423367206,"ENSMUSG00000108207.2"
30.3575762971519,-2.90680187400515,0.742816671703639,-3.91321571625263,9.10751064694331e-05,0.000730167140890498,"ENSMUSG00000108366.1"
17.1190394793256,-5.30878572824813,1.17167008283336,-4.53095611642681,5.87173357912334e-06,6.62870208184508e-05,"ENSMUSG00000108822.1"
24.0029799045865,-3.41688993221915,0.932929803549052,-3.66253700891601,0.000249729659615848,0.00173911032728963,"ENSMUSG00000109171.1"
36.1505517649505,-2.87954960554126,0.754488001694432,-3.81656116343051,0.00013532454127044,0.00103518049186124,"ENSMUSG00000109206.1"
900.528135294874,-2.88014091285452,0.278715174743222,-10.3336351008085,4.96428708013329e-25,9.36713693096579e-23,"ENSMUSG00000109305.1"
613.658376215773,-2.01092256389077,0.29662479619519,-6.77934747763806,1.20719865559289e-11,4.28055899130814e-10,"ENSMUSG00000109486.1"
18.8582093963657,-3.25969775440485,0.949651151143364,-3.43252124791323,0.000597997022154744,0.00363708856529267,"ENSMUSG00000109509.1"
17.4116867886914,-2.75507572346048,0.957577873465939,-2.8771296829244,0.00401310632483268,0.0175469614478891,"ENSMUSG00000109658.1"
48.6616315234197,-3.03495331189865,0.555423896210102,-5.46421090739424,4.64970455424695e-08,8.3747519528198e-07,"ENSMUSG00000109780.1"
31.0275313184897,-1.78178224622812,0.663614948743708,-2.68496399847716,0.00725376192181749,0.0282417407174668,"ENSMUSG00000109844.1"
18.5520346603748,-4.48749910107115,1.01378468175374,-4.42648146281738,9.5782609408768e-06,0.000102439565393318,"ENSMUSG00000109863.1"
58.3089169392368,-2.41854237753369,0.575751520008161,-4.2006704168135,2.66125763544265e-05,0.000249739097227744,"ENSMUSG00000109933.1"
94.2258588149035,-6.54717199518373,0.684055693694817,-9.57110956831634,1.05764420447886e-21,1.40871097823445e-19,"ENSMUSG00000110018.1"
97.0359356528477,-1.68270376509484,0.457812482945469,-3.67553054531996,0.000237355638618496,0.00166316837847178,"ENSMUSG00000110057.1"
132.572022877109,-5.8475662135817,0.492312935346776,-11.8777423742945,1.544834354793e-32,4.99706622927939e-30,"ENSMUSG00000110086.1"
28.1417954325033,-2.49477507105274,0.791724587686379,-3.15106428403734,0.00162676681632328,0.00836607853300581,"ENSMUSG00000110126.1"
25.863803723903,-4.79447834086494,0.892697750719251,-5.37077452811101,7.83991830903287e-08,1.34048225672245e-06,"ENSMUSG00000110207.1"
156.056026192507,-2.14713281882812,0.374445929105699,-5.7341598664357,9.7996868006378e-09,2.0172082570144e-07,"ENSMUSG00000110275.1"
