"baseMean","log2FoldChange","lfcSE","stat","pvalue","padj","gene"
207.680347296609,1.73419983294885,0.393816358899834,4.40357489920814,1.06481497785959e-05,0.00011296731860157,"ENSMUSG00000000058.6"
342.092676207481,1.5669514702791,0.433158738646459,3.61749938411848,0.00029746303823783,0.00202699447810387,"ENSMUSG00000000078.6"
8.24109777604739,5.32329179997852,1.87227759355747,2.84321716944968,0.00446606279587444,0.0191627220667596,"ENSMUSG00000000120.6"
87.7609358482324,1.40202480706238,0.486203913577901,2.88361481244585,0.00393139305910052,0.017270670728033,"ENSMUSG00000000142.15"
1546.22796122211,1.52770058649752,0.242295116273315,6.30512331405905,2.87964533809668e-10,7.99883075170786e-09,"ENSMUSG00000000184.12"
6.17893100813164,4.90685797691385,1.9973643966479,2.45666638753993,0.014023284596972,0.0478203659341666,"ENSMUSG00000000223.13"
417.315675609471,1.36834940423792,0.271417590840814,5.04149123127563,4.61918025953423e-07,6.82329982419548e-06,"ENSMUSG00000000278.10"
317.509213068256,1.11265710034189,0.397728421632835,2.79752977112872,0.00514950212820075,0.0215219221565169,"ENSMUSG00000000290.13"
52.5093741517149,3.03051106887525,0.696237434035877,4.3526976872075,1.34472522378214e-05,0.000138312101213153,"ENSMUSG00000000320.10"
198.916988465008,1.27955262015841,0.34317908768894,3.72852736679051,0.000192601995602979,0.00139905665916921,"ENSMUSG00000000385.7"
16.4089679182833,3.92778396613688,1.37532347610687,2.85589829183697,0.00429152584643584,0.0185658570661746,"ENSMUSG00000000386.14"
30.8196528622697,2.08918340532129,0.850282513239088,2.4570461849941,0.0140084675940532,0.0477801186498263,"ENSMUSG00000000409.14"
105.794739295323,1.69965500898601,0.578988279069224,2.93556030481025,0.00332945888009269,0.015058137076595,"ENSMUSG00000000441.17"
222.777366909987,1.17775666586951,0.312221618547887,3.7721816680957,0.000161826359216099,0.00120931060517453,"ENSMUSG00000000555.6"
156.557982587999,1.76138421760616,0.443004019556473,3.97600053238709,7.00839682105706e-05,0.000577354935622424,"ENSMUSG00000000682.7"
96.7176873726817,1.42782558672515,0.428819212692268,3.32966794505496,0.000869496094469228,0.00498427236793391,"ENSMUSG00000000732.8"
349.045001722313,1.78483076639486,0.332915340253098,5.36121515168976,8.26639913188188e-08,1.40389529643133e-06,"ENSMUSG00000000753.15"
361.805065053363,1.25378802504184,0.316183337601849,3.96538297859534,7.32781961956378e-05,0.000601169466718871,"ENSMUSG00000000957.9"
18.3406559752715,2.61636880684286,1.01796219552398,2.57020233005424,0.0101639133401645,0.0370255174538284,"ENSMUSG00000000983.13"
122.943558073542,1.84728659757452,0.500301251724645,3.69234854241626,0.000222192667216263,0.00157572875855828,"ENSMUSG00000001098.15"
764.062586244575,1.44856405027953,0.243645819662463,5.94536796193063,2.75836518886073e-09,6.32707499905102e-08,"ENSMUSG00000001119.7"
727.68203535514,2.13063469995703,0.317699581129497,6.70644478781534,1.99423251372788e-11,6.88640203542199e-10,"ENSMUSG00000001123.15"
30.6848718846176,3.23715798350109,0.922702748513096,3.50834327600916,0.000450906820443051,0.00287902078560218,"ENSMUSG00000001228.14"
117.038229527113,1.06362751735307,0.416295032809434,2.5549848869803,0.0106192408573747,0.0383667580554795,"ENSMUSG00000001247.16"
354.527164602469,1.81637497299661,0.282546474130781,6.42858835377244,1.28794384855785e-10,3.82282958794793e-09,"ENSMUSG00000001270.8"
104.718609111195,1.95521382864944,0.467501480377346,4.18226232582467,2.88622675633838e-05,0.000268400378750879,"ENSMUSG00000001281.9"
89.7866585553551,1.23260595117844,0.476754510851777,2.58541014950492,0.00972632196017491,0.0357353275541892,"ENSMUSG00000001300.16"
430.082999208529,1.13158633272788,0.271975210130756,4.16062306628553,3.17380536125614e-05,0.000291622115802376,"ENSMUSG00000001435.14"
233.873132826668,1.98737090720369,0.408806461134043,4.86139798693655,1.16559643517798e-06,1.58717383999751e-05,"ENSMUSG00000001467.5"
1282.06713175603,1.40377713574019,0.229236778289407,6.12369946138377,9.1427275449665e-10,2.33353029931915e-08,"ENSMUSG00000001506.10"
12.3272815804933,3.4994162378659,1.42939026149643,2.44818810658635,0.014357667567703,0.0487926738739479,"ENSMUSG00000001520.12"
80.5899715606531,2.03424580858908,0.552022542246962,3.68507742511538,0.000228633126950638,0.00161274368587789,"ENSMUSG00000001741.12"
249.50937878852,1.02335596527697,0.30342769448494,3.37265181747531,0.000744480310304933,0.00437685939107314,"ENSMUSG00000001761.7"
169.80653834317,1.44787372165651,0.348131028876315,4.1589907292375,3.19656871540729e-05,0.000293373561894647,"ENSMUSG00000001768.15"
61.7895468193009,1.76363826835244,0.58342880563162,3.02288514267499,0.00250377252970654,0.0118816750286972,"ENSMUSG00000001995.8"
66.2048690522461,1.63001328474039,0.578571836781564,2.81730492415204,0.00484285237714367,0.020490979759137,"ENSMUSG00000001998.15"
41.0291957353565,2.52863647605342,0.734710409270458,3.44167776058089,0.000578118485405249,0.00353923041838967,"ENSMUSG00000002020.15"
99.6304681605315,2.02570705992789,0.444473131664943,4.55754671230595,5.17545823919271e-06,5.92281682968986e-05,"ENSMUSG00000002111.8"
51.0267734225811,2.14844436789421,0.666660262721048,3.2226975088107,0.00126989582417308,0.00679994892335925,"ENSMUSG00000002204.9"
31.9182000479956,1.99806923079488,0.744341769421457,2.68434382279512,0.00726723277372074,0.0282872395538983,"ENSMUSG00000002289.15"
185.722021869088,1.05978332606466,0.342496502300393,3.09428948601397,0.00197284885585614,0.00980239948756108,"ENSMUSG00000002325.14"
96.9742872090753,3.35417423576842,0.527390948144663,6.35993895528212,2.01833945460136e-10,5.74338965088538e-09,"ENSMUSG00000002489.15"
53.8203352153059,1.81404115389899,0.616206307632382,2.94388605152223,0.00324119309542077,0.0147200316797763,"ENSMUSG00000002588.12"
491.620191742515,1.41348454510326,0.273261660422414,5.17264128058896,2.30807860156688e-07,3.62927042012252e-06,"ENSMUSG00000002602.16"
79.9884699332011,1.80196292979727,0.47950085158218,3.75799735047695,0.000171278694516207,0.00126444681326589,"ENSMUSG00000002688.7"
60.709379900061,2.38506800404231,0.636559065904156,3.74681334662103,0.000179095247620015,0.00131069535135662,"ENSMUSG00000002808.6"
17.9383961722644,2.68791899664347,1.08973122914069,2.46658893933234,0.0136406848363956,0.0468178550577893,"ENSMUSG00000002835.8"
283.36168365474,2.16997036094102,0.314930266291675,6.89032015402194,5.56669628239333e-12,2.11081665253431e-10,"ENSMUSG00000002847.6"
212.030911609554,1.25943083826227,0.331378944608924,3.8005759229772,0.000144360177688443,0.00109321969248056,"ENSMUSG00000002885.14"
275.95659566746,1.06009322228173,0.318196642201814,3.33156633880936,0.000863587143556843,0.00495936819759999,"ENSMUSG00000002900.15"
562.315583898947,1.68618595499317,0.371686318194899,4.53658332968015,5.71729053326291e-06,6.48668968877718e-05,"ENSMUSG00000002944.15"
155.853631850311,2.2565165631994,0.385890179908188,5.8475615102107,4.98831404728018e-09,1.08904652409629e-07,"ENSMUSG00000002983.17"
78.443940473308,1.25618983221858,0.506323246966517,2.48100366661943,0.0131013025407751,0.0453495621907154,"ENSMUSG00000002997.15"
177.700725674767,1.11670492807186,0.343713191714945,3.248944046925,0.00115834260447887,0.00632004484715665,"ENSMUSG00000003032.8"
117.221110635888,1.15747266382535,0.401464421482703,2.88312637904632,0.00393749434071197,0.0172911069939545,"ENSMUSG00000003119.14"
443.582007259949,1.06667318243871,0.324492954158803,3.28719982596817,0.00101189002983867,0.00567934028786931,"ENSMUSG00000003226.6"
79.2554617164194,1.39265394770706,0.462110218425434,3.01368351570389,0.00258096892051558,0.0121684440516593,"ENSMUSG00000003228.8"
391.618144233162,1.17502623410371,0.283005799364352,4.15195107924604,3.29652739903249e-05,0.000300979028079867,"ENSMUSG00000003316.14"
96.395867946566,1.32931780030734,0.480108637785567,2.76878542831186,0.00562656772906842,0.0230755730927316,"ENSMUSG00000003352.13"
165.524795157517,1.82220364204243,0.437465941375284,4.16536116232015,3.10860056095583e-05,0.000286294705933468,"ENSMUSG00000003379.7"
138.921184470392,1.44242111900176,0.375220550578906,3.84419541194193,0.000120948602793193,0.000939262789942237,"ENSMUSG00000003382.18"
26.033353740243,2.98714620937439,0.959057051833741,3.11466998095983,0.00184150818123414,0.00926306082912126,"ENSMUSG00000003418.11"
282.161038337256,1.05733854336009,0.415038889749611,2.54756498601366,0.0108477646598187,0.0390045414350521,"ENSMUSG00000003518.13"
694.721614519368,1.15392739721844,0.237474754179203,4.85915819223322,1.17885914853878e-06,1.601106898401e-05,"ENSMUSG00000003534.17"
93.4976539386951,1.78685440287351,0.462806755772871,3.86090820971168,0.000112966339044921,0.000885517543947574,"ENSMUSG00000003541.6"
897.892835359867,2.3315600713926,0.234806974130026,9.92968833243208,3.09220531291827e-23,4.8050445303681e-21,"ENSMUSG00000003617.16"
7.78363084648183,5.24029458757977,1.89360756609245,2.76736039790619,0.00565122430938222,0.0231511773852955,"ENSMUSG00000003779.15"
22.5816322021753,3.82210659567714,1.24015834793806,3.08195046385159,0.00205649056956134,0.0101322273943262,"ENSMUSG00000003882.4"
116.659090104825,1.69554245942028,0.522532978452126,3.24485253436616,0.00117511460814473,0.00639833958745929,"ENSMUSG00000003948.17"
30.039826793662,2.45161588257679,0.796291571975471,3.07879169999844,0.00207841946557095,0.0102243788110799,"ENSMUSG00000004038.9"
296.545987257511,1.97611379935327,0.319491383735064,6.1851865181815,6.20290842121885e-10,1.63044939430048e-08,"ENSMUSG00000004105.8"
43.2106421570569,2.79474193753438,0.716451880019238,3.90080899426119,9.5871772320823e-05,0.000763218277893041,"ENSMUSG00000004151.16"
40.3763999824672,2.49895643889461,0.717175549428178,3.48444176727314,0.000493164763736704,0.00311296754489317,"ENSMUSG00000004446.12"
122.494176031142,1.21564879441679,0.42682242818002,2.84813710376079,0.00439759749357484,0.0189317082778873,"ENSMUSG00000004562.16"
255.097770766724,1.14495124952117,0.330178440356442,3.46767417123041,0.000524983409689844,0.00327856069487156,"ENSMUSG00000004591.16"
76.0189903794522,1.71803266292227,0.493513052351472,3.48123044514477,0.000499115873802529,0.0031417406066565,"ENSMUSG00000004609.11"
7.90167269521248,5.26195123166536,1.88809987789789,2.78690300934913,0.00532144034992638,0.0220703405723912,"ENSMUSG00000004633.17"
19.7217387180217,2.36714769506969,0.945353159859241,2.50398242221155,0.0122804135140855,0.0430915550582811,"ENSMUSG00000004698.10"
45.8333383843461,1.9149945232316,0.734084102305532,2.60868545881486,0.00908907450211186,0.0339048968503319,"ENSMUSG00000004707.14"
235.992379084262,1.91105653496231,0.362375943812635,5.27368487779756,1.33711422498653e-07,2.18262208713043e-06,"ENSMUSG00000004730.14"
36.7189366957227,2.47101027343768,0.852056381173907,2.90005488842567,0.00373097320250602,0.0165322687334974,"ENSMUSG00000004815.12"
66.2760960225541,1.44985007547144,0.517909328434974,2.79942838614747,0.0051193170694534,0.021443228211109,"ENSMUSG00000004837.2"
136.100758249015,1.5749650785584,0.445961947263241,3.53161315269961,0.000413033108480104,0.00266229148816985,"ENSMUSG00000004880.11"
81.2519998858038,1.16495691211653,0.4548054643857,2.56144000752062,0.0104239242659201,0.0378335698682926,"ENSMUSG00000004952.13"
26.0549689823657,3.42959395097989,0.983654073357036,3.48658542049777,0.000489229117712433,0.00309552156317048,"ENSMUSG00000005057.13"
275.674294510556,2.64613385247986,0.3288376422089,8.04693110771928,8.48959385730855e-16,6.23606245799428e-14,"ENSMUSG00000005087.17"
39.8172676004562,2.6602975960277,0.717661916333323,3.70689531586084,0.000209815619220697,0.00150206755404158,"ENSMUSG00000005089.15"
10.3032645439631,5.64602926955009,1.80482798548232,3.12829217796136,0.00175825302536851,0.00891500654257547,"ENSMUSG00000005124.9"
519.607040107432,1.54580047111134,0.313806443146515,4.92596791707559,8.3943771403891e-07,1.18057566703786e-05,"ENSMUSG00000005397.7"
48.5729594159,1.92524482830717,0.620085995531455,3.10480295020549,0.00190405826828013,0.00952029134140067,"ENSMUSG00000005410.5"
110.682286989894,1.05277578919867,0.409113103505626,2.57331231920366,0.0100730262873624,0.0367451016466499,"ENSMUSG00000005413.7"
23.3255223891794,2.81727640754205,0.989171943847424,2.84811596716354,0.00439788958228272,0.0189317082778873,"ENSMUSG00000005465.9"
46.0737317158211,2.18969429221152,0.658159212181598,3.32699786264989,0.00087787046819436,0.00501414303455157,"ENSMUSG00000005540.10"
103.031506518734,1.81100186983357,0.444993400493417,4.06972747871204,4.70681626079182e-05,0.000408559899964678,"ENSMUSG00000005583.16"
6.45009260801878,4.96932358696991,1.9731291199989,2.51849893481511,0.0117856240010308,0.041700246220532,"ENSMUSG00000005947.11"
460.676947963024,1.10190946951514,0.316870151116165,3.47747954685445,0.000506151665337559,0.00317345881946215,"ENSMUSG00000005973.6"
264.895040247238,1.71988476097076,0.325644703603533,5.2814762283519,1.28147111911668e-07,2.09827657417348e-06,"ENSMUSG00000006014.16"
101.438107610803,2.14745358294159,0.560368998560134,3.83221339592209,0.000126995506795822,0.000980264762873925,"ENSMUSG00000006134.3"
110.289715547933,2.0980252416884,0.429940463428955,4.87980411277359,1.06191260474377e-06,1.45725669135834e-05,"ENSMUSG00000006219.12"
544.332210452453,1.2999961597417,0.255020052588644,5.09762329097564,3.43944403989435e-07,5.23680960925316e-06,"ENSMUSG00000006369.14"
107.291421620221,5.07033647481239,0.72107196873245,7.03166493037495,2.04083432983469e-12,8.46785971934029e-11,"ENSMUSG00000006435.15"
56.8414141721039,2.12606573732152,0.609316823475195,3.48926150634682,0.000484357054828237,0.00306836903238512,"ENSMUSG00000006445.3"
620.626353590613,1.39067534647609,0.315936713697939,4.40175290234136,1.0737980777552e-05,0.000113844144029565,"ENSMUSG00000006498.16"
93.6294087409609,1.95783694744096,0.453838318347557,4.31395249869936,1.60361416391841e-05,0.000161268149780542,"ENSMUSG00000006611.14"
267.260111740993,1.36714109760115,0.30132121955622,4.53715506533078,5.70181825581597e-06,6.47376929474808e-05,"ENSMUSG00000006800.13"
165.534458774587,1.36152981331984,0.39100195155512,3.48215605549964,0.00049739373249504,0.00313342236090874,"ENSMUSG00000007097.14"
765.168787948967,1.15289870501664,0.252108950126831,4.57301775457253,4.80749384501226e-06,5.57416074933755e-05,"ENSMUSG00000007458.14"
270.930294506929,1.02444199181693,0.314011690047689,3.2624326554892,0.00110460414712993,0.00608030981850599,"ENSMUSG00000007613.15"
727.002621219574,1.0928571539947,0.237724933217644,4.59714990431468,4.28309470796873e-06,5.02867045342995e-05,"ENSMUSG00000007655.16"
33.4705449361446,3.1127795067633,0.845269968901857,3.68258618108402,0.000230879778701108,0.00162425410226922,"ENSMUSG00000008136.14"
70.5562530659429,1.98941232978492,0.577317958471854,3.44595608120496,0.000569042832967636,0.00349469406032716,"ENSMUSG00000008193.13"
202.173571318126,1.02095406453779,0.335171645112323,3.04606335119921,0.0023185897715442,0.0112007460771032,"ENSMUSG00000008398.14"
468.130184708402,1.77180000247964,0.265126580342543,6.68284560601385,2.34346439794662e-11,8.02244291737667e-10,"ENSMUSG00000008540.11"
86.204094116027,3.16584853835485,0.539462299403091,5.86852601536349,4.396864173291e-09,9.7468947058269e-08,"ENSMUSG00000008734.9"
168.26205335752,1.64045945541228,0.405177265332433,4.04874506980629,5.14929962162115e-05,0.000443666688631901,"ENSMUSG00000008845.9"
236.31549049991,1.17708371189097,0.319410127050712,3.68517968656668,0.000228541345475898,0.00161274368587789,"ENSMUSG00000009035.13"
86.2085321033541,3.9549133703499,0.630043949572079,6.27720236506682,3.44719296881374e-10,9.45294265669513e-09,"ENSMUSG00000009185.2"
320.610567338842,1.50787501833956,0.288796457153733,5.22123793761391,1.7773100688874e-07,2.82663938576142e-06,"ENSMUSG00000009394.13"
251.160877935618,1.63759797786987,0.344367134805177,4.75538404324306,1.98069523238434e-06,2.53996920981326e-05,"ENSMUSG00000009585.17"
195.607100768479,1.83506995786753,0.356817268440103,5.14288438418327,2.70552134184866e-07,4.20829374566254e-06,"ENSMUSG00000009633.3"
190.735358822556,1.30039515683492,0.343014746397019,3.79107653677894,0.000149995718643209,0.00112995824168006,"ENSMUSG00000009687.14"
58.8539191722328,2.06136283680117,0.553046113719904,3.72728925430108,0.000193550283246004,0.00140337236479834,"ENSMUSG00000010067.13"
121.779364978466,3.54197598977639,0.491505802817647,7.20637674971764,5.7460284130434e-13,2.58892509984246e-11,"ENSMUSG00000010175.13"
291.748866590627,1.70703369564873,0.30460570090139,5.60407664924614,2.09368048139389e-08,4.0469311744016e-07,"ENSMUSG00000012350.15"
166.530195976539,1.53634354210805,0.46139845050905,3.32975444632083,0.000869226037035394,0.00498427236793391,"ENSMUSG00000012428.9"
169.426432602105,1.79836357318211,0.370191083664012,4.85793324729106,1.1861738283423e-06,1.60828530190124e-05,"ENSMUSG00000012705.16"
186.604069639576,1.90175717639484,0.435796601391768,4.36386417498749,1.27784934184504e-05,0.000132551780551334,"ENSMUSG00000013089.15"
190.24456593733,2.22143015872337,0.372780113721444,5.95908976084305,2.53646757101833e-09,5.88623879950814e-08,"ENSMUSG00000013236.16"
13.5107718967596,6.03666491794967,1.72185669752274,3.50590436860089,0.000455058687515274,0.0028989872174908,"ENSMUSG00000013418.8"
118.496929931696,1.27345037177711,0.403871605947661,3.1531069602901,0.00161542604366293,0.00831315025716149,"ENSMUSG00000013419.6"
143.401415115732,1.30283162880961,0.392272280411746,3.32124316161749,0.000896174224393643,0.00509847862765228,"ENSMUSG00000013584.5"
396.026678404594,1.24911705672801,0.269975043690193,4.62678712689244,3.71381879794935e-06,4.4392177939289e-05,"ENSMUSG00000013698.12"
68.8201367582214,1.67532802550568,0.562749373505267,2.97704112057976,0.00291044971077897,0.0134609360711546,"ENSMUSG00000014030.15"
337.657140314601,2.28757469275006,0.324316448259785,7.05352659424064,1.74439149861117e-12,7.31444583412356e-11,"ENSMUSG00000014329.14"
60.861349885826,1.90180450154576,0.593316870127375,3.20537742528284,0.00134885483341682,0.00713358328650536,"ENSMUSG00000014361.5"
108.017909891199,2.81708277492817,0.587443692755212,4.79549412083322,1.6227432945629e-06,2.12813962736043e-05,"ENSMUSG00000014444.16"
43.6409696787725,1.82439837990056,0.705806184110592,2.584843291221,0.00974232658889772,0.0357658893052795,"ENSMUSG00000014453.3"
111.767777821231,1.06426428143431,0.404198768434571,2.63302207860781,0.00846288458052442,0.03196556857964,"ENSMUSG00000014496.7"
203.684277773887,1.36898096961362,0.343035576494846,3.99078423177541,6.58551733114235e-05,0.000548216647576714,"ENSMUSG00000014498.9"
11.6221023170691,5.82010504746101,1.7799754477623,3.26976703795425,0.00107636089099993,0.0059555921531872,"ENSMUSG00000014547.9"
256.3311283914,1.27373984528488,0.308183860885804,4.13305174912083,3.5797808548666e-05,0.000322668765353872,"ENSMUSG00000014599.10"
808.302083471737,1.15081886488989,0.228109238626564,5.04503400133604,4.53440725983748e-07,6.72313892127446e-06,"ENSMUSG00000015143.14"
8.60992378759641,5.38548316367056,1.85947682730256,2.89623569629688,0.00377668627335091,0.0167021421407957,"ENSMUSG00000015224.10"
296.785204621922,1.6487409145741,0.323381109492371,5.0984453518705,3.42454365230335e-07,5.21913623932771e-06,"ENSMUSG00000015243.4"
100.591299431721,1.26731916320707,0.456032119388883,2.77901294519643,0.00545243521645634,0.0225172220377366,"ENSMUSG00000015247.10"
182.071015219521,1.06305590048168,0.363641462672533,2.92336273391076,0.00346272864144253,0.0155435426131022,"ENSMUSG00000015305.5"
18.6058276241888,3.8355481053305,1.35802906808041,2.82434904780949,0.0047376759064204,0.0201211583914157,"ENSMUSG00000015314.10"
233.974688820971,2.60490506096242,0.361543196774209,7.20496218489001,5.80599603648776e-13,2.60694156312553e-11,"ENSMUSG00000015340.10"
102.506768959965,1.73438589893137,0.433863909887963,3.99753438671412,6.40056952320573e-05,0.00053478664703643,"ENSMUSG00000015354.8"
67.6726577167966,1.99323428286467,0.552122059274819,3.61013339239274,0.000306039577138882,0.00207207488152554,"ENSMUSG00000015355.13"
246.817533667173,1.03743773684649,0.341644101708429,3.03660368101971,0.00239259808457256,0.0114743357459834,"ENSMUSG00000015522.18"
111.115878333804,1.03588956908059,0.409835757940404,2.52757244581675,0.011485412546464,0.040917911634402,"ENSMUSG00000015597.16"
64.8007687030176,1.60997620710034,0.527603447860221,3.05148916981087,0.00227709263017198,0.0110372838496104,"ENSMUSG00000015702.13"
411.863887346096,1.50360480019144,0.323611646440343,4.64632474365729,3.37900940513108e-06,4.08522494823246e-05,"ENSMUSG00000015839.6"
140.951446137153,1.33324895405571,0.385147229956971,3.4616605037109,0.000536853898954562,0.00333038524400384,"ENSMUSG00000015852.13"
168.318434927577,1.21471001888933,0.445342304112786,2.72758731355936,0.00637993704678403,0.0255358591392745,"ENSMUSG00000015854.7"
101.02513572894,1.34177564727464,0.46950981483726,2.85782236041162,0.00426559115363267,0.0184725737117699,"ENSMUSG00000015950.13"
347.351321785017,1.57655646722025,0.331441982485731,4.75665893438265,1.96823289280806e-06,2.52603168834071e-05,"ENSMUSG00000015970.18"
123.075482488809,1.62850146706753,0.3925020341585,4.14902682111936,3.33891693114886e-05,0.000304673767177371,"ENSMUSG00000016024.9"
40.2391019017256,2.88733139618892,0.809978437819342,3.56470155423188,0.000364270439360582,0.00239870646608443,"ENSMUSG00000016262.14"
201.195382605153,1.37923700774668,0.34795350877998,3.96385428784052,7.37492780362937e-05,0.000604408509242634,"ENSMUSG00000016382.15"
126.023202198855,1.65877191364973,0.425541065371568,3.8980301753048,9.69783343627374e-05,0.000771252684219462,"ENSMUSG00000016458.13"
43.539893978855,2.01200764440947,0.629433018262033,3.1965397207235,0.00139086674978486,0.00730399055302934,"ENSMUSG00000016477.17"
298.31810775115,1.68796818237014,0.338897971968265,4.98075622160466,6.33362838186995e-07,9.19304119529659e-06,"ENSMUSG00000016487.15"
37.7113038691075,1.74732934030204,0.660805520562577,2.6442414385619,0.00818742324611025,0.0311051434445943,"ENSMUSG00000016496.7"
100.300969639485,1.16646733654409,0.43675303447685,2.67077099519482,0.00756772571530758,0.0291875509956705,"ENSMUSG00000016756.16"
188.976552900558,1.19906120995566,0.339149440453843,3.53549517390064,0.000407011679686873,0.00263096864724182,"ENSMUSG00000016918.15"
155.768856530842,1.2356614578181,0.357146117828737,3.45982049400476,0.000540535596448188,0.00334667547019679,"ENSMUSG00000017057.9"
101.619225928318,2.13987671331331,0.451037362052512,4.74434468926362,2.09182398468645e-06,2.66951772602901e-05,"ENSMUSG00000017144.8"
230.074654882395,1.28368804708744,0.310503093831319,4.13421982772516,3.56162446075028e-05,0.000321662380073458,"ENSMUSG00000017418.13"
48.0663271444199,1.69732786297057,0.601784292603497,2.82049213286612,0.00479500492202743,0.0203319497095064,"ENSMUSG00000017446.14"
2033.86534093873,1.21355290854396,0.204399864496528,5.93715123800666,2.90017116112669e-09,6.63314760517431e-08,"ENSMUSG00000017466.9"
2571.58783195021,1.10689623131763,0.204781510111501,5.40525475525078,6.47163438913438e-08,1.13156975349184e-06,"ENSMUSG00000017493.12"
83.3591739882741,1.26568730151881,0.508104423000027,2.49099839368795,0.0127384695719618,0.0443259588837749,"ENSMUSG00000017561.16"
191.002432521327,1.27061484565672,0.334769945156722,3.79548661413401,0.000147354145965437,0.00111164360473687,"ENSMUSG00000017631.18"
463.054888608982,1.44519570641345,0.316104253175658,4.5718957967021,4.83331295783311e-06,5.595910181275e-05,"ENSMUSG00000017754.13"
161.552945404928,1.30175801755246,0.364118774520843,3.57509172457667,0.000350105130400791,0.00232474500077609,"ENSMUSG00000017765.16"
1011.42925549549,1.21769077063758,0.229227741267727,5.31214400099755,1.08342935106624e-07,1.80003723421383e-06,"ENSMUSG00000017774.19"
233.772221063453,1.44799423288605,0.475268462677852,3.04668697082797,0.00231378529265902,0.0111809441733675,"ENSMUSG00000017831.7"
133.591733856149,1.58988217650914,0.496301327204941,3.20346146455622,0.00135786210798522,0.00717403813718858,"ENSMUSG00000017929.13"
171.895846824668,1.42206398276413,0.384716639726203,3.69639323055065,0.000218684166243101,0.00155362798518743,"ENSMUSG00000018001.18"
206.960218220632,1.22364668784851,0.326677705951008,3.7457306254992,0.000179869517406997,0.0013150054662827,"ENSMUSG00000018008.7"
147.275374054285,1.27346799115489,0.400380843065911,3.18064166457947,0.00146949271629939,0.00764657240753293,"ENSMUSG00000018076.12"
43.9873445630307,2.20122981613073,0.729759194759322,3.01637832306685,0.00255813864852258,0.0120781940956458,"ENSMUSG00000018168.8"
65.1256163848155,1.46333295003799,0.529293145651599,2.76469280220231,0.00569764252237144,0.0233292777007459,"ENSMUSG00000018169.12"
189.148467484511,1.22003782969186,0.341585191180511,3.57169415183203,0.000354679469914303,0.00234725244181282,"ENSMUSG00000018209.15"
338.251943873843,1.20835784182761,0.276890572742436,4.36402666172251,1.27690004581127e-05,0.000132540050596651,"ENSMUSG00000018217.12"
355.449814653608,1.29509459653307,0.276834438452216,4.67822791042168,2.89364816877266e-06,3.53891384838323e-05,"ENSMUSG00000018474.17"
342.694505585984,1.08927076088319,0.298735114566831,3.64627627543098,0.000266067914668994,0.00183915239751572,"ENSMUSG00000018481.9"
46.3803796043439,2.72502789329553,0.68912139358799,3.9543510311113,7.67426687559755e-05,0.000625705401122537,"ENSMUSG00000018566.14"
143.039243365822,4.56449696977281,0.59736671683221,7.64102994217353,2.15490937415144e-14,1.23751136160508e-12,"ENSMUSG00000018623.9"
95.2801997336043,2.97783028738615,0.610068789613797,4.88113855041046,1.05475102460436e-06,1.44868316637601e-05,"ENSMUSG00000018654.17"
138.390998086205,1.53271676136615,0.383135982021123,4.00045110167085,6.32218504618379e-05,0.000529074091774092,"ENSMUSG00000018774.13"
317.873307336909,1.29071254839805,0.327176870923794,3.94499936610335,7.98001897109051e-05,0.000648299849778496,"ENSMUSG00000018819.10"
146.726240924424,1.04608321485773,0.355782586971582,2.94023162786573,0.00327966974191539,0.0148649600827449,"ENSMUSG00000018830.8"
302.613940674167,1.04164217184472,0.363852130927592,2.86281729115945,0.00419892614636223,0.0182187187023929,"ENSMUSG00000018846.8"
132.804205474218,2.41488146275304,0.408788457492517,5.90741107898636,3.47525800107401e-09,7.82426694844078e-08,"ENSMUSG00000018920.11"
323.539800764251,2.0385395831714,0.297871967914311,6.84367715916735,7.71857645529113e-12,2.84510318177592e-10,"ENSMUSG00000018924.6"
103.720866470405,1.08811602595037,0.422464899293542,2.5756365268924,0.0100055763861844,0.0365560965948603,"ENSMUSG00000019256.17"
165.127309310989,1.22169255297599,0.488842659004297,2.4991529083497,0.0124490582683928,0.0435868287064339,"ENSMUSG00000019326.14"
175.666232072963,1.08319593233057,0.348587941971177,3.10738210336643,0.00188752256226718,0.00945168903221684,"ENSMUSG00000019558.14"
79.5420780934933,1.40602652646479,0.51981189604901,2.70487562357024,0.00683299682173659,0.0269054683269493,"ENSMUSG00000019699.16"
55.8359185107187,1.81601448170091,0.625318569004188,2.90414289886336,0.00368260036215309,0.0163590851289592,"ENSMUSG00000019726.10"
112.899503840789,1.78025143126774,0.418329430279253,4.2556208155839,2.08469756039614e-05,0.000202466031447787,"ENSMUSG00000019832.3"
245.355909349785,1.38971750596291,0.327997295019455,4.23697855764473,2.26547761727874e-05,0.0002174913399992,"ENSMUSG00000019846.11"
190.220824262488,1.29252024811523,0.32842974981945,3.9354542297882,8.3039489513087e-05,0.000671518320807362,"ENSMUSG00000019849.10"
64.8067851340252,1.41090604640711,0.572826998096664,2.46305787104157,0.0137757678913029,0.0471895226015021,"ENSMUSG00000019850.11"
29.0839566940752,3.15419795026275,0.927421025409649,3.40104209829566,0.000671294889173589,0.00402421482352549,"ENSMUSG00000019853.5"
87.8357670009951,2.04028094746871,0.49486815873657,4.1228778038128,3.74168213423659e-05,0.000335439263731051,"ENSMUSG00000019866.13"
224.929742698907,1.08729492385997,0.387457891055516,2.80622733195072,0.00501253151081942,0.0210906887301534,"ENSMUSG00000019899.15"
103.374193341467,1.91053224313913,0.4524447260071,4.22268651465981,2.41407480023313e-05,0.000229670381654833,"ENSMUSG00000019907.9"
46.453941410458,1.77278837357986,0.602545379284583,2.94216574307605,0.00325925432735201,0.0147808815703946,"ENSMUSG00000019917.9"
263.58608304599,1.51514829445071,0.300398861628996,5.0437884026404,4.56404000441567e-07,6.76075084766247e-06,"ENSMUSG00000019920.17"
4642.54273882864,1.34041497336088,0.215675281457439,6.2149680033008,5.13351094182072e-10,1.37211042880031e-08,"ENSMUSG00000019929.15"
297.417513074578,1.02897418617592,0.312427250497081,3.29348411362577,0.000989539334050038,0.00557165131250199,"ENSMUSG00000019943.9"
27.1006945316826,3.65694267679917,1.04816968542219,3.48888422138081,0.000485041186257943,0.00307147535045482,"ENSMUSG00000019947.9"
141.294011920932,1.7531587977636,0.419870011351193,4.17547991132237,2.9735849569043e-05,0.000275944505661202,"ENSMUSG00000019960.7"
133.915000788534,2.17877750262711,0.411773730238555,5.29120082858337,1.21515839926786e-07,2.00002706421554e-06,"ENSMUSG00000019966.17"
258.875630255775,2.1072740516529,0.341724536289218,6.16658690808616,6.97797362144112e-10,1.8216195054365e-08,"ENSMUSG00000019978.15"
61.4566398823391,1.92852049551788,0.536762792589943,3.59287290799823,0.00032705212547348,0.00219351182397806,"ENSMUSG00000019979.12"
179.052024130793,2.38489937184771,0.366403869009721,6.50893610455963,7.56849043091392e-11,2.35678925992113e-09,"ENSMUSG00000019997.11"
341.993274350338,1.18349751584452,0.331112347361496,3.57430801139053,0.000351155363874251,0.0023287918482874,"ENSMUSG00000020009.12"
6.21590123446138,4.91705039576099,2.00227337719928,2.45573379327393,0.0140597265119896,0.0479034104073593,"ENSMUSG00000020014.15"
359.232336942926,1.03547603681854,0.300671945580837,3.44387313827439,0.00057344470239661,0.00351337399806195,"ENSMUSG00000020015.9"
59.2231885966493,2.68600080511085,0.642201166831592,4.18249131866685,2.88332030846363e-05,0.000268353651727238,"ENSMUSG00000020021.4"
224.038542259302,3.12680906832515,0.456335758322104,6.85199222568505,7.28285154935815e-12,2.69703731442352e-10,"ENSMUSG00000020027.18"
321.601455005632,1.00669261283755,0.309835789515425,3.24911661887735,0.00115764008076947,0.00631838680447522,"ENSMUSG00000020032.14"
125.916619651887,1.28860864610277,0.455161696095382,2.83110080913473,0.00463880979873874,0.0197912268216329,"ENSMUSG00000020034.7"
324.446961318565,3.48761614899013,0.410162756935026,8.50300542899513,1.84744262931556e-17,1.74297414730069e-15,"ENSMUSG00000020044.13"
209.206060047274,1.02484323399998,0.391659671935241,2.61666775375698,0.00887927216699854,0.0332631680092004,"ENSMUSG00000020077.14"
130.564485662359,1.77754255980386,0.469791385761211,3.78368487307123,0.000154523449239478,0.00115856039283147,"ENSMUSG00000020080.8"
166.457894347854,1.37617507686808,0.414182210167508,3.32263202784955,0.000891724608416543,0.00507863278598714,"ENSMUSG00000020091.14"
340.796231028374,1.31995699359533,0.302732039018812,4.36014964875689,1.2997352609723e-05,0.000134469999258557,"ENSMUSG00000020097.14"
212.654468136425,3.23544238970312,0.417774510834451,7.7444705356503,9.5980949323858e-15,5.96587469326725e-13,"ENSMUSG00000020099.7"
228.261946432581,1.34027183793101,0.315428330070833,4.2490534620972,2.14675684757254e-05,0.000207349762547378,"ENSMUSG00000020101.14"
478.790513761521,1.04609607682689,0.266109474685066,3.9310741493324,8.45671828799282e-05,0.000682827228042212,"ENSMUSG00000020108.3"
140.206671159638,2.22779494786478,0.472069675946197,4.71920790802646,2.36764742457346e-06,2.9783501332928e-05,"ENSMUSG00000020120.15"
272.603669193697,1.31466583313785,0.329665244944136,3.98788120161295,6.66660303458254e-05,0.000553513138282521,"ENSMUSG00000020122.16"
150.988460168158,1.91287111658953,0.572051898712379,3.34387687707212,0.000826163942699037,0.00478432535322606,"ENSMUSG00000020143.15"
132.0831041248,1.24606510739235,0.381304941507998,3.26789656190757,0.00108349956924163,0.00598170260274464,"ENSMUSG00000020170.3"
25.2836646945379,2.34591922134579,0.852582184592844,2.75154614269368,0.00593146628757081,0.024112269981533,"ENSMUSG00000020175.13"
84.7135213233561,1.32620703800854,0.451853830460562,2.93503551061363,0.00333509518115608,0.0150773698292424,"ENSMUSG00000020231.15"
224.793877336928,1.07410408167531,0.331642597881407,3.23873980163249,0.00120059047134769,0.0064990980091738,"ENSMUSG00000020262.15"
54.0402630700497,2.5386871544204,0.661896718957474,3.83547324183594,0.000125322750699227,0.000968958828576951,"ENSMUSG00000020264.5"
84.2315581366113,1.80443867971023,0.474051758085018,3.80641701868052,0.000140994569224277,0.00106977688951881,"ENSMUSG00000020272.8"
52.1305900947741,3.10312731304487,0.6713879212671,4.62195880317355,3.80133515360821e-06,4.52675899208791e-05,"ENSMUSG00000020275.9"
176.375107944533,1.16442233649871,0.363483525726052,3.20350787335629,0.00135764327780131,0.00717403813718858,"ENSMUSG00000020300.14"
1186.32172517234,1.20450621555566,0.291338309288507,4.13439007900215,3.55898541980005e-05,0.000321607291355934,"ENSMUSG00000020315.18"
113.899859269986,2.30327449408051,0.430134085499708,5.35478254741118,8.56593698663313e-08,1.45208664425813e-06,"ENSMUSG00000020388.12"
14.3008074303925,3.72191032677933,1.39634268103528,2.6654705734697,0.00768806597374595,0.0296125991941369,"ENSMUSG00000020395.13"
281.631724777764,1.89489465034297,0.324679706084191,5.83619676510243,5.34058226036949e-09,1.15797850652334e-07,"ENSMUSG00000020400.17"
17.7067451751369,2.79542536642902,1.06215007203073,2.63185536586598,0.00849200057383577,0.0320243181287882,"ENSMUSG00000020420.8"
533.839020101,1.16469816076124,0.289463432287158,4.02364523752978,5.73042176137784e-05,0.000487793689139843,"ENSMUSG00000020422.13"
94.8580474444491,1.51271197448795,0.438319278450389,3.4511645936175,0.000558173054421514,0.00344109020325982,"ENSMUSG00000020437.12"
608.556916441329,1.21249198540496,0.273714847768704,4.4297632930368,9.43365752684437e-06,0.000101166083762167,"ENSMUSG00000020458.16"
725.5347783019,1.02625112786466,0.250355674438068,4.09917262777491,4.14629698483178e-05,0.000365510607394793,"ENSMUSG00000020467.15"
128.236664419972,1.54138090204346,0.389776012498166,3.95452991620596,7.66852765857717e-05,0.000625559255730562,"ENSMUSG00000020522.13"
390.200623633293,1.9864722026012,0.437001236651263,4.54569011708873,5.47555467305775e-06,6.23473718160671e-05,"ENSMUSG00000020532.18"
40.331585767548,2.77474614869971,0.728153576794145,3.81066060392938,0.000138595937138887,0.00105612769406316,"ENSMUSG00000020573.16"
308.938662705121,1.1674316645789,0.335632728466475,3.478301028368,0.000504602900139621,0.00316625335202414,"ENSMUSG00000020580.9"
621.808623306006,1.66457122540532,0.249921732205007,6.66037007153864,2.73138941447546e-11,9.19161830561274e-10,"ENSMUSG00000020592.14"
75.2559967664217,1.60153478888091,0.480704460703562,3.33164120536118,0.000863354878477841,0.00495936819759999,"ENSMUSG00000020601.7"
36.4976117636165,2.33055461445002,0.730668881149246,3.18961799876349,0.00142460966777235,0.00745123623563495,"ENSMUSG00000020607.6"
151.1519896909,1.71462757994107,0.388266578140888,4.41610912829816,1.00493364615884e-05,0.000106900659675286,"ENSMUSG00000020640.9"
64.0286868300197,1.59057767798724,0.516395477952629,3.08015415683626,0.00206893479005632,0.0101808806030403,"ENSMUSG00000020642.12"
251.517187870293,1.42019505233818,0.316124252827384,4.49252165765863,7.0384757968894e-06,7.80684684259601e-05,"ENSMUSG00000020644.8"
59.6198288269776,1.56323927788476,0.562708220426971,2.77806369471307,0.00546838976574233,0.02256509456086,"ENSMUSG00000020653.11"
29.205564717342,2.30461133396339,0.82547058762096,2.79187577186169,0.00524034708997364,0.0218118438487611,"ENSMUSG00000020654.15"
136.887042134131,1.33056013146234,0.431418274887079,3.08415338179776,0.00204132323781986,0.0100731548317076,"ENSMUSG00000020674.16"
376.57747210922,1.01864051665604,0.2747864096637,3.70702655165046,0.000209706963986613,0.00150196808820055,"ENSMUSG00000020681.14"
29.2453818330358,2.16087120102542,0.81469168676037,2.6523790976905,0.00799267465640459,0.0305082651289328,"ENSMUSG00000020682.17"
165.184468855522,1.06292104165155,0.364198236774377,2.91852330496052,0.00351693585240116,0.0157556340476423,"ENSMUSG00000020695.14"
139.228808350714,1.76517119918239,0.478548705928267,3.6885925660553,0.000225497986768019,0.00159488759048331,"ENSMUSG00000020700.11"
240.36520280963,1.03032956869921,0.313978474718584,3.28152931382537,0.00103245792069445,0.00576822631054177,"ENSMUSG00000020790.14"
220.381368379314,1.15902461098933,0.342822643400734,3.38082863924048,0.000722675967559242,0.00426934302376465,"ENSMUSG00000020806.15"
363.910852037716,1.49281315062621,0.289636213568878,5.15409703859841,2.54855951918649e-07,3.97977028365576e-06,"ENSMUSG00000020810.5"
152.775631324306,2.68275838276909,0.509473925682398,5.26574226379839,1.39624056697104e-07,2.26746034697654e-06,"ENSMUSG00000020834.17"
428.628665333191,1.27132707750359,0.262632501621672,4.84070733688156,1.29377791104709e-06,1.73342179967003e-05,"ENSMUSG00000020859.16"
48.7220716599489,2.14886531035761,0.671714708691598,3.19907437272481,0.00137869597227974,0.00725027576663365,"ENSMUSG00000020866.17"
196.507316446414,1.04708202791455,0.329725875557339,3.17561376141516,0.00149519882517986,0.00777013159970519,"ENSMUSG00000020883.18"
135.864112232958,1.7187250076896,0.403547857152253,4.25903638745169,2.0531005040553e-05,0.000199641981529304,"ENSMUSG00000020900.15"
54.3468070050009,1.97059355563369,0.605140673444344,3.25642225371739,0.00112825824433124,0.00618357301958859,"ENSMUSG00000020937.14"
78.0044207380534,1.19623775432499,0.464920807164123,2.57299250945916,0.0100823389799884,0.0367706104079191,"ENSMUSG00000020941.7"
127.045922173377,1.24654744337815,0.412409739773122,3.02259457806189,0.00250617754560982,0.0118859707055403,"ENSMUSG00000020986.13"
17.8732045202764,3.45479714376521,1.19723021404575,2.88565816601852,0.00390596142773025,0.0171732284686614,"ENSMUSG00000020990.4"
213.667463814421,1.15731942324419,0.345590328780793,3.34881889585017,0.000811568254986159,0.0047187662661521,"ENSMUSG00000021025.7"
118.37059562781,1.39254132596819,0.44501272049202,3.12921690065074,0.00175272875944426,0.00889553340928324,"ENSMUSG00000021039.8"
32.6086788460627,1.78711254388348,0.708557927329094,2.52218269664979,0.0116629117114178,0.041410917685417,"ENSMUSG00000021061.15"
97.890982057536,1.95299763138368,0.451051892422276,4.32987348949038,1.49195028586067e-05,0.000151488866309363,"ENSMUSG00000021068.15"
142.742353314132,2.07573441574399,0.47428211898118,4.37658164343817,1.20555047516521e-05,0.000125793120680504,"ENSMUSG00000021069.16"
25.1954607230648,6.93545489897792,1.60142953484682,4.33078992741401,1.48575376839634e-05,0.000150956392494115,"ENSMUSG00000021070.5"
140.373005636527,1.59922751591079,0.539615825106354,2.96364087468265,0.00304022867030906,0.0139633800128655,"ENSMUSG00000021091.8"
341.561809484219,1.20957556678155,0.274888118879405,4.40024680481808,1.08127826539044e-05,0.000114436431240639,"ENSMUSG00000021127.6"
298.353875469591,1.06900584365835,0.318917638183175,3.35198093698522,0.000802355433679933,0.00467377200434654,"ENSMUSG00000021133.8"
10.3326654746773,5.6488484488096,1.79496369979374,3.14705442202464,0.00164924261971038,0.00845274799064324,"ENSMUSG00000021180.8"
244.15605944425,1.29573553759459,0.303991702006903,4.26240429932907,2.02239118292021e-05,0.000197139607929184,"ENSMUSG00000021186.8"
437.85056934088,1.45655925976352,0.267458006136346,5.44593628287569,5.1533582977045e-08,9.13654687009132e-07,"ENSMUSG00000021190.14"
369.82400518162,2.15339640306569,0.298140139494016,7.22276579973529,5.09407036833644e-13,2.34031928516326e-11,"ENSMUSG00000021196.13"
197.975988677073,1.46055828912747,0.351421590597055,4.15614273057618,3.23665665708708e-05,0.000296603407597272,"ENSMUSG00000021215.14"
46.3773077753841,2.4892857535779,0.679350673339396,3.66421327197872,0.000248099996006232,0.00173004176713541,"ENSMUSG00000021226.7"
289.302220852783,1.34452506695528,0.315519086847073,4.26131135327148,2.03230863216999e-05,0.000197984584019019,"ENSMUSG00000021253.6"
64.3100260749717,1.64292755443956,0.649483576820301,2.52959060563609,0.0114195685212197,0.0407016327999399,"ENSMUSG00000021262.14"
253.647913390433,1.2857519724859,0.398240706940888,3.22857997707588,0.00124406467017,0.00667582664563791,"ENSMUSG00000021279.4"
26.8630229429557,2.0985345342086,0.832324968370309,2.52129230043107,0.0116924679656869,0.0414733191421326,"ENSMUSG00000021298.7"
26.4915334886566,2.57559307031022,0.930232226210677,2.76876353854345,0.00562694574153991,0.0230755730927316,"ENSMUSG00000021322.7"
85.8403184950739,1.39134670269444,0.464273512596902,2.99682550251892,0.00272806821023502,0.0127438494347849,"ENSMUSG00000021338.17"
43.1443007396774,2.20229869936908,0.653718109819507,3.3688812751067,0.000754739310265044,0.00443059928433368,"ENSMUSG00000021356.9"
327.287477802262,2.70969517502729,0.361683553923563,7.49189490545637,6.78862730552916e-14,3.61136849114893e-12,"ENSMUSG00000021365.14"
139.129463900461,1.32114913550004,0.433934745532749,3.04458020267088,0.00233005294437459,0.0112492656619973,"ENSMUSG00000021366.7"
203.564548240911,1.23779386802908,0.32172400938149,3.84737797595127,0.000119388706621188,0.000928058361915561,"ENSMUSG00000021374.9"
352.428972111357,1.5748717822224,0.294349314297666,5.35034975698899,8.77844062293528e-08,1.48335057434461e-06,"ENSMUSG00000021390.5"
80.8035979428652,1.23841614942639,0.497284794060749,2.49035595742569,0.0127615212818771,0.0443964250038963,"ENSMUSG00000021408.14"
79.0399836023199,1.66413775911009,0.607017600391955,2.74149836518009,0.00611596651067565,0.0247417226121003,"ENSMUSG00000021423.5"
192.7469271985,1.86009960939999,0.429750908079835,4.32832036984187,1.50250804831339e-05,0.000152365659409899,"ENSMUSG00000021457.14"
97.4103067075889,1.35760536233122,0.423289465642066,3.20727415285883,0.00133999229827143,0.00710239008611176,"ENSMUSG00000021470.17"
112.547405438139,1.90104685285829,0.453496825759161,4.19197389017201,2.76537828848843e-05,0.000258744072447117,"ENSMUSG00000021482.9"
186.762237086291,1.1736959238984,0.382418075523913,3.06914342971482,0.00214673499130205,0.0104855931008128,"ENSMUSG00000021508.10"
42.0100055049901,1.75300807981642,0.715052896451408,2.45157818186049,0.014223128484632,0.0483769498887161,"ENSMUSG00000021510.10"
106.253638996579,1.39933071513274,0.44193334378424,3.16638410478462,0.00154346836887747,0.0079739157909739,"ENSMUSG00000021553.13"
116.144970111068,1.43005102851476,0.396234319825322,3.60910440353877,0.000307255941998611,0.00207853464817669,"ENSMUSG00000021556.11"
215.992528061965,1.56367857028565,0.379198014339955,4.12364651488866,3.72921059740051e-05,0.000334510401634398,"ENSMUSG00000021559.13"
40.0367585086565,2.66952533206859,0.716553322095838,3.72550827656556,0.000194922056505634,0.00141202678044529,"ENSMUSG00000021567.14"
166.917059302358,1.48492218041413,0.358492697262044,4.14212672044673,3.44100122089378e-05,0.000313087654139876,"ENSMUSG00000021583.6"
223.849675961953,1.49104062043451,0.318680998478735,4.67878733765798,2.88576554454196e-06,3.53368606874525e-05,"ENSMUSG00000021585.8"
34.2789775432799,3.99448780857224,0.970884306676606,4.11427786102095,3.88393371321331e-05,0.000345844659294556,"ENSMUSG00000021604.15"
37.7111872691114,1.93361285397496,0.741682600344475,2.6070624456835,0.00913227040572233,0.0340259722451102,"ENSMUSG00000021614.16"
46.4749424473816,3.1117668028855,0.791894126582019,3.92952378156476,8.51142589418176e-05,0.000686545040319495,"ENSMUSG00000021624.9"
120.654305522738,2.3498248975582,0.456131238783917,5.15164211033435,2.58215447158556e-07,4.02430170841997e-06,"ENSMUSG00000021665.7"
172.644808939546,1.74604907061654,0.390317764109866,4.47340405989072,7.69841074268752e-06,8.44427752744617e-05,"ENSMUSG00000021670.14"
50.1954018089026,2.61835633451293,0.664490309421413,3.94039807261116,8.1346509254475e-05,0.000659847580185992,"ENSMUSG00000021678.8"
92.9048407316206,1.50786836108413,0.441352320969752,3.41647316540897,0.000634379156782883,0.00383190153773197,"ENSMUSG00000021696.8"
8.77963632801387,5.41395491714652,1.84868101201269,2.92855007541417,0.00340546972967402,0.0153255806971417,"ENSMUSG00000021700.9"
28.3863752866003,7.10741065873587,1.58518540412493,4.48364629162061,7.3378255794734e-06,8.08231656946862e-05,"ENSMUSG00000021702.7"
77.8784468610708,1.52684075615632,0.477061569323254,3.20051090747522,0.00137184176927757,0.0072238179545015,"ENSMUSG00000021706.14"
69.6096281928998,2.26913130229719,0.535542234577019,4.2370725515036,2.26452979141967e-05,0.0002174913399992,"ENSMUSG00000021725.8"
189.304904070866,1.19934098911663,0.359050806233035,3.34030997367604,0.000836849284838133,0.00483560377859439,"ENSMUSG00000021745.13"
1157.38155391562,1.67805843192843,0.243652260322103,6.88710389844145,5.69396374988905e-12,2.15392184810839e-10,"ENSMUSG00000021756.12"
319.896759937333,2.19342585723309,0.359713833561217,6.09769670384336,1.07607665551676e-09,2.69870490347162e-08,"ENSMUSG00000021759.13"
104.04273863116,1.62052279978243,0.421585099981342,3.84388063016019,0.000121103929311659,0.000939986583300838,"ENSMUSG00000021760.3"
187.832149120226,1.10716184691524,0.442883603534633,2.49989351170158,0.0124230642662936,0.0435150427891167,"ENSMUSG00000021775.10"
132.849027334792,2.00367079777045,0.427013139646434,4.69229307423534,2.70159734431584e-06,3.34272583195988e-05,"ENSMUSG00000021782.14"
19.4894099287038,4.17501998708911,1.30010298365313,3.21129944287784,0.00132136168147344,0.00702333422245272,"ENSMUSG00000021795.9"
181.874257572601,7.40556945208497,1.0742679734615,6.89359604403243,5.43993610595937e-12,2.07766234408328e-10,"ENSMUSG00000021798.13"
124.971815870101,1.46355350404338,0.395726576051901,3.6983957929867,0.000216966390065586,0.00154280721513662,"ENSMUSG00000021806.3"
266.974646541935,1.58282190898057,0.372172525351242,4.25292519238695,2.10996077356294e-05,0.000204293697379185,"ENSMUSG00000021822.2"
77.2071786492989,2.67670897287681,0.654564148270006,4.08929969652519,4.32677519483458e-05,0.000379730824131384,"ENSMUSG00000021823.9"
767.135623883712,2.43322313474329,0.241709386864243,10.0667299946854,7.75124169730995e-24,1.29323348318277e-21,"ENSMUSG00000021831.8"
54.3439854692732,2.22229712604698,0.599349404498431,3.70784905994313,0.000209027179845294,0.00149845355067748,"ENSMUSG00000021838.16"
74.117940157267,1.21346404362489,0.473245802675162,2.5641305992899,0.010343461663672,0.0376058552116411,"ENSMUSG00000021850.13"
147.952812125649,1.37103385492977,0.369129457365752,3.71423582586441,0.000203818660338819,0.00146609690132605,"ENSMUSG00000021892.14"
178.167654846452,1.84434247995938,0.402292390365187,4.58458207048149,4.5489538823476e-06,5.30543922260555e-05,"ENSMUSG00000021895.9"
227.648488131458,1.92837547073978,0.35360260198139,5.45351040952258,4.93850536366922e-08,8.8247249170414e-07,"ENSMUSG00000021903.11"
61.3152082469087,1.24097983055886,0.509067832543103,2.43774945346559,0.0147790133427608,0.0499994368159569,"ENSMUSG00000021938.11"
313.495984629178,1.83000490910558,0.34630651808486,5.28435017401881,1.26151744094497e-07,2.06896323741885e-06,"ENSMUSG00000021943.6"
261.30154603795,1.06954914577971,0.347867547791775,3.07458730361336,0.00210794016676958,0.0103375159787431,"ENSMUSG00000021948.15"
193.597055464549,1.55276102451043,0.334538238696014,4.64150534947183,3.4588006560659e-06,4.1721453880247e-05,"ENSMUSG00000021959.15"
47.8751245084958,1.80623522666258,0.609647912739271,2.96275143229278,0.00304902678905659,0.0139997319254192,"ENSMUSG00000021994.14"
20.4292769915576,3.03457751359951,1.02822746859357,2.95127061500339,0.00316469512690769,0.0144346525932337,"ENSMUSG00000022003.6"
47.3903429927205,3.88050584970414,0.822462902881386,4.71815304509093,2.37995430279307e-06,2.986720166213e-05,"ENSMUSG00000022014.14"
305.147779987627,1.52708966992464,0.313689219752908,4.86816114091369,1.12641466289097e-06,1.53646062020843e-05,"ENSMUSG00000022032.14"
284.571265478883,1.81732744624503,0.306573175336165,5.92787494943837,3.06880045981985e-09,6.97854910877255e-08,"ENSMUSG00000022043.18"
101.74063346466,1.37816594393883,0.437716870125745,3.14853284851215,0.00164092279912261,0.00842248263150694,"ENSMUSG00000022090.10"
55.8441920785624,1.40829709765813,0.564964484713909,2.49271792433337,0.0126769511054128,0.0441689719525295,"ENSMUSG00000022092.10"
67.5068605361618,1.29227780558918,0.51838347772471,2.49289929389965,0.0126704777277258,0.0441572277890182,"ENSMUSG00000022096.14"
39.5251738376299,2.85962475971156,0.815107639625291,3.50827868700402,0.000451016316129351,0.00287902078560218,"ENSMUSG00000022103.9"
187.570371493818,1.03520190919741,0.337004960539551,3.07177053874825,0.00212793235067878,0.010414999351144,"ENSMUSG00000022122.14"
230.988143315552,1.13298882159512,0.349746147856398,3.23946047308665,0.00119756063879305,0.00648712786222483,"ENSMUSG00000022141.6"
120.180385054648,1.02847384721032,0.395796762065955,2.59848979522206,0.009363482812607,0.0347079519597336,"ENSMUSG00000022146.12"
40.0999697970781,3.21295310895167,0.820551186406923,3.91560351404857,9.01783423986411e-05,0.000724076356139038,"ENSMUSG00000022148.15"
372.387339858055,1.36191011655374,0.289934266608939,4.69730650496262,2.63614716936481e-06,3.26684383381018e-05,"ENSMUSG00000022150.16"
64.475177561742,1.37220158571888,0.549440727820494,2.49745152887025,0.0125089564981439,0.0437289282081121,"ENSMUSG00000022160.17"
104.271154419357,1.30135495927603,0.433081855236209,3.00487065791813,0.00265693808062037,0.0124665768075916,"ENSMUSG00000022178.10"
21.3825769750502,3.29353007440333,1.07230217434493,3.07145705119488,0.00213016806925342,0.0104207295980453,"ENSMUSG00000022181.15"
35.2987379028095,1.71391527758642,0.690620741875428,2.48170258097398,0.01307563620352,0.045270605903406,"ENSMUSG00000022203.6"
27.0237119897278,2.10738969596504,0.808645634923508,2.6060731734048,0.00915868933077966,0.0340923499043818,"ENSMUSG00000022221.13"
157.962293428468,1.5265931857665,0.426671495036339,3.57791228972651,0.000346349629004273,0.00230270202169368,"ENSMUSG00000022231.9"
204.119715509761,1.52521217281336,0.325457887000507,4.68635800124575,2.78109617703023e-06,3.43037933120071e-05,"ENSMUSG00000022261.5"
138.682675870096,1.43793881584504,0.487437627090485,2.94999551927924,0.0031777853805102,0.0144901893789087,"ENSMUSG00000022263.9"
133.178960155478,1.74322723985622,0.457897776685921,3.80702272125668,0.000140649827636467,0.00106794514187449,"ENSMUSG00000022280.8"
119.398747056144,1.18619553370964,0.395086058056062,3.0023725452274,0.00267884122427798,0.012554592964165,"ENSMUSG00000022297.14"
48.4071778629509,1.41495945991501,0.579189807369776,2.44299785996,0.0145658236539212,0.0493941602299209,"ENSMUSG00000022299.8"
413.874593004743,1.05667037733256,0.339509816358629,3.11234116487633,0.00185609863457988,0.00932715887957927,"ENSMUSG00000022314.9"
201.92238473162,1.56261790235223,0.338795399750562,4.61227603297655,3.9828359400432e-06,4.71808293345925e-05,"ENSMUSG00000022324.14"
46.6957603796291,1.71305001508396,0.594841241106194,2.87984406040559,0.00397871908824093,0.0174254483417018,"ENSMUSG00000022364.14"
356.223597819028,1.66146511080276,0.337660796600636,4.92051528495277,8.6316658550732e-07,1.20965432186481e-05,"ENSMUSG00000022371.15"
75.362258299172,1.95536567929802,0.635365373229897,3.07754523882512,0.00208713156141432,0.0102513279356731,"ENSMUSG00000022372.14"
918.06109664329,2.3820420134143,0.3759293282194,6.33640909236029,2.35181836947057e-10,6.63279735873816e-09,"ENSMUSG00000022425.15"
42.4322947391501,1.69976304515915,0.62756749375137,2.7084944043207,0.0067589251874646,0.0266979399634639,"ENSMUSG00000022440.8"
1302.09239037548,1.32854623413803,0.293175536437697,4.5315726212387,5.85462034698933e-06,6.61409354952109e-05,"ENSMUSG00000022443.16"
257.069263358849,2.57358033467289,0.333939869899578,7.7067177855906,1.29094845099291e-14,7.80974540009068e-13,"ENSMUSG00000022474.14"
167.470441129207,2.96435911688147,0.454490955446284,6.52237207662502,6.92040797370021e-11,2.15922177919583e-09,"ENSMUSG00000022488.8"
61.7022190466468,2.84826354799211,0.640619094153454,4.44611091674679,8.74388143248693e-06,9.44077116518514e-05,"ENSMUSG00000022504.9"
390.957595226384,1.18686633548635,0.27384594589669,4.33406575218792,1.46380422711604e-05,0.000149108592543633,"ENSMUSG00000022505.8"
106.498109888477,1.62955209289574,0.427551744702667,3.81135643366158,0.000138206315455095,0.00105417232914497,"ENSMUSG00000022508.5"
11.7529523072529,5.83520984099987,1.75510368520964,3.32470946883283,0.000885107166015327,0.00505001748788442,"ENSMUSG00000022512.2"
209.8955390764,1.54773276871869,0.356889092137391,4.33673318354841,1.44615995707275e-05,0.000147690949224247,"ENSMUSG00000022548.14"
143.727962001798,1.17098519200653,0.360526742268054,3.24798428166499,0.00116225691043022,0.00633485970781257,"ENSMUSG00000022594.14"
114.920980779255,1.07298730748979,0.41839777176354,2.56451487054332,0.0103320151885889,0.0375778953299318,"ENSMUSG00000022637.10"
669.913352727846,1.6803398045744,0.278881872484342,6.02527439164674,1.6882296098672e-09,4.06663211495367e-08,"ENSMUSG00000022665.14"
24.8230961963482,2.91951896872484,0.998491522757351,2.92392965006106,0.0034564285343618,0.0155240556162183,"ENSMUSG00000022686.14"
168.578496751641,1.25608096528915,0.355314400207571,3.53512541162238,0.00040758166743538,0.00263250587972729,"ENSMUSG00000022687.11"
72.5427431229065,1.45537918148512,0.487471794399507,2.98556593059489,0.00283054113382612,0.0131412059083609,"ENSMUSG00000022723.15"
54.7627712149233,1.93055203624015,0.567005332434713,3.40482165829092,0.000662072767394642,0.00397946657686958,"ENSMUSG00000022724.15"
51.6481911408166,2.38508060830689,0.627258416126372,3.80238917005838,0.000143307380933903,0.00108680477885281,"ENSMUSG00000022754.5"
61.1246960574573,2.3240602345393,0.586648834844795,3.9615867219001,7.44533301923875e-05,0.000609863195632735,"ENSMUSG00000022772.11"
134.913509817908,1.31605317444929,0.39551054429101,3.32747936419354,0.000876354794858306,0.00500909610476169,"ENSMUSG00000022799.4"
123.021271699058,1.02308450645418,0.417109275900392,2.45279730172794,0.0141750189176753,0.0482443740273037,"ENSMUSG00000022801.13"
588.958177377375,1.61985105473878,0.24663325204744,6.56785344754405,5.10457419040982e-11,1.62791752350092e-09,"ENSMUSG00000022816.11"
131.29026409575,1.75859751564963,0.466768112166625,3.76760423390246,0.000164821728880964,0.00122503620209196,"ENSMUSG00000022822.15"
156.54065488588,1.69621317432568,0.381789321529948,4.44279889109634,8.87961556458825e-06,9.56578715387446e-05,"ENSMUSG00000022831.14"
124.156157587238,1.53292611369167,0.409049459027488,3.74753243125218,0.000178582752630168,0.0013080113813254,"ENSMUSG00000022836.10"
3552.60332691686,14.0747713004275,1.45844350520017,9.65054268488503,4.88962776016731e-22,6.79829824549578e-20,"ENSMUSG00000022868.5"
1487.90594093461,4.79626868168927,0.348962919703946,13.7443505050862,5.50649917264942e-43,2.81541973827398e-40,"ENSMUSG00000022871.12"
16.2807230708515,2.88052339476463,1.16175291791313,2.47946301692011,0.0131580374628723,0.0454863454278138,"ENSMUSG00000022876.17"
213.106691150739,1.78999198714463,0.357609092678525,5.0054431606798,5.57336573766058e-07,8.17943027240002e-06,"ENSMUSG00000022885.15"
10.6242045116332,5.69028636784798,1.79552141145805,3.16915539493744,0.00152882632373474,0.00791116462004426,"ENSMUSG00000022887.8"
2729.44349790159,1.30550195503041,0.230360693991575,5.66720794424311,1.45143156731095e-08,2.89737913625675e-07,"ENSMUSG00000022892.10"
127.005942578677,1.44212065230848,0.389483691953774,3.70264707380775,0.000213361597049872,0.00152263904243155,"ENSMUSG00000022893.14"
130.702672641273,1.32461986846804,0.403368179145285,3.28389778111609,0.00102382049032908,0.00573209281939804,"ENSMUSG00000022906.15"
251.807834802378,1.57601722387086,0.322058958685694,4.89356740859656,9.90243751670743e-07,1.37077410165775e-05,"ENSMUSG00000022912.8"
1486.10459959995,3.24507799302184,0.234101784863518,13.8618250814009,1.07895551729788e-43,5.70048164972381e-41,"ENSMUSG00000022951.15"
266.090110843433,1.04099011386879,0.313171423847016,3.324026506254,0.000887277622816948,0.00506057946083074,"ENSMUSG00000022967.12"
114.661945142603,1.37623237944792,0.416920377902697,3.30094774059978,0.000963588288764773,0.00544099550300023,"ENSMUSG00000023008.18"
27.9438846946964,2.1663106975423,0.82024019820492,2.64106867998328,0.00826449639669413,0.0313093502368893,"ENSMUSG00000023015.13"
321.356911054883,2.63550185418366,0.348055702528512,7.57206916892207,3.67325779084393e-14,2.02156722169709e-12,"ENSMUSG00000023034.6"
400.59721245457,1.2360098796347,0.358468141423363,3.44803271701329,0.000564685631995481,0.00347718231046169,"ENSMUSG00000023039.16"
117.678628227655,2.695239090413,0.469856567899964,5.73630183027863,9.67661508603485e-09,1.99494627931431e-07,"ENSMUSG00000023045.12"
17.0169791959179,2.72919253882402,1.07002339311402,2.55059146967006,0.0107540300438629,0.0387378328955238,"ENSMUSG00000023066.9"
759.012785500047,1.49773106965749,0.232866770931863,6.43170798334181,1.26177976875434e-10,3.75219687331264e-09,"ENSMUSG00000023067.13"
214.226580958052,1.33868775245984,0.327166520266392,4.09176266376471,4.28106678795465e-05,0.000376762401938263,"ENSMUSG00000023092.16"
161.148042803342,3.60046962464832,0.469447991841121,7.66958148127909,1.7255845662535e-14,1.01358059005293e-12,"ENSMUSG00000023169.14"
221.32524385024,1.30524740674009,0.361085660337171,3.61478604694877,0.000300595762090515,0.00204069556507343,"ENSMUSG00000023186.14"
122.9559735094,1.68216277308004,0.450791739363545,3.73157408663925,0.000190287028999375,0.00138477934326909,"ENSMUSG00000023191.9"
1772.88119173474,1.06516546654774,0.216499581987376,4.91994237018825,8.65696980308692e-07,1.21212872242869e-05,"ENSMUSG00000023224.12"
125.060126723478,2.37178191323765,0.453462337729646,5.23038346494765,1.69158783889049e-07,2.70006719500648e-06,"ENSMUSG00000023249.14"
30.1508593596406,3.81592140691013,1.0383288409721,3.67506059384577,0.000237792971532717,0.00166549650852566,"ENSMUSG00000023274.14"
69.6157209102527,1.34772068784394,0.537228360645249,2.50865513917625,0.0121191737444103,0.0426106707739359,"ENSMUSG00000023336.5"
174.10067684511,1.26757403368401,0.359809576658357,3.52290243482758,0.000426848461806369,0.0027390883075429,"ENSMUSG00000023348.11"
23.1079238048829,2.80205052461236,0.987987686581895,2.83611887341077,0.00456654456211865,0.0195356899621,"ENSMUSG00000023349.14"
56.3079796463376,1.84581096883179,0.652615568777651,2.82832812629493,0.0046791819237653,0.019915422527304,"ENSMUSG00000023411.11"
8.41081031646484,5.35300369229386,1.86859163885614,2.86472634308196,0.0041736975720664,0.0181390475780785,"ENSMUSG00000023828.2"
56.0893458242076,4.14103391271666,0.83445399600419,4.96256705887459,6.95675357548987e-07,9.96966945492897e-06,"ENSMUSG00000023845.6"
256.571560902267,1.0428377312709,0.303566711290699,3.4352835554234,0.000591934106047868,0.0036092246134876,"ENSMUSG00000023852.13"
16.8351415932309,3.96076586170306,1.34060140982511,2.95446941400707,0.00313207198261138,0.0143270825178616,"ENSMUSG00000023868.15"
40.9462032287181,2.07172057273753,0.703717504344994,2.9439662363747,0.00324035347661767,0.0147200316797763,"ENSMUSG00000023885.8"
630.763667689227,1.37090957855139,0.245434084992381,5.58565277758363,2.32824004084588e-08,4.46762768128416e-07,"ENSMUSG00000023886.9"
422.183869719297,2.49292308927668,0.355997386768142,7.00264435058987,2.51175871805861e-12,1.0208045046469e-10,"ENSMUSG00000023905.14"
126.278650467927,1.73279840535245,0.408339453747926,4.24352432626345,2.20036508043652e-05,0.000211753409380199,"ENSMUSG00000023906.2"
90.6837126815349,1.49764245813491,0.482488193893452,3.10399814356003,0.00190924528935979,0.00954020738850966,"ENSMUSG00000023913.17"
92.5503203544664,3.00137925939865,0.531679238934593,5.64509395817857,1.65091062681601e-08,3.25055073727127e-07,"ENSMUSG00000023927.15"
70.3814256469732,2.77488238510981,0.577013246093222,4.80904451309857,1.51653436552433e-06,2.00643319645749e-05,"ENSMUSG00000023947.7"
750.535772086619,1.72694097048437,0.290706395392107,5.94049872262032,2.84156272698139e-09,6.50849266223339e-08,"ENSMUSG00000023952.13"
100.965911422252,1.30945296194316,0.516515702722289,2.53516583337487,0.0112394104966562,0.0401407517737722,"ENSMUSG00000023961.16"
68.3956104538683,1.51387321319577,0.500470796954975,3.02489820066757,0.0024871682606279,0.0118378371292331,"ENSMUSG00000023992.14"
157.052440322197,1.50510952640135,0.385738864059119,3.90188717455929,9.54456458563564e-05,0.000760972578884934,"ENSMUSG00000023994.13"
131.225419262489,1.14139506602917,0.402189656140295,2.83795231578759,0.00454039650968102,0.0194395690649498,"ENSMUSG00000024013.14"
192.949934881441,1.06886126459907,0.337881274339635,3.16342261549735,0.00155925799044187,0.00804499972282021,"ENSMUSG00000024052.17"
298.359162950263,1.40962246174937,0.322717297025974,4.36797926463767,1.25401395677205e-05,0.000130335221080898,"ENSMUSG00000024053.10"
127.875416476095,1.22661760056752,0.462358516165679,2.65295773232386,0.00797898616933692,0.0304778907782718,"ENSMUSG00000024054.13"
44.87935532167,1.54951358748521,0.610662287843763,2.5374312747501,0.0111669291299389,0.0399448943149473,"ENSMUSG00000024065.7"
367.193978079832,1.41804650398263,0.311449525201241,4.55305399186713,5.28726964484525e-06,6.04640864868666e-05,"ENSMUSG00000024066.8"
200.684511932306,1.2409697990833,0.374764223867059,3.31133475409731,0.000928520608442233,0.00526737710945218,"ENSMUSG00000024070.15"
54.7521068170075,2.06799459104997,0.693193477179543,2.98328628172354,0.00285171118440182,0.0132239971541161,"ENSMUSG00000024076.9"
80.0587423380489,1.71883369022945,0.479618513277743,3.58375175821057,0.000338693997577006,0.00225748522354733,"ENSMUSG00000024079.4"
66.8509632146483,1.41576911251265,0.528566492185918,2.67850711962018,0.00739511599920521,0.0286163546355963,"ENSMUSG00000024084.7"
120.489183775632,2.35073358933538,0.492129798905288,4.77665362789337,1.78236394212653e-06,2.31182229809374e-05,"ENSMUSG00000024087.3"
761.915496299045,1.3012319337628,0.235539270279986,5.52447977025666,3.30463308171511e-08,6.1913042961211e-07,"ENSMUSG00000024098.5"
6889.70151133091,1.42734388238401,0.210237321810691,6.78920312573838,1.12754595727742e-11,4.01609065681956e-10,"ENSMUSG00000024164.15"
1103.23920809679,1.48022727006139,0.301698520376444,4.9063126601166,9.280454597544e-07,1.28917796118381e-05,"ENSMUSG00000024187.14"
168.246808506985,1.63424496281725,0.354273330585302,4.61294944250327,3.96994893001977e-06,4.70985707640818e-05,"ENSMUSG00000024190.6"
89.8137735105338,2.10183373668367,0.521890060427363,4.02734962026779,5.64091226958181e-05,0.000480949217175211,"ENSMUSG00000024238.13"
660.803719533425,1.64223113124038,0.261576636119103,6.27820265450859,3.42509300043266e-10,9.42495209320444e-09,"ENSMUSG00000024247.14"
211.330429165451,1.01399977633283,0.313186970351282,3.23768187161648,0.00120505102921826,0.00651212370034416,"ENSMUSG00000024276.6"
25.3855804402154,3.3849289580016,1.02429984471437,3.3046270342309,0.000951028654549629,0.00537582174558189,"ENSMUSG00000024298.14"
90.8118877089455,2.08237286466597,0.563963401798461,3.69239007003886,0.000222156377761701,0.00157572875855828,"ENSMUSG00000024300.16"
101.44196646466,1.45431695468808,0.432490483080414,3.36265654756077,0.000771963419335999,0.00451999268432788,"ENSMUSG00000024349.9"
3269.81779236558,1.03399062427212,0.221472579575303,4.668707188289,3.03101008277807e-06,3.69550075477173e-05,"ENSMUSG00000024359.8"
109.021244093207,1.16358378048871,0.415388905988751,2.80119127813255,0.00509143307445775,0.0213603002197341,"ENSMUSG00000024370.16"
83.7160307247992,1.88494392869969,0.47407114472269,3.97607816818781,7.00611045644652e-05,0.000577354935622424,"ENSMUSG00000024376.6"
73.4436372234889,2.69523389000478,0.605561863562883,4.45079859247923,8.55515501565115e-06,9.26224091516876e-05,"ENSMUSG00000024378.9"
124.795222678611,1.16124066772129,0.452023517736264,2.56898285632746,0.010199750330881,0.0371475282041508,"ENSMUSG00000024384.3"
79.1883170818679,2.45460387583664,0.54609159077822,4.49485748780466,6.96165557345309e-06,7.72704767781733e-05,"ENSMUSG00000024399.5"
7.37783460860306,5.16280713615205,1.91746271067634,2.69252022863642,0.00709142335402475,0.0277528543608129,"ENSMUSG00000024401.14"
93.8248618099355,1.49173766891624,0.448557201270189,3.32563531405148,0.00088217268573711,0.00503508716922333,"ENSMUSG00000024413.13"
31.9476009787097,1.99862703972902,0.726951454474113,2.7493266949646,0.00597178329582667,0.0242637183385934,"ENSMUSG00000024420.8"
107.027889065786,1.08978409476359,0.406149672383712,2.68320810987633,0.00729195983190242,0.0283401727757564,"ENSMUSG00000024462.17"
112.713721695387,1.01346297874893,0.393338103715535,2.57656954456126,0.00997861300845754,0.0364762491199382,"ENSMUSG00000024491.15"
28.4560941449086,2.54309447160697,0.819544819877427,3.10305722143094,0.00191532603490228,0.00956757568648001,"ENSMUSG00000024500.18"
114.203960315755,2.58262175114552,0.444934672890359,5.80449649915671,6.45597094553187e-09,1.37536477804678e-07,"ENSMUSG00000024501.19"
54.6750689563156,3.58256323289435,0.70737470215695,5.06459055147191,4.09279060802886e-07,6.11988029596769e-06,"ENSMUSG00000024521.7"
161.66911349363,3.15529979731501,0.446653643957243,7.06430998605501,1.61416050219783e-12,6.80437339357331e-11,"ENSMUSG00000024529.13"
62.1910036835016,1.89609665067515,0.533861741948129,3.55166235317041,0.000382805746535644,0.00249792963466033,"ENSMUSG00000024533.15"
64.9149016582895,2.36514950779054,0.560496487468466,4.21974010662039,2.44584110418147e-05,0.000232274304980685,"ENSMUSG00000024535.15"
21.9900918268124,2.72723700838408,1.01367668299687,2.69044070375693,0.0071357715018746,0.0278782298015066,"ENSMUSG00000024598.8"
224.903225711582,1.27300149878731,0.42196716591661,3.01682595616666,0.00255436425994321,0.0120639670798867,"ENSMUSG00000024601.8"
3043.95035870493,1.43369569116408,0.244775242184664,5.85719241197798,4.70757606120796e-09,1.03488322566083e-07,"ENSMUSG00000024610.14"
203.822604859432,1.30095261375906,0.364916346921214,3.56507080248707,0.000363757977414533,0.00239819143291182,"ENSMUSG00000024614.6"
184.083197800665,1.38304102907542,0.406534822649322,3.40202352177942,0.000668888805497821,0.00401130819793434,"ENSMUSG00000024620.11"
641.912077180698,1.41751056810312,0.242264070183453,5.85109697459353,4.88341377115197e-09,1.06761528652081e-07,"ENSMUSG00000024621.15"
117.330297657938,1.61269022124189,0.440772536997499,3.65878108519959,0.000253417692186266,0.00176169755313698,"ENSMUSG00000024622.7"
87.459065459262,1.1403969838982,0.459996880518407,2.47914069028684,0.0131699346887028,0.045517545751404,"ENSMUSG00000024642.16"
339.006569134678,1.59048532357425,0.294378426137197,5.40285966075854,6.55867733808387e-08,1.14184462994865e-06,"ENSMUSG00000024659.14"
72.4501953917272,2.44548037876633,0.539887599798009,4.52961019975505,5.90926067594454e-06,6.6568430500157e-05,"ENSMUSG00000024672.11"
75.5469798981766,2.17063060072908,0.523913524771623,4.14310854386757,3.42629676550292e-05,0.000312108067432306,"ENSMUSG00000024677.13"
79.8969164585333,1.33704443825142,0.524650056899339,2.54845000142247,0.0108202795942063,0.0389333556340909,"ENSMUSG00000024678.6"
92.4531726607561,1.72593459155952,0.462952494322217,3.72810301861829,0.00019292651691621,0.00140013062871883,"ENSMUSG00000024691.13"
34.6262763523687,2.52916117977227,0.789577040668927,3.20318480591783,0.00135916730437062,0.00717854107773221,"ENSMUSG00000024696.8"
40.9810932985017,2.70857011784292,0.708842516155149,3.82111689989273,0.000132848658275573,0.0010182065926827,"ENSMUSG00000024713.15"
24.4803828935777,2.73008921898867,0.897700746633505,3.0412019030026,0.00235635763832258,0.011336527000785,"ENSMUSG00000024737.2"
305.743247468232,1.13069604191317,0.304102090012846,3.71814623788151,0.000200690087498267,0.0014484825939885,"ENSMUSG00000024750.10"
47.0154030629164,2.51246367997884,0.681601164017356,3.68611999599646,0.000227699020400196,0.00160758551151141,"ENSMUSG00000024754.12"
367.819403297318,1.1196528508944,0.293219301104718,3.81848277612031,0.000134274957374595,0.00102814399728857,"ENSMUSG00000024759.13"
189.56284353266,2.20218983721441,0.379211484728951,5.80728676714122,6.34933358653704e-09,1.35812331102041e-07,"ENSMUSG00000024781.15"
94.7045382022529,3.20557076872669,0.576794303290167,5.55756315629571,2.73567012205802e-08,5.1804505895603e-07,"ENSMUSG00000024803.8"
102.480188385648,1.95392511434959,0.451052288346541,4.3319259536677,1.4781065597876e-05,0.000150372201364785,"ENSMUSG00000024810.16"
64.425310875931,3.59846120000213,0.717606707030239,5.01453116971842,5.31629343173328e-07,7.81662809767833e-06,"ENSMUSG00000024883.6"
194.663981681821,1.13473380666831,0.328508400467983,3.45420027327096,0.000551927340446069,0.00340656088242609,"ENSMUSG00000024937.14"
118.860810910988,1.81760199163157,0.42634835705326,4.26318516668872,2.01533379427259e-05,0.000196693599995201,"ENSMUSG00000024965.8"
123.720853213305,2.39531144265822,0.489209853257256,4.8962861780272,9.76648079986277e-07,1.35313567026071e-05,"ENSMUSG00000024978.10"
230.825981294378,1.70069774504281,0.339604207883097,5.0078818388147,5.50323005334084e-07,8.0839848327574e-06,"ENSMUSG00000024986.11"
162.261187680184,2.6638240488452,0.442263217633273,6.02316435696457,1.71039597111699e-09,4.10754183972793e-08,"ENSMUSG00000024990.12"
71.9290634201802,1.8064415108717,0.554862609757056,3.25565550661748,0.00113130925013704,0.00619815126673769,"ENSMUSG00000024998.17"
17.2300220135604,3.99670817764991,1.33749354846723,2.98820744386405,0.00280619015251047,0.0130587533521113,"ENSMUSG00000025001.11"
49.9920105237177,2.3764464199959,0.694539658384188,3.42161371393044,0.000622506874477703,0.00377168729375826,"ENSMUSG00000025006.15"
267.608870943928,2.07365845234205,0.358607801246081,5.78252465544965,7.35877796742444e-09,1.55308429805163e-07,"ENSMUSG00000025017.9"
10.7792165866936,5.71186213620741,1.82290132914169,3.13339073535968,0.00172799241183567,0.00878969182528733,"ENSMUSG00000025019.15"
413.125039798438,1.78083941157363,0.288798785851674,6.16636737693305,6.98766346564915e-10,1.8216195054365e-08,"ENSMUSG00000025026.14"
88.6458492844571,1.5749142846757,0.507906705981155,3.10079442962529,0.00193002229748479,0.00962581919922401,"ENSMUSG00000025044.16"
39.0306083284213,2.25922254556452,0.69495366496984,3.25089665605629,0.0011504166655139,0.00628762212013631,"ENSMUSG00000025083.17"
495.989402235006,1.11626546423055,0.279859711157763,3.98866081728099,6.64473496739544e-05,0.000552276084075605,"ENSMUSG00000025085.16"
2467.22960195035,1.44700093132941,0.285905275544352,5.06112008102816,4.16800592117988e-07,6.22178593248843e-06,"ENSMUSG00000025153.9"
45.4445730616025,1.8921686973698,0.692792597108133,2.7312195673974,0.00631004168800636,0.0253136321829665,"ENSMUSG00000025154.14"
65.480362324165,2.0833303900058,0.542776859559346,3.83828152087611,0.000123898385457612,0.000959349980216491,"ENSMUSG00000025195.8"
265.337004665748,1.47354395649394,0.304390738367734,4.84096186498865,1.29212169511633e-06,1.73266741688611e-05,"ENSMUSG00000025225.14"
26.3784557927896,3.0191446450703,0.998709007962031,3.02304737516203,0.00250243064306302,0.0118816750286972,"ENSMUSG00000025262.8"
33.101905577907,3.95830670325227,1.03840822133501,3.81189846336479,0.000137903527424495,0.00105287616073133,"ENSMUSG00000025279.7"
35.5417066373721,2.46765050795003,0.730102477775692,3.3798686938687,0.000725204671442612,0.00428259837644016,"ENSMUSG00000025321.14"
62.708147546913,2.58104128673921,0.600004120964567,4.30170593260247,1.694881515657e-05,0.000168955169957003,"ENSMUSG00000025324.8"
87.4925342773776,1.23312921804742,0.482879113468809,2.55370171053603,0.0106584522786078,0.0384558316904015,"ENSMUSG00000025330.6"
56.1011134329763,1.74008790026968,0.563305579189669,3.0890656236227,0.00200787082856009,0.00993592027245625,"ENSMUSG00000025355.6"
66.9668898801752,1.52365052639612,0.51772752859111,2.94295829804999,0.00325092206428107,0.0147557602287672,"ENSMUSG00000025402.12"
43.0948353511527,1.93589282054047,0.63329344477634,3.05686540182675,0.00223664685188649,0.010867827284611,"ENSMUSG00000025407.6"
29.430542684316,2.25427959937839,0.802773195349591,2.80811518426036,0.00498323994698827,0.0209953091865402,"ENSMUSG00000025422.8"
323.313562619847,2.28147569457235,0.322341947678093,7.07781196647339,1.46448245405675e-12,6.23979755290307e-11,"ENSMUSG00000025479.9"
102.323064612447,1.30341689188196,0.470607854199251,2.76964542825098,0.00561173458520467,0.0230310702163371,"ENSMUSG00000025498.15"
205.128298516852,1.0784791573656,0.4137365094888,2.60668114278368,0.00914244518947808,0.0340452855873903,"ENSMUSG00000025558.15"
60.6886185294536,1.27188754469948,0.512477411890737,2.48184118009605,0.0130705516939907,0.0452628893051675,"ENSMUSG00000025626.16"
42.9542405018556,1.72261870710208,0.628990151798077,2.73870537110586,0.00616816226115431,0.02488272779584,"ENSMUSG00000025666.16"
315.44997359157,1.47308321470573,0.410172656433449,3.59137351454518,0.000328939810303615,0.00220359086784121,"ENSMUSG00000025743.14"
100.705531053571,1.80985633692844,0.437889288308106,4.13313681163856,3.57845569757664e-05,0.000322668765353872,"ENSMUSG00000025757.12"
333.459795590864,2.14543145372818,0.322378336790068,6.65501123645687,2.83278410252357e-11,9.49252178118364e-10,"ENSMUSG00000025780.7"
27.1532011085375,2.43300885142498,0.924627062168538,2.63134073289918,0.00850487198324405,0.0320652285762175,"ENSMUSG00000025816.15"
250.647661238236,1.35389998100254,0.312331438482562,4.33481812647602,1.45880681743791e-05,0.00014885700725477,"ENSMUSG00000025860.14"
31.9309784497844,2.73204797278147,0.795123921161209,3.43600274129792,0.00059036499883848,0.00360172641708618,"ENSMUSG00000025870.10"
111.591552145568,1.93161246470209,0.427641045796002,4.51690146138013,6.2751088134997e-06,7.02471063529834e-05,"ENSMUSG00000025887.10"
58.0967553368986,1.400874132869,0.526579483090326,2.66032798058845,0.00780645922985309,0.0299811918568383,"ENSMUSG00000025898.5"
13.3749577537121,3.62038132008876,1.40042911416307,2.58519426900974,0.00973241434677503,0.0357494246573312,"ENSMUSG00000025909.16"
114.059702984005,1.79270572077824,0.415572221228485,4.31382471975333,1.60454178046634e-05,0.000161268149780542,"ENSMUSG00000025915.14"
54.2455475801037,8.04114871015073,1.52763150547424,5.26380130374075,1.4110695006472e-07,2.2891966822168e-06,"ENSMUSG00000025955.13"
24.297091092861,3.49524764447722,1.07682298477025,3.24588878015355,0.00117084572017985,0.00637728682640914,"ENSMUSG00000025959.13"
103.178513530966,1.22411112183079,0.428123020096718,2.85925087969868,0.00424642804172581,0.0183996403666905,"ENSMUSG00000025969.15"
62.6519764073093,1.38736888691868,0.534683574694332,2.59474753401918,0.0094660423067508,0.0350111221606209,"ENSMUSG00000025986.6"
127.106398786402,1.49697353568457,0.405791625250249,3.68902028168127,0.00022511927471737,0.00159291986797782,"ENSMUSG00000025993.10"
6.99052348388917,5.08545342068557,1.93724595034902,2.62509436128612,0.00866249568312765,0.0325279688646229,"ENSMUSG00000026009.14"
8.97874979914544,5.44520502633885,1.86962909750504,2.9124520117949,0.0035860329638033,0.0160334619115042,"ENSMUSG00000026012.2"
120.452736733578,1.52029528009996,0.490900535719776,3.09695176411011,0.00195521686142245,0.0097361568499987,"ENSMUSG00000026029.14"
290.676982965182,1.69138909129614,0.309907956333011,5.45771432043733,4.82302821127204e-08,8.64762411183958e-07,"ENSMUSG00000026042.16"
2953.48425510416,1.6516641584119,0.218232571023182,7.56836686049237,3.77945398145321e-14,2.07281472685236e-12,"ENSMUSG00000026043.18"
16.5179862733686,3.93251699872618,1.34012409433708,2.93444242614821,0.00334147537946001,0.0150932985934572,"ENSMUSG00000026069.15"
152.217122197916,1.37523750194195,0.36234706846,3.7953598128634,0.00014742948258356,0.00111168282538032,"ENSMUSG00000026072.12"
206.45269699805,1.49080399584338,0.356184115752675,4.1854870273849,2.84555320588292e-05,0.000265462144280426,"ENSMUSG00000026094.14"
301.948258802489,1.2903495589275,0.301645906106594,4.27769624186951,1.88837461696116e-05,0.000185559440042371,"ENSMUSG00000026103.14"
99.2053573906437,2.18190997740982,0.474858520315741,4.59486327834876,4.33033100723888e-06,5.07660846632664e-05,"ENSMUSG00000026107.11"
48.5513026807957,1.71495957745078,0.609201859731136,2.81509248544918,0.00487631982163423,0.0206160760663917,"ENSMUSG00000026109.14"
216.284698336573,1.08190705499717,0.333257543064183,3.24645931506734,0.00116850148272692,0.00636670625686548,"ENSMUSG00000026113.17"
164.97064457834,1.1172253137967,0.4199175692756,2.66058244651214,0.00780056269642321,0.0299730712092867,"ENSMUSG00000026131.17"
240.050892028328,1.73593914714263,0.348582322253372,4.97999765427241,6.35850439306325e-07,9.21227556033386e-06,"ENSMUSG00000026153.15"
93.366326688317,1.0701751588645,0.43304539026843,2.4712771060815,0.0134631449885652,0.0462987303251808,"ENSMUSG00000026177.11"
2264.15048508198,1.58414229689415,0.247009748782079,6.41327844226801,1.42423044652711e-10,4.17265297180308e-09,"ENSMUSG00000026185.8"
1489.81766741654,1.55174944970018,0.316296293429933,4.90599947559592,9.29527727060871e-07,1.29010634622722e-05,"ENSMUSG00000026193.15"
34.4850069705079,2.41565404987595,0.765452136800755,3.15585251348608,0.00160029757795077,0.00824332681524852,"ENSMUSG00000026200.13"
82.5245383269656,1.87163328778018,0.490867310317794,3.8129108385084,0.000137339668340333,0.00104907650274423,"ENSMUSG00000026211.17"
194.672306137302,1.48481399651065,0.387843798163131,3.82838143485311,0.000128988743588195,0.000993426426566027,"ENSMUSG00000026222.16"
359.438850997637,1.26063925048146,0.334591581993223,3.76769565740896,0.000164761396225777,0.00122503620209196,"ENSMUSG00000026249.10"
11.8193234642968,5.8430241110454,1.75356115430073,3.33209029905515,0.000861962831130299,0.00495542650468452,"ENSMUSG00000026271.15"
112.052873776257,2.14707526768419,0.447207348841971,4.80107331251145,1.57817474865215e-06,2.07758054536018e-05,"ENSMUSG00000026288.14"
342.337760785061,1.19279153449948,0.282160070590003,4.22735765555108,2.36451663839855e-05,0.000225496923698057,"ENSMUSG00000026305.15"
50.6019108656294,2.42754373858124,0.66213409848128,3.66624184458893,0.000246141157048277,0.00171713791338697,"ENSMUSG00000026315.13"
32.6041516397425,2.76613962832803,0.794823484344494,3.48019363143166,0.000501051514826906,0.00315145496428828,"ENSMUSG00000026321.7"
168.34503293151,1.76622149232023,0.355218908343983,4.97220573238708,6.61954028593679e-07,9.54683471629646e-06,"ENSMUSG00000026355.11"
19.5143431324265,2.95830303818176,1.0367487118332,2.85344269485596,0.00432483272072838,0.0186679190151266,"ENSMUSG00000026357.3"
150.977681918213,2.037693594143,0.384956778737758,5.29330487652257,1.20125404243978e-07,1.98273609083361e-06,"ENSMUSG00000026360.9"
617.047620758653,2.35272591402359,0.3012454545275,7.80999639551014,5.7189621337447e-15,3.68477844796152e-13,"ENSMUSG00000026365.15"
273.467005912459,2.40371929912674,0.427523642444189,5.6224242602923,1.88296130734762e-08,3.66645414268548e-07,"ENSMUSG00000026395.16"
137.269424755238,2.41978549503056,0.425818777244421,5.68266507806347,1.3261180861909e-08,2.67757600842366e-07,"ENSMUSG00000026399.12"
13.0730926517349,4.54583056762772,1.63877784001699,2.77391508270615,0.00553861333607969,0.0228136749939873,"ENSMUSG00000026405.14"
242.146087174896,1.43820355880692,0.317954851312835,4.52329490450791,6.08843151269604e-06,6.8538096218915e-05,"ENSMUSG00000026417.13"
97.1316161257369,1.7492537529686,0.525223446192238,3.33049441271203,0.000866919034017383,0.00497309688352353,"ENSMUSG00000026430.15"
31.4231731395724,1.8396034025273,0.719845828769687,2.55555193765786,0.0106019537831072,0.0383364210619437,"ENSMUSG00000026443.3"
133.318417938738,1.12556907363237,0.38754825059122,2.90433274286561,0.00368036788300715,0.0163537513164181,"ENSMUSG00000026463.17"
102.499387496992,1.55694009852908,0.431337582254496,3.6095628171126,0.000306713494527852,0.0020757510197551,"ENSMUSG00000026471.14"
762.472010388078,1.54153115638297,0.235063692811689,6.55792963151439,5.45599421127062e-11,1.72955016497279e-09,"ENSMUSG00000026473.15"
119.593377795198,2.04704009190915,0.413360722377583,4.95218820050176,7.33835799383274e-07,1.04597998383317e-05,"ENSMUSG00000026479.13"
94.4607561803338,1.37510637012408,0.496033065740405,2.77220706662271,0.00556776066829675,0.0229099186377216,"ENSMUSG00000026480.12"
163.280684191234,1.32052600661743,0.387638746603103,3.40658930044859,0.000657800276758643,0.00395979277881675,"ENSMUSG00000026482.13"
878.596852508053,1.18053460821984,0.268616496439788,4.39487009869649,1.10839014448975e-05,0.000116910061385862,"ENSMUSG00000026483.13"
164.563315489567,1.02579588565854,0.368382780409162,2.7845923865366,0.00535950505268506,0.0221738854307122,"ENSMUSG00000026484.13"
192.138029426426,1.09664057014753,0.328166539947184,3.34171963517067,0.000832611145206169,0.00481638198960503,"ENSMUSG00000026490.17"
294.271165413991,1.13479130804243,0.302870575094642,3.74678625577221,0.000179114582399902,0.00131069535135662,"ENSMUSG00000026499.5"
351.694018324373,1.38638897243126,0.283779118240197,4.8854509839508,1.03192376568976e-06,1.42226014662458e-05,"ENSMUSG00000026502.13"
120.473678065736,3.02894002233022,0.465603151782051,6.5054113373959,7.74810720276108e-11,2.40327787013235e-09,"ENSMUSG00000026548.4"
391.982551955518,2.02355881598132,0.411027299460173,4.92317376154572,8.51517792871286e-07,1.19650328164981e-05,"ENSMUSG00000026576.12"
34.7057707104198,3.06781051218906,0.80741596620472,3.79954155057074,0.000144964006948085,0.00109678150760726,"ENSMUSG00000026580.16"
102.186318898914,1.95309616559324,0.518109625755028,3.76965813508492,0.000163471307409047,0.0012193036340863,"ENSMUSG00000026581.14"
124.679266941091,1.11905205245897,0.401752538345295,2.78542621552069,0.00534574047075802,0.0221400539486581,"ENSMUSG00000026584.14"
105.907960124153,1.30513665497274,0.416582881524441,3.13295796072255,0.00173054226326008,0.00879419521406612,"ENSMUSG00000026586.16"
238.602546294172,1.08605950187315,0.318260943034637,3.41248125364522,0.000643743544474578,0.00388135227416947,"ENSMUSG00000026604.17"
8.98253444695325,5.44701729670725,1.83990811823457,2.96048332127246,0.00307156752557772,0.0140950623278537,"ENSMUSG00000026605.14"
30.3149246680107,2.65147478393678,0.866961921047627,3.05835206779643,0.00222557932720017,0.0108173665550821,"ENSMUSG00000026616.15"
223.494046808587,2.80437609215625,0.369827658766596,7.58292687331463,3.37845287240644e-14,1.88550978970571e-12,"ENSMUSG00000026628.13"
661.48527909914,1.00130583799905,0.3101424498015,3.22853527029247,0.00124425914388388,0.00667582664563791,"ENSMUSG00000026639.18"
236.74822207565,2.10329588642492,0.33069115331786,6.36030285455879,2.01356341021211e-10,5.74010432587444e-09,"ENSMUSG00000026655.14"
185.436021454072,2.16545308043397,0.359842529379617,6.01777973317188,1.76825576213581e-09,4.23366372052153e-08,"ENSMUSG00000026656.15"
265.946551100009,1.3525533594369,0.313659018256389,4.31217749438757,1.61654577057382e-05,0.000162268843974636,"ENSMUSG00000026674.9"
464.713096700918,1.27715054127667,0.330819137130839,3.86057031752536,0.000113122679655913,0.000886304731856756,"ENSMUSG00000026678.10"
77.3188466135211,1.79388296288969,0.480829424258294,3.73080945629909,0.000190865541829669,0.00138771506330287,"ENSMUSG00000026705.16"
336.283072419962,2.0357840017415,0.37465579160496,5.43374491295212,5.51834535843517e-08,9.74006391216007e-07,"ENSMUSG00000026712.3"
72.836386490714,1.73881549362493,0.502263777940457,3.46195678445094,0.000536263255895884,0.00332919677194017,"ENSMUSG00000026734.9"
145.349532303644,1.60248027830076,0.390722140391115,4.1013295962616,4.10782957656428e-05,0.000362522821762494,"ENSMUSG00000026737.12"
310.367786820265,1.232980596666,0.350276942084342,3.52001644564178,0.000431520041606416,0.00276347178160068,"ENSMUSG00000026748.13"
144.62388992215,1.35816310164734,0.397949061491564,3.41290690963506,0.00064273893411468,0.00387892131016049,"ENSMUSG00000026773.19"
8.33686986380536,5.33803299857087,1.90501071449297,2.80210129946258,0.0050770928862644,0.021317065495971,"ENSMUSG00000026778.13"
73.012470835344,2.28699385455295,0.627563984982557,3.64424012416282,0.000268182954764709,0.00185296418178755,"ENSMUSG00000026786.14"
127.711500488647,1.66939689811405,0.399926113373666,4.17426330086694,2.9895185131131e-05,0.000276936694522751,"ENSMUSG00000026825.17"
258.12291232393,1.13739168366241,0.324389538731341,3.50625266187884,0.000454463595772322,0.00289636027060366,"ENSMUSG00000026837.15"
212.614779689624,1.24799853242593,0.323850961968443,3.85361996407329,0.000116384198240263,0.000907819656549292,"ENSMUSG00000026840.14"
160.404058667083,2.19820010288526,0.454349740899952,4.83812337722737,1.31070775392865e-06,1.7516625547866e-05,"ENSMUSG00000026872.17"
39.2393998120482,2.11836892810457,0.673611141846265,3.14479496627452,0.00166203268466262,0.00851154056604282,"ENSMUSG00000026875.14"
259.845072526737,1.47983378360365,0.326497275697542,4.53245369488021,5.83024592905653e-06,6.59758474136425e-05,"ENSMUSG00000026883.17"
75.2455455547844,1.52872140470085,0.474958165875705,3.2186443239317,0.00128798136425061,0.00687820236636529,"ENSMUSG00000026893.4"
95.281933341931,1.29503723542311,0.496763920761282,2.60694704526547,0.00913534871267634,0.0340294423257156,"ENSMUSG00000026896.14"
97.5199934151373,1.78095444105032,0.545939599975097,3.26218219219042,0.00110558062441226,0.00608030981850599,"ENSMUSG00000026923.15"
73.591815194157,1.5286941884481,0.504412907131616,3.03064050668557,0.00244035612895796,0.0116680677659076,"ENSMUSG00000026925.16"
137.69255959266,1.16344595117398,0.390746043826414,2.97749899085564,0.00290610601248263,0.0134486949774744,"ENSMUSG00000026979.16"
24.3092447154642,4.30262671633915,1.23023741518738,3.49739543215227,0.000469824858865932,0.002983463146244,"ENSMUSG00000026981.15"
67.78990399401,3.20915682415138,0.641847180666071,4.99987679438135,5.73669601015005e-07,8.38806566059762e-06,"ENSMUSG00000027009.18"
109.786647100185,9.0589420647299,1.49269512651355,6.06884949499944,1.28829804455115e-09,3.19055062595871e-08,"ENSMUSG00000027068.6"
248.542263986074,1.31616822020159,0.327419211452889,4.01982588120359,5.82411694521805e-05,0.000492857734018719,"ENSMUSG00000027087.11"
31.3675947337577,2.25075910308122,0.750677380846559,2.99830414570768,0.00271486589620727,0.012693399544214,"ENSMUSG00000027134.4"
6.688068629384,5.02232920974722,1.96153704476925,2.56040497585302,0.0104550250861628,0.0379203999120549,"ENSMUSG00000027186.14"
305.557434522632,1.86198410598613,0.31075333406197,5.99183951350565,2.0748062674157e-09,4.90831034903564e-08,"ENSMUSG00000027188.8"
62.6160690860393,1.61251965941241,0.619666928048262,2.60223611495823,0.00926180618077915,0.0344034750328918,"ENSMUSG00000027200.17"
41.7190868611916,2.93950349782425,0.720994550671779,4.07701208710302,4.56181222484195e-05,0.000397497107002446,"ENSMUSG00000027201.16"
324.073416086665,1.54163935968107,0.364997453575763,4.22369894523407,2.4032503188537e-05,0.000228777883206193,"ENSMUSG00000027204.13"
63.8860162102046,1.37421009700378,0.523552455320788,2.62478015915671,0.00867049293018449,0.0325425794324945,"ENSMUSG00000027219.13"
388.817903230183,1.30779605465396,0.301064850845345,4.34390149159512,1.39974300871229e-05,0.000143319939845541,"ENSMUSG00000027293.13"
159.256770710069,1.30022766514324,0.363080036136352,3.58110481363659,0.000342144352675754,0.00227760940357442,"ENSMUSG00000027309.18"
49.224083398453,3.0108743020602,0.684259731457591,4.40019215458803,1.08155062459607e-05,0.000114436431240639,"ENSMUSG00000027322.11"
189.984138113145,1.63712074381365,0.395758209057367,4.13666907305096,3.523837364221e-05,0.000319158984130874,"ENSMUSG00000027339.15"
37.695206326388,2.77288032879095,0.810941149393859,3.41933607742504,0.000627741421270088,0.00379759600272171,"ENSMUSG00000027347.18"
25.7060239820132,3.5686552286771,1.02572950719274,3.47913870435877,0.00050302815349705,0.00315887330940105,"ENSMUSG00000027358.6"
43.173555330731,2.99492695378103,0.792677514541326,3.77824133880473,0.000157939782633876,0.00118082337488063,"ENSMUSG00000027375.14"
156.334119638124,1.33956966529094,0.377939339859444,3.54440388711354,0.000393501944782745,0.00255510275493917,"ENSMUSG00000027408.7"
273.913612719579,1.1344997923112,0.29076578540547,3.90176509498581,9.54938051154179e-05,0.000760973761226432,"ENSMUSG00000027433.5"
157.016959373484,1.43855695336728,0.388632260928899,3.70158913191838,0.000214253365024867,0.00152762745643011,"ENSMUSG00000027435.8"
29.1861483120573,1.94738937988146,0.779570044885836,2.49803002649575,0.0124885615207124,0.0436865372110554,"ENSMUSG00000027463.14"
17.7488959473061,3.01370386198447,1.13828953973261,2.64757230633288,0.00810720203372501,0.0308521373912464,"ENSMUSG00000027469.16"
24.9982395758371,6.92470792706297,1.61391776454246,4.29062005462597,1.78174930606426e-05,0.000176064379682784,"ENSMUSG00000027470.9"
98.9868784469365,1.52453755526385,0.426460246337156,3.57486440613872,0.000350409450989125,0.0023257913727712,"ENSMUSG00000027499.12"
232.726853635308,1.6110066337095,0.315177505845871,5.11142643059468,3.19735338877593e-07,4.8917037849516e-06,"ENSMUSG00000027580.17"
163.849559126626,1.59628710061515,0.386168212027737,4.13365743449774,3.57035525234208e-05,0.000322267259394202,"ENSMUSG00000027605.18"
185.631172162847,1.44834596278367,0.360548610773415,4.0170615542709,5.89283356996135e-05,0.000498406681344116,"ENSMUSG00000027611.12"
420.783202003079,1.14212718292224,0.269944615678265,4.23096856387568,2.32687193230835e-05,0.000222710870332653,"ENSMUSG00000027639.16"
52.685633396339,4.03740580211378,0.810501179641448,4.9813694335397,6.31358765479736e-07,9.17235236741872e-06,"ENSMUSG00000027656.7"
66.764769346406,1.31563718839846,0.501733889697434,2.6221812307553,0.00873689573589586,0.0327685275470775,"ENSMUSG00000027669.14"
164.599410418043,1.17012076219715,0.350279945894147,3.34053026989662,0.000836185648875716,0.004833531194267,"ENSMUSG00000027678.17"
132.124447572135,1.49371331881961,0.380495762848339,3.92570289781384,8.64768405925865e-05,0.000696826600606251,"ENSMUSG00000027695.16"
17.6984047606752,4.03362177230347,1.32297425235096,3.04890421346872,0.00229677700033852,0.0111089153052687,"ENSMUSG00000027699.19"
22.7085459178976,3.39182117992484,1.09401800910875,3.10033395399773,0.00193302562095216,0.0096377653639798,"ENSMUSG00000027715.9"
138.616897950643,1.0055252105286,0.387636857110442,2.59398762549073,0.0094869901414324,0.0350673492867779,"ENSMUSG00000027737.10"
121.691291718968,3.22641254789766,0.556545803363961,5.7972093732377,6.74274898897177e-09,1.43260819671853e-07,"ENSMUSG00000027750.16"
34.0410027012455,2.2181799999477,0.76961440530441,2.88219657098326,0.0039491328399429,0.0173170402730393,"ENSMUSG00000027797.15"
529.033704351711,1.46999625928814,0.304380754850298,4.82946518747916,1.36900245192848e-06,1.82341923219046e-05,"ENSMUSG00000027801.7"
242.829479277464,1.73658313549047,0.318771539426996,5.4477358255133,5.10150521945454e-08,9.0648943641653e-07,"ENSMUSG00000027803.14"
59.3118580749994,3.11440091788254,0.645943936185011,4.82147248920147,1.4250237632567e-06,1.89485122882707e-05,"ENSMUSG00000027805.16"
155.77218742509,1.13795909370497,0.420953300086389,2.70329058703528,0.00686566950401433,0.0269959964372679,"ENSMUSG00000027806.9"
40.1411171435164,1.6724327086106,0.65847935553449,2.53984076274204,0.0110902949570118,0.0397245593375452,"ENSMUSG00000027827.16"
16.5467041248991,2.68151669825966,1.08606144111914,2.46902854363053,0.0135480411274051,0.046520028567888,"ENSMUSG00000027831.9"
101.954497162384,2.58465405868733,0.468705886026757,5.51444762214867,3.49877082953232e-08,6.53956576038766e-07,"ENSMUSG00000027840.5"
190.458040918324,1.47332493919927,0.358727745459282,4.10708387585956,4.00685756533664e-05,0.000355194029141979,"ENSMUSG00000027848.12"
412.718930679302,1.37952211462852,0.298266076108257,4.62513917985032,3.7434694542994e-06,4.46455913097408e-05,"ENSMUSG00000027864.9"
621.171558564861,3.21399635131162,0.444887099499748,7.22429657979651,5.0370222052245e-13,2.32083726607001e-11,"ENSMUSG00000027875.12"
187.257724214598,1.26727056863832,0.349529971446317,3.62564206838828,0.000288244375171559,0.00197409872585737,"ENSMUSG00000027878.11"
22.1428700383771,2.4053073872379,0.921250136390214,2.6109167230767,0.00902998799318433,0.0337341384920583,"ENSMUSG00000027883.15"
138.382687411408,1.48430663776125,0.384897531505278,3.85636829614454,0.000115084057363641,0.000899448870420965,"ENSMUSG00000027951.16"
87.3446233540286,2.48022964589925,0.511751501958855,4.84655078960308,1.25626437791265e-06,1.69030478691982e-05,"ENSMUSG00000027962.14"
81.8510565437774,1.66268410679705,0.477837685803029,3.47960019939162,0.000502162547856515,0.00315593829640197,"ENSMUSG00000027981.14"
149.963291116496,2.04522756094381,0.396134704408112,5.16295981691304,2.43075334985294e-07,3.81082498468537e-06,"ENSMUSG00000028015.3"
96.9147047812159,2.32821592201059,0.471691924396128,4.93588251482413,7.97891302979037e-07,1.12414019130824e-05,"ENSMUSG00000028019.9"
22.5214992090375,2.76479969010723,1.00325094000125,2.7558406176064,0.00585415154460882,0.0238591673906016,"ENSMUSG00000028028.11"
397.482975836482,1.07985960185607,0.269013733952242,4.01414301787202,5.96621646550851e-05,0.000503806771328236,"ENSMUSG00000028034.15"
182.76872446865,1.12142532368122,0.371364742684013,3.01974095757233,0.00252990962938874,0.0119698709330781,"ENSMUSG00000028035.13"
20.9964750950565,2.47657612353556,0.982330951303991,2.52112195003939,0.0116981302274266,0.0414733191421326,"ENSMUSG00000028036.6"
34.721307060945,2.24690968718164,0.745116095022807,3.01551624262373,0.00256542198073806,0.0121089751026499,"ENSMUSG00000028037.13"
81.080843721343,1.82833218515278,0.534047168261842,3.42354064174413,0.0006181100822185,0.00374876638502711,"ENSMUSG00000028047.11"
596.370350814955,1.56575042550356,0.245975890975845,6.3654629699352,1.94701545316066e-10,5.56039548335072e-09,"ENSMUSG00000028059.14"
129.851972661973,1.23719360610194,0.385519372246789,3.20916066783268,0.0013312307991221,0.00706697509820372,"ENSMUSG00000028073.15"
80.5097028770586,1.9113445811548,0.480026505172341,3.98174800882835,6.84102878870634e-05,0.000566807664929406,"ENSMUSG00000028111.4"
106.83081100645,2.14373992661887,0.448909994634025,4.77543372222434,1.79320344896079e-06,2.32397993998598e-05,"ENSMUSG00000028128.13"
104.582365667259,1.26281425159276,0.473358441581689,2.66777591918118,0.00763551644344663,0.0294316477696082,"ENSMUSG00000028159.14"
314.408407221086,1.01219773427566,0.312349518415624,3.24059322841277,0.00119281260571325,0.00647025318294148,"ENSMUSG00000028163.17"
211.518244019754,1.23772641462463,0.349001864805178,3.54647507489842,0.000390421673445825,0.00254030522336467,"ENSMUSG00000028164.15"
76.183738767006,1.62509629629695,0.47882796703333,3.39390430004652,0.000689037667844388,0.00411036772123957,"ENSMUSG00000028184.12"
100.012269854096,2.9837623421716,0.516165111877614,5.78063544689759,7.44189946372651e-09,1.56437807029264e-07,"ENSMUSG00000028195.4"
208.229500485255,1.21083211917899,0.32110864794514,3.77078638936517,0.000162733927303419,0.00121437511664746,"ENSMUSG00000028207.18"
730.903624765208,2.31011048611777,0.289611485422638,7.97658450163522,1.50438185859948e-15,1.05506426808857e-13,"ENSMUSG00000028211.11"
37.3409344405355,4.11876712588803,0.949548835666493,4.33760431394458,1.44044175351241e-05,0.000147201816848303,"ENSMUSG00000028214.13"
53.8447719931564,1.68106729912461,0.618879100007987,2.71630969457995,0.00660141348287837,0.0261908394752496,"ENSMUSG00000028233.6"
53.277488831256,8.01573839419417,1.52636712357301,5.25151404953643,1.50854024287882e-07,2.43486383397447e-06,"ENSMUSG00000028262.13"
91.630699394107,1.83072360129167,0.497937750806449,3.67661138029135,0.000236352684726602,0.00165833999686438,"ENSMUSG00000028268.14"
42.8080770204464,1.9594114823114,0.699825071613488,2.79985893874002,0.00511249422906455,0.0214259739636894,"ENSMUSG00000028282.12"
91.6172991943937,2.3692464599813,0.510976073336255,4.6367072424978,3.54003245127427e-06,4.26040351956699e-05,"ENSMUSG00000028327.14"
11.9890360047142,5.86381749425549,1.74934695863758,3.35200370932839,0.000802289438319703,0.00467377200434654,"ENSMUSG00000028328.13"
24.3186394883657,2.90894249423254,0.951727387662722,3.05648711168899,0.00223947108055377,0.0108782153315284,"ENSMUSG00000028337.14"
480.544401297945,1.30528218523646,0.308572755245668,4.23006296909547,2.33625906162143e-05,0.000223474388211827,"ENSMUSG00000028339.17"
345.824777339131,1.06252359146708,0.345133470240715,3.07858751203127,0.00207984434157363,0.0102282137182569,"ENSMUSG00000028356.4"
11.1812281767645,5.76391567861943,1.77798355174948,3.24182733464993,0.0011876595519717,0.0064489221989556,"ENSMUSG00000028364.15"
315.040482367112,1.41121248878961,0.339078922045312,4.16189977329533,3.15610878776231e-05,0.000290164294002509,"ENSMUSG00000028369.15"
95.9022010164094,1.99450758688455,0.486086805645701,4.10319219472562,4.07488466864079e-05,0.000359815721437084,"ENSMUSG00000028402.17"
30.2047936544875,2.91034381196253,0.876406124100572,3.32077073850816,0.000897692446770479,0.00510528355985364,"ENSMUSG00000028459.11"
132.673726484925,3.4029017608614,0.50121141835673,6.78935402552908,1.12636732624371e-11,4.01609065681956e-10,"ENSMUSG00000028463.14"
69.0613883550976,2.59998469226334,0.628842287990024,4.13455764969894,3.55638974345319e-05,0.0003215560606602,"ENSMUSG00000028476.13"
212.541549983375,1.69813254248796,0.34496001269426,4.92269387754523,8.53609268506762e-07,1.19837970822251e-05,"ENSMUSG00000028494.12"
93.374496310447,1.6658368010593,0.452890835598773,3.67823031538466,0.000234857840760033,0.00164858138886029,"ENSMUSG00000028497.12"
96.5250579197307,1.97540721667538,0.450355608379927,4.38632755964016,1.15280477466989e-05,0.000121086518744319,"ENSMUSG00000028525.16"
118.982701272884,1.35688070813798,0.471380256641592,2.87852681358623,0.00399537314570977,0.0174884898198776,"ENSMUSG00000028551.14"
323.062474565407,1.03958687593133,0.275629025831327,3.77168867754701,0.000162146482629767,0.0012111318330263,"ENSMUSG00000028552.13"
607.585235634619,1.38802861777352,0.245347512203114,5.65739837877148,1.53684756079558e-08,3.05558359169226e-07,"ENSMUSG00000028581.17"
170.678402792295,1.83349817785854,0.371271835346676,4.9384251734218,7.8755986283103e-07,1.11057151475728e-05,"ENSMUSG00000028599.10"
240.93279518736,1.20418683720086,0.302676631455067,3.97845988774202,6.9363110236925e-05,0.000573204013167498,"ENSMUSG00000028600.15"
97.3025921032103,1.03778443866121,0.417985998212135,2.48282105883967,0.0130346546915857,0.0451484433701122,"ENSMUSG00000028641.16"
7.10856533261982,5.10954291033417,1.93021618198794,2.64713505047493,0.00811769270546953,0.0308846445947412,"ENSMUSG00000028654.13"
742.180356083182,1.04139215896255,0.244753332845952,4.25486405783903,2.09176061997811e-05,0.000202903340432393,"ENSMUSG00000028656.14"
38.395118183641,1.99355743031729,0.684647742134879,2.91180019684422,0.00359352417325277,0.0160578962915299,"ENSMUSG00000028664.14"
80.9805041136139,1.64937829159872,0.49178566434631,3.35385598071693,0.00079693830282037,0.0046473407283675,"ENSMUSG00000028698.13"
167.276082777395,2.36370129711241,0.39166033800176,6.0350795517666,1.58884395613173e-09,3.85653548310689e-08,"ENSMUSG00000028699.9"
109.138760955732,1.08973232977902,0.436856526203211,2.49448563639429,0.0126139831611487,0.0440223485669198,"ENSMUSG00000028703.14"
169.683638367586,1.0652398220847,0.354288150186996,3.00670463159002,0.00264096235553727,0.0123990679310621,"ENSMUSG00000028771.13"
131.227690232938,1.38041482819338,0.39475185525559,3.49691789871285,0.00047066666172225,0.00298761176944239,"ENSMUSG00000028832.11"
330.853456307958,2.3982313764591,0.3191656032667,7.51406590156615,5.73187072965953e-14,3.07966613780012e-12,"ENSMUSG00000028893.8"
82.939662491128,1.56563017272436,0.472917107709034,3.31058053769462,0.000931026558557279,0.00527970338215845,"ENSMUSG00000028896.13"
65.2353060657672,1.26868069088073,0.513831293838664,2.4690607716841,0.0135468210001157,0.046520028567888,"ENSMUSG00000028901.13"
38.3452220365312,3.57034570818102,0.869534690683154,4.10604170993564,4.02496833935641e-05,0.00035640082781452,"ENSMUSG00000028926.15"
105.489261238834,1.51518479277472,0.415135010258157,3.64986029926141,0.000262382969877279,0.0018160568002423,"ENSMUSG00000028944.14"
426.856576262349,1.0503551539213,0.281884212474019,3.72619361936814,0.000194393102919029,0.00140883890318546,"ENSMUSG00000028980.14"
144.490522783806,2.37336481251519,0.53409177570106,4.44373967264309,8.84085688870693e-06,9.53248855006836e-05,"ENSMUSG00000029004.15"
98.0173315998029,1.31292789061709,0.472614554590714,2.7780098557356,0.00546929592716241,0.02256509456086,"ENSMUSG00000029084.5"
40.2000812585142,3.00511001806211,0.749153645227583,4.0113400464723,6.03750758888272e-05,0.000509175447702684,"ENSMUSG00000029093.14"
90.6002599550126,1.1769483089073,0.436022853228773,2.6992812422375,0.00694894240546409,0.0272760616955438,"ENSMUSG00000029094.11"
16.5798897034211,2.68504463198837,1.08247343373348,2.48047162019263,0.0131208708197276,0.045397468345925,"ENSMUSG00000029120.10"
217.343642215483,1.60705563730578,0.33579806981523,4.78577985332093,1.70324672696883e-06,2.21827942666031e-05,"ENSMUSG00000029135.10"
310.096887447292,1.6526191687081,0.322291656948163,5.12771315384658,2.9328283973217e-07,4.52544980613252e-06,"ENSMUSG00000029163.9"
46.6576456749011,1.775471093051,0.645683336648924,2.74975516987265,0.00596398072551392,0.0242382293588194,"ENSMUSG00000029167.13"
336.13707466147,1.21107007576922,0.306121792025728,3.95617073765017,7.61607376071507e-05,0.000622241077872855,"ENSMUSG00000029178.14"
178.508325603432,1.33292225949136,0.347208116136602,3.83897206759692,0.000123550483746908,0.000957123737726539,"ENSMUSG00000029192.17"
242.367471586331,1.31852909291306,0.310536017272817,4.24597798507438,2.17642000947555e-05,0.000209703690882598,"ENSMUSG00000029201.14"
36.345794583836,2.19792014703273,0.729443124969428,3.01314807391576,0.00258552728341609,0.0121857292423863,"ENSMUSG00000029209.15"
265.965359766418,1.53028686530648,0.344141457845472,4.44667978943012,8.72076820631068e-06,9.42223422426886e-05,"ENSMUSG00000029231.15"
114.61132672906,1.20960882546543,0.401520880645143,3.01256767399467,0.00259047670076052,0.0122054267856879,"ENSMUSG00000029249.15"
87.7002720251642,3.14355360341176,0.540713385063012,5.81371515899393,6.11013488832224e-09,1.31405207571109e-07,"ENSMUSG00000029298.15"
14.8444332015428,3.17389798465035,1.250112961017,2.53888895133789,0.011120511477919,0.0398058055386215,"ENSMUSG00000029299.14"
3501.41963586705,1.72460764526184,0.200197505295892,8.61453114869175,7.02283894921965e-18,6.83368218048953e-16,"ENSMUSG00000029304.14"
1105.80307799634,2.17029260732278,0.226015342484094,9.60241275423823,7.80945462667355e-22,1.05794748575022e-19,"ENSMUSG00000029309.7"
28.6889479204324,2.29021354560513,0.860135249154834,2.66262026565646,0.00775348570961445,0.029806633154836,"ENSMUSG00000029314.14"
224.505438463829,1.38774581275982,0.324226428783273,4.28017487028317,1.86746521013984e-05,0.000183732610681046,"ENSMUSG00000029338.13"
54.0617457982672,1.43389563953959,0.561590278273859,2.55327717557167,0.0106714535725855,0.0384939779529997,"ENSMUSG00000029366.10"
6.41501470559295,4.96082650025443,1.98196610991281,2.50298250582734,0.0123151631224782,0.0431752566890688,"ENSMUSG00000029380.11"
75.4027087406713,2.3406695462098,0.622754195579879,3.75857691979141,0.000170882506739922,0.00126235492398715,"ENSMUSG00000029385.14"
219.763606406699,2.42097342724612,0.361963643231679,6.68844363934238,2.25556481480013e-11,7.73824725423855e-10,"ENSMUSG00000029413.14"
87.928159845894,1.40022537061024,0.455758974137011,3.07229358074976,0.00212420692908441,0.0104044128016032,"ENSMUSG00000029416.17"
18.2848876565187,3.80520338099955,1.36647464516666,2.78468641511855,0.00535795125950728,0.022173244768457,"ENSMUSG00000029417.9"
59.0810441423709,1.91678698007066,0.572742085877243,3.34668435816936,0.000817842765438222,0.00474654259692267,"ENSMUSG00000029468.17"
142.229425082549,1.08763588334553,0.37821765631882,2.87568775591139,0.00403148298551654,0.0176078824250309,"ENSMUSG00000029561.17"
74.8495012649424,6.04714675523499,1.10057590842784,5.49452946310015,3.91753521766169e-08,7.22010851162067e-07,"ENSMUSG00000029602.11"
1782.46662837365,1.51643944254337,0.266617092714982,5.68770526713557,1.28757792226626e-08,2.60639975324652e-07,"ENSMUSG00000029661.16"
376.008258967589,1.92580790316882,0.281645530889015,6.83770091110625,8.0474185337332e-12,2.9525829573998e-10,"ENSMUSG00000029675.12"
618.600842710074,1.29323459262518,0.24078947200459,5.37081036749202,7.83836019572358e-08,1.34048225672245e-06,"ENSMUSG00000029718.14"
102.973845876078,1.90681661726558,0.466815522497388,4.08473267355039,4.41275897505019e-05,0.000386207784398374,"ENSMUSG00000029771.12"
7.90167269521248,5.26195123166536,1.88809987789789,2.78690300934913,0.00532144034992638,0.0220703405723912,"ENSMUSG00000029811.14"
43.9298102463208,1.84036952456599,0.618797400638447,2.97410674748662,0.0029384283255247,0.0135507969041508,"ENSMUSG00000029816.10"
197.960739952169,1.4905097304718,0.397942542354349,3.74554005121818,0.000180006125193439,0.00131539745703827,"ENSMUSG00000029826.14"
134.978992699378,2.99424590509464,0.434832034886003,6.88598278155752,5.73899325814716e-12,2.16578674146744e-10,"ENSMUSG00000029838.11"
60.1523488676405,1.49533588021765,0.551808016028855,2.70988430175226,0.0067306681959135,0.0266170386490092,"ENSMUSG00000029859.6"
98.9162141923874,6.4638363153714,1.08612739669701,5.95126900861572,2.66071342613173e-09,6.13861831210886e-08,"ENSMUSG00000029866.13"
300.356798531848,1.0809437747783,0.318153801148836,3.39755102995808,0.000679919057430398,0.00406975719798784,"ENSMUSG00000029868.12"
77.7845076178879,1.99714737816729,0.500793439361011,3.98796633740962,6.66421168369381e-05,0.000553513138282521,"ENSMUSG00000029869.7"
25.8975681575292,3.59023937649458,1.07099063506443,3.35226028963231,0.000801546204141162,0.0046724925839049,"ENSMUSG00000029910.14"
33.3449052314647,2.35760813448053,0.73964816793792,3.18747241820845,0.00143522145708262,0.00749530810370987,"ENSMUSG00000029919.5"
118.775192961661,1.41478630763821,0.423288985951853,3.34236503805259,0.000830677397224945,0.00480695025411295,"ENSMUSG00000029999.14"
294.61475553818,1.63890936935055,0.338459075780401,4.84226746046516,1.28365818691594e-06,1.7242357849676e-05,"ENSMUSG00000030017.2"
52.3762817514154,2.37270854016725,0.684492877346492,3.46637433155668,0.00052752827328467,0.00328668362089702,"ENSMUSG00000030031.14"
49.346402160272,1.79921331165869,0.627693133846641,2.86638998364171,0.00415182439108914,0.0180538865840228,"ENSMUSG00000030047.14"
186.409173265828,1.39499923540716,0.415758802475247,3.35530896063279,0.00079276390708435,0.00462810605056609,"ENSMUSG00000030064.16"
280.575698172828,1.15683209491656,0.292677460452097,3.95258347919793,7.73119445011687e-05,0.000629699034092253,"ENSMUSG00000030095.10"
441.266536093154,1.90426789524476,0.297104938468374,6.4094117891866,1.46082138988872e-10,4.26467776759655e-09,"ENSMUSG00000030096.8"
157.812416298603,1.14551551781631,0.361620152906503,3.16773141266958,0.0015363338442165,0.00794223464802073,"ENSMUSG00000030102.10"
32.0491083381775,1.89933495046334,0.732597793125755,2.59260260989798,0.00952527620667066,0.0351854499279982,"ENSMUSG00000030107.10"
220.322462338878,1.22263708305817,0.322851302954378,3.78699751826908,0.000152478622502813,0.00114648300126641,"ENSMUSG00000030203.17"
615.490376536892,2.22707815473487,0.300362226491728,7.4146412508239,1.21954469806448e-13,6.31692270075884e-12,"ENSMUSG00000030208.15"
219.954052306264,1.24798475899119,0.353310371778631,3.53226188268576,0.000412021102866132,0.0026568488529,"ENSMUSG00000030213.12"
129.861780829711,2.15444586260887,0.424334922058097,5.07722968489003,3.82977801666207e-07,5.75374232835012e-06,"ENSMUSG00000030214.6"
1298.17357554948,2.55458879802251,0.237488192018967,10.7566981596226,5.51094734744625e-27,1.14932257180294e-24,"ENSMUSG00000030218.2"
209.376632647165,1.09260012323562,0.376644073996486,2.90088228826299,0.00372113632926778,0.0164979051241663,"ENSMUSG00000030220.13"
78.8050093565992,1.46262593197765,0.469956113804229,3.11226067501898,0.0018566048116765,0.00932715887957927,"ENSMUSG00000030255.13"
271.974635641023,1.86755318981258,0.465935124418296,4.00818288199276,6.11877305722915e-05,0.000514496302159586,"ENSMUSG00000030278.11"
80.2578867281756,1.13913578790871,0.460611302728374,2.47309560395323,0.0133948304396466,0.0461138276430057,"ENSMUSG00000030306.14"
40.1627323856391,1.77924449426026,0.669269732080967,2.65848642030776,0.00784925137865023,0.0300944930700547,"ENSMUSG00000030329.11"
8.6061391397886,5.38371123185135,1.90753410889029,2.82234074177753,0.00476744939929982,0.0202259295982072,"ENSMUSG00000030336.14"
572.170916766466,1.42852017412068,0.24557465647323,5.81705048328717,5.98950574208533e-09,1.29161450356534e-07,"ENSMUSG00000030342.8"
9.55804322524947,5.53708006514928,1.81892428398338,3.04415093795068,0.00233338037905222,0.0112593114098796,"ENSMUSG00000030353.15"
23.3070955760126,2.64867493216423,0.964617677623483,2.74582872946071,0.00603582644985451,0.0244800023618715,"ENSMUSG00000030365.11"
310.686954782384,1.21377879751368,0.292116363641561,4.15512086479016,3.25115634548709e-05,0.000297350421673227,"ENSMUSG00000030447.15"
50.8285329435712,2.43908938743964,0.682221389805008,3.57521681947964,0.000349937766151175,0.00232460754128086,"ENSMUSG00000030468.12"
55.0886105691349,2.28230083693418,0.630153759063353,3.62181579353989,0.000292542407627368,0.00199948131129529,"ENSMUSG00000030498.15"
52.1408823124685,1.8523100885758,0.589760897097112,3.14078145515095,0.00168497716652521,0.00860957062844117,"ENSMUSG00000030499.9"
966.639851767602,1.18628033880242,0.227414790729028,5.21637284452581,1.82460727219943e-07,2.89200252643609e-06,"ENSMUSG00000030536.10"
202.957634001886,1.7854007966482,0.496052393782098,3.59921818547351,0.000319175315571841,0.00214816507508012,"ENSMUSG00000030546.14"
990.535245474053,1.05487252968141,0.22351522213373,4.71946617152666,2.3646436390923e-06,2.9783501332928e-05,"ENSMUSG00000030560.17"
27.518674131829,2.77664042779194,0.903938635115429,3.07171341054294,0.0021283396150382,0.010414999351144,"ENSMUSG00000030562.17"
94.9090368059532,3.07470107696714,0.630159915353081,4.87923938361641,1.06495743219187e-06,1.46017087372328e-05,"ENSMUSG00000030577.13"
7.66369667384726,5.21720336785284,1.91051559769462,2.73078292276092,0.00631840742532463,0.0253215569384059,"ENSMUSG00000030641.10"
459.642261965247,1.0242536779195,0.26615637909701,3.84831534526616,0.000118932894905216,0.000925877398942864,"ENSMUSG00000030654.9"
97.6639654269975,2.27479375946092,0.547327706725587,4.15618235932177,3.23609558728788e-05,0.000296603407597272,"ENSMUSG00000030660.9"
420.058747010671,1.58035096881268,0.345931249262179,4.56839609657508,4.9147059887328e-06,5.66943885890937e-05,"ENSMUSG00000030707.15"
145.533451811878,2.36266414692626,0.488022366299649,4.84130300182916,1.28990511370359e-06,1.73115969959373e-05,"ENSMUSG00000030724.7"
160.729245853248,1.11150217411605,0.35581422580467,3.12382724890328,0.00178515231484557,0.00901965705779479,"ENSMUSG00000030737.17"
34.3558275713296,2.23788088512546,0.808456934381499,2.76808917080726,0.00563860256948207,0.0231114173070315,"ENSMUSG00000030745.9"
153.549826856943,1.25954787452116,0.407149957694139,3.09357240672332,0.00197762288628484,0.0098168878006936,"ENSMUSG00000030748.9"
193.499618576581,1.04796962558262,0.387730597628898,2.70282931497102,0.00687520413163077,0.0270267821146696,"ENSMUSG00000030759.16"
134.304536050793,2.39595545676392,0.428821174413348,5.58730678363008,2.30618116800301e-08,4.43604023214171e-07,"ENSMUSG00000030772.6"
52.6251450299963,2.02889576491157,0.607572082188099,3.33934988850169,0.000839747221699978,0.00484881364806727,"ENSMUSG00000030774.13"
89.3114785324359,1.64546228189643,0.448197552322777,3.67128796971079,0.00024133124008778,0.00168655209673339,"ENSMUSG00000030786.18"
173.889284604759,1.21095665278526,0.386451404037681,3.13352892532688,0.00172717894269521,0.00878837439541544,"ENSMUSG00000030787.4"
219.878467411341,1.7015182138286,0.454529520406712,3.74347129820322,0.000181495342809095,0.001325058122305,"ENSMUSG00000030798.15"
1443.12301612823,1.41898381498048,0.24057120901695,5.89839416270509,3.67056288789704e-09,8.21729121089945e-08,"ENSMUSG00000030827.5"
93.9851931248412,1.64140957814443,0.503151214125355,3.26225900298729,0.00110528107855167,0.00608030981850599,"ENSMUSG00000030830.18"
84.9663812566925,1.39099605356182,0.451245015920979,3.08257377806784,0.0020521885281993,0.0101141754266041,"ENSMUSG00000030844.11"
184.49188190923,1.47083854621181,0.367906245717539,3.99786239927292,6.39170874515817e-05,0.000534327972630575,"ENSMUSG00000030849.18"
349.49322237266,3.79927776904453,0.342402313030712,11.0959465647761,1.31263007746426e-28,3.1428421223794e-26,"ENSMUSG00000030862.13"
53.5645868996239,1.67091841755171,0.614222009530913,2.72038186783278,0.00652065659367854,0.0259353593500138,"ENSMUSG00000030865.4"
92.1862909552183,2.06552632755761,0.470520316301164,4.38987702761708,1.13414779068554e-05,0.000119284953433084,"ENSMUSG00000030921.17"
24.3693788879328,2.34293910453518,0.876968733978829,2.67163356429506,0.00754830261122004,0.0291379923009833,"ENSMUSG00000030963.6"
114.207569154746,1.01329895908818,0.398957089123625,2.53986954164434,0.0110893824695094,0.0397245593375452,"ENSMUSG00000030978.10"
55.3984842190034,1.94662604516797,0.69263875392118,2.81044921923252,0.00494723952127441,0.0208769292897229,"ENSMUSG00000031004.8"
235.519725837454,2.22698063800146,0.456489406081522,4.87849358239818,1.06899141620512e-06,1.46443508615827e-05,"ENSMUSG00000031010.17"
155.363519333516,1.52183357368286,0.381063605849179,3.99364712432072,6.50646747871279e-05,0.000542776365987357,"ENSMUSG00000031015.8"
91.3802821245167,1.96539720017179,0.456697185462047,4.30350188863846,1.68119414235887e-05,0.000168013412083154,"ENSMUSG00000031093.14"
81.3919136832838,1.61512703732781,0.530983031237534,3.04176770689549,0.0023519332086296,0.0113238582493254,"ENSMUSG00000031101.6"
94.0805144403003,2.24848723107571,0.464741633825119,4.83814461073615,1.31056776974107e-06,1.7516625547866e-05,"ENSMUSG00000031103.12"
150.296924427553,3.16725070939757,0.427738645137918,7.40464006560907,1.31506661890028e-13,6.65936291040558e-12,"ENSMUSG00000031133.12"
144.010080912216,1.22552998410429,0.386582647004235,3.17016294859936,0.00152353472746702,0.00788893349570477,"ENSMUSG00000031148.14"
92.997731804322,2.03528798178319,0.454387124514356,4.47919377988204,7.4925492217885e-06,8.22986175782036e-05,"ENSMUSG00000031150.12"
574.325975417905,2.19213018845573,0.366789273929096,5.9765384221118,2.27928815377528e-09,5.35210625738344e-08,"ENSMUSG00000031207.16"
51.3611781308502,2.57779909561334,0.630202636844418,4.0904289269893,4.30576145925433e-05,0.000378095950854189,"ENSMUSG00000031209.14"
123.720840837388,1.07305834255316,0.428177891196825,2.50610403903338,0.0122069695610284,0.042862310044816,"ENSMUSG00000031216.13"
45.3662591095724,3.53935675607326,0.791506680579573,4.47167009820006,7.76110917280736e-06,8.50716323575357e-05,"ENSMUSG00000031264.13"
39.9936160640736,1.74748349886679,0.657276890032325,2.65867174910235,0.00784493542289115,0.0300852229501149,"ENSMUSG00000031273.16"
107.131468043037,1.88291005381904,0.460262286295795,4.09095011666664,4.29609538100292e-05,0.000377665622789219,"ENSMUSG00000031274.16"
47.7503928225952,1.98448238074603,0.70632685753711,2.80958080465143,0.0049606064801844,0.0209166301439007,"ENSMUSG00000031283.16"
333.326588933514,1.13535467643672,0.287150159776023,3.95387095491188,7.68968936725964e-05,0.000626640495995194,"ENSMUSG00000031297.14"
44.2151758856928,1.93375957790496,0.689484493379336,2.80464549453044,0.00503719477863722,0.0211832149751658,"ENSMUSG00000031304.18"
1048.72009382151,1.3677602363328,0.226842704117521,6.02955356952631,1.64413212713087e-09,3.9724838742415e-08,"ENSMUSG00000031328.15"
85.2543361327651,2.11041972525431,0.562197984828172,3.7538728031893,0.000174123245792701,0.00128245977965349,"ENSMUSG00000031337.16"
65.6316524374437,1.63475519141618,0.553634849846282,2.9527678611093,0.00314938700781474,0.014377241956758,"ENSMUSG00000031342.17"
139.210027966272,2.15963666482482,0.425249077415928,5.07852169356388,3.80383004655269e-07,5.72561312800191e-06,"ENSMUSG00000031343.13"
84.4140799978127,1.43769895757456,0.487699252853241,2.94792118126783,0.00319918621042848,0.0145584557666642,"ENSMUSG00000031367.15"
1613.87430777773,2.32225751702441,0.213973959626632,10.8529912755579,1.93003630015834e-27,4.24876046632079e-25,"ENSMUSG00000031375.17"
61.0548393982507,1.3907671131225,0.518989547926851,2.67975938759855,0.00736750972357725,0.0285373971453322,"ENSMUSG00000031380.10"
228.347424500714,1.13351845337606,0.344290657341082,3.29232998109823,0.000993609545961271,0.00559258213902207,"ENSMUSG00000031381.16"
197.798148630106,1.87474292740899,0.356582905892534,5.25752327559413,1.46008419718905e-07,2.36629187376753e-06,"ENSMUSG00000031382.14"
50.5942132167005,2.02815951356263,0.595628396879457,3.40507525193278,0.000661458235940384,0.00397879052738333,"ENSMUSG00000031387.14"
75.355156869095,1.69662817759147,0.55745372270116,3.04353188166078,0.00233818664138709,0.0112741219990927,"ENSMUSG00000031389.17"
9.24088790538724,5.48953034144605,1.85889583315356,2.95311347927078,0.00314586294697945,0.0143717555299446,"ENSMUSG00000031433.15"
1908.40325267342,1.10114537465587,0.222105213249888,4.95776464921146,7.13088705614945e-07,1.01915743769133e-05,"ENSMUSG00000031451.6"
147.76067286554,2.21073913231109,0.521310094492253,4.24073724193718,2.22786818312864e-05,0.00021414014980345,"ENSMUSG00000031453.16"
74.4422478477729,2.5739783120928,0.608621929677145,4.22919087627719,2.34533297175299e-05,0.000224207042233323,"ENSMUSG00000031486.15"
1285.75766990502,1.08644236467924,0.285328957462015,3.80768350448227,0.000140274641920592,0.00106686807794692,"ENSMUSG00000031502.11"
835.186546985034,1.08037647212161,0.296669602726813,3.64168240423498,0.000270862106140153,0.00186903107632626,"ENSMUSG00000031503.13"
41.9652781504025,2.23717703257601,0.697825786544078,3.20592485361632,0.0013462914175178,0.00712240285969865,"ENSMUSG00000031506.11"
32.5593076851588,4.92193563637863,1.20535930533476,4.08337631326591,4.43860584768559e-05,0.000388041382712723,"ENSMUSG00000031530.6"
212.266777456343,1.7985542455227,0.33462790754034,5.3747885486983,7.66726065611282e-08,1.31664226868243e-06,"ENSMUSG00000031538.6"
170.660311953361,2.23190903041077,0.376540789728983,5.92740306307105,3.07762914091586e-09,6.98859912371294e-08,"ENSMUSG00000031548.7"
98.3009607025165,1.76188677605448,0.451635314784867,3.90112712265146,9.57458527805105e-05,0.000762598877673915,"ENSMUSG00000031557.16"
56.1171005636581,3.12636497651071,0.734883451745559,4.2542323807737,2.0976737016762e-05,0.000203228167307872,"ENSMUSG00000031558.15"
15.9462621428802,3.88254462031065,1.35615838664459,2.86289909685021,0.00419784223412227,0.0182187187023929,"ENSMUSG00000031561.15"
763.260683182538,1.07754595456642,0.247308661855757,4.357089422104,1.31803428983044e-05,0.000136008095662842,"ENSMUSG00000031565.18"
206.669115229254,1.14026105900139,0.320314890646815,3.55981283511001,0.00037111920020628,0.00243873935458936,"ENSMUSG00000031586.16"
157.878197703119,1.12715328401054,0.358152362697124,3.14713345885067,0.001648796861048,0.00845274799064324,"ENSMUSG00000031592.10"
100.700638133354,1.63881008669679,0.511990431375619,3.20086077056876,0.001370177217822,0.00721745061564595,"ENSMUSG00000031613.9"
27.0440894267965,2.11093391839449,0.821167658236089,2.57064912045963,0.0101508114817696,0.0369947946622322,"ENSMUSG00000031616.7"
131.978239616483,1.03793403106524,0.375885498178566,2.76130373769346,0.0057571106981511,0.0235120341576127,"ENSMUSG00000031627.9"
427.500901945076,11.019860165552,1.46569459019838,7.51852414496561,5.53980161086938e-14,2.98659372558774e-12,"ENSMUSG00000031635.14"
59.0421221128084,2.67888038411929,0.63640155075814,4.20941837889609,2.56028910588169e-05,0.000242127579524014,"ENSMUSG00000031639.12"
187.420679567426,2.03092210511971,0.359951443505817,5.64221130866749,1.67879879138807e-08,3.29318822320557e-07,"ENSMUSG00000031659.13"
77.8186818875625,1.39726271961767,0.490356855746614,2.84948135881614,0.00437905718059388,0.0188762731336451,"ENSMUSG00000031661.12"
41.7337216592615,1.57136067717783,0.633976744489816,2.47857778827891,0.0131907344749644,0.0455695600322985,"ENSMUSG00000031662.8"
37.8756883446942,4.14041033357183,0.951692859664414,4.35057412853956,1.35781541573042e-05,0.000139567926973587,"ENSMUSG00000031665.7"
1891.21234831873,1.29138708120116,0.294785155008024,4.38077379156359,1.18258593201685e-05,0.000123886232798857,"ENSMUSG00000031668.14"
270.056155901454,2.28236985375832,0.330180285336526,6.91249585489966,4.76199920133601e-12,1.84994331718568e-10,"ENSMUSG00000031673.6"
6.65109840305426,5.0128508305928,1.9679393853228,2.54725875602644,0.010857289388735,0.0390045414350521,"ENSMUSG00000031698.14"
18.5175665320484,4.10818187328342,1.34587692210095,3.05242017737435,0.00227004097275297,0.011009837643248,"ENSMUSG00000031725.8"
369.824198624693,1.51118488394604,0.280960439923117,5.37863937129214,7.50508712887213e-08,1.29299598905025e-06,"ENSMUSG00000031740.8"
117.807140679137,1.37356802999907,0.392360668631832,3.50077910405424,0.000463900189296648,0.002947021242626,"ENSMUSG00000031749.12"
82.6607566956311,1.68102680476167,0.476519813051493,3.52771649513768,0.000419160832781164,0.00269481508267365,"ENSMUSG00000031778.12"
6.688068629384,5.02232920974722,1.96153704476925,2.56040497585302,0.0104550250861628,0.0379203999120549,"ENSMUSG00000031779.3"
618.95186556124,1.32131769195031,0.240187084170275,5.50120210049925,3.77210523857646e-08,7.01735540275081e-07,"ENSMUSG00000031788.13"
29.9483993665754,3.79641231726254,0.996645353502441,3.80919080585795,0.000139422336800607,0.00106191448259953,"ENSMUSG00000031803.7"
168.301711704707,1.02056653551751,0.411486688025501,2.48019332147694,0.0131311167351905,0.0454230031106001,"ENSMUSG00000031805.17"
44.9903964342684,2.49344648602892,0.734805547942158,3.3933419433371,0.000690453908878635,0.0041170966305419,"ENSMUSG00000031822.19"
361.106781003864,1.00560542203997,0.277290637328347,3.62653940186667,0.000287245005363905,0.00197007067720376,"ENSMUSG00000031827.12"
30.6154003382803,2.16986739527278,0.887187584463932,2.44578196682484,0.0144538379033826,0.049041674487729,"ENSMUSG00000031861.15"
153.744840673642,1.07170045855564,0.36551774668939,2.93200663514255,0.00336779551574906,0.0151775828617068,"ENSMUSG00000031877.8"
85.0591904776898,4.19609699125739,0.651350092526865,6.44215305931552,1.17790399872712e-10,3.54265244398953e-09,"ENSMUSG00000031880.6"
98.0211999012451,1.32084096345335,0.42386686805397,3.11616939893772,0.00183216990350727,0.00922487070222052,"ENSMUSG00000031906.8"
19.9208521891533,2.38362271273445,0.948490677711733,2.51306920431208,0.0119685854065898,0.0422123005550621,"ENSMUSG00000031934.13"
371.172238914026,1.09970447944378,0.29315697294568,3.75124790106068,0.000175956617426978,0.00129295891804246,"ENSMUSG00000031955.9"
14.7843870687366,3.47793473858795,1.34594437014096,2.58401076281013,0.00976587467695958,0.0358391094303796,"ENSMUSG00000031963.7"
890.172887538235,5.84321695132029,0.36409214008724,16.0487313731084,5.83444597861945e-58,5.77974804756989e-55,"ENSMUSG00000031980.9"
209.543907863759,1.06638273142342,0.366660886547332,2.90836238755932,0.00363327042230846,0.0161898611733453,"ENSMUSG00000031983.6"
12.3597543401672,5.90755689052206,1.74124986772144,3.39271060405165,0.000692047099344191,0.00412281397013179,"ENSMUSG00000031994.13"
157.208164036774,1.66161002690338,0.399883833943474,4.15523180949161,3.2495791227527e-05,0.000297350421673227,"ENSMUSG00000032000.17"
180.983896813726,2.12885881029846,0.363245244780761,5.86066532428618,4.61016293032273e-09,1.01487614507799e-07,"ENSMUSG00000032006.14"
195.689830605969,1.05127022873956,0.328868216795846,3.1966306716473,0.00139042831743073,0.00730399055302934,"ENSMUSG00000032009.8"
26.3843724308176,2.10579141360221,0.803676699007771,2.62019717157664,0.00878789408753789,0.0329442103328939,"ENSMUSG00000032024.10"
287.818224458912,1.46034610658047,0.317260519058949,4.60298719459993,4.1647384519143e-06,4.92252829700534e-05,"ENSMUSG00000032035.15"
85.092282729556,3.96376285872077,0.643028153915092,6.16421354895163,7.08342970357567e-10,1.84355272252339e-08,"ENSMUSG00000032036.15"
73.3020124154938,2.12856637195309,0.680813075678209,3.12650630253049,0.0017689671274119,0.00895786868034463,"ENSMUSG00000032053.7"
83.632931958857,1.70945988614543,0.529497879439378,3.22845464075394,0.00124460995191546,0.00667582664563791,"ENSMUSG00000032068.14"
137.759805822121,1.37490153001155,0.391496525735662,3.51191246826001,0.000444894502194526,0.00284452515521712,"ENSMUSG00000032076.18"
95.1763227900384,1.98710704964864,0.46934024225707,4.23383053644109,2.29744094810814e-05,0.000220159849017618,"ENSMUSG00000032089.16"
96.0247244178869,1.26518363829511,0.464531333102028,2.72357007620244,0.00645805134219606,0.0257639350047338,"ENSMUSG00000032092.4"
30.0786245775736,2.93279834707027,0.865490922308285,3.38859515620156,0.000702516486803181,0.00417193192799941,"ENSMUSG00000032122.14"
170.026756182197,1.22629303899116,0.429475026991283,2.85533025652745,0.00429920973608376,0.018577555702543,"ENSMUSG00000032135.14"
124.732476897066,1.37095082925428,0.41155408058089,3.33115596210162,0.000864861320834673,0.00496488661181803,"ENSMUSG00000032185.14"
137.696970198984,1.05779719517447,0.365608678496897,2.89324968850116,0.00381278062359574,0.0168335857615578,"ENSMUSG00000032253.13"
14.2420638689623,3.41232208298212,1.36002352921195,2.50901694690485,0.0121067675925786,0.0425859445944011,"ENSMUSG00000032258.15"
136.99444932461,1.27808770457929,0.473528876151336,2.69907025515973,0.0069533495663259,0.0272866032746387,"ENSMUSG00000032265.14"
289.022836924781,3.61966725523525,0.355683235620296,10.1766597149925,2.52065661475268e-24,4.29595777890646e-22,"ENSMUSG00000032300.6"
40.4836140533111,1.87951574413319,0.642213635786888,2.92662073708582,0.00342666470316711,0.0154074117075619,"ENSMUSG00000032322.14"
27.3190939744896,2.00487420104631,0.787376106147357,2.54627259500697,0.0108880126730445,0.0390883354173851,"ENSMUSG00000032332.17"
70.2127983839908,1.8118564927154,0.511912988661276,3.53938370943403,0.000401062431266936,0.00259462838186977,"ENSMUSG00000032369.13"
113.097773158498,1.09779048063856,0.393637253570498,2.7888378721298,0.00528975385396773,0.0219828145064875,"ENSMUSG00000032372.14"
44.1971288984021,1.92761956899817,0.637571820378594,3.02337635915831,0.00249971151084141,0.0118730678594056,"ENSMUSG00000032374.14"
73.8661440299555,2.01496941931459,0.511482470602026,3.93946916097228,8.1662097901668e-05,0.000662068670967487,"ENSMUSG00000032377.8"
80.4582082646967,1.38170201358877,0.467736465864531,2.95401815856912,0.00313665548811402,0.0143402439776096,"ENSMUSG00000032413.12"
414.012455737687,3.48219378136089,0.334265803796161,10.4174394802418,2.06436074806311e-25,3.99025827521956e-23,"ENSMUSG00000032418.15"
517.094966827651,1.70591097106975,0.288869185392071,5.90547921805637,3.51623112583957e-09,7.90528558078826e-08,"ENSMUSG00000032440.12"
53.4900216677788,1.41282119607199,0.557342438524225,2.53492484766272,0.0112471452134311,0.0401593267927199,"ENSMUSG00000032470.16"
16.3305014386344,2.88632638032667,1.16659452172655,2.47414703787133,0.0133554717094141,0.0460083083230197,"ENSMUSG00000032489.17"
39.7409395773513,1.73606224313023,0.659356512973065,2.63296442663812,0.00846432121947944,0.03196556857964,"ENSMUSG00000032492.14"
125.520489673186,1.07345466795395,0.40032607606509,2.68145077758916,0.00733036976168791,0.028435232678109,"ENSMUSG00000032555.9"
172.676956351903,1.64306676932064,0.371221309545854,4.42611112850913,9.594710862581e-06,0.000102546302880586,"ENSMUSG00000032560.13"
46.0136570226813,1.83867331678538,0.607309189697675,3.02757367742236,0.00246525609543793,0.0117543719406715,"ENSMUSG00000032584.12"
127.084925497912,1.45439947295072,0.406269477774554,3.57988860230794,0.000343740714013311,0.00228631570168316,"ENSMUSG00000032596.14"
100.923621903148,1.39751976449277,0.447568822560706,3.12246897917743,0.00179341004010666,0.00905039327702877,"ENSMUSG00000032602.6"
37.385183355598,1.64458266011803,0.666982643169105,2.46570533275641,0.0136743774919686,0.0468928782448512,"ENSMUSG00000032625.14"
55.7702239665344,2.10163552856126,0.572290750989219,3.6723213243068,0.0002403571970618,0.00168048591681938,"ENSMUSG00000032643.12"
64.4040839984466,1.29053281728903,0.504208133737013,2.55952399602136,0.0104815619399401,0.0380079516696523,"ENSMUSG00000032688.7"
52.3674746507459,2.26519548452416,0.627808958323451,3.60809678564211,0.000308451429838487,0.00208573172480376,"ENSMUSG00000032690.16"
112.29669548137,1.31854611235527,0.411218089914165,3.20643995168232,0.00134388349764284,0.00711441330582468,"ENSMUSG00000032698.15"
108.910304853885,1.05391426264559,0.421304005176697,2.50155291593672,0.0123649962582281,0.0433281046674998,"ENSMUSG00000032712.16"
330.633859373748,2.67572654800744,0.305758880424564,8.75110003114886,2.11282983185665e-18,2.160538892576e-16,"ENSMUSG00000032715.9"
15.968590203851,3.60773833562297,1.32861228851194,2.71541846091434,0.00661920739989085,0.0262482955437253,"ENSMUSG00000032719.4"
210.454531314567,2.93215591572007,0.395638630559763,7.41119721188892,1.25164292030233e-13,6.44108450869867e-12,"ENSMUSG00000032816.14"
67.2745603071775,1.73326969516476,0.51804949301606,3.34576081731833,0.0008205714543454,0.00476063599977108,"ENSMUSG00000032849.13"
8.84600748505772,5.42441920242891,1.85137713225207,2.92993745462898,0.00339030235789255,0.0152659921513059,"ENSMUSG00000032854.12"
283.027917215036,1.53241447024428,0.427227622923487,3.58688059484095,0.000334657473394339,0.00223716615491365,"ENSMUSG00000032855.5"
123.192666358362,1.63269907733097,0.436373950993247,3.74151361146725,0.000182915268664161,0.00133480985650412,"ENSMUSG00000032875.8"
12.6667066613282,3.53931652753574,1.41487958922189,2.50149663229094,0.0123669618621936,0.0433281046674998,"ENSMUSG00000032878.16"
64.9936451895739,1.30875625065559,0.508841649397043,2.57203051716858,0.0101103979272787,0.0368559814046382,"ENSMUSG00000032883.15"
129.604694293396,1.03271015485811,0.410701034182881,2.514505854393,0.0119199323525117,0.04208753125135,"ENSMUSG00000032905.4"
101.658932631974,3.47375253928514,0.530124461949689,6.55271127559252,5.65016955088692e-11,1.78396787612665e-09,"ENSMUSG00000032925.16"
38.4667346528464,1.86501250855917,0.720324757051499,2.58912732111723,0.00962195110098565,0.0354422321521316,"ENSMUSG00000033033.10"
182.069564625352,2.18970650018712,0.401839832897399,5.44920219680217,5.05962659600181e-08,9.00057031948694e-07,"ENSMUSG00000033149.16"
27.9161002155816,7.08357494409,1.58992264370302,4.45529533914427,8.37777833653486e-06,9.08882865394097e-05,"ENSMUSG00000033187.7"
81.5397957679335,1.25937290143212,0.510678950007738,2.4660756066273,0.0136602497031569,0.0468647094794451,"ENSMUSG00000033209.17"
196.535627660736,1.48338392968066,0.410809088930617,3.61088391092338,0.000305155236621798,0.00206785399762954,"ENSMUSG00000033220.6"
279.352864794365,1.34309480591945,0.312135024843465,4.30292885776917,1.68554985131037e-05,0.00016834256549004,"ENSMUSG00000033326.15"
62.2070120072278,2.35396530843938,0.590590193022306,3.98578462062352,6.72575006751513e-05,0.000558131615550339,"ENSMUSG00000033355.6"
127.001779284324,1.18853512570267,0.377245970780096,3.1505575082616,0.00162959171568583,0.00837786353996787,"ENSMUSG00000033377.14"
193.344081515315,1.00838024772503,0.407648867731203,2.47364908269522,0.0133740990971956,0.0460624664690462,"ENSMUSG00000033382.13"
122.943829838184,1.08592639279013,0.426302286591786,2.54731543072857,0.010855526064459,0.0390045414350521,"ENSMUSG00000033392.15"
52.7516270861683,1.85005801237866,0.576778145406245,3.20757301072078,0.00133860078234467,0.00709830123792675,"ENSMUSG00000033411.16"
153.659997958681,1.85359365270051,0.387249061939459,4.78656718603051,1.69658161383494e-06,2.21323609706039e-05,"ENSMUSG00000033420.12"
207.063985653125,2.27088431377902,0.341751104121054,6.64484850639908,3.03529103617908e-11,1.01070090175291e-09,"ENSMUSG00000033436.13"
81.0361452054548,1.22268590503475,0.485101239945071,2.52047573651471,0.0117196317837384,0.0415190352642497,"ENSMUSG00000033446.7"
25.4477002632437,2.35521104861839,0.842459135158427,2.79563832870716,0.00517973299533568,0.0216195678909702,"ENSMUSG00000033450.7"
22.4749740365325,2.35173210854937,0.888762337747939,2.64607534395358,0.00814316768244927,0.0309741319334823,"ENSMUSG00000033458.17"
169.651932852389,1.01717466471232,0.3783864388565,2.68819006248286,0.0071840493011711,0.0280047175168623,"ENSMUSG00000033526.16"
191.333050501493,1.25967470700665,0.340208764258446,3.70265213405765,0.00021335734001555,0.00152263904243155,"ENSMUSG00000033565.16"
34.251440376136,2.98553771726084,0.897074391883145,3.32808264763147,0.000874459199957542,0.00500221323169065,"ENSMUSG00000033624.10"
91.5496754977177,1.19636890453364,0.437935530905018,2.73183795354828,0.00629821099605417,0.0252917771186872,"ENSMUSG00000033658.16"
1130.82981315127,1.3969386904087,0.242030176873672,5.7717542021127,7.84504968432852e-09,1.6361057565343e-07,"ENSMUSG00000033685.13"
51.522522875803,1.74850371601666,0.703260084760215,2.48628317447141,0.0129085204491258,0.0447898531345543,"ENSMUSG00000033705.16"
42.7460737974143,2.1869556464903,0.649738900504599,3.36589920165142,0.000762945823184983,0.00447214914847706,"ENSMUSG00000033715.14"
20.405056606683,3.2234546287231,1.08532608804925,2.97003330539753,0.00297767464172728,0.0137158218748554,"ENSMUSG00000033721.16"
30.4990629808114,3.08912797382222,0.858424463884323,3.59860197814504,0.000319932396917852,0.00215234655821221,"ENSMUSG00000033777.3"
19.7427059076184,2.64712532772307,1.00733320080037,2.62785474123141,0.00859251985664943,0.0323111363529996,"ENSMUSG00000033792.12"
28.4935310574461,3.56956945564758,1.00039724173499,3.56815203674178,0.000359507886806036,0.00237326114363835,"ENSMUSG00000033849.3"
31.9890091923665,3.2974353636191,0.903165415282359,3.65097612001475,0.000261245532009174,0.00181134806751768,"ENSMUSG00000033855.15"
165.187354211535,1.53931348574583,0.527379694301703,2.91879551370293,0.00351386642354478,0.0157463338459668,"ENSMUSG00000033863.1"
693.651578809452,1.43177444366291,0.247811876306058,5.77766677289755,7.57436307744977e-09,1.58801130658173e-07,"ENSMUSG00000033880.11"
55.2693981994101,1.60223318806554,0.553747510397087,2.89343637304409,0.0038105148596898,0.0168282698595941,"ENSMUSG00000033902.11"
68.355352005603,1.46279121588372,0.516677483051896,2.83114953499299,0.00463810314631996,0.0197912268216329,"ENSMUSG00000033910.13"
124.539260672848,2.4253104258845,0.423683303159778,5.72434742600625,1.03832072488717e-08,2.12902761830035e-07,"ENSMUSG00000033960.5"
76.0906598616625,1.26797974960811,0.476826807325746,2.65920399215702,0.0078325523100874,0.0300450034159935,"ENSMUSG00000033965.10"
112.927695805149,1.16536872055057,0.400838884409387,2.90732452832682,0.00364534796357665,0.0162254325253271,"ENSMUSG00000033991.8"
87.4812471805722,1.3603623620378,0.501783990700904,2.71105174188124,0.00670701592183242,0.0265566331154244,"ENSMUSG00000034037.14"
18.4180097964826,4.10386206524358,1.36441268947313,3.00778649810732,0.00263157945274631,0.0123623397528242,"ENSMUSG00000034040.16"
252.101971840233,1.17001503055769,0.358383415955628,3.26470193225278,0.00109579323092409,0.00604115572526846,"ENSMUSG00000034109.15"
72.4193361023915,1.7645535871376,0.520936385255896,3.3872726825768,0.000705911883188832,0.00418895670106439,"ENSMUSG00000034116.17"
116.630876038599,1.11332794182531,0.396391899518569,2.80865462482327,0.00497489856880285,0.0209657384513494,"ENSMUSG00000034118.15"
34.1501376563269,2.01791663583106,0.720303983165817,2.80147921293187,0.00508689182059429,0.0213468984263753,"ENSMUSG00000034127.14"
164.519397892202,4.0063907235714,0.469646831128479,8.53064570657219,1.45533104053725e-17,1.39799981772821e-15,"ENSMUSG00000034161.7"
21.5522895154676,3.30545936919632,1.06982267130734,3.08972641714257,0.00200340941198604,0.00992003723210832,"ENSMUSG00000034209.4"
54.7272934729076,1.88642726413388,0.566208281496451,3.33168433910606,0.000863221087174553,0.00495936819759999,"ENSMUSG00000034218.15"
80.284687803131,1.54104575089552,0.468344378770166,3.29041154490245,0.00100040949458816,0.00562885711367495,"ENSMUSG00000034255.17"
29.4803210520988,2.25765802061635,0.806966287191662,2.79771045761188,0.00514662258146991,0.0215177968652857,"ENSMUSG00000034317.14"
8.5805228568823,5.38210372490934,1.86738466433261,2.88216125349454,0.00394957552764423,0.0173170402730393,"ENSMUSG00000034324.16"
134.634487136191,1.14494086175648,0.386048498578097,2.96579540128651,0.00301901258489003,0.0138820276966948,"ENSMUSG00000034330.9"
175.66288555103,1.08466184540552,0.363226454091615,2.98618625705039,0.00282480533729145,0.01312226394961,"ENSMUSG00000034342.9"
104.033894423537,1.31497048640338,0.432877912920918,3.03773985032035,0.00238359632070825,0.0114415510851683,"ENSMUSG00000034349.14"
56.9710496305742,1.79029944531349,0.5508726931081,3.24993318367692,0.00115432126128475,0.0063046147454732,"ENSMUSG00000034401.16"
171.791327738169,1.98247734288193,0.370368996722055,5.35270867817722,8.66472876268947e-08,1.46726443257081e-06,"ENSMUSG00000034422.14"
51.2722604395639,2.2254183240172,0.635337020936105,3.50273673764243,0.000460504360522093,0.00292897035083273,"ENSMUSG00000034445.7"
14.5189024405612,3.44050773785147,1.3719511795184,2.50774793535962,0.0121503307305125,0.042691807155536,"ENSMUSG00000034450.7"
44.9340098026541,2.23077644388683,0.688111020932803,3.24188448669634,0.00118742141065809,0.0064489221989556,"ENSMUSG00000034457.10"
51.3998201275162,1.7357907142709,0.663778694531351,2.61501420363669,0.00892237450077836,0.0333851831532901,"ENSMUSG00000034459.8"
592.077339435523,2.18858752991694,0.260861147061712,8.38985626862702,4.86736879378437e-17,4.30993270287611e-15,"ENSMUSG00000034463.3"
239.247738633611,1.74416920675146,0.365867643892537,4.76721359723125,1.86791249371005e-06,2.4109456860997e-05,"ENSMUSG00000034573.14"
123.6161159319,2.35343561458243,0.459785039655456,5.1185563069777,3.07883322059281e-07,4.72863435527093e-06,"ENSMUSG00000034593.16"
140.015872794403,1.05016161085356,0.368188765831594,2.8522369727432,0.00434127236006558,0.0187286790710505,"ENSMUSG00000034595.17"
16.1032248418426,3.62237568778589,1.32490741831464,2.73405948046827,0.00625587423886801,0.0251727866682046,"ENSMUSG00000034607.6"
104.794785507646,2.2461080321046,0.441624919942189,5.0860083538733,3.65677952519497e-07,5.53053010251338e-06,"ENSMUSG00000034610.14"
56.6707903532804,1.91838964108754,0.634200848401246,3.02489289619148,0.00248721188074286,0.0118378371292331,"ENSMUSG00000034634.7"
45.7985690751504,2.30819486272937,0.638188546773325,3.61679142378782,0.000298277462799044,0.0020307980177684,"ENSMUSG00000034641.2"
69.4695288685098,1.30188601578954,0.494551061172438,2.63246026144024,0.00847689389129402,0.031974956729417,"ENSMUSG00000034663.13"
144.95326593667,1.0921080877427,0.382407290063088,2.85587674743996,0.00429181705302611,0.0185658570661746,"ENSMUSG00000034674.18"
240.127241289549,1.12171911217891,0.334432256720024,3.35409964092661,0.000796236849015527,0.00464495916705782,"ENSMUSG00000034684.12"
94.2213492342793,1.2249607699487,0.43273882714509,2.83071611121688,0.00464439234913921,0.0197992519456311,"ENSMUSG00000034723.11"
78.6657606519556,1.63687288842674,0.523617909537294,3.12608270002299,0.00177151726060856,0.00896378077051784,"ENSMUSG00000034751.16"
391.274483957657,1.16600601970961,0.33820960478462,3.44758399292697,0.000565624505712187,0.00347970270022637,"ENSMUSG00000034807.8"
133.48916246522,1.56548541614924,0.395824210286857,3.9550016786864,7.6534114383836e-05,0.000624647637993718,"ENSMUSG00000034810.7"
18.0060984610179,4.07932497135407,1.43394493867438,2.84482678611442,0.00444355795939586,0.0190920015333219,"ENSMUSG00000034855.13"
116.287055364383,1.33667396943209,0.41405037499793,3.22828827153888,0.00124533409015548,0.00667745105851297,"ENSMUSG00000034858.15"
8.15624150583866,5.30820011752441,1.87512282424043,2.83085462397624,0.00464238161841384,0.0197960044799191,"ENSMUSG00000034919.2"
103.618821192084,1.08095080095234,0.407176345937808,2.65474851802282,0.00793675531960264,0.0303638840974419,"ENSMUSG00000034947.13"
186.958075657441,1.44382495653297,0.357865178087805,4.03455000636782,5.47070388070374e-05,0.000468610836252305,"ENSMUSG00000035000.8"
122.008418749005,1.03375622165563,0.385259264630626,2.68327413916123,0.00729052015957609,0.0283401727757564,"ENSMUSG00000035021.13"
73.5517169191653,1.74270297924701,0.511811985679651,3.40496711293859,0.000661720223412945,0.00397885642681911,"ENSMUSG00000035078.5"
111.805847502843,3.53468249287902,0.518174185093172,6.82141757456222,9.01464873096708e-12,3.28464787093858e-10,"ENSMUSG00000035095.11"
38.4441837325759,2.23060273016165,0.714692532271874,3.12106623399433,0.00180197499881106,0.00909016668719138,"ENSMUSG00000035107.13"
122.274920358158,2.58231344192702,0.525233219907131,4.91650821778488,8.8101501268569e-07,1.23031611903685e-05,"ENSMUSG00000035133.8"
383.521155361051,1.01827253321447,0.27101038262263,3.75731927079846,0.000171743319683586,0.00126728660008605,"ENSMUSG00000035212.14"
160.554528801244,1.70011817300882,0.389831303431182,4.36116381123034,1.29372460163933e-05,0.000133935564572067,"ENSMUSG00000035248.8"
87.372169346158,1.74330991411459,0.497168119155512,3.50647969358085,0.000454076081868648,0.00289614990878165,"ENSMUSG00000035258.14"
23.9060238806729,6.85891365517883,1.61181365190371,4.25540114210956,2.08674550008607e-05,0.000202540821655629,"ENSMUSG00000035299.16"
45.2084893641412,1.88308567920577,0.694165850833448,2.71273165763607,0.00667311202277731,0.0264355974908824,"ENSMUSG00000035305.5"
22.3479086941565,2.34591935073517,0.930034158325105,2.52240127928197,0.0116556661117367,0.0414034755425876,"ENSMUSG00000035349.5"
270.339324784284,2.42467074905215,0.334764412789068,7.24291667937808,4.39136716468367e-13,2.05926537160462e-11,"ENSMUSG00000035357.16"
337.149003408327,1.53492373620697,0.316571739710526,4.84858104393811,1.24347728259426e-06,1.67594514703393e-05,"ENSMUSG00000035493.9"
450.94034615489,2.52126212071935,0.284986836184767,8.84694238678706,8.99498001812949e-19,9.90072453384392e-17,"ENSMUSG00000035504.16"
1316.92424969266,4.66492160138262,0.26638370688683,17.5120380142636,1.15966837363068e-68,1.53172864350386e-65,"ENSMUSG00000035540.12"
142.609666318781,1.51763021038715,0.383115488858293,3.96128649068661,7.45470235107731e-05,0.000610315249300493,"ENSMUSG00000035547.14"
15.0370052554608,3.80027636125491,1.39155091175438,2.73096465903914,0.00631492430185211,0.0253204725511276,"ENSMUSG00000035566.6"
422.155887496924,1.20289924067113,0.297771163257417,4.03967673535685,5.35249224827312e-05,0.000459821149783897,"ENSMUSG00000035569.16"
70.4119415947868,1.56292609361662,0.496176706025448,3.14993846876894,0.00163304852730427,0.00839021690689552,"ENSMUSG00000035671.6"
183.94881132268,1.50571428817223,0.502520765627788,2.99632252269451,0.00273257250297254,0.0127611296912536,"ENSMUSG00000035673.9"
498.898251059995,2.4158627352287,0.918560106154333,2.63005405856674,0.00853712916773779,0.0321486094817401,"ENSMUSG00000035686.8"
320.74167492876,1.39047058760975,0.309838197348756,4.48773133689717,7.19856271711268e-06,7.95102571890146e-05,"ENSMUSG00000035697.14"
95.8991515598249,1.2457889854495,0.437505426272253,2.84748236396561,0.00440665357517142,0.01895913658156,"ENSMUSG00000035725.13"
128.033717674056,1.61790540195101,0.467281241755689,3.46238037690566,0.000535419865318353,0.00332669732077455,"ENSMUSG00000035726.7"
22.9107609576533,2.62010801140978,0.911033763636964,2.87597245677259,0.00402784857005064,0.0175968577274815,"ENSMUSG00000035818.13"
24.5346004280184,2.45563500555742,0.960254046543064,2.55727639409359,0.0105495357953857,0.0382107272296305,"ENSMUSG00000035835.14"
78.5987105233906,2.35130764376724,0.618866424861279,3.79937826534101,0.000145059544051779,0.00109694359409385,"ENSMUSG00000035840.6"
8.24109777604739,5.32329179997852,1.87227759355747,2.84321716944968,0.00446606279587444,0.0191627220667596,"ENSMUSG00000035878.13"
162.226277588829,1.60714546422983,0.367498622117546,4.37320133329856,1.22437710679979e-05,0.000127583952300535,"ENSMUSG00000035891.16"
81.9087669398123,1.33597939253333,0.479201461413129,2.78792846038831,0.00530462564936049,0.0220237729810541,"ENSMUSG00000035898.13"
339.889903737916,1.57648813668205,0.337945710236948,4.66491536636671,3.08744084991659e-06,3.75852054310122e-05,"ENSMUSG00000035901.14"
301.532905042195,2.11652929778833,0.312071131569337,6.78220150369171,1.18358230634248e-11,4.20622859989423e-10,"ENSMUSG00000035910.15"
363.871191827811,1.26852917631827,0.294551521283522,4.30664615409417,1.65748429472604e-05,0.000165748429472604,"ENSMUSG00000035929.11"
51.878532199279,1.44638804666746,0.567596713355105,2.54826712811242,0.0108259538339354,0.0389360944560644,"ENSMUSG00000035933.4"
13.4093228372899,6.02576499777119,1.72334479809212,3.49655217252066,0.000471312320385388,0.00299051252126037,"ENSMUSG00000035948.12"
68.985791137188,1.33496590567886,0.501971862327028,2.6594436976811,0.00782698106706523,0.0300309004872873,"ENSMUSG00000035969.15"
71.1042532374289,1.99937914776526,0.550015054658103,3.63513531281084,0.000277834768780733,0.00191381185796376,"ENSMUSG00000036006.19"
36.8501886057923,3.65503808293528,0.873163081037192,4.18597414654044,2.8394566897084e-05,0.000265049402425666,"ENSMUSG00000036040.14"
65.8471423048604,1.69459566403478,0.526285407981243,3.21991763088209,0.00128227434441447,0.00685696638291812,"ENSMUSG00000036053.16"
298.294852227356,2.20789039630933,0.371351667344539,5.94555132092851,2.75527905216705e-09,6.32707499905102e-08,"ENSMUSG00000036103.8"
89.5876319445552,1.32821378165499,0.43842418438309,3.0295175972647,0.00244944633740962,0.0116974162241466,"ENSMUSG00000036202.15"
64.8002669901521,1.25438483772103,0.497933965030718,2.51917909966967,0.0117628807383658,0.0416350289645149,"ENSMUSG00000036249.16"
1490.00040726672,1.15540360691846,0.210148443030302,5.49803553268229,3.84045556507117e-08,7.10902093328326e-07,"ENSMUSG00000036256.13"
45.5120822307206,1.93073795297734,0.662562817489071,2.91404513204393,0.0035677832278579,0.0159653766689858,"ENSMUSG00000036273.15"
33.2611404266494,3.95311067852364,0.983199783686946,4.020658612942,5.80356579406736e-05,0.000491643601474974,"ENSMUSG00000036334.12"
20.12939754014,4.22216336646475,1.29375549728528,3.26349404916479,0.00110047495287333,0.00606274869761635,"ENSMUSG00000036362.2"
131.990410332326,1.27482443883804,0.433227234913536,2.94262303036527,0.00325444441825306,0.01476329250982,"ENSMUSG00000036395.14"
430.932995898151,2.82000761456099,0.319554551705442,8.8248081572013,1.09647608323003e-18,1.1903524602189e-16,"ENSMUSG00000036446.4"
100.496419223397,1.45431276737739,0.433405395360264,3.35554836867803,0.000792078040868949,0.00462580580242183,"ENSMUSG00000036459.15"
231.874863341751,1.14575281420554,0.442703071450034,2.58808417672083,0.00965113928390801,0.035516730357544,"ENSMUSG00000036461.15"
46.2836093778482,2.10042623981926,0.63610028160679,3.30203633067664,0.00095985636843114,0.00542378732250751,"ENSMUSG00000036469.16"
77.2250642839852,2.94333806999104,0.644181726378098,4.56911140050481,4.89796405671672e-06,5.65424109970576e-05,"ENSMUSG00000036502.14"
197.134249783757,1.1442522511999,0.334612509646893,3.41963380988772,0.000627054842724708,0.00379489089621482,"ENSMUSG00000036545.8"
406.042920220498,1.65318194794065,0.267930659903671,6.17018578066063,6.82098000466317e-10,1.78403519923946e-08,"ENSMUSG00000036585.15"
1359.65810236322,1.64364463099473,0.265035590957207,6.20159966085507,5.58921083056555e-10,1.48390270794747e-08,"ENSMUSG00000036594.14"
85.5078664910027,1.38338518242604,0.445889519569782,3.10252903849546,0.00191874722624545,0.00957862788535132,"ENSMUSG00000036611.5"
91.6170427132033,1.21629707861089,0.428991373833558,2.83524833551268,0.004579007626388,0.0195837212299649,"ENSMUSG00000036667.14"
120.267416888355,1.09678695804733,0.417455167776006,2.62731675808558,0.00860611798979848,0.032354594435082,"ENSMUSG00000036676.14"
83.6515518916592,1.88365673541223,0.473617658213764,3.97716745299655,6.97410547061325e-05,0.00057602695002199,"ENSMUSG00000036745.15"
58.9571374892863,2.30100491612513,0.578612384585721,3.97676402618416,6.98594265476579e-05,0.000576403909828411,"ENSMUSG00000036782.13"
7.58262505144635,5.20320946743467,1.90532309755693,2.73088038144627,0.00631653933546743,0.0253204725511276,"ENSMUSG00000036882.7"
850.161787599673,1.00254925974858,0.236738032223491,4.2348466375784,2.28707738512801e-05,0.000219299313697997,"ENSMUSG00000036905.8"
397.024590035785,1.0729130759045,0.267552519188715,4.01010268622337,6.0692347272453e-05,0.000511144369961945,"ENSMUSG00000036908.16"
218.14784327688,1.90399317053546,0.347255115660086,5.48298091135742,4.18218159984933e-08,7.66330385637131e-07,"ENSMUSG00000036915.17"
182.895710317984,1.31193711168095,0.348320156731347,3.76646911276175,0.000165572556913959,0.00122804165984382,"ENSMUSG00000036943.8"
182.919041804685,1.55309321584333,0.348137419551762,4.46114990408955,8.15210390768934e-06,8.90018537348293e-05,"ENSMUSG00000037012.18"
20.8606312123446,3.25658212466278,1.07889394576442,3.01844508206542,0.00254075447270716,0.0120112802713712,"ENSMUSG00000037020.16"
159.945999003728,1.69975757389527,0.502117863970266,3.3851764612699,0.000711325101311783,0.00421634362595055,"ENSMUSG00000037029.8"
3965.11243060494,2.57488885321311,0.31473495872835,8.18113394081373,2.81185140600042e-16,2.20632894975776e-14,"ENSMUSG00000037071.2"
44.4349818534472,2.2281161798906,0.654601507737265,3.40377489748296,0.000664614996962147,0.00399020746282198,"ENSMUSG00000037112.16"
27.4697666758718,2.28337158332387,0.915251425047175,2.4948025436903,0.0126027238731184,0.0440198305222393,"ENSMUSG00000037138.16"
60.2338639029088,2.00279949150934,0.715517073923837,2.79909392032554,0.00512462292947887,0.0214597816201427,"ENSMUSG00000037185.8"
340.190205168005,1.18163856308849,0.277941026322579,4.2514003014333,2.12438075227874e-05,0.000205438895202063,"ENSMUSG00000037206.14"
49.9122626657372,1.54046477002245,0.571809300713632,2.694018387074,0.00705962700812267,0.0276420672131285,"ENSMUSG00000037225.13"
317.122194974955,1.98508769392711,0.390344305795419,5.08547880538956,3.66699782444416e-07,5.53727475256378e-06,"ENSMUSG00000037253.8"
35.5382920894897,3.52728198581222,0.911171872575352,3.87114889295545,0.000108323598503927,0.000855513989431449,"ENSMUSG00000037318.10"
167.722447739902,1.33738918752082,0.394507918770367,3.39001861278043,0.000698878784098513,0.00415811889187742,"ENSMUSG00000037321.17"
55.0686076180197,2.15484653127557,0.670042805066388,3.21598338939266,0.00129998356286123,0.00692363557505059,"ENSMUSG00000037337.11"
134.22594121783,2.16365307895917,0.41168152203369,5.25564778392484,1.47504349949736e-07,2.38565708847277e-06,"ENSMUSG00000037405.7"
302.047009392551,1.28899228974084,0.293769410402555,4.38776892384581,1.14519350816629e-05,0.000120366824299972,"ENSMUSG00000037410.13"
8.67629494464027,5.39617252699708,1.86557157188428,2.89250362104671,0.00382184776610606,0.01686891871144,"ENSMUSG00000037411.10"
148.20673406308,1.18342064910237,0.359820852182426,3.28891625353159,0.00100573944343657,0.00565082246666772,"ENSMUSG00000037416.12"
157.906737116663,1.68945882753253,0.38067681622994,4.4380397111235,9.07818730818067e-06,9.74978564720986e-05,"ENSMUSG00000037447.16"
110.568939888047,1.39109028416394,0.412096424206154,3.37564269538054,0.000736434915119723,0.00433871155357302,"ENSMUSG00000037465.9"
150.019983638445,1.18754028810599,0.391449723340681,3.03369811574108,0.00241576034588476,0.0115679158556717,"ENSMUSG00000037533.18"
140.93003969528,1.3705903266567,0.423561710618968,3.23586927782919,0.00121272908233209,0.0065425105125484,"ENSMUSG00000037541.20"
111.968194764704,1.44532400285305,0.402284776375664,3.59278821305276,0.000327158482768715,0.00219351182397806,"ENSMUSG00000037552.17"
111.519556128852,1.18822885600657,0.417949776985393,2.84299435347731,0.00446918621936008,0.0191709341209357,"ENSMUSG00000037649.9"
98.0723105800683,1.1289009615988,0.419469626254307,2.69125793845772,0.00711831346494496,0.0278374706191408,"ENSMUSG00000037679.8"
116.075841283654,1.06580820179108,0.411223459633861,2.5917981496971,0.00954757714804466,0.0352419883084555,"ENSMUSG00000037692.14"
68.645816617476,1.83012711906607,0.589932861099936,3.10226339257281,0.00192047001067765,0.00958420959358967,"ENSMUSG00000037731.5"
2477.37736861623,1.05348954823792,0.20758455960409,5.07498992336981,3.87516536972552e-07,5.81641771876416e-06,"ENSMUSG00000037798.6"
46.7898606970508,2.72127654066938,0.771121189879008,3.52898685237318,0.000417153854841467,0.00268448582997859,"ENSMUSG00000037813.13"
19.2215948507503,4.17339900921765,1.40805837883149,2.96393890477824,0.00303728582209032,0.0139539073275744,"ENSMUSG00000037849.7"
227.639570041223,1.09054724743085,0.314278765138765,3.46999978490221,0.000520458781655166,0.00325543476291807,"ENSMUSG00000037857.16"
197.315990800162,1.12176122334595,0.323962963635061,3.46262180947818,0.000534939715933406,0.00332501745001744,"ENSMUSG00000037876.16"
25.828405204422,3.20535823198946,1.07054589218821,2.99413435274379,0.00275224721927765,0.0128416598250076,"ENSMUSG00000037892.13"
345.215625645689,1.68188905928128,0.28190177396837,5.96622375093671,2.42807271220948e-09,5.65955183654711e-08,"ENSMUSG00000037902.18"
31.600360469619,3.01624357934868,0.857406421725925,3.51786912591243,0.000435026853651198,0.0027836801091528,"ENSMUSG00000037921.15"
34.4162470636879,2.51499258122667,0.755473219017264,3.32902943204027,0.00087149194348613,0.00499390719604308,"ENSMUSG00000037940.16"
28.1575405382073,2.25275387518921,0.872170574014433,2.58292809033928,0.00979657396793544,0.0359351301531536,"ENSMUSG00000037944.8"
70.5226229481522,1.70034774498872,0.665818280846545,2.55377149276652,0.0106563165609428,0.0384558316904015,"ENSMUSG00000037946.11"
145.303429576399,1.56915461612039,0.453040646195962,3.46360669687384,0.000532985173255162,0.00331416829976239,"ENSMUSG00000037972.6"
7.32616391691626,5.15224921350161,1.92803341985669,2.67228210903345,0.00753372830102205,0.0291029962396294,"ENSMUSG00000037990.18"
74.0369480357664,2.50155610457622,0.573125150016711,4.36476414357891,1.272599907819e-05,0.000132180265654856,"ENSMUSG00000037995.15"
101.527107153793,1.25166363963845,0.430540902850722,2.90718868137931,0.00364693151020974,0.01622792376104,"ENSMUSG00000037999.13"
159.963347050855,1.11775219542528,0.364227744208388,3.06882771342584,0.00214900484743894,0.0104905041095962,"ENSMUSG00000038024.17"
60.1333343822417,1.70544341470531,0.530534697200389,3.21457469927013,0.00130637919522017,0.00694835914236231,"ENSMUSG00000038068.14"
284.398451369841,1.85732152583765,0.303723735305205,6.11516753529741,9.64555751913943e-10,2.44611338685376e-08,"ENSMUSG00000038119.14"
84.1869497406814,1.19950348423446,0.472551097327488,2.53835720839132,0.0111374241865635,0.0398573432732063,"ENSMUSG00000038146.7"
56.9192611595605,2.61961323440571,0.640788682025698,4.08810783942756,4.34905985302992e-05,0.000381475366189952,"ENSMUSG00000038147.13"
18.2362602334581,2.84539342653844,1.06536041341664,2.67082706538081,0.00756646178122389,0.0291875509956705,"ENSMUSG00000038151.12"
197.453455520501,1.15155756954402,0.340268324048136,3.38426320688349,0.000713695502697494,0.00422881260476833,"ENSMUSG00000038156.16"
30.881846899205,7.22860947917607,1.57516963342541,4.58909905687841,4.45163158653778e-06,5.20725908831172e-05,"ENSMUSG00000038168.5"
154.110952031367,1.98753675344798,0.386515746598221,5.14218830911953,2.715567266043e-07,4.21801452181887e-06,"ENSMUSG00000038178.16"
27.1761474823699,3.49551440410988,0.976318784031798,3.5803002679871,0.000343199595948692,0.0022836748932774,"ENSMUSG00000038179.13"
193.221834674609,5.38743155779918,0.61389276026071,8.77585126677699,1.69615879407814e-18,1.76869190040385e-16,"ENSMUSG00000038217.13"
36.0814246943944,2.82479745948869,0.772154303982048,3.65833285513146,0.000253861215835125,0.00176400713326906,"ENSMUSG00000038233.8"
60.5688730904264,1.80886205657643,0.542719740499266,3.33295791841366,0.000859279380303755,0.00494633570504817,"ENSMUSG00000038252.13"
29.9006596623569,2.36616956690237,0.846839124835603,2.7941193285817,0.00520412713812811,0.0216895648538865,"ENSMUSG00000038253.6"
160.634248091034,1.10470610558503,0.352752055656163,3.13167871844187,0.0017380996342068,0.0088269398276763,"ENSMUSG00000038301.15"
95.4598408581148,1.97513367540597,0.545297798953893,3.62211928820379,0.000292199313934212,0.0019979978972637,"ENSMUSG00000038335.13"
158.43937999821,2.01857524052363,0.406209446774153,4.96929664377286,6.71962018048639e-07,9.6647894610444e-06,"ENSMUSG00000038370.6"
189.993276457785,1.00837276667294,0.346695034097295,2.90852959373498,0.00363132805546574,0.0161857563777086,"ENSMUSG00000038371.15"
144.042908811801,1.16658544044948,0.391108649974574,2.98276563437123,0.00285656643030043,0.0132426375900152,"ENSMUSG00000038400.15"
132.944550931248,2.90214110982107,0.449356125070865,6.45844342138074,1.05785397953082e-10,3.18763984326301e-09,"ENSMUSG00000038418.7"
34.4049228599289,1.88511302333884,0.722190776702297,2.61027014488711,0.0090470747523142,0.0337761954689113,"ENSMUSG00000038421.13"
46.2522525362389,1.5393173668159,0.619030362001751,2.48665891255839,0.0128948964636645,0.0447523776985072,"ENSMUSG00000038456.9"
74.9660859343823,2.58541711382593,0.607717059502103,4.25431057660967,2.0969408541938e-05,0.000203228167307872,"ENSMUSG00000038463.8"
114.999553239842,1.81691245143259,0.496009324675851,3.66306107777302,0.000249219084006704,0.00173702112182116,"ENSMUSG00000038481.12"
98.6790051292765,3.49258798521545,0.605004317652209,5.77283150435828,7.79503815073009e-09,1.62781758483626e-07,"ENSMUSG00000038508.7"
706.84129509244,1.51543782188072,0.235872507120667,6.42481754393468,1.320277801338e-10,3.90417969238943e-09,"ENSMUSG00000038521.17"
49.4931342011646,2.48013129968338,0.632120789916591,3.92350851173656,8.72686806644881e-05,0.000702849892546817,"ENSMUSG00000038524.13"
7.77271502893258,5.24038928163322,1.95358461603931,2.68244806936368,0.00730854978463879,0.0283853256766785,"ENSMUSG00000038540.14"
42.329272522993,5.30225553874572,1.17457343560871,4.51419671005745,6.35572047467692e-06,7.10424326682857e-05,"ENSMUSG00000038576.15"
46.248277975493,1.5030379211609,0.59340439972026,2.53290660107922,0.0113121089687395,0.0403640088146152,"ENSMUSG00000038578.15"
88.3145461448122,1.28798400971707,0.479054108010862,2.6885981941895,0.00717527289390555,0.0279842705138787,"ENSMUSG00000038582.15"
143.069314377203,1.23174811869145,0.384470554699981,3.20375150615276,0.00135649501609974,0.00717159639932652,"ENSMUSG00000038587.8"
50.1624070442839,7.92926509716358,1.53822144629004,5.15482677496649,2.53865497023448e-07,3.96821314380834e-06,"ENSMUSG00000038599.14"
26.2324672113746,2.99703923923663,0.952097705348115,3.14782739460634,0.00164488789972318,0.00843736997107196,"ENSMUSG00000038600.12"
94.4140864700986,2.8922480131065,0.524843451075215,5.51068705760037,3.57435723625713e-08,6.65729285483848e-07,"ENSMUSG00000038608.15"
36.653336657525,2.09472624087496,0.725757592549084,2.88626155947971,0.00389848020620702,0.0171498504769307,"ENSMUSG00000038623.9"
514.108617436068,1.88584424228561,0.308453297313561,6.11387285760976,9.72417902524125e-10,2.4621124209277e-08,"ENSMUSG00000038642.10"
67.3428535277897,1.477567528961,0.504283732214797,2.93003211202467,0.0033892697709514,0.0152656794173287,"ENSMUSG00000038668.14"
27.6247787509322,2.29273301140384,0.912881655760894,2.5115336658757,0.01202078195082,0.0423869619400438,"ENSMUSG00000038677.13"
41.0529579806433,2.45788983097698,0.750881256644981,3.27334023752184,0.00106284455648911,0.00589436186856274,"ENSMUSG00000038679.16"
20.6449832519502,3.05120181286558,1.02487432424071,2.97714728596221,0.00290944201955889,0.0134602031552856,"ENSMUSG00000038692.8"
147.051047346535,1.3460279236343,0.43680595027447,3.08152378141487,0.00205944025016316,0.0101436071985973,"ENSMUSG00000038725.12"
89.3368601576535,4.00765341254414,0.62043320221136,6.45944381806129,1.05088491128099e-10,3.1787263060694e-09,"ENSMUSG00000038732.14"
230.666319503409,1.16703464472187,0.307959752163558,3.78956872293511,0.00015090905887939,0.001136298614365,"ENSMUSG00000038773.10"
703.815024385359,1.07684322936342,0.238808415249451,4.50923485354814,6.50618530628858e-06,7.26218571159676e-05,"ENSMUSG00000038776.13"
141.762063747513,1.1195620814461,0.361950331419119,3.09313732924783,0.00198052462659833,0.00982513781896198,"ENSMUSG00000038806.7"
20.2889070818562,3.21643442321769,1.0921074907817,2.94516286205074,0.00322784708490071,0.0146762410486736,"ENSMUSG00000038860.15"
70.86612558941,1.93516026008024,0.534142488324203,3.62292890451671,0.000291285904443921,0.00199261181935095,"ENSMUSG00000038884.14"
136.286635801369,2.59224876454675,0.441933440023782,5.86569951440481,4.47243112557263e-09,9.87298514489223e-08,"ENSMUSG00000038894.7"
17.2084650714358,2.96665582574082,1.14920488070824,2.58148557802201,0.009837610168129,0.0360522823502531,"ENSMUSG00000038943.16"
90.0833778597848,2.23243351665543,0.472775281540983,4.72197596578852,2.33564288391586e-06,2.94744742914541e-05,"ENSMUSG00000039004.5"
42.1437394914915,2.4802706670333,0.672791778738104,3.68653533740458,0.000227327887939474,0.0016056804919076,"ENSMUSG00000039005.13"
411.99838216368,1.50490994237019,0.32706224693934,4.60129518601792,4.19871892973639e-06,4.95530119406714e-05,"ENSMUSG00000039109.15"
152.471022663937,1.9439098896635,0.40820532794121,4.76208848000012,1.91599635497057e-06,2.46497907680873e-05,"ENSMUSG00000039115.13"
73.5523947113557,1.50682042902389,0.485923037290136,3.1009446216566,0.0019290436390292,0.00962396653402982,"ENSMUSG00000039116.5"
9.99513271774626,5.60097524473893,1.80506358517002,3.10292406913265,0.00191618797177404,0.00956886558053513,"ENSMUSG00000039131.15"
115.655378149379,2.13571900323858,0.43225464472076,4.94088155979973,7.77701415200236e-07,1.09960458795038e-05,"ENSMUSG00000039158.11"
248.826538160053,1.23004190263346,0.326395247797723,3.76856559932441,0.000164188338432844,0.00122235094605946,"ENSMUSG00000039191.12"
16.2966030412644,3.91234364082998,1.34406602669927,2.91082697063464,0.00360473580841507,0.0160898514681439,"ENSMUSG00000039232.11"
91.2007334786262,2.00328706870779,0.560137947917735,3.57641733818399,0.000348335395065974,0.00231493333827911,"ENSMUSG00000039239.14"
285.813524935652,1.65723514772858,0.29713855249826,5.57731446759433,2.44260075176184e-08,4.67011120813332e-07,"ENSMUSG00000039252.11"
136.669583091876,1.93038186407347,0.509686013181724,3.7873942273264,0.000152235457342804,0.00114574168987818,"ENSMUSG00000039264.9"
200.417906721672,1.82023609991978,0.340839949762906,5.34044234305858,9.27200635818713e-08,1.55844433485966e-06,"ENSMUSG00000039270.9"
465.614070008319,1.25796411487398,0.282309821254965,4.4559700731696,8.35146827445644e-06,9.07270542495782e-05,"ENSMUSG00000039286.12"
205.635854201503,1.01242018076609,0.319125306141152,3.17248479291169,0.00151140474537912,0.00783761583758435,"ENSMUSG00000039294.14"
318.231436064967,1.65689780674598,0.302799319479944,5.4719337202993,4.45151330749734e-08,8.08207169803353e-07,"ENSMUSG00000039349.5"
77.8502189690885,1.66908606883638,0.497171700504701,3.35716225831441,0.000787468852725784,0.00460397687779553,"ENSMUSG00000039357.1"
21.6805641025639,2.52802898780599,0.922479368336948,2.74047211740197,0.00613509872221126,0.0248064578436348,"ENSMUSG00000039384.8"
22.6753900790401,2.15781863067052,0.878634707389045,2.4558768422462,0.0140541313303419,0.0478946423534549,"ENSMUSG00000039395.8"
20.2711347875394,2.59754192425865,1.0278883124239,2.52706630950332,0.011501978392591,0.0409669210402877,"ENSMUSG00000039438.6"
100.467465813213,2.43922623338503,0.469535500883012,5.19497722493358,2.04744904313413e-07,3.23872927481795e-06,"ENSMUSG00000039497.7"
211.240134418374,1.61701805761619,0.326491606103621,4.95270943383145,7.31872184033115e-07,1.045046971369e-05,"ENSMUSG00000039501.14"
101.215728598622,1.29592628543083,0.512368584199823,2.52928521652964,0.0114295105123717,0.040727909537116,"ENSMUSG00000039607.15"
118.45250611664,1.82880188599483,0.426032112918026,4.29263858414052,1.76562278407581e-05,0.00017468864623971,"ENSMUSG00000039621.13"
38.3544631024831,2.08099710686517,0.844551546424797,2.46402616355931,0.013738608243381,0.0470927639830425,"ENSMUSG00000039633.6"
50.946540944975,1.51208770148071,0.572900790049759,2.6393534932102,0.00830643175512081,0.0314367104390317,"ENSMUSG00000039697.15"
22.8571396420646,2.78577168238609,0.992186224772332,2.80771050114641,0.00498950586905122,0.0210161222493919,"ENSMUSG00000039704.6"
54.1216105647552,1.68986997882367,0.612261667647218,2.76004536641573,0.00577933353884588,0.0235739211393707,"ENSMUSG00000039765.15"
31.7237706968313,2.2313180985198,0.88976748380683,2.50775414827839,0.0121501171130027,0.042691807155536,"ENSMUSG00000039774.12"
448.321033986564,1.26145278403113,0.274902512614926,4.58872773490481,4.45955617590599e-06,5.21268181328245e-05,"ENSMUSG00000039831.16"
14.3562627698871,3.72544191165044,1.37756029673485,2.70437665812569,0.00684326699891602,0.0269346366855771,"ENSMUSG00000039853.18"
125.772007855755,1.71956952750616,0.514359131836311,3.34313016154128,0.000828390341269545,0.00479546636563999,"ENSMUSG00000039879.8"
27.503448680266,2.14332159058234,0.839706232915271,2.55246597746596,0.0106963355676764,0.0385661780590697,"ENSMUSG00000039934.12"
122.822626663135,2.11285414477411,0.483616523251188,4.36886260744384,1.24895306838593e-05,0.00012989439720418,"ENSMUSG00000039936.18"
44.2524961982342,2.52952303778831,0.804687802040265,3.14348376025431,0.0016694967911845,0.00854148616535647,"ENSMUSG00000039956.8"
127.379407342843,1.51148527638366,0.5437688294126,2.77964678118167,0.00544180541262079,0.0224846991981443,"ENSMUSG00000039959.12"
54.9344694059003,2.07561787978338,0.592484051625494,3.50324683692139,0.000459623328749919,0.0029257147633278,"ENSMUSG00000039985.14"
43.9979804006129,1.68273007486508,0.624482164166595,2.69460069706038,0.0070473028709631,0.0276074519290077,"ENSMUSG00000039994.15"
138.778786471113,2.09120594067125,0.48426567017785,4.31830309157212,1.57233411211403e-05,0.000158634600108258,"ENSMUSG00000039997.16"
179.008606370636,1.43151418854272,0.399684003075134,3.58161491960843,0.000341476870091127,0.0022741211726657,"ENSMUSG00000040026.8"
654.987934628239,3.2431166529753,0.305150448740825,10.6279268680669,2.20969788448033e-26,4.43338119860926e-24,"ENSMUSG00000040152.8"
141.024359890741,1.11548152371757,0.388582578158188,2.8706421399661,0.00409638982153828,0.0178422035370656,"ENSMUSG00000040209.12"
26.5929825481263,2.5817224139526,0.929412625531759,2.77780002447834,0.00547282888135381,0.0225661648723876,"ENSMUSG00000040229.11"
60.4601315086108,2.04353576116207,0.613287943875455,3.33209837494713,0.000861937817499315,0.00495542650468452,"ENSMUSG00000040247.5"
918.369044344982,1.14308608420111,0.285530035355812,4.00338298132684,6.24430940388451e-05,0.000523109429448041,"ENSMUSG00000040249.15"
65.515567678939,1.54126970751303,0.611400342369328,2.52088459999912,0.011706023540213,0.041480389657026,"ENSMUSG00000040253.15"
22.3333015554552,2.74957206473215,0.998455680703041,2.75382484958782,0.00589032818510193,0.0239757837015577,"ENSMUSG00000040254.11"
9.42340858725785,5.51676503391773,1.82499216816107,3.02289792261226,0.00250366679810124,0.0118816750286972,"ENSMUSG00000040264.10"
130.737107778166,1.54067868123621,0.471303107614078,3.26897628372479,0.00107937348223022,0.00596515679684414,"ENSMUSG00000040296.15"
111.26135430493,2.42196072109329,0.461301879965005,5.25027281761138,1.51874107658724e-07,2.44883479795602e-06,"ENSMUSG00000040322.10"
143.189262105085,2.1364454098747,0.424705505376937,5.03041609497986,4.89416532012948e-07,7.21604840223742e-06,"ENSMUSG00000040339.10"
39.4319368393086,1.94932138970476,0.702051978072367,2.7766055086933,0.00549298035913129,0.0226374775590824,"ENSMUSG00000040428.19"
152.123895773581,1.54997357144282,0.370500737082755,4.18345610766388,2.87110543491938e-05,0.000267373802253068,"ENSMUSG00000040430.18"
50.8015195833025,3.46970739728521,0.727736361893034,4.7678082049653,1.86240953404716e-06,2.40580204683353e-05,"ENSMUSG00000040471.17"
198.340171828342,1.15664188216881,0.355944443532267,3.24950116004256,0.00115607606703834,0.00631202399674738,"ENSMUSG00000040511.14"
16.0126332999241,3.88753552803357,1.35061322769635,2.87834847779795,0.00399763271731733,0.017488953510759,"ENSMUSG00000040522.5"
118.09303895037,1.21991332646946,0.409832788654375,2.97661231663495,0.00291452303676225,0.0134679854614232,"ENSMUSG00000040524.9"
71.3605977719629,2.13223567561207,0.640823520357995,3.32733679066727,0.000876803335600547,0.00500985323333405,"ENSMUSG00000040552.8"
41.7627301176749,2.94671284100818,0.807650177971118,3.64850144453699,0.000263774420180188,0.00182489068522741,"ENSMUSG00000040584.8"
176.213035089422,1.75577661999421,0.454068312842857,3.86676755530802,0.000110287455325418,0.000868815192300135,"ENSMUSG00000040592.11"
226.745270948387,1.78593517012657,0.352592332559593,5.06515600371067,4.08066033146964e-07,6.11327658353439e-06,"ENSMUSG00000040612.13"
84.668524562788,1.95367663792325,0.475865288383875,4.10552457935794,4.0339838527632e-05,0.000356999687695682,"ENSMUSG00000040613.14"
45.4782253263323,2.25345465577014,0.69557014925973,3.23972306483884,0.00119645841274721,0.00648559023325695,"ENSMUSG00000040624.17"
81.8079753804536,2.21866999992891,0.497335084674753,4.46111699796903,8.15335593835786e-06,8.90018537348293e-05,"ENSMUSG00000040663.8"
143.302295326709,1.50494371310949,0.389090378195186,3.86785126913248,0.000109798597006115,0.000865394213101407,"ENSMUSG00000040690.15"
70.9782793604463,2.49608236576482,0.615483983429466,4.05547899371271,5.00316689315826e-05,0.000432236828207571,"ENSMUSG00000040710.10"
76.9502114158753,2.69945645987496,0.562038605826809,4.8029733756524,1.5632667850102e-06,2.06137924645687e-05,"ENSMUSG00000040711.7"
43.0702734266862,1.88294040407692,0.649654878775769,2.89837029720333,0.00375107422952381,0.0166074096474727,"ENSMUSG00000040717.5"
170.043670211113,1.02831357238779,0.342568784946593,3.00177254196732,0.00268412649624248,0.0125756443882481,"ENSMUSG00000040720.15"
139.566425662244,2.19503016187793,0.393020063935801,5.58503334383582,2.336553799345e-08,4.47815933731781e-07,"ENSMUSG00000040722.6"
112.020143130625,2.05418093891465,0.453459639224008,4.53001934732253,5.897828532218e-06,6.64869005943494e-05,"ENSMUSG00000040723.14"
147.225110457216,2.80598052607909,0.52055038741606,5.39041098405014,7.02967301098282e-08,1.21505253243269e-06,"ENSMUSG00000040747.9"
160.524365290446,1.1219114668412,0.346750718307863,3.23549860924906,0.00121430476994823,0.00654873446875791,"ENSMUSG00000040760.10"
206.071083190056,1.02166136226952,0.32017149163965,3.19098167371937,0.00141790273761407,0.00742934161691998,"ENSMUSG00000040785.18"
381.396019153706,10.855134916913,1.46781350980794,7.3954455687858,1.4093488274191e-13,7.11406971802316e-12,"ENSMUSG00000040808.4"
29.4222320095187,1.96150152298798,0.777790610940244,2.52188891894284,0.0116726561794365,0.0414359687444723,"ENSMUSG00000040828.9"
7.66748132165508,5.21943144681871,1.90291553424504,2.74286028617106,0.00609065936231838,0.0246582250045329,"ENSMUSG00000040840.7"
55.3515495338872,1.67798206790912,0.62585816740443,2.6810899901939,0.00733827789764254,0.0284589441344835,"ENSMUSG00000040852.5"
7.08818789555105,5.10397685957472,1.9657325267176,2.5964757616833,0.00941855506221611,0.0348794620878798,"ENSMUSG00000040899.13"
45.4955606741057,1.65456428771231,0.658033696663226,2.51440662705013,0.0119232871022244,0.0420900001270059,"ENSMUSG00000040907.15"
93.6031063976099,1.12035056682099,0.458764082841577,2.44210610360244,0.0146018543654778,0.0495014092461894,"ENSMUSG00000040928.15"
51.358449020813,1.76190981133711,0.594030463147869,2.96602602162934,0.00301674963706354,0.0138756476342011,"ENSMUSG00000040969.14"
219.748082358365,1.21879216182276,0.354945868639814,3.43374094335365,0.000595312853045304,0.00362493612015677,"ENSMUSG00000040997.13"
67.6810991035688,1.38930617390674,0.502444982706749,2.76509114773589,0.00569068923411493,0.0233068280001865,"ENSMUSG00000041075.8"
62.611288101424,3.5483641262943,0.669738468309493,5.29813396451727,1.1699212222968e-07,1.93360285436958e-06,"ENSMUSG00000041112.15"
697.210210075869,1.03579428312637,0.267363445363004,3.87410583268052,0.000107016901559104,0.000847261683172728,"ENSMUSG00000041120.6"
52.6640490732115,2.15194696282783,0.682441877441284,3.15330438233984,0.00161433383768868,0.00831022777764392,"ENSMUSG00000041134.15"
1470.62952764352,1.29055824449323,0.212594053215537,6.07052843187861,1.2749004199788e-09,3.16231168335898e-08,"ENSMUSG00000041168.9"
8.20791219752546,5.31769065529839,1.87638808177101,2.834003640803,0.00459688082704288,0.0196457852394926,"ENSMUSG00000041180.13"
115.146728685745,1.21778995989296,0.40779884525826,2.98625161413034,0.00282420163695975,0.01312226394961,"ENSMUSG00000041187.16"
83.741402054396,1.75412666222121,0.481575716273717,3.64247324552428,0.000270031051033171,0.00186410808313404,"ENSMUSG00000041189.9"
51.9528130121995,2.21229584617479,0.630155026162405,3.51071681463449,0.000446900200632827,0.00285619684678641,"ENSMUSG00000041202.12"
99.3578320705353,3.39268112829776,0.553988193077431,6.12410367349393,9.11955057508074e-10,2.33136897766177e-08,"ENSMUSG00000041220.10"
35.8890054464609,1.65392031406817,0.667420784316176,2.47807732832705,0.0132092513510515,0.0456136457329338,"ENSMUSG00000041298.15"
43.0382673532202,2.07296628224743,0.671177944708684,3.08854946529445,0.00201136206611952,0.00995009012109687,"ENSMUSG00000041308.5"
58.0342971809759,1.69497181470462,0.613391264669168,2.7632800014177,0.00572236537862288,0.0234002815405502,"ENSMUSG00000041329.13"
200.380776600434,1.32111952197388,0.337844391896202,3.9104379224971,9.21289363060471e-05,0.000737124503003961,"ENSMUSG00000041390.18"
138.270109069744,2.23047315661504,0.420861971863532,5.29977357359882,1.15946382444118e-07,1.91831958427899e-06,"ENSMUSG00000041515.9"
87.5483573581362,2.2082449831466,0.526425996387806,4.19478710834758,2.73127994989044e-05,0.000255704590701497,"ENSMUSG00000041538.15"
520.213782359078,1.0753771767374,0.267389606104592,4.02176132574411,5.77645740066297e-05,0.000489870785449482,"ENSMUSG00000041559.7"
94.4545392702594,2.29992511579808,0.610280749880067,3.76863454442905,0.000164143002439094,0.00122235094605946,"ENSMUSG00000041653.4"
44.0241566963827,2.2384547119483,0.646542692507137,3.46219165089951,0.000535795474045376,0.00332772659232727,"ENSMUSG00000041688.16"
47.8236490167403,2.54369819666486,0.689275097391969,3.69039619491481,0.000223905045896482,0.00158503572016938,"ENSMUSG00000041702.6"
117.036892830045,1.38873581581812,0.4000443176347,3.47145492286743,0.000517646231962263,0.00324039999075903,"ENSMUSG00000041734.15"
62.080326490728,2.43532286883231,0.685434354479176,3.55296295395462,0.000380918104499327,0.00249176721267616,"ENSMUSG00000041737.7"
33.0813712271912,2.23326280468714,0.7614275751471,2.93299438788475,0.00335709960241864,0.0151422961577505,"ENSMUSG00000041741.10"
202.944542612982,1.13282029291235,0.339578843839913,3.33595662233421,0.000850064263721561,0.00489768032714894,"ENSMUSG00000041773.7"
197.50381948022,1.0107393721735,0.372887404276471,2.71057525832679,0.00671666041407663,0.0265815399658214,"ENSMUSG00000041781.8"
11.4836830312697,5.80201776192813,1.76344660927144,3.29015788253732,0.00100131182549843,0.00563193485952807,"ENSMUSG00000041789.7"
143.234238573574,2.42648244891171,0.44900581531736,5.40412254392888,6.51264102242084e-08,1.13559252151122e-06,"ENSMUSG00000041797.7"
210.632012773773,1.37850039665308,0.343687004435472,4.010918012211,6.04831127517199e-05,0.000509653023452823,"ENSMUSG00000041801.5"
366.680150150654,1.19981365273521,0.307486343539568,3.90200631001623,9.53986701358018e-05,0.000760972578884934,"ENSMUSG00000041828.15"
46.714958311642,1.5574854455276,0.585386160891394,2.6606120020944,0.00779987808749559,0.0299730712092867,"ENSMUSG00000041836.10"
47.6702089190365,1.59565823760426,0.592269746447855,2.69414105173233,0.00705702929845161,0.0276387235928979,"ENSMUSG00000041886.6"
84.0908160466885,1.39998506875666,0.52170835560395,2.68346299942998,0.00728640374457129,0.0283401727757564,"ENSMUSG00000041992.8"
21.7118573571819,2.52995970732107,0.923640761694273,2.73911656159507,0.00616045279737144,0.024864572660641,"ENSMUSG00000042029.6"
126.903220687496,1.33725168954791,0.393376413362725,3.39942010787225,0.000675289049429637,0.00404662814119461,"ENSMUSG00000042046.15"
16.4497227924209,3.92618739730998,1.34078238992779,2.92828085064679,0.00340842014723186,0.0153345044943585,"ENSMUSG00000042064.13"
20.3930195840759,2.42354885693865,0.945251109160629,2.56392066981094,0.0103497197008749,0.0376159269109992,"ENSMUSG00000042109.7"
130.994109812811,2.15329689616085,0.524741518468755,4.10353825716779,4.06879133668623e-05,0.000359477941396191,"ENSMUSG00000042129.8"
123.463479051368,1.23367585739245,0.415073859851674,2.97218393332046,0.00295689482683858,0.0136280264627483,"ENSMUSG00000042190.12"
213.90065704924,1.07585502089414,0.354079030685015,3.03846013928797,0.00237790560791534,0.0114228127215033,"ENSMUSG00000042228.14"
860.67359827183,6.1999560379934,0.400034654874139,15.4985473444646,3.54824043355389e-54,2.95997951956995e-51,"ENSMUSG00000042254.14"
24.4943408004223,6.89370717315488,1.61460937817922,4.26958202170785,1.95839622331372e-05,0.000191608519379768,"ENSMUSG00000042268.10"
477.969147033996,1.33947887328786,0.330842319201412,4.04869267184772,5.15045241061639e-05,0.000443666688631901,"ENSMUSG00000042286.13"
111.635270787432,1.09146645426595,0.416641884269162,2.61967530264152,0.00880135233678364,0.0329868608507971,"ENSMUSG00000042292.16"
133.295568098258,1.15498252880444,0.434283518200975,2.65951269251242,0.00782537814523656,0.0300309004872873,"ENSMUSG00000042350.13"
94.5896502596224,1.1408732401391,0.452286046301524,2.52245951310758,0.0116537364446803,0.0414034755425876,"ENSMUSG00000042404.16"
72.4339211470833,1.4467980747564,0.585794317402168,2.4698055815436,0.0135186501538739,0.0464462954241446,"ENSMUSG00000042408.13"
53.26770804452,2.29786162805809,0.610297105623762,3.76515242638998,0.000166447512422246,0.00123395372866819,"ENSMUSG00000042428.6"
94.3400176641258,2.62868446214326,0.482558757839895,5.44738732731779,5.11150740621712e-08,9.07249634810094e-07,"ENSMUSG00000042436.12"
45.2119981396444,3.0720789001849,0.801766434502831,3.83163820282633,0.000127292836682562,0.000981796331590562,"ENSMUSG00000042439.12"
77.5288770815327,1.38950151592933,0.465511399801761,2.98489256443786,0.00283677939331442,0.0131624570796351,"ENSMUSG00000042473.8"
58.9262652673027,1.66333140254196,0.62973204172561,2.64133201477894,0.00825807480999196,0.0312985379575257,"ENSMUSG00000042474.6"
6.97014604682039,5.07978073575317,1.97102792200279,2.57722413723675,0.00995973451698988,0.0364402227008258,"ENSMUSG00000042489.15"
123.760010801521,1.39193781991126,0.417162266130039,3.33668198905929,0.000847848996652121,0.00488669330797677,"ENSMUSG00000042507.14"
286.741889913491,1.37282408223151,0.313205925171859,4.38313573243619,1.1698317622353e-05,0.000122712332438316,"ENSMUSG00000042524.13"
167.0432878586,1.30300103824582,0.362279276061348,3.59667561559656,0.0003223100094616,0.00216558442135072,"ENSMUSG00000042557.14"
176.535084795056,1.94155333208076,0.351657095933141,5.52115499597341,3.36778535477519e-08,6.30217212198191e-07,"ENSMUSG00000042688.16"
433.737260240562,1.31240594278993,0.286671669481814,4.5780803703492,4.69262405971961e-06,5.45293924828122e-05,"ENSMUSG00000042699.11"
129.290662636168,1.06145998063117,0.375600486565234,2.82603462614741,0.0047128169271245,0.0200316836403656,"ENSMUSG00000042700.15"
109.323968976293,2.07946765400704,0.506031250205004,4.10936607801317,3.96746716418028e-05,0.000351899018199538,"ENSMUSG00000042842.10"
103.522946059577,2.43652420061569,0.49871120469846,4.88564158507107,1.0309258978328e-06,1.42212145175368e-05,"ENSMUSG00000042961.13"
107.441470992256,1.07135794830205,0.404293494374249,2.64995099651619,0.00805034464419717,0.0306725871659916,"ENSMUSG00000042978.10"
52.5021973284,1.78558231028182,0.646160344969759,2.76337340132717,0.00572072797505572,0.0233996228140989,"ENSMUSG00000043004.13"
46.3321434742532,2.12199155362203,0.648783775718402,3.27072228535977,0.0010727319919411,0.00593880617263935,"ENSMUSG00000043008.8"
25.8892872223963,2.03218310040311,0.817838705365793,2.48482137990056,0.0129616452651991,0.044954502725034,"ENSMUSG00000043015.15"
161.254645298156,1.40665134284906,0.357665770026305,3.93286543116945,8.39392336013997e-05,0.000678448165518707,"ENSMUSG00000043079.17"
674.768256735119,1.30426950185256,0.274632025044857,4.74915298621682,2.04270377069005e-06,2.61314404886499e-05,"ENSMUSG00000043091.8"
146.897163332162,1.84315444202237,0.452432407051553,4.07387802751352,4.62367034948692e-05,0.000402003154357475,"ENSMUSG00000043110.2"
53.5834156326765,2.18433291437105,0.635560976189053,3.43685813982592,0.000588503746864759,0.0035917537111307,"ENSMUSG00000043122.6"
515.746138318374,1.74725710074687,0.330469468302674,5.28719675593925,1.24205022571181e-07,2.04005140699816e-06,"ENSMUSG00000043131.14"
20.9575828051585,4.28107299479711,1.28430756011197,3.33337054749087,0.000858005884285992,0.00494163999488843,"ENSMUSG00000043164.3"
31.4130358081584,3.79479057112379,0.956872485532278,3.96582682489074,7.3141954395423e-05,0.000600519868270153,"ENSMUSG00000043259.14"
58.8304763725283,1.84076353853417,0.597618049344928,3.0801672415214,0.00206884389447102,0.0101808806030403,"ENSMUSG00000043262.16"
75.2128222235129,2.41800024187922,0.628142746835607,3.84944386297601,0.000118386310990455,0.000922403810328742,"ENSMUSG00000043263.13"
31.5845155258637,3.04959446487475,0.890104911489454,3.42610677180932,0.00061229963749864,0.00372122287360178,"ENSMUSG00000043300.2"
161.013333951443,2.83295453742796,0.412735677823716,6.86384698402047,6.70304299578631e-12,2.48813188485276e-10,"ENSMUSG00000043336.14"
36.6460759551394,2.725666608647,0.81433303439913,3.34711536129463,0.000816572209270362,0.00474264181639254,"ENSMUSG00000043467.19"
65.9485318850013,2.30377874781859,0.571974877350759,4.02776212565332,5.63102720442712e-05,0.000480364807266792,"ENSMUSG00000043542.12"
54.4591006493738,2.24826702813712,0.684813209660449,3.28303688717085,0.00102695226992129,0.00574614771730997,"ENSMUSG00000043613.7"
93.2436825262516,1.45134361766724,0.492032035526008,2.94969333879994,0.00318089481866216,0.0144984797915552,"ENSMUSG00000043631.7"
78.1991916288095,1.18114206673092,0.466333616991472,2.53282633654206,0.0113146994152752,0.040364165143397,"ENSMUSG00000043702.9"
21.0666594602418,4.06975572762419,1.25847526471101,3.23387820304815,0.00122121523736028,0.00657258455421409,"ENSMUSG00000043753.2"
259.418438128104,1.982406981843,0.335258378409706,5.91307215421886,3.35784992995668e-09,7.58147028344921e-08,"ENSMUSG00000043760.16"
109.675903609667,1.06962112112205,0.426585439947468,2.50740184956563,0.0121622353849987,0.0427241646392351,"ENSMUSG00000043909.16"
168.854502697699,1.28147494975828,0.397507556384326,3.22377506836449,0.0012651272988221,0.00677899516103119,"ENSMUSG00000043940.14"
46.0002293890358,2.18509838726277,0.634127755372324,3.44583306557809,0.000569301924297043,0.00349469406032716,"ENSMUSG00000043943.14"
333.326540028172,1.38921303337561,0.283135586201457,4.90652924280298,9.27021729475194e-07,1.28888547475279e-05,"ENSMUSG00000044017.16"
77.2404216268538,1.79733946092254,0.590428249830328,3.04412849730521,0.00233355444677946,0.0112593114098796,"ENSMUSG00000044206.3"
51.0778564420359,2.60669483590962,0.63812428401611,4.08493282766812,4.40895693713003e-05,0.000386088217975199,"ENSMUSG00000044217.16"
51.8033198158731,2.24948985466662,0.609459774530292,3.69095705520565,0.000223411858628939,0.00158366635029905,"ENSMUSG00000044313.13"
33.6497541227392,3.64381587266818,0.929485257690119,3.92025138916512,8.8456647458337e-05,0.000710612195749945,"ENSMUSG00000044452.10"
98.7590353709572,1.38320779500378,0.448885839966738,3.08142443322844,0.00206012760681909,0.0101438404995597,"ENSMUSG00000044456.16"
60.2792581973347,1.84453109200285,0.571297427872979,3.22867039480695,0.00124367144042959,0.00667582664563791,"ENSMUSG00000044548.11"
37.8139026939686,2.57227460176754,0.720354206296902,3.57084692403024,0.000355828814645685,0.00235093235186915,"ENSMUSG00000044583.13"
253.592373336771,2.62846503632677,0.347830440711355,7.5567423913538,4.13289349334743e-14,2.2433685571766e-12,"ENSMUSG00000044674.6"
9.91216877144144,5.58940786607312,1.80624036044594,3.0944983782187,0.00197146012522981,0.00980123906743829,"ENSMUSG00000044694.2"
22.5035688217429,2.42228336172,0.959551776235725,2.52439047241671,0.0115899114522841,0.0412253358435149,"ENSMUSG00000044749.13"
121.017170422016,1.77464224902683,0.437620906580984,4.05520445284856,5.0090470342277e-05,0.000432425901375322,"ENSMUSG00000044768.16"
196.048813992792,1.17625246126746,0.366532707091575,3.20913369669241,0.00133135568727043,0.00706697509820372,"ENSMUSG00000044786.6"
59.8182592189255,1.40199851586325,0.537685683383982,2.60746856237574,0.00912144460197227,0.0340016220463924,"ENSMUSG00000044934.12"
48.8893668902566,1.88085385629035,0.593153499173928,3.1709394935877,0.00151946788891016,0.0078704464180477,"ENSMUSG00000044948.16"
153.760540404138,1.14798899803281,0.419163847313455,2.73875956953496,0.00616714559093052,0.02488272779584,"ENSMUSG00000045092.8"
60.2719403213525,1.95298925054978,0.587595999201471,3.32369392099988,0.000888336364979495,0.00506479546220324,"ENSMUSG00000045165.6"
200.440877277667,3.06078973304084,0.383171609269327,7.98803893346243,1.3710215679681e-15,9.65808526768642e-14,"ENSMUSG00000045312.11"
6.71936188400202,5.02791533462496,1.9576942187499,2.56828430429526,0.010220329496648,0.0372053795410821,"ENSMUSG00000045348.15"
693.583920695779,1.04943740928201,0.232184861961191,4.51983561898804,6.1887665303343e-06,6.95194539374902e-05,"ENSMUSG00000045394.8"
119.05288861933,2.07068374696542,0.425205827429745,4.8698385896594,1.11689446096854e-06,1.52610148330615e-05,"ENSMUSG00000045414.7"
24.2639638143371,3.31515867643234,0.994827241708657,3.3323963573197,0.00086101534087002,0.0049535728322286,"ENSMUSG00000045441.5"
517.009730588415,1.01524117481346,0.317271813573984,3.19990976625699,0.00137470618835823,0.00723409464989309,"ENSMUSG00000045573.9"
121.150497201639,1.56844002502902,0.398500209498642,3.93585746668063,8.29001665437575e-05,0.00067073386407277,"ENSMUSG00000045658.16"
91.5781589699252,1.55592015709477,0.459055877689405,3.38939164645116,0.000700478860252186,0.004166075022513,"ENSMUSG00000045672.15"
72.2167168370178,2.29841482378803,0.525109384705928,4.37702103738859,1.20312365849874e-05,0.000125622595436133,"ENSMUSG00000045679.13"
343.343584438648,1.25009580523983,0.292806428640071,4.26935914981738,1.96035395490544e-05,0.000191681740809693,"ENSMUSG00000045767.8"
508.712725312303,1.19177877387326,0.288561398522268,4.13006999542001,3.626528040913e-05,0.000326593576411768,"ENSMUSG00000045817.8"
175.170617213942,1.56720492926878,0.343236935727133,4.56595653363681,4.97221796924867e-06,5.71913315040576e-05,"ENSMUSG00000045827.10"
9.70927065250205,5.55948482671717,1.81286707987052,3.06668088821726,0.00216449798859791,0.0105593392179984,"ENSMUSG00000045868.12"
69.5677871403621,2.26473552828237,0.594893516661075,3.80695950595246,0.000140685770109397,0.00106794514187449,"ENSMUSG00000045932.12"
38.5572964551005,2.29765912026645,0.717710880503318,3.20137144730917,0.00136775090350373,0.00721186021973858,"ENSMUSG00000045934.15"
17.5389249586234,2.77983567564172,1.06244849774041,2.61644275609953,0.00888512612462273,0.0332772327682586,"ENSMUSG00000046080.17"
90.450983151662,1.13850532520996,0.431227365621919,2.64015091799194,0.00828691154267052,0.0313703243256097,"ENSMUSG00000046138.14"
99.2274596110536,1.46079960312392,0.425452222680706,3.43352208602803,0.000595793662618909,0.00362647064228483,"ENSMUSG00000046139.7"
88.5935770869251,1.26971598573122,0.436415642954902,2.90941905091707,0.00362101145330075,0.0161534003756873,"ENSMUSG00000046157.13"
52.4492019713276,1.50177709918231,0.562116801383473,2.67164599152019,0.0075480231051483,0.0291379923009833,"ENSMUSG00000046223.10"
28.9314214084534,1.98467205560637,0.804762799062598,2.46615780192394,0.0136571152932431,0.0468640998912974,"ENSMUSG00000046541.9"
12.2326889977912,5.89439802655001,1.79341736582883,3.28668503989082,0.00101374147204707,0.00568570500068865,"ENSMUSG00000046607.6"
87.0911419011334,2.01240341145869,0.47276614193846,4.25665722001016,2.07506130441577e-05,0.000201653719650459,"ENSMUSG00000046618.7"
335.966101042658,1.24867267312591,0.340523313149889,3.66692271837577,0.000245486947109535,0.00171332809849675,"ENSMUSG00000046691.13"
475.683717774456,2.79123199075742,0.279875399391689,9.97312374300917,1.99842699446085e-23,3.13614533289154e-21,"ENSMUSG00000046805.9"
54.7141075858742,2.2703054730744,0.629314934707876,3.6075823850077,0.000309063418177438,0.00208897875399249,"ENSMUSG00000046818.7"
251.409380787294,1.54103919264647,0.366605708821585,4.20353299352587,2.62780827732562e-05,0.000247479270324486,"ENSMUSG00000046841.4"
40.1825550968376,1.94915411558646,0.680423162835702,2.8646204627474,0.00417509319565899,0.0181401390217091,"ENSMUSG00000046844.6"
145.399658955709,1.09344586078565,0.367321636376177,2.97680765982935,0.0029126667735046,0.0134672603150665,"ENSMUSG00000046962.15"
31.2464227560692,2.06632908000179,0.763941125513415,2.70482765096995,0.00683398363690685,0.0269054683269493,"ENSMUSG00000047003.14"
64.2257996455055,4.59610705219933,0.840871348277578,5.46588614490658,4.60599922594135e-08,8.31493026550916e-07,"ENSMUSG00000047036.7"
96.2326014242682,2.41009303411308,0.495673188116356,4.86226225645139,1.16051723794848e-06,1.58161635610348e-05,"ENSMUSG00000047153.3"
157.088599738629,2.25748075819137,0.40238270229354,5.61028281117444,2.0199623608736e-08,3.9187764283778e-07,"ENSMUSG00000047180.8"
24.1254862285396,3.47991290835272,1.06023549849356,3.28220750323599,0.00102997780471555,0.0057563992259314,"ENSMUSG00000047205.12"
56.971923523661,3.5689770170988,0.702868996822735,5.07772719131457,3.81976621963545e-07,5.74414559594135e-06,"ENSMUSG00000047230.6"
85.6258797793997,1.23729070423672,0.453727087958675,2.72694916630019,0.0063922885997424,0.0255723811978589,"ENSMUSG00000047248.20"
233.363458518822,1.70845782438502,0.314632467156024,5.43001121221798,5.63505115410201e-08,9.93499007703191e-07,"ENSMUSG00000047407.17"
219.744823876093,1.1319546762069,0.342953400070872,3.30060782594072,0.000964756339464886,0.00544565099021312,"ENSMUSG00000047414.6"
40.7042832872365,3.429250837065,0.835406315356031,4.10488976924185,4.04507716085561e-05,0.000357781657363624,"ENSMUSG00000047420.8"
30.0086566053641,1.99719917534556,0.784537032519477,2.54570414468737,0.0109057575038674,0.0391254541503618,"ENSMUSG00000047466.9"
148.179462771782,2.41196791255669,0.424765998598067,5.67834506650097,1.36004141170526e-08,2.7385699359073e-07,"ENSMUSG00000047501.3"
80.9927787222413,1.33267203051136,0.470814493852067,2.83056712975811,0.00464655592971337,0.0198031490954442,"ENSMUSG00000047648.13"
191.611237867711,2.36927824919919,0.419278080276362,5.65085169164463,1.59654797018311e-08,3.15134312919082e-07,"ENSMUSG00000047735.14"
35.271257856333,2.17365855284925,0.704579112061431,3.08504540602919,0.00203521080101129,0.0100492495937785,"ENSMUSG00000047747.10"
85.2712280676711,1.4541203519021,0.465214113770691,3.12570128218176,0.00177381632855667,0.00897096005348538,"ENSMUSG00000047777.9"
12.3578620162633,5.90686812239764,1.74595515952779,3.38317286681934,0.000716535150980646,0.00424088205490786,"ENSMUSG00000047787.7"
89.153540975934,3.01408804213793,0.616750712141093,4.88704428353932,1.02361076419227e-06,1.41326050631076e-05,"ENSMUSG00000047793.13"
79.6305014392033,1.83872634564522,0.499658420824139,3.67996669126965,0.000233264420649613,0.00163884799082286,"ENSMUSG00000047804.15"
101.040414193508,1.14547921758019,0.420629822788939,2.72324774783018,0.00646435608035636,0.0257825978544661,"ENSMUSG00000047832.8"
144.917502596399,1.41344573114662,0.412868262445839,3.42347876965243,0.000618250809492798,0.00374876638502711,"ENSMUSG00000047867.11"
58.2882050064281,1.83830697444821,0.595945876056968,3.08468780187093,0.00203765920011063,0.0100582056436479,"ENSMUSG00000047880.14"
167.41580283264,1.62398492432138,0.365035435651139,4.4488418540095,8.63345530013401e-06,9.33426101685703e-05,"ENSMUSG00000047945.6"
249.472573473584,2.44027532137589,0.379086544747772,6.43725121660424,1.21656492678498e-10,3.64509529102872e-09,"ENSMUSG00000047963.7"
57.8560160798037,1.51427737412794,0.570035892794433,2.65645969537925,0.00789658896379081,0.0302248092431983,"ENSMUSG00000048022.11"
8.00122943077827,5.27935914816118,1.89436713224132,2.78687222677628,0.00532194584654127,0.0220703405723912,"ENSMUSG00000048070.4"
74.9900157123741,1.6379309748878,0.482786069493671,3.3926641185103,0.000692164540979223,0.00412281397013179,"ENSMUSG00000048078.16"
115.857156520957,1.06298557452905,0.401066230744959,2.65039909382202,0.00803967390626903,0.0306466646018192,"ENSMUSG00000048118.17"
139.559233211244,1.65112459397743,0.405288463459548,4.0739491568139,4.62225766439861e-05,0.000402003154357475,"ENSMUSG00000048163.13"
259.471614454331,1.23731971006661,0.324660758254417,3.81111569109624,0.00013834099954567,0.00105469208407834,"ENSMUSG00000048285.8"
7.39253507396012,5.16482847608939,1.93875246314313,2.66399582941914,0.00772185200401613,0.0297282861947184,"ENSMUSG00000048327.6"
179.98893185702,1.82627140771073,0.357105478041149,5.11409519038598,3.1524836286858e-07,4.82771647484733e-06,"ENSMUSG00000048332.13"
121.655092611485,3.05060938818526,0.499278750400324,6.11003249335019,9.96108572369964e-10,2.51807350431642e-08,"ENSMUSG00000048376.5"
12.3789522721801,3.50514217076265,1.4236481324312,2.46208461972752,0.0138132072534425,0.0472564936255262,"ENSMUSG00000048402.14"
20.1313196037083,2.40367845261473,0.95800363364957,2.50904941086474,0.0121056549749658,0.0425859445944011,"ENSMUSG00000048450.10"
108.106929726269,1.03478580269106,0.411227872181156,2.51633187508072,0.0118583461570628,0.0419167677496532,"ENSMUSG00000048490.13"
8.37005544232729,5.34361646153681,1.91424674876244,2.7914982564246,0.00524646402987908,0.0218315712453619,"ENSMUSG00000048521.7"
11.413527226418,5.79246833331177,1.7643781458866,3.28300843377374,0.00102705592953559,0.00574614771730997,"ENSMUSG00000048534.6"
209.813396513979,1.34044241507615,0.353503376183685,3.79188009333083,0.000149511102100773,0.0011268430662374,"ENSMUSG00000048546.7"
206.008901815261,1.72881738348177,0.368033288541325,4.69744840292523,2.6343170252816e-06,3.26684383381018e-05,"ENSMUSG00000048612.15"
74.0233826012225,1.42734575665009,0.478402305492463,2.98356788891473,0.00284908822493547,0.0132157004288051,"ENSMUSG00000048696.10"
11.1276651611738,5.75620028871716,1.77045811637393,3.25124906117883,0.00114899155015943,0.00628414359181629,"ENSMUSG00000048732.5"
141.889429091427,2.15542719263307,0.463943415144454,4.64588379158686,3.38623592696326e-06,4.09084142091217e-05,"ENSMUSG00000048865.16"
53.8791921700349,1.59151922794826,0.625937579362766,2.54261651707907,0.0110025910260007,0.0394460682565282,"ENSMUSG00000048960.13"
145.085558101059,2.41213714546043,0.405444739050229,5.94936106733304,2.69191223683554e-09,6.20157106887258e-08,"ENSMUSG00000049103.13"
123.428435897234,1.98516001068937,0.406177329292953,4.88742198917159,1.02164956652874e-06,1.41178253090502e-05,"ENSMUSG00000049288.4"
26.3993211091108,2.04113742252177,0.818351517440254,2.49420619259839,0.012623918808953,0.0440240072875479,"ENSMUSG00000049303.10"
178.302839660416,1.25547448939384,0.476419905672171,2.63522677043168,0.00840810885538738,0.0317835738988528,"ENSMUSG00000049323.8"
93.8256614891153,1.52795838742555,0.44180339724027,3.45845775965046,0.000543277455732993,0.00335840392877064,"ENSMUSG00000049502.16"
33.1177284276526,2.5873938424044,0.872858874430544,2.96427511731771,0.0030339690666918,0.0139427108457712,"ENSMUSG00000049625.5"
35.2968741392393,2.17455364520507,0.727011065415524,2.99108741070152,0.0027798590833402,0.012951430473528,"ENSMUSG00000049744.15"
239.768722967369,1.06303813323046,0.432428995648912,2.45829522054885,0.0139598364908578,0.0476552677967038,"ENSMUSG00000049791.4"
98.676288996959,1.0641980582355,0.417076696096474,2.55156442015485,0.0107240496774124,0.0386397334364599,"ENSMUSG00000049800.13"
87.1960955755145,2.0019684543858,0.496623560950491,4.03115883296841,5.55025183497657e-05,0.000474495639613692,"ENSMUSG00000049866.12"
118.929314336618,1.03389503334207,0.411170586520599,2.51451603601095,0.0119195881723618,0.04208753125135,"ENSMUSG00000049969.3"
18.3524097582848,2.8564576820338,1.05415406247271,2.70971557547619,0.00673409277488043,0.0266198066885706,"ENSMUSG00000050022.16"
8.30368428528343,5.33244181637788,1.89725864606168,2.81060351336226,0.00494486797983396,0.0208724786898451,"ENSMUSG00000050075.8"
70.7116617738959,1.90110974565311,0.535765732143239,3.54839742745032,0.00038758292446501,0.00252494424692577,"ENSMUSG00000050248.11"
62.8566373175085,1.61601882820095,0.525130204755036,3.07736788622699,0.00208837387947991,0.0102542521653521,"ENSMUSG00000050288.6"
14.5233701675526,6.14078312802294,1.702714853034,3.60646594295042,0.000310395575645698,0.00209619508904317,"ENSMUSG00000050359.7"
135.570424390908,1.05177017163443,0.373167062220383,2.81849680241413,0.00482490916062262,0.020442344345327,"ENSMUSG00000050567.16"
11.0077309885393,5.74007823656792,1.77662164902915,3.23089513161377,0.00123403206668602,0.00662806108335259,"ENSMUSG00000050600.5"
131.475500054045,1.66889521656453,0.385006442083858,4.33472023878767,1.45945608374709e-05,0.00014885700725477,"ENSMUSG00000050721.8"
103.742292700555,1.55017569849227,0.42320331680275,3.66295734684611,0.000249320066381271,0.00173702112182116,"ENSMUSG00000050737.13"
494.894673335474,1.26896181958461,0.348632411801369,3.63982744182601,0.000272820807945753,0.00188090900649856,"ENSMUSG00000050912.15"
154.366926458117,1.11463659222782,0.351711299529531,3.16918050036727,0.00152869426651162,0.00791116462004426,"ENSMUSG00000050953.9"
31.314031718167,2.24719699928454,0.75461207653129,2.97794995491483,0.00290183361628277,0.0134328454492062,"ENSMUSG00000051041.7"
27.0014422287551,2.10565249563427,0.81346105051255,2.5885105307839,0.00963919996301333,0.0354892728022674,"ENSMUSG00000051212.7"
835.377178822391,1.09917177290997,0.315920485822659,3.47926716448196,0.000502787066962072,0.00315861078531464,"ENSMUSG00000051223.14"
99.7734794189733,1.67946611542524,0.44736349155904,3.7541420949939,0.000173936177534175,0.00128167755179762,"ENSMUSG00000051236.13"
10.369635701007,5.65495786652103,1.7959041822415,3.14880822843397,0.00163937737671845,0.00841727613248704,"ENSMUSG00000051279.2"
35.9536677262149,1.83054318900629,0.749589595272807,2.44206056294055,0.0146036965069515,0.0495014092461894,"ENSMUSG00000051335.5"
605.511688099008,1.07778256121676,0.249439577763531,4.3208161707141,1.55453141788995e-05,0.000157138539372166,"ENSMUSG00000051339.9"
58.1661685832378,1.82817054294131,0.54439481166908,3.35817040088288,0.000784602293691886,0.00458891009410199,"ENSMUSG00000051344.13"
80.4786854947452,1.42051849366192,0.467740051548636,3.03698280478385,0.00238959086836523,0.0114633823437012,"ENSMUSG00000051351.14"
149.331850917842,1.33540080586213,0.358858585154776,3.72124525120715,0.000198242789334717,0.00143346177507083,"ENSMUSG00000051413.17"
130.676926825723,1.42022785013208,0.383276106700005,3.70549539954419,0.000210977959450832,0.00150970684302288,"ENSMUSG00000051439.6"
35.4673280588384,2.45868371644466,0.841076741418258,2.92325729076603,0.00346390157723683,0.0155444054357881,"ENSMUSG00000051457.7"
116.184032869861,2.93316002356057,0.480660261110721,6.10235599003452,1.04516266714489e-09,2.63238955533384e-08,"ENSMUSG00000051506.16"
347.490152708795,1.24494805166817,0.289518603416832,4.30006236896551,1.70750047857756e-05,0.00016989254604805,"ENSMUSG00000051510.13"
40.2693036909502,1.95217048022647,0.670013683017589,2.91362778060642,0.00357255594558757,0.0159822217718213,"ENSMUSG00000051735.7"
142.405623999809,1.01743803711766,0.365863510574125,2.78092241426608,0.00542046898662711,0.0224027205835827,"ENSMUSG00000051790.15"
54.2177919396881,3.61407832291026,0.732672580042572,4.9327331489603,8.10869010555096e-07,1.14140975286841e-05,"ENSMUSG00000051855.15"
25.7565734686422,2.81368177776177,0.923380355498708,3.0471536036113,0.0023101962348428,0.011167005282787,"ENSMUSG00000051998.14"
48.3501779271026,4.38872048889253,0.932888662868194,4.70444187348067,2.54561377420308e-06,3.1652910579414e-05,"ENSMUSG00000052013.14"
115.549691867872,1.64625943422156,0.514301250620142,3.20096331135984,0.00136968971032706,0.00721728121964224,"ENSMUSG00000052056.14"
97.3569397928946,2.24770313910456,0.457513686934099,4.91286534872196,8.9754920494042e-07,1.25010148491262e-05,"ENSMUSG00000052085.6"
27.9476693425042,2.16483883344501,0.803197350734775,2.69527636198574,0.00703302716500991,0.0275651534533648,"ENSMUSG00000052087.13"
61.1713622826296,1.50761314366912,0.552051817097403,2.73092687493702,0.00631564832254321,0.0253204725511276,"ENSMUSG00000052105.16"
108.090000684409,1.22114399203939,0.438065199239809,2.78758503108325,0.00531025163482655,0.0220391433390942,"ENSMUSG00000052155.5"
207.64774825606,1.12736046425407,0.317403455428491,3.55182164835651,0.000382574082704776,0.00249744613297805,"ENSMUSG00000052160.6"
95.063055459599,1.1787118814936,0.435557777415078,2.70621245357838,0.00680554915207569,0.0268395008858919,"ENSMUSG00000052331.14"
88.1663564208269,1.80972455587441,0.461625937300594,3.92032684830702,8.84289532893429e-05,0.000710612195749945,"ENSMUSG00000052336.6"
40.0507747154992,3.96079138364035,0.942893692374056,4.20067650857618,2.66118602486329e-05,0.000249739097227744,"ENSMUSG00000052374.14"
105.822725207399,1.01318496329392,0.402620156093192,2.51647849209865,0.0118534134645137,0.0419086779862908,"ENSMUSG00000052384.13"
21.0291642477062,2.65600173963923,1.02080472478677,2.60187053914158,0.00927168449242835,0.0344320991576826,"ENSMUSG00000052485.7"
203.106097006221,1.33789405676634,0.327834128044251,4.08100909062692,4.48406010686397e-05,0.000391583210434126,"ENSMUSG00000052593.15"
490.699217569375,1.85536341547418,0.260389760962008,7.1253316897698,1.03830340283296e-12,4.52118377332482e-11,"ENSMUSG00000052684.4"
85.894725664087,2.43771544899786,0.508489753890184,4.7940306178211,1.63463309544513e-06,2.14123426138887e-05,"ENSMUSG00000052688.12"
29.2741347112239,2.12864251613079,0.764722216609294,2.78354998703841,0.00537675766051966,0.0222336574274032,"ENSMUSG00000052713.8"
24.9841850827101,3.11407803136188,0.977960969040545,3.18425594675525,0.00145126630045295,0.00756912499578126,"ENSMUSG00000052760.15"
48.3050445449668,1.86168060485821,0.658476186180268,2.82725578225929,0.00469488108887397,0.0199661564954796,"ENSMUSG00000052776.10"
43.3293682643019,2.08091939493999,0.646389753820716,3.21929514296904,0.00128506144089668,0.00686723662785312,"ENSMUSG00000052798.12"
21.7388430580821,3.22670502956151,1.04210097213379,3.09634585884183,0.00195921694597409,0.00975301149299286,"ENSMUSG00000052812.4"
193.735477056081,1.35176038482097,0.349079905025628,3.87235233354876,0.000107789981553973,0.000852105340464079,"ENSMUSG00000052837.6"
51.5949325578642,1.81073230609175,0.599526247070312,3.02027194795924,0.00252547815134447,0.0119524719912839,"ENSMUSG00000052889.11"
8.64878633783006,5.39375974544915,1.87153726411053,2.88199430964181,0.0039516686984139,0.0173170402730393,"ENSMUSG00000052920.14"
82.9767949710273,2.0836785919093,0.515614027595332,4.04115962792351,5.31875371541295e-05,0.000457170533564508,"ENSMUSG00000052942.13"
168.50638762785,1.16237403753067,0.453327528099362,2.5640932118199,0.0103445759446533,0.0376058552116411,"ENSMUSG00000053062.15"
57.0286719869465,1.66087095472378,0.558166495537578,2.97558339313107,0.00292431829255669,0.0134975087178286,"ENSMUSG00000053063.11"
137.137241598121,1.06165459314305,0.396278920690498,2.67905896002028,0.00738293925021687,0.0285831917723345,"ENSMUSG00000053080.10"
78.5796230034154,1.27200913210361,0.469430744331253,2.70968433035997,0.00673472711805478,0.0266198066885706,"ENSMUSG00000053175.17"
11.0503781865807,5.74784314606194,1.82817567003209,3.14403218480698,0.0016663711126774,0.00852824738002482,"ENSMUSG00000053182.10"
36.173506640331,1.86383498817236,0.683869164392621,2.72542627335409,0.00642185168862586,0.0256582680274061,"ENSMUSG00000053199.13"
107.929690284182,1.51836872345969,0.466065068702033,3.25784708064106,0.00112260882950993,0.00615686849402505,"ENSMUSG00000053293.9"
14.9389027179248,3.79262466925975,1.41972370518088,2.67138222417477,0.00755395760229781,0.029152721693796,"ENSMUSG00000053318.7"
208.292959085648,1.05677835222035,0.33307991939164,3.17274711171579,0.0015100399244173,0.00783441335581482,"ENSMUSG00000053641.8"
40.5612499347851,4.2401228552665,0.938379766692229,4.51855741755053,6.22623897691466e-06,6.98908553711737e-05,"ENSMUSG00000053702.16"
139.259677358142,1.0619682368931,0.361886542906336,2.93453364793386,0.00334049332412558,0.0150931639644785,"ENSMUSG00000053819.16"
36.2009504808192,2.12246570428058,0.713181888154493,2.97605104607031,0.00291986256172635,0.0134847965044763,"ENSMUSG00000053835.17"
263.346694319577,1.54569805785991,0.330220201910752,4.6808101046394,2.85743526729474e-06,3.5027338736753e-05,"ENSMUSG00000054008.8"
82.6540018137734,3.40485602814831,0.599093874533125,5.68334308342198,1.32086916686766e-08,2.67037962944546e-07,"ENSMUSG00000054072.11"
34.2230269572438,2.35477729938989,0.865378762870308,2.72109439291012,0.00650661792032635,0.0258999999274247,"ENSMUSG00000054162.15"
26.6063156757854,3.46316115123317,0.971353153225546,3.56529562881754,0.000363446281989248,0.00239726324158534,"ENSMUSG00000054256.11"
151.479337390405,2.48592333955634,0.458925926781251,5.41682915365395,6.06652572096754e-08,1.06601366604585e-06,"ENSMUSG00000054404.12"
140.552464551765,2.09476822305207,0.456981705595082,4.58392140736633,4.56335817608013e-06,5.31441786119545e-05,"ENSMUSG00000054435.16"
46.0805596322551,2.00541449720633,0.65211377529122,3.07525246849869,0.00210324432396248,0.0103176795217596,"ENSMUSG00000054580.14"
9.37363021947496,5.50940898890315,1.83099184884013,3.00897515867872,0.0026213054787719,0.0123179548346094,"ENSMUSG00000054640.14"
18.5692955237332,3.86050228443356,1.29030877790283,2.9919212753928,0.0027722774329241,0.0129199051196257,"ENSMUSG00000054662.8"
1014.12957157941,1.07149488857049,0.223843838069987,4.78679644617012,1.69464554429097e-06,2.21253145609652e-05,"ENSMUSG00000054693.14"
88.658809052564,1.61582553612017,0.52585450171292,3.07276163055897,0.00212087826682016,0.0103945332495669,"ENSMUSG00000054717.7"
99.718884417318,1.09002804075849,0.416686099285551,2.61594529461734,0.00889808124685766,0.0333178804069676,"ENSMUSG00000054720.12"
118.610894453298,1.67531809459722,0.410718154442531,4.07899693859683,4.52304324757814e-05,0.000394552754397983,"ENSMUSG00000054920.12"
212.91172331105,1.11246645600957,0.319768395610541,3.47897563136441,0.000503334354717405,0.00315954436525579,"ENSMUSG00000055024.12"
556.60205362699,1.12970543427906,0.247717327188152,4.56046190673211,5.10412213424878e-06,5.84962659637333e-05,"ENSMUSG00000055172.10"
157.732849814799,1.58498201497076,0.425136562917829,3.72817149410201,0.000192874115374804,0.00140013062871883,"ENSMUSG00000055254.14"
167.673413109962,1.046016019469,0.382169251207719,2.73704913768811,0.00619930324429395,0.0249768572501421,"ENSMUSG00000055371.17"
39.2554028487812,2.00994878083492,0.675401625730955,2.97593121523753,0.0029210037020753,0.0134861371039596,"ENSMUSG00000055413.12"
221.267084242685,1.2299591032064,0.38231818310137,3.21710856969699,0.00129489587389445,0.00690582086178568,"ENSMUSG00000055435.6"
36.5574064767893,2.13723030793276,0.754933522118131,2.8310178913983,0.00464001254695192,0.0197912268216329,"ENSMUSG00000055485.6"
35.0078236450392,2.14432047138437,0.858245176565911,2.49849405500235,0.0124722234490487,0.0436486512844826,"ENSMUSG00000055541.17"
64.0543749681715,8.2809435021771,1.51758233997014,5.45666833625648,4.85151328861954e-08,8.68796003972671e-07,"ENSMUSG00000055561.9"
156.453927545599,2.2129623021709,0.444600791941052,4.97741421581704,6.44393255109709e-07,9.31051330308923e-06,"ENSMUSG00000055632.17"
55.2688422942091,2.39861776332666,0.67994812506453,3.5276481762473,0.000419269021695471,0.00269481508267365,"ENSMUSG00000055675.6"
12.6022278281882,3.53384538463459,1.42304529041075,2.483297902356,0.0130172175085325,0.0451077607149627,"ENSMUSG00000055725.11"
40.392339432209,1.68567077879937,0.643215084747995,2.62069534556982,0.00877506405376613,0.0329038952572021,"ENSMUSG00000055745.4"
87.2881595880333,1.97329109590257,0.592924719782491,3.32806346246864,0.000874519423660238,0.00500221323169065,"ENSMUSG00000055782.8"
136.227691978451,1.53573292255065,0.443813452141956,3.46031179347722,0.000539550254198371,0.00334188023800085,"ENSMUSG00000055805.14"
9.49167206820561,5.52740557827076,1.82573008339297,3.02750424531457,0.00246582250490426,0.0117543719406715,"ENSMUSG00000055978.5"
33.9668161159458,3.26208823353152,0.862417186041675,3.78249446593691,0.000155264546332066,0.001161918347197,"ENSMUSG00000055980.2"
47.9571624496741,2.2567009586024,0.627559674517739,3.59599421415439,0.00032315498135871,0.00217034171802354,"ENSMUSG00000056069.8"
113.459696146599,1.2811655406996,0.448876427766922,2.85416088136587,0.00431506731828431,0.0186359174372769,"ENSMUSG00000056091.12"
201.215559276932,1.48777112722426,0.332062505467505,4.48039481340915,7.45050910432986e-06,8.18935986849018e-05,"ENSMUSG00000056124.5"
77.3389749366886,1.18190606008637,0.480101802613259,2.46178217547422,0.0138248600664809,0.0472759508206519,"ENSMUSG00000056131.13"
49.1631972198869,2.30116332375441,0.646673863919308,3.55846038033409,0.000373035046421997,0.00244929804713697,"ENSMUSG00000056144.14"
35.9633531059993,3.9391521304344,0.920724949261512,4.27831583535765,1.88312699572742e-05,0.000185158578674192,"ENSMUSG00000056174.8"
46.6734025789939,2.21006409038311,0.63250186291729,3.49416218347504,0.00047555202871948,0.00301620634461935,"ENSMUSG00000056220.14"
192.282252857919,1.32722292396243,0.342904961048592,3.87052704021495,0.0001086003096541,0.000857228539849347,"ENSMUSG00000056234.14"
34.1560001020192,5.00909482272997,1.28919036187322,3.88545785856766,0.000102137209982094,0.000810653369161834,"ENSMUSG00000056290.15"
7.5954331928995,5.20402083360289,1.92268578286213,2.7066413451376,0.00679676420650136,0.026811526299912,"ENSMUSG00000056296.16"
202.472976723904,1.26405058168632,0.391752858591083,3.22665311551882,0.0012524719976222,0.00671345321687921,"ENSMUSG00000056342.16"
51.3849615691814,1.73806620076912,0.578528223512425,3.00428938490983,0.00266201994779503,0.012483140879453,"ENSMUSG00000056413.16"
271.820178914433,2.40315421743889,0.388104141633683,6.19203445581145,5.93925640677908e-10,1.56789487823804e-08,"ENSMUSG00000056427.10"
134.345399309602,1.34251741313564,0.423265941740782,3.17180590437827,0.00151494221868231,0.0078521367449688,"ENSMUSG00000056493.9"
135.959423822466,2.27230422740897,0.401665071547109,5.65721141411837,1.53852204367687e-08,3.05558359169226e-07,"ENSMUSG00000056515.8"
61.0494180067642,2.20217143042109,0.553834023009974,3.9762299514442,7.00164249678764e-05,0.000577354935622424,"ENSMUSG00000056529.7"
225.127367515022,1.67326848542175,0.399331895735492,4.19016988948481,2.7874567241067e-05,0.000260655982755701,"ENSMUSG00000056708.5"
292.277112016076,1.27313966661558,0.317804756761209,4.00604345759427,6.17442938769849e-05,0.000517802676164132,"ENSMUSG00000056737.14"
42.0437160697179,2.02826629342441,0.656781257058823,3.08819149697926,0.00201378659457948,0.00995586947101833,"ENSMUSG00000056870.9"
17.5177764027085,4.0217825858932,1.33659797700774,3.00896952941439,0.00262135404776892,0.0123179548346094,"ENSMUSG00000056888.11"
75.5091982393499,1.75760686335042,0.514515598646952,3.41604193919969,0.000635384605270336,0.00383651275944184,"ENSMUSG00000057098.14"
110.342645516084,1.07205624220721,0.397728018048729,2.69545064354975,0.007029349093294,0.0275575520971333,"ENSMUSG00000057110.15"
75.5899262418631,1.42530467967133,0.499152313929899,2.8554504104162,0.00429758335882473,0.0185755921018194,"ENSMUSG00000057143.15"
46.0685511699816,2.11263815062784,0.625873421565276,3.37550386041997,0.000736806583628336,0.00433871155357302,"ENSMUSG00000057191.13"
37.6991205068399,2.14277416702937,0.719857427671825,2.97666466255627,0.00291402550987458,0.0134679854614232,"ENSMUSG00000057219.11"
85.1367842435827,2.11340782924079,0.478354646667398,4.41807734902229,9.95827854022183e-06,0.000106003166462402,"ENSMUSG00000057335.11"
29.3838064058284,3.76719840310883,0.999386604993266,3.76951060208998,0.000163567960929297,0.00121945069648606,"ENSMUSG00000057337.13"
226.47349457363,1.30461576075905,0.34762267066946,3.75296512809877,0.00017475517280117,0.00128472610802344,"ENSMUSG00000057554.13"
61.3984628000964,2.18366111449807,0.58789600854091,3.71436628719026,0.00020371354853359,0.00146609690132605,"ENSMUSG00000057722.17"
69.1452994995734,1.68775817998688,0.500006832260829,3.37547023578761,0.000736896624745651,0.00433871155357302,"ENSMUSG00000057751.14"
82.0934016784852,1.38118786475104,0.481342416077301,2.86944972771572,0.00411186691176129,0.017899777685091,"ENSMUSG00000057969.15"
150.404315134453,1.24655462000359,0.38124126321022,3.26972639191008,0.00107651555324172,0.0059555921531872,"ENSMUSG00000058006.12"
78.7623335982241,1.29776144381228,0.47368688690004,2.73970312394597,0.00614947028119436,0.0248392211918784,"ENSMUSG00000058056.16"
146.419570663526,1.32815322013403,0.36742839658003,3.61472665829938,0.000300664674433399,0.00204069556507343,"ENSMUSG00000058070.14"
98.3380254348327,1.51279309332395,0.452360957686336,3.3442167535,0.000825152410460541,0.00478021407375716,"ENSMUSG00000058099.15"
21530.8906301578,4.61317743168403,0.28700152631829,16.0737034776879,3.90069183648502e-58,4.1217310405525e-55,"ENSMUSG00000058119.6"
12.412137850702,3.50937143537973,1.42501413084771,2.46269237575356,0.0137898173676728,0.0472103592934889,"ENSMUSG00000058163.13"
35.9584484324645,1.87333018388062,0.681988347411876,2.74686538412254,0.00601678245162535,0.0244152590522944,"ENSMUSG00000058216.12"
51.3056644913575,2.65405058428885,0.66315251287642,4.00217224960353,6.27635775123326e-05,0.000525516483661105,"ENSMUSG00000058258.14"
22.0863603404427,2.55934588593956,0.918832544959339,2.78543234017991,0.00534563948505904,0.0221400539486581,"ENSMUSG00000058290.3"
414.864380389012,1.02078115365682,0.293232959637299,3.48112693375066,0.000499308806824462,0.0031417406066565,"ENSMUSG00000058587.7"
155.41463119167,1.20739462158412,0.353232642977014,3.41812866276544,0.000630532925204377,0.00381091117627616,"ENSMUSG00000058715.11"
114.617763299594,1.47679298646605,0.582364534193303,2.53585666666965,0.0112172635719292,0.0400887548173794,"ENSMUSG00000058818.13"
112.059658397779,1.11072305688112,0.408689239188055,2.7177692740034,0.00657236515151882,0.0260951872874683,"ENSMUSG00000058881.12"
13.9396090144572,3.37696331814664,1.36329492475751,2.47705999400482,0.0132469632893219,0.0457339072393273,"ENSMUSG00000058952.12"
14.2209153130475,6.11073791489918,1.71252232088104,3.56826760176498,0.000359349389654986,0.00237320326084647,"ENSMUSG00000059049.14"
27.863962837687,3.68885018703153,1.01156973514621,3.64665930470761,0.000265671796823731,0.00183721552341018,"ENSMUSG00000059089.4"
66.8711157121214,1.24697433856202,0.489962760033002,2.54503901169555,0.0109265530226671,0.0391911892756899,"ENSMUSG00000059142.15"
219.47991837353,1.00860501341946,0.34684198595891,2.90796689631153,0.00363786844591836,0.016205793948231,"ENSMUSG00000059182.7"
52.4500081168313,1.49993114165134,0.588604093615895,2.548285270048,0.0108253908031689,0.0389360944560644,"ENSMUSG00000059325.14"
143.800732396987,1.55867324620624,0.38753049954773,4.02206600003172,5.76898865227935e-05,0.000489499304810641,"ENSMUSG00000059326.6"
233.669441818311,1.00584491954788,0.312545024089943,3.21824006789633,0.00128979815579013,0.00688114235976798,"ENSMUSG00000059498.13"
225.535528996042,1.42825828293688,0.318599724454332,4.48292378589802,7.36272307738372e-06,8.09848443973157e-05,"ENSMUSG00000059552.13"
89.4431134750789,2.04650724058107,0.486111333881752,4.20995582275169,2.55420627257984e-05,0.000241696533853078,"ENSMUSG00000059588.13"
26.2218260867992,2.57814964017396,1.01807906717871,2.53236681048604,0.0113295402374415,0.0404080136731429,"ENSMUSG00000059994.10"
57.7609102642129,1.89260484841824,0.70369315807459,2.68953140541638,0.00715524140070143,0.0279405213602162,"ENSMUSG00000060012.7"
39.9430951377782,2.48053630627844,0.71287747533,3.47961100205918,0.000502142302419042,0.00315593829640197,"ENSMUSG00000060224.3"
110.707038827299,1.0804953857668,0.396007112577775,2.72847469514728,0.00636279717609489,0.0254930068860222,"ENSMUSG00000060227.15"
84.0661669835247,2.30193516556108,0.625308789998935,3.681277478228,0.000232068276652002,0.00163189094273924,"ENSMUSG00000060429.11"
157.946023058193,1.1272683487971,0.353332050839998,3.19039369940309,0.00142079097983826,0.00743955633645077,"ENSMUSG00000060519.11"
161.74230081379,2.83622396262426,0.404045182510164,7.01957128904243,2.22550043154202e-12,9.16212515323144e-11,"ENSMUSG00000060548.12"
208.449651768969,2.09723530944028,0.432869149940091,4.84496367951038,1.2663484260952e-06,1.70242769750711e-05,"ENSMUSG00000060550.15"
1426.61258865886,1.54997847752306,0.243455926924678,6.36656702961522,1.93305844023676e-10,5.53050113316836e-09,"ENSMUSG00000060586.10"
158.450635275055,1.91545443217789,0.375689557772029,5.09850325235868,3.42349652058e-07,5.21913623932771e-06,"ENSMUSG00000060671.12"
2914.15003239499,1.83110339669788,0.231401500634512,7.9131007866281,2.51055948083274e-15,1.71518826599995e-13,"ENSMUSG00000060802.8"
8.84979213286554,5.42635565596124,1.84935817618714,2.93418318086379,0.00334426774056427,0.015101607888303,"ENSMUSG00000061080.11"
81.7696050955004,1.62061408187616,0.503870797568375,3.21632864952099,0.00129842045344793,0.00692228866032618,"ENSMUSG00000061132.13"
5068.49562282394,1.10342185507607,0.209370020656949,5.2701998672676,1.36275286869665e-07,2.21990061344726e-06,"ENSMUSG00000061232.15"
126.459297991572,1.17712683519799,0.386033108332893,3.04928984014216,0.00229383060620957,0.0111048305157061,"ENSMUSG00000061288.13"
530.271712588961,1.05024594855961,0.291437728535881,3.60367188502264,0.000313753093223643,0.0021170653587036,"ENSMUSG00000061353.11"
36.604083275948,2.51785025042008,0.722540093240038,3.48472046600135,0.000492651421600845,0.00311096614835593,"ENSMUSG00000061535.11"
191.012518363301,2.27293609782644,0.357711362985588,6.35410650323126,2.09641555149595e-10,5.94421940808781e-09,"ENSMUSG00000061878.15"
306.143345541355,1.23205622000172,0.319554636251336,3.85554168280846,0.000115473652043523,0.000901604623098445,"ENSMUSG00000062078.14"
99.0755923995293,2.63256690748735,0.478945498346345,5.49658973009834,3.87206113730333e-08,7.1529334529438e-07,"ENSMUSG00000062127.11"
149.312468638249,1.04944778017592,0.362971057255052,2.89127124380744,0.0038368680710749,0.016921079278391,"ENSMUSG00000062169.13"
65.7159486947889,1.33381946509309,0.530291817535966,2.51525560264303,0.0118946113619991,0.042017811376577,"ENSMUSG00000062345.10"
26.0686415693207,3.10003680277062,1.02513023311067,3.0240419242771,0.00249421871825913,0.0118576384776266,"ENSMUSG00000062488.9"
24.8224714171626,2.17229092457375,0.869568618760178,2.49812479165932,0.0124852233761003,0.0436845012165982,"ENSMUSG00000062585.11"
41.7613913403105,5.15542301355398,1.15404602114317,4.46725946721529,7.92280138841232e-06,8.67240345347619e-05,"ENSMUSG00000062609.13"
25304.5315283898,4.94637239772298,0.244862091531099,20.200645868839,9.66252522660465e-91,2.55251708069473e-87,"ENSMUSG00000062751.5"
91.696388651298,1.37903449333502,0.471381861216865,2.92551454944631,0.00343887095090222,0.015453956498951,"ENSMUSG00000062866.15"
201.600395024832,1.81984172361364,0.522123604669201,3.48546150248585,0.000491288910794114,0.00310483621853537,"ENSMUSG00000062901.2"
56.6154984466861,2.06791238519639,0.578655382621638,3.57365099729578,0.000352038081059508,0.00233269380635167,"ENSMUSG00000062980.15"
741.756572570635,1.08607713538023,0.275228911294591,3.94608666027005,7.94388721352751e-05,0.000645695447868775,"ENSMUSG00000063015.12"
28.3980634023264,2.07457428302529,0.773474248120874,2.68215042461387,0.00731505591396381,0.0284036345507904,"ENSMUSG00000063108.14"
54.1023128397626,1.77325810214231,0.567778147591915,3.12315313589142,0.00178924626819536,0.00903746123355525,"ENSMUSG00000063160.12"
20.1689729092217,3.20606613774562,1.08904233502982,2.9439315944112,0.00324071618968869,0.0147200316797763,"ENSMUSG00000063193.8"
1083.17579698087,4.42735903321343,0.843413063864497,5.24933656223841,1.52647962109541e-07,2.45881117828885e-06,"ENSMUSG00000063252.6"
129.446530339602,2.65005989947426,0.46383955959284,5.71331152047595,1.10798579880604e-08,2.2601769512324e-07,"ENSMUSG00000063286.7"
94.97795305675,1.37490606507528,0.431645905507083,3.18526377184114,0.00144622123180287,0.00754569172631326,"ENSMUSG00000063354.6"
26.8258363236501,2.31524663038379,0.827334216182634,2.79844177249972,0.00513498269188032,0.0214974843281308,"ENSMUSG00000063455.16"
24.9224067992737,6.91938830538714,1.60209943583893,4.31895059108104,1.56772871786397e-05,0.000158371575386513,"ENSMUSG00000063531.7"
40.7068313093212,1.97419477060887,0.678217789843427,2.9108566601661,0.00360439331295679,0.0160898514681439,"ENSMUSG00000063558.4"
14.8322148126175,3.77647876282814,1.37909501632643,2.73837459937151,0.00617437024738416,0.02488272779584,"ENSMUSG00000063919.10"
62.2429905611439,1.89875227969552,0.685083340067405,2.77156393776662,0.0055787714973326,0.0229429316685782,"ENSMUSG00000064262.7"
40.6268361393698,2.53118782831353,0.776772791813653,3.25859486195901,0.0011196543647562,0.00614491747970422,"ENSMUSG00000064267.13"
25.1859705432116,3.53987837996273,1.03508962138443,3.41987621828163,0.000626496358899884,0.00379440859326066,"ENSMUSG00000064294.12"
131.357816830288,1.04485007701267,0.374423134525129,2.79055961202245,0.00526170099436653,0.021889228546118,"ENSMUSG00000064302.13"
52.5172776196332,1.86469412092579,0.599701818193647,3.10936879688377,0.00187487533390777,0.00940404241849308,"ENSMUSG00000066113.15"
75.1323945459755,1.4996839973133,0.538636574925892,2.78422236276775,0.00536562353278242,0.0221934063138313,"ENSMUSG00000066258.13"
205.300577913737,1.05616050654938,0.403929018744458,2.61471807554769,0.00893011323625014,0.0333983706452489,"ENSMUSG00000066357.6"
274.681886400921,1.93727302152579,0.334190495144925,5.7969123888029,6.75469552811925e-09,1.4332252224992e-07,"ENSMUSG00000066406.15"
68.2807687874108,1.87225480880267,0.5156419764858,3.63092008444008,0.00028241262859119,0.00194112756425428,"ENSMUSG00000066800.11"
103.183075763944,1.1150524077344,0.455822558241461,2.44624226592957,0.0144353965140177,0.0490042910146029,"ENSMUSG00000066877.11"
151.889822179351,1.30688192974928,0.359828743425222,3.63195534995073,0.00028128179794308,0.00193430659425146,"ENSMUSG00000066894.14"
499.972644676033,1.29461862072785,0.269940817722577,4.79593501883197,1.61917767246476e-06,2.12626065522506e-05,"ENSMUSG00000067212.8"
46.8705239332419,2.16962904553592,0.708378448922085,3.06281063298491,0.00219268767927213,0.0106738635492823,"ENSMUSG00000067276.5"
51.5493174844344,2.66202530491309,0.661619842314023,4.02349677966523,5.73403685659326e-05,0.000487839421239952,"ENSMUSG00000067279.2"
14.4814357883592,3.75147625227943,1.45655909894998,2.5755743484654,0.0100073755914889,0.0365560965948603,"ENSMUSG00000067341.5"
41.8255924992155,1.7445945434274,0.713078481775997,2.44656736672561,0.0144223842059688,0.048970606183506,"ENSMUSG00000067586.3"
109.800211003307,1.34920666264792,0.421340870370997,3.20217372091134,0.00136394716364991,0.00719659205853896,"ENSMUSG00000068015.6"
35.7813532497428,2.3193719608491,0.893481677592895,2.59588083227142,0.00943487815140538,0.0349317492874971,"ENSMUSG00000068105.10"
70.7379187498968,3.65725269135076,0.660712974063177,5.53531235940442,3.10674178507231e-08,5.84126421036727e-07,"ENSMUSG00000068196.4"
27.0531414807755,2.89439582534528,0.940468447462334,3.07761077275397,0.00208667268141194,0.0102513279356731,"ENSMUSG00000068227.8"
54.07672511719,2.07889763996805,0.603002835294592,3.44757523229957,0.000565642850194856,0.00347970270022637,"ENSMUSG00000068245.14"
133.786439079618,1.26467833166319,0.435368925670809,2.90484289781268,0.00367437478771255,0.0163316994910948,"ENSMUSG00000068735.14"
65.6629754317261,1.37999032698456,0.528702020635518,2.61014763160119,0.0090503155934679,0.0337761954689113,"ENSMUSG00000068923.14"
110.815444156516,1.17035216868144,0.416470927290073,2.81016534886788,0.00495160537094865,0.0208897910911728,"ENSMUSG00000069114.8"
227.263348229285,1.39510143075923,0.357801702114076,3.89909109575572,9.65544463760426e-05,0.00076826705575315,"ENSMUSG00000069515.5"
4340.08394768104,1.14568345600078,0.192454383167078,5.95301305767693,2.63250285233725e-09,6.09126572402123e-08,"ENSMUSG00000069516.7"
35.6864562344024,4.05247605807265,0.957784175357084,4.23109523245338,2.32556178781155e-05,0.000222710870332653,"ENSMUSG00000069793.11"
102.186422852486,2.4680827206036,0.470613762104589,5.24439130204419,1.56799111504205e-07,2.51545133334175e-06,"ENSMUSG00000069874.7"
28.505842773027,3.72239136112535,1.00590850883028,3.70052676605144,0.000215152383156142,0.00153265854967409,"ENSMUSG00000069892.9"
181.993885158575,1.21631522660888,0.375595630874265,3.23836361934692,0.00120217482089125,0.00650353367574728,"ENSMUSG00000069895.3"
32.1767698994054,1.8674886315172,0.755406593092828,2.47216353231871,0.0134298067160516,0.0462041320706356,"ENSMUSG00000069920.10"
37.4844918782277,1.69205418429032,0.671157248614038,2.52109947077896,0.011698877595235,0.0414733191421326,"ENSMUSG00000070031.11"
59.8973428321053,2.475693103119,0.643469479379675,3.84741340880013,0.000119371446884257,0.000928058361915561,"ENSMUSG00000070034.13"
235.277468562044,1.79454257608893,0.382822763101676,4.68765901366296,2.76347962258418e-06,3.41130467429589e-05,"ENSMUSG00000070047.13"
10.8768809983555,5.72401627352756,1.78419973920953,3.20817010995838,0.00133582461273805,0.00708595050598998,"ENSMUSG00000070313.8"
245.370445210768,2.02621992463764,0.375035330517867,5.40274411437381,6.56290509705504e-08,1.14184462994865e-06,"ENSMUSG00000070327.14"
213.171992321657,1.71108379448724,0.409005110052873,4.18352669057374,2.87021374181705e-05,0.000267373802253068,"ENSMUSG00000070348.5"
277.942964632541,1.18839320602433,0.353759378261764,3.35932636433167,0.000781327341402049,0.00457168247223497,"ENSMUSG00000070372.11"
1131.06375445626,1.56705531728563,0.227333757857694,6.89319233559041,5.455403373376e-12,2.07856114105792e-10,"ENSMUSG00000070436.12"
130.324444489533,1.08098096652624,0.390186841396741,2.77041881437284,0.00559842548174401,0.0229883533382494,"ENSMUSG00000070509.15"
7.56603226218538,5.20016869694003,1.90761071230436,2.72601147781264,0.00641047691193912,0.0256322046050038,"ENSMUSG00000070547.4"
6.33205075928813,4.94275246736367,1.98155887640716,2.49437577970207,0.0126178882990231,0.0440223485669198,"ENSMUSG00000070605.4"
14.8578310955239,3.77851319661984,1.38595924591323,2.72628016138391,0.00640526051185949,0.0256178095162687,"ENSMUSG00000070691.10"
55.4937237278301,2.04462078543771,0.65245614622069,3.13372905946406,0.0017260014572822,0.00878802540890552,"ENSMUSG00000070867.4"
94.2745471585721,2.23192119654759,0.476446862728011,4.68451231637497,2.80627293529844e-06,3.45605485815697e-05,"ENSMUSG00000071042.11"
101.998344157561,1.65269484505504,0.42637763280279,3.8761293227111,0.000106131291061822,0.000841090481664936,"ENSMUSG00000071176.10"
498.571718765356,1.76404620811908,0.304837620554988,5.78683892397353,7.17232933966513e-09,1.5157522671159e-07,"ENSMUSG00000071369.10"
19374.7120151896,5.2296094945974,0.265971376646474,19.6623018632134,4.53668277277307e-86,8.98830274355665e-83,"ENSMUSG00000071517.6"
24632.3124343364,1.82212318036223,0.211752460657427,8.60496815340463,7.63379524043696e-18,7.3777838146906e-16,"ENSMUSG00000071519.6"
92.1156048771675,1.60591719460752,0.447777766977198,3.58641565758957,0.000335254429804411,0.00224021193608765,"ENSMUSG00000071713.4"
36.8119741080847,3.82175580069668,0.957348905125432,3.99201981663723,6.55128965937171e-05,0.000545838232304818,"ENSMUSG00000071714.5"
41.1223341200289,2.29075991810287,0.708834027308949,3.23172961489959,0.00123043423336704,0.00661158627792852,"ENSMUSG00000071715.11"
15.4550198822648,3.23399202756131,1.23055480376062,2.62807639097269,0.00858692299766312,0.0323024045220872,"ENSMUSG00000071793.12"
49.6804058496204,3.06849271727582,0.75997087259598,4.03764516236547,5.39904359718451e-05,0.000463569019584911,"ENSMUSG00000071847.12"
177.377697011789,1.79752606303739,0.380212380463633,4.72768945831138,2.27089140000564e-06,2.87489047045443e-05,"ENSMUSG00000071984.10"
22.8897354680586,2.55032274075585,0.978668979415927,2.60590944884949,0.00916306823612503,0.0341006413577323,"ENSMUSG00000072596.4"
135.676415105053,1.21817680902965,0.439295497241328,2.77302366329615,0.00555380820382423,0.0228648248127827,"ENSMUSG00000072620.3"
218.837376326615,1.05243787337197,0.3146317589012,3.34498296372697,0.000822876246917292,0.00477226070751521,"ENSMUSG00000072941.5"
33.6722635500281,2.70679226032018,0.78579870008533,3.44463825153471,0.000571824122344606,0.00350479982179505,"ENSMUSG00000072949.5"
12.7904254817706,3.56029699346331,1.43875684354649,2.47456476709943,0.0133398630857349,0.0459645282410647,"ENSMUSG00000073016.3"
19.2846194858605,4.1595211124854,1.30422257253225,3.18927244481696,0.00142631383583704,0.00745563857082092,"ENSMUSG00000073125.10"
255.196694754012,2.14711804168187,0.452903478387284,4.74078505496891,2.12891695908575e-06,2.71466884967894e-05,"ENSMUSG00000073409.12"
1370.60604956236,1.78623984521116,0.280002345014629,6.37937459101577,1.77812624469443e-10,5.12423654152848e-09,"ENSMUSG00000073418.4"
1230.81208176108,1.70266380960845,0.251904559760472,6.75916232412571,1.38791829639461e-11,4.89944432023488e-10,"ENSMUSG00000073421.5"
110.611529912492,1.36799926425841,0.548959719291576,2.49198477808862,0.012703148142929,0.0442224682770534,"ENSMUSG00000073489.5"
59.160404807186,1.66735380836147,0.543973697276544,3.06513681949925,0.0021757044124016,0.0106042173851677,"ENSMUSG00000073490.10"
19.4773729060968,2.95346113275638,1.04780884810498,2.81870222617214,0.0048218226783898,0.0204347298001279,"ENSMUSG00000073491.10"
16.0650168104589,2.85879334955846,1.15688194165695,2.47111934815401,0.0134690858851816,0.0463091130759496,"ENSMUSG00000073538.10"
167.019645472937,1.20337517049633,0.342614876068353,3.51232609717815,0.000444202601584631,0.00284124747179839,"ENSMUSG00000073557.11"
6.9720383707243,5.08092571340408,1.94549283629835,2.61163938443045,0.0090109247324868,0.0336767642088931,"ENSMUSG00000073791.11"
46.351690313147,3.85105629114385,0.837872481322054,4.59623197681273,4.30199730355244e-06,5.047124889808e-05,"ENSMUSG00000073902.5"
9.92308458899068,5.58931047816406,1.84758059084344,3.02520523643977,0.0024846446163673,0.0118334186206195,"ENSMUSG00000074071.11"
66.746260681535,3.14685713426661,0.610599165373118,5.15372000605941,2.55369151246257e-07,3.98385929847753e-06,"ENSMUSG00000074151.12"
16.5779973795172,2.68484415258383,1.07685220685974,2.49323364476657,0.0126585518647306,0.0441326941103819,"ENSMUSG00000074218.3"
6.82270326737562,5.05086873524905,1.94992890695124,2.59028353148844,0.00958969120390459,0.0353316145006712,"ENSMUSG00000074220.10"
115.726620132631,2.14428928782333,0.422079396695331,5.080298409759,3.76842440582101e-07,5.67771167607063e-06,"ENSMUSG00000074221.12"
101.835022587034,1.28937445520364,0.460961222164176,2.79714299860221,0.00515567090148208,0.0215382689393541,"ENSMUSG00000074305.9"
51.9003011483514,2.003227036397,0.610611068458716,3.28069230951459,0.00103552643674613,0.00577925845860075,"ENSMUSG00000074480.4"
142.763948767977,1.6428990148722,0.391015366829305,4.20162263236422,2.65008625902701e-05,0.000249238802675313,"ENSMUSG00000074622.4"
677.61147514393,1.61101710070947,0.267151780716267,6.03034386067026,1.63611178736042e-09,3.95914073735307e-08,"ENSMUSG00000074743.4"
18.3210582036687,3.08045914776874,1.20118792953573,2.56451057492675,0.0103321430818828,0.0375778953299318,"ENSMUSG00000074771.10"
40.8134609146304,2.06701359711325,0.707540104398877,2.9214083898034,0.00348452735773632,0.0156236940933863,"ENSMUSG00000074785.4"
72.2942670374909,2.47118509746231,0.623931337457197,3.96066834458662,7.4740279938083e-05,0.000611581536922363,"ENSMUSG00000074818.12"
76.4857596032994,2.57592222850359,0.643144128428904,4.00520212288363,6.19644742247854e-05,0.000519374360900502,"ENSMUSG00000074896.3"
30.5552894391521,2.54267170112138,0.795227704722787,3.19741337735177,0.00138666051945633,0.00728974103926461,"ENSMUSG00000074971.4"
368.652493010435,1.36535409838343,0.2913841512436,4.68575278564819,2.78932786773196e-06,3.4378574419558e-05,"ENSMUSG00000075254.11"
142.757249204856,1.82406027366724,0.423125137945901,4.3109239089937,1.62573845777065e-05,0.000163088319972562,"ENSMUSG00000075284.10"
197.601072929432,2.16146779190786,0.368545036995116,5.86486745156333,4.49491622786497e-09,9.90882089174684e-08,"ENSMUSG00000075415.13"
75.7000127890014,1.9979724095469,0.526085671356303,3.7978080725824,0.000145981284745983,0.00110286146960144,"ENSMUSG00000075470.1"
8.1932117321684,5.31585916691005,1.89806800938081,2.8006684379261,0.00509968858213889,0.0213836148219316,"ENSMUSG00000076486.1"
158.702533906099,5.27571041354194,0.652790335434161,8.08178388553062,6.38261428012219e-16,4.77190737452532e-14,"ENSMUSG00000076490.6"
18.8591871900947,6.51557467007616,1.79507604738469,3.62969283645053,0.000283758681378078,0.00194953407015281,"ENSMUSG00000076514.3"
18.3059196124375,3.06095554811788,1.12949044154573,2.7100322725431,0.0067276661723297,0.026614086388879,"ENSMUSG00000076523.2"
19.9570798569706,6.5986751001293,1.63779192001839,4.02900699379149,5.60129521276927e-05,0.000478343368116341,"ENSMUSG00000076545.2"
59.6066075819915,5.97360799770895,2.33916732004907,2.55373266653864,0.0106575048087607,0.0384558316904015,"ENSMUSG00000076555.3"
25.3002277441345,3.54497429787338,1.02964030427653,3.44292495461726,0.000575458976274674,0.00352435269472704,"ENSMUSG00000076563.2"
93.6887735435843,4.33889320067617,1.77861265739071,2.43948179647023,0.0147083436864145,0.0497816031239952,"ENSMUSG00000076569.3"
20.9160865518392,3.26542797309376,1.09524536929775,2.98145791311355,0.00286879475916172,0.0132954376996238,"ENSMUSG00000076576.2"
25.9975630189692,3.58788370332469,1.03057200081598,3.48144884635318,0.000498709027751543,0.00314046010721572,"ENSMUSG00000076577.2"
36.9763312026685,4.13381592487071,1.05857458019444,3.90507764139905,9.41951379912875e-05,0.000752896085306055,"ENSMUSG00000076580.3"
13.7087058628353,3.66122163137001,1.42079101135034,2.57688963550686,0.00996937758799572,0.0364508961406533,"ENSMUSG00000076583.1"
2067.99597716397,1.74170193260669,0.407197993302795,4.27728515673589,1.89186396860876e-05,0.000185787136942062,"ENSMUSG00000076609.2"
458.067689703817,6.99966092168713,1.86870181568074,3.74573453236425,0.000179866717901133,0.0013150054662827,"ENSMUSG00000076612.7"
22.82894677674,6.79284769702745,1.61490680730282,4.20634036980294,2.59539255118046e-05,0.000244862928191728,"ENSMUSG00000076672.7"
12.8669996375156,5.96575172842764,1.73048016671391,3.4474545523144,0.00056589560674118,0.00347970270022637,"ENSMUSG00000076677.1"
17.7729349658626,4.99985411193696,1.59609972156052,3.13254494340026,0.0017329789334097,0.00880375515850759,"ENSMUSG00000076695.7"
20.5124858911719,4.30374427480524,1.59314227049729,2.70141867082709,0.00690443641963803,0.0271282392789446,"ENSMUSG00000076731.3"
22.329545467981,4.38575632702963,1.33804768910228,3.277727963472,0.00104646193684499,0.00581686184468937,"ENSMUSG00000076928.5"
66.7765548964502,1.6764510137043,0.616970857995456,2.71722884797365,0.00658310720128467,0.0261312920461713,"ENSMUSG00000076937.3"
63.3938097111077,1.30923310137135,0.533808561836398,2.45262664365545,0.0141817448639229,0.0482569034120177,"ENSMUSG00000078185.3"
6.93885279220237,5.07429484243447,1.94352440386555,2.61087271780174,0.00903114998142606,0.0337341384920583,"ENSMUSG00000078502.10"
8.4771814735087,5.36391497288254,1.86083901006687,2.8825250028963,0.00394501826153097,0.017316128342638,"ENSMUSG00000078606.8"
200.867120653839,1.14628568505799,0.353919227772283,3.23883416075809,0.00120019336609609,0.0064990980091738,"ENSMUSG00000078671.11"
23.2464596906785,2.47214455477967,0.976843398800864,2.53074807877535,0.0113819564486199,0.0405767003397719,"ENSMUSG00000078763.2"
29.9345580597269,2.04810299892648,0.788753989450744,2.59663092208598,0.009414302067124,0.0348718597251497,"ENSMUSG00000078794.4"
91.6148712573681,1.75211787215955,0.499812306933306,3.50555167980958,0.000455662030330964,0.00290166459652301,"ENSMUSG00000078853.8"
19.2744164871593,3.13773911789524,1.10279543801071,2.84525942867091,0.00443752652147383,0.0190764294454462,"ENSMUSG00000078862.10"
87.584612685322,2.04271129117858,0.57416279511232,3.5577214486337,0.000374085696326925,0.00245314782241695,"ENSMUSG00000078920.2"
44.4038104858185,2.93038438371466,0.727489052516844,4.02808038633242,5.62341178649236e-05,0.000479973488507829,"ENSMUSG00000078921.3"
293.575498198993,1.4218136417418,0.317635213683284,4.47624690365563,7.59666276567719e-06,8.33844216315675e-05,"ENSMUSG00000079017.3"
361.8748120827,1.0663906338144,0.278606013903786,3.82759373666164,0.00012940211017213,0.00099566167478243,"ENSMUSG00000079037.9"
33.9325390720304,2.00561677057535,0.728434526332898,2.75332469573083,0.00589933550408074,0.024000120056386,"ENSMUSG00000079065.3"
22.0938998963939,4.36050264873595,1.28104972952525,3.40385119190643,0.000664429397271049,0.00399020746282198,"ENSMUSG00000079084.9"
246.529300920083,3.95598139584764,1.21099747923325,3.26671315480555,0.00108803863687924,0.00600430859449166,"ENSMUSG00000079105.3"
49.8453653431567,1.97383301521715,0.638335263487566,3.09215725359279,0.00198707554414482,0.00985146930706767,"ENSMUSG00000079293.11"
80.2757576361414,1.62616596971845,0.482351351142933,3.37133080661066,0.000748059724757132,0.00439596078344706,"ENSMUSG00000079363.7"
12.8006284804718,5.95857439375464,1.73321539623621,3.43787298837414,0.000586302634687782,0.00358107774944175,"ENSMUSG00000079465.8"
105.462572611141,1.95351466956681,0.511361082040717,3.82022554741713,0.000133329693270314,0.00102139953520274,"ENSMUSG00000079487.11"
107.585077011853,1.80413620777526,0.439371565492296,4.10617424856297,4.02266077724039e-05,0.000356395602678927,"ENSMUSG00000079547.3"
44.0433546283956,2.032327943268,0.631504480246435,3.21823202659609,0.00128983431866692,0.00688114235976798,"ENSMUSG00000082361.6"
8.17851126681134,5.31385610081893,1.94051309719936,2.73837682852445,0.00617432839139842,0.02488272779584,"ENSMUSG00000084911.1"
15.1320645243708,6.20016140570147,1.69524482633257,3.6573840600444,0.000254802450976561,0.00176977162488102,"ENSMUSG00000084939.2"
242.955186729727,2.09734142541834,0.359733712834327,5.83026096968636,5.53407587249445e-09,1.19502864549097e-07,"ENSMUSG00000085148.1"
11.6368027824262,5.82141732618496,1.76409294473607,3.29994932724814,0.000967022873981322,0.00545586268165072,"ENSMUSG00000085873.1"
10.8399107720257,5.71820115649171,1.77867572683756,3.21486433429805,0.00130506184870167,0.0069454538690516,"ENSMUSG00000086607.7"
10.6536054423473,5.69302266512756,1.78509578493633,3.18919730423912,0.00142668465522397,0.00745563857082092,"ENSMUSG00000086960.1"
6.94263744001018,5.07674015822737,1.95763679563888,2.59330033514749,0.00950597175947628,0.035129319745325,"ENSMUSG00000087368.7"
10.8565035612867,5.72032428902982,1.77871631034063,3.21598461529503,0.00129997800971542,0.00692363557505059,"ENSMUSG00000087505.1"
31.0387512981693,7.23639211896243,1.57533739299291,4.5935506585128,4.35767171803375e-06,5.10111497273523e-05,"ENSMUSG00000089901.1"
100.736043741758,1.26581979671631,0.431674034018294,2.93235102638271,0.00336406274541728,0.0151684060532216,"ENSMUSG00000090084.7"
34.3167783677846,1.78555936963732,0.690105473881335,2.58737169493072,0.00967112055095511,0.0355581364382563,"ENSMUSG00000090100.7"
38.0295803940275,2.06394987721416,0.678683639971072,3.04110745516443,0.00235709693606834,0.011336527000785,"ENSMUSG00000090124.7"
149.899169728999,1.63705543209113,0.3956013579515,4.1381441170175,3.50126431450192e-05,0.000317659069174902,"ENSMUSG00000090272.7"
52.8065859997907,1.92091391497557,0.61800385270574,3.10825556598949,0.00188195250515835,0.00943655400403663,"ENSMUSG00000090394.8"
62.523047301363,1.59695129596347,0.54003645437733,2.95711758533926,0.00310529673352811,0.0142128077465841,"ENSMUSG00000090523.2"
59.051700332324,2.54304027681983,0.589026180463155,4.31736374573405,1.57903822017855e-05,0.000159108428415957,"ENSMUSG00000090877.3"
81.2213897103694,1.27988322801921,0.452503635592192,2.82844849709158,0.00467742266004375,0.0199132820740514,"ENSMUSG00000091345.8"
45.7298103476611,1.58539045486456,0.601114129008562,2.63742004780256,0.00835393158246181,0.0315863109689933,"ENSMUSG00000091474.2"
33.2462479680583,2.61030103792846,0.945446531036093,2.76091873230302,0.00576390169945108,0.0235337047749355,"ENSMUSG00000093861.2"
36.0187501454959,4.07537444652338,0.987182519918212,4.12828870476862,3.65473061823788e-05,0.000328946509364398,"ENSMUSG00000093894.1"
321.775300101772,1.50769688090469,0.330086968767883,4.56757468049246,4.93399911751319e-06,5.68755534636975e-05,"ENSMUSG00000093930.1"
23.6426777090416,2.84225036632875,1.00337469001101,2.8326909126017,0.00461579938993716,0.0197144759715721,"ENSMUSG00000094006.2"
16.3969011560119,6.31363208738742,1.81132105107746,3.48565047793807,0.00049094201279478,0.00310388149293868,"ENSMUSG00000094075.1"
8.13207942096208,5.30162608324486,1.96947555463489,2.69189737885713,0.00710468027815536,0.0277910124404646,"ENSMUSG00000094164.2"
67.8079883666198,2.04447962258952,0.650548107337773,3.14270320600288,0.00167395476694223,0.00856153051178909,"ENSMUSG00000094335.2"
53.3142956246854,5.64801200444307,1.20811310502701,4.67506889954381,2.93854946650088e-06,3.59105698103616e-05,"ENSMUSG00000094420.2"
8.41983381011019,5.35197852629141,1.93078329559517,2.77192087713896,0.00557265801446514,0.0229241187462425,"ENSMUSG00000094502.5"
14.2683632310523,6.11305380857663,1.94672274043059,3.14017691457413,0.00168845835175628,0.00862457778773351,"ENSMUSG00000094689.1"
51.1255855193385,2.29842209836087,0.867568095279891,2.64926996608763,0.00806658660229052,0.030720719018286,"ENSMUSG00000094797.1"
19365.9772577504,9.10378864789562,0.311854979239905,29.192378682183,2.4231219878054e-187,3.84064835067156e-183,"ENSMUSG00000094808.2"
27.080563227254,2.26038677093475,0.92137065489029,2.45328713144646,0.0141557294649268,0.0481890704508353,"ENSMUSG00000094872.1"
19.5770229683182,3.61356222640946,1.29397210329796,2.79261215693873,0.00522843386879298,0.0217736933316786,"ENSMUSG00000094930.2"
197.773141273264,2.20319982896571,0.378806661678728,5.81615914356406,6.02151419918259e-09,1.29675271816636e-07,"ENSMUSG00000095079.6"
97.7978907362852,8.89169477176194,3.57195458882325,2.48930789870182,0.0127992066636488,0.0444982289139796,"ENSMUSG00000095127.2"
7.72293666114968,5.23132549085887,1.98135726915434,2.64027370141663,0.00828390956840901,0.0313664516625138,"ENSMUSG00000095429.1"
45.6902028802535,7.79272978328529,1.61826263036958,4.8154914023477,1.46838086402136e-06,1.94597296778751e-05,"ENSMUSG00000095583.1"
10.1406831732871,5.62029047908819,1.8732617671498,3.00026967808111,0.00269740668521283,0.0126229394628354,"ENSMUSG00000095771.2"
10.1354443274496,5.62262753191803,1.81951787637757,3.09017438350866,0.00200039009653307,0.00990818219689038,"ENSMUSG00000096020.2"
175.333909601536,1.01340141994374,0.352065716698289,2.87844391509498,0.00399642335189885,0.0174884898198776,"ENSMUSG00000096054.2"
18.325146104784,4.11033504567516,1.45840862494572,2.81836995158208,0.00482681598103072,0.0204449581238207,"ENSMUSG00000096074.2"
6.69185327719181,5.0245682495988,2.03231677489286,2.47233517514201,0.0134233597094577,0.0461919781578169,"ENSMUSG00000096078.2"
33.34632968983,3.23142878066656,0.917334838258182,3.52262733943729,0.000427291716994039,0.00274082303292413,"ENSMUSG00000096336.2"
20.0962119616181,4.21972897282935,1.29352116754609,3.26220326245957,0.0011054984473485,0.00608030981850599,"ENSMUSG00000096422.2"
29.7291831513489,3.20700884692642,1.00030086474971,3.20604426122219,0.00134573287075718,0.00712182504223749,"ENSMUSG00000096459.1"
19.5555063927738,6.57131604345976,1.77379236724051,3.70467038015433,0.000211665796227038,0.00151394533853725,"ENSMUSG00000096464.2"
17813.4689528469,8.72292707426572,0.305965149706926,28.5095445759791,8.92100704319272e-179,7.06989808173023e-175,"ENSMUSG00000096525.2"
123.919356910337,1.28911147587294,0.392084624885889,3.28783990509222,0.00100959233314942,0.00567046012771733,"ENSMUSG00000096727.2"
77.4563469752598,2.1226388455336,0.845740561819815,2.50979903454817,0.0120799887703302,0.0425484048910519,"ENSMUSG00000096833.2"
20.6743258826662,3.24290770540121,1.08107142405137,2.99971642322043,0.0027023106713019,0.0126384255355961,"ENSMUSG00000097039.8"
131.453292078133,1.13523788634123,0.435661497077335,2.60577970272115,0.00916653969648003,0.0341055526265748,"ENSMUSG00000097415.2"
47.1093423060993,1.64119250153591,0.599076753781036,2.73953628008034,0.00615259239113973,0.0248433829338469,"ENSMUSG00000097815.1"
67.2994352109022,1.62776322540197,0.52023480743988,3.12890103107927,0.00175461395782632,0.0089022507143237,"ENSMUSG00000098188.1"
22.188492479096,3.35199040012689,1.07724434330684,3.11163425545335,0.00186054851674986,0.0093410497277432,"ENSMUSG00000099757.1"
13.489214954635,3.63735850669183,1.42623552479085,2.55032106792126,0.0107623753887613,0.0387513970722098,"ENSMUSG00000099974.1"
9.44189370042272,5.52009363155898,1.83348176384718,3.01071640875021,0.00260632148707868,0.0122582182700882,"ENSMUSG00000101389.1"
71.8765491976704,2.81402930780881,0.565407820475678,4.97699042337505,6.45805155301525e-07,9.32241503782256e-06,"ENSMUSG00000102221.1"
32.0548203365468,2.24809925962793,0.762565749179651,2.94807269018622,0.00319761866624762,0.0145555013957567,"ENSMUSG00000102918.1"
7.16402067211443,5.12264374120339,1.97645201085968,2.59183815901264,0.00954646692571673,0.0352419883084555,"ENSMUSG00000103788.1"
137.631943675968,2.23604546820228,0.526524231257136,4.24680448773169,2.16841023036323e-05,0.000209186257767847,"ENSMUSG00000104213.5"
22.7097254229534,4.39927795608787,1.27548219898812,3.44910964620123,0.00056243827130313,0.00346468970079853,"ENSMUSG00000104713.4"
64.7626496122615,2.06344478713243,0.531275469785839,3.8839451555409,0.000102775099936897,0.000815307974974887,"ENSMUSG00000105208.1"
9.23331860977162,5.4859410931532,1.84389869055616,2.97518574163016,0.00292811194034387,0.0135110842079913,"ENSMUSG00000105891.4"
62.9662571784389,2.09881704781504,0.652031007361142,3.21889147006864,0.00128687181362337,0.00687459327466479,"ENSMUSG00000105906.1"
8.64878633783006,5.39375974544915,1.87153726411053,2.88199430964181,0.0039516686984139,0.0173170402730393,"ENSMUSG00000107215.1"
34.3420307387238,7.38173099614394,1.56430628939386,4.7188527248102,2.37178443841391e-06,2.98034170535484e-05,"ENSMUSG00000107696.1"
10.6236147591052,4.23810269551975,1.69125007660041,2.50589948474018,0.0122140336190285,0.0428776152517389,"ENSMUSG00000107962.1"
14.3721427403,6.12584101033532,1.70719469053064,3.58824980203707,0.00033290525137046,0.00222733146231397,"ENSMUSG00000108441.1"
30.3911943911175,7.2054071613114,1.57775617277661,4.56686989132864,4.95061075216638e-06,5.69841542642245e-05,"ENSMUSG00000108782.1"
8.56771471542914,5.38102006710612,1.93760464264291,2.77715068837075,0.00548377488641972,0.0226054179323154,"ENSMUSG00000109836.1"
